"ticker","content_id","published_date","type","sub_type","chunk_number","ai_group","ai_materiality","ai_salience"
"MU","b09b2fb5-16f9-5743-a676-aa4cc6426a6b","2023-10-01","hackernews","title",0,4,9,3
"DELL","ea817551-8239-5769-9b2f-3f4746ad4b46","2025-05-20","hackernews","title",0,1,5,2
"NVDA","eae88871-5a0c-52eb-b277-f26bffba9d10","2023-11-28","hackernews","title",0,4,10,3
"NVDA","8f6f6379-7b1d-5921-9326-d9244d569a8c","2023-11-21","transcripts","earnings_call",15,6,8,3
"NVDA","a405ff2c-48fb-55f5-8eac-0823bdacd03a","2020-05-14","hackernews","title",0,6,9,3
"NVDA","00b65c37-97c9-596f-a1ad-39c17c610279","2026-02-25","sec_filing","10-K",31,5,10,-3
"TEAM","db750def-a2e6-5ff0-b767-5a3f2bd5a88b","2026-04-22","hackernews","title",0,5,5,-2
"INTC","db730988-1e16-5fed-93c9-8846bbfb48b0","2017-06-22","hackernews","title",0,6,3,1
"INTC","1dcb8dde-7460-5473-87f6-c557dc887116","2021-03-08","hackernews","title",0,6,4,1
"NVDA","13f004dc-182c-5318-b3af-1f78b304fe6f","2024-02-21","sec_filing","10-K",127,5,9,-3
"ADBE","88102f8a-34cb-5b4d-92fe-8a847b6c9a4d","2021-01-15","sec_filing","10-K",12,2,4,1
"INTC","08de8873-ccd7-5ab5-8bf7-8b3ac7a28059","2020-01-23","sec_filing","10-K",62,4,3,1
"NVDA","00b65c37-97c9-596f-a1ad-39c17c610279","2026-02-25","sec_filing","10-K",63,5,3,-1
"NVDA","00b65c37-97c9-596f-a1ad-39c17c610279","2026-02-25","sec_filing","10-K",62,5,3,-1
"ADBE","a964d257-fe12-5311-bd05-5f3e84028bc4","2023-05-23","hackernews","title",0,6,8,3
"NVDA","00b65c37-97c9-596f-a1ad-39c17c610279","2026-02-25","sec_filing","10-K",188,1,7,1
"NVDA","00b65c37-97c9-596f-a1ad-39c17c610279","2026-02-25","sec_filing","10-K",73,5,4,-1
"NVDA","00b65c37-97c9-596f-a1ad-39c17c610279","2026-02-25","sec_filing","10-K",75,1,6,1
"DELL","434ddf54-e998-54d8-b409-d7e05831add1","2025-02-27","transcripts","earnings_call",21,2,5,1
"DELL","434ddf54-e998-54d8-b409-d7e05831add1","2025-02-27","transcripts","earnings_call",26,6,7,2
"INTC","4dcd674c-7355-5050-a27d-c2d6d36b969a","2023-07-27","transcripts","earnings_call",23,6,7,2
"MU","22afdd6c-069b-52e0-8530-9b4cab83b2bd","2026-03-18","sec_filing","10-Q",47,4,10,3
"MU","38d4604c-cc50-5944-b483-815e64ea3600","2018-10-30","hackernews","title",0,6,4,-2
"DELL","434ddf54-e998-54d8-b409-d7e05831add1","2025-02-27","transcripts","earnings_call",18,2,5,2
"INTC","45ca4221-3379-5f9a-bdd8-71d4efd24ff7","2016-03-15","hackernews","title",0,6,3,1
"DELL","52cce7b1-3faf-5545-a7ea-fd99b13d90f9","2023-11-04","hackernews","title",0,4,7,3
"DELL","e71520d1-becb-5a71-a4a2-255302b18e56","2026-06-09","sec_filing","10-Q",97,4,7,1
"MU","7dc704d4-4f24-5835-bfe8-13e0f19a15de","2017-11-13","hackernews","title",0,6,3,1
"NVDA","b7df64dc-6e08-5bff-af5d-3c89b16f6494","2015-04-25","hackernews","title",0,6,4,1
"TEAM","fd7d32e1-fabb-5a95-94ac-9d7038f8b261","2023-04-19","hackernews","title",0,6,6,1
"INTC","54dc576e-e4dd-573b-9adf-2f971c89d436","2021-08-18","hackernews","title",0,5,4,-2
"INTC","047b543a-40cc-5af3-b2e1-2d61fb01fe3e","2023-06-15","hackernews","title",0,6,3,0
"INTC","5bac5e7d-6e50-59b6-bafe-932f21d66903","2023-12-17","hackernews","title",0,6,4,1
"NVDA","8f6f6379-7b1d-5921-9326-d9244d569a8c","2023-11-21","transcripts","earnings_call",27,6,8,3
"ADBE","33936398-9bed-5574-b096-d8d6e3a44044","2025-09-11","transcripts","earnings_call",10,6,8,2
"NVDA","e6e9d66c-9ef2-5f38-8f50-cd3d1beda148","2024-03-31","hackernews","title",0,6,3,2
"DELL","434ddf54-e998-54d8-b409-d7e05831add1","2025-02-27","transcripts","earnings_call",9,4,8,2
"MU","1eaf0324-1c8b-5782-ab53-588734eb2cd0","2024-03-20","transcripts","earnings_call",23,4,8,3
"MU","1eaf0324-1c8b-5782-ab53-588734eb2cd0","2024-03-20","transcripts","earnings_call",24,4,8,2
"DELL","434ddf54-e998-54d8-b409-d7e05831add1","2025-02-27","transcripts","earnings_call",22,2,7,3
"MU","1eaf0324-1c8b-5782-ab53-588734eb2cd0","2024-03-20","transcripts","earnings_call",14,4,9,3
"INTC","4dcd674c-7355-5050-a27d-c2d6d36b969a","2023-07-27","transcripts","earnings_call",15,5,6,-1
"NVDA","938d71bf-3ea3-53ed-b020-7ac48d25f80d","2018-08-16","transcripts","earnings_call",19,4,6,1
"NVDA","65efe7f2-a9af-5b34-9a3e-18178af590ba","2025-08-24","hackernews","title",0,6,6,2
"NVDA","749fb61d-34fc-51cd-91f8-314ee03a3bd4","2019-04-11","hackernews","title",0,6,4,2
"TEAM","da5b52cc-a4de-57fe-b426-93fc9b9d274f","2024-08-30","hackernews","title",0,1,3,1
"ADBE","d31de365-34bd-53ca-8251-6a04e423b0e1","2025-12-10","transcripts","earnings_call",6,6,8,3
"DELL","e5dcfc09-772e-50d0-9826-24263003d24d","2024-11-19","hackernews","title",0,4,8,3
"TEAM","b9370e80-a22c-5d2a-9579-12449ea83286","2025-08-07","transcripts","earnings_call",2,1,7,3
"TEAM","062f2032-fcdf-5eea-b6b4-8afa6d294315","2026-04-30","transcripts","earnings_call",2,4,8,3
"INTC","9cf0a758-7b66-512b-9db8-44a0adb6d3b0","2017-11-08","hackernews","title",0,6,6,2
"NVDA","9f07844f-169b-5786-b55e-dd9a1abf04f6","2024-01-24","hackernews","title",0,6,3,2
"INTC","251d9827-5281-55e5-bdde-050a327e0f52","2022-05-03","hackernews","title",0,6,4,1
"MU","256186c1-95d7-5572-9a89-4f46a1319612","2025-11-07","hackernews","title",0,3,6,-2
"INTC","00f6b92d-14da-561c-82ed-d6e37be871f9","2020-01-10","hackernews","title",0,6,4,1
"NVDA","858ca96a-d628-59bc-85bd-3b55da35ab19","2024-02-21","transcripts","earnings_call",16,4,9,3
"DELL","224743af-7e0e-53bf-a5bd-c43fb2dfbfad","2026-02-26","transcripts","earnings_call",24,5,6,-1
"INTC","00f70526-cfd4-5ef0-8729-13d614e79035","2026-02-24","hackernews","title",0,6,4,1
"DELL","a06b3870-3d70-5699-b02f-156163730755","2026-06-01","hackernews","title",0,6,5,2
"ADBE","662c5e90-150b-55f3-a744-4a5538a7d95a","2026-03-12","transcripts","earnings_call",33,4,7,2
"INTC","f56fede5-21b8-56a6-b5a3-479208c0603b","2018-12-10","hackernews","title",0,5,7,-3
"TEAM","062f2032-fcdf-5eea-b6b4-8afa6d294315","2026-04-30","transcripts","earnings_call",20,2,6,2
"NVDA","66bea9dd-1855-56a6-a439-0538c906be07","2022-09-20","hackernews","title",0,6,6,2
"TEAM","062f2032-fcdf-5eea-b6b4-8afa6d294315","2026-04-30","transcripts","earnings_call",8,6,7,2
"TEAM","062f2032-fcdf-5eea-b6b4-8afa6d294315","2026-04-30","transcripts","earnings_call",13,4,6,2
"DELL","6ebc8da9-167f-538b-ae69-4e4015d9bba3","2025-05-29","transcripts","earnings_call",25,4,8,3
"DELL","096ff108-80d1-5a56-a1b4-47c77ec6af79","2026-09-01","transcripts","earnings_call",10,2,8,3
"TEAM","062f2032-fcdf-5eea-b6b4-8afa6d294315","2026-04-30","transcripts","earnings_call",15,6,7,3
"TEAM","062f2032-fcdf-5eea-b6b4-8afa6d294315","2026-04-30","transcripts","earnings_call",16,2,7,3
"TEAM","062f2032-fcdf-5eea-b6b4-8afa6d294315","2026-04-30","transcripts","earnings_call",17,2,6,3
"NVDA","9b445c1c-6105-580d-876a-fd824f81668a","2025-11-19","transcripts","earnings_call",23,4,10,3
"ADBE","195fb211-de2c-5388-bdc2-9177cdef9a3f","2019-09-26","sec_filing","10-Q",98,6,5,2
"TEAM","a263aff4-f957-563b-bf65-18268688e50e","2026-02-05","transcripts","earnings_call",2,4,9,3
"NVDA","06fb76cd-3f3f-5737-86a9-a324ab4cc5cc","2024-08-28","transcripts","earnings_call",2,4,10,3
"INTC","d77e8b48-423a-5804-8ac0-befd32128d10","2017-07-27","sec_filing","10-Q",27,1,7,1
"DELL","525fca10-0bcd-5f70-9c5a-55f9aa4a0794","2023-11-30","transcripts","earnings_call",2,4,9,3
"NVDA","d5485656-a874-5cfe-a894-57bc8b605d8f","2023-08-23","transcripts","earnings_call",18,6,8,3
"NVDA","4131fc5a-c19e-53c1-9732-68ec067db168","2023-08-25","sec_filing","10-Q",72,4,6,1
"NVDA","05013128-98cc-59e0-a5c2-5fbfd9f99d94","2020-02-13","transcripts","earnings_call",3,6,5,2
"ADBE","68706149-e192-575e-9bcc-0707335fd9fb","2021-09-29","sec_filing","10-Q",98,5,5,-2
"TEAM","8a70658a-4569-5ce8-a1b7-889433e452c9","2026-02-06","sec_filing","10-Q",178,5,5,-2
"TEAM","935b548e-a872-5c60-9f81-abdf52ac4495","2025-10-31","sec_filing","10-Q",157,5,5,-2
"NVDA","9b445c1c-6105-580d-876a-fd824f81668a","2025-11-19","transcripts","earnings_call",5,6,9,3
"NVDA","97e75168-0d6a-526d-8011-9cf9fd20ea6e","2016-08-23","sec_filing","10-Q",53,4,3,0
"NVDA","e0c35d06-f4cf-56d9-84a6-4049fd8c39a6","2025-11-19","sec_filing","10-Q",42,4,8,3
"TEAM","e23fad02-d262-5319-85d5-99c856d576f9","2024-11-01","sec_filing","10-Q",91,5,4,-2
"CAT","50acd58e-83ef-5dd9-b3df-2b3f4e6b9ff5","2024-05-01","sec_filing","10-Q",45,6,3,0
"NVDA","00b65c37-97c9-596f-a1ad-39c17c610279","2026-02-25","sec_filing","10-K",93,5,9,-3
"NVDA","1ce1fcf3-624c-5418-bc5e-3685d9261a21","2016-04-05","hackernews","title",0,6,7,3
"TEAM","0b947e94-78a9-5b18-aae7-d9f1922c3a10","2024-06-14","hackernews","title",0,1,4,1
"CAT","c494b09d-ce8d-53be-af08-49b0a4ad2fff","2023-05-03","sec_filing","10-Q",45,6,4,1
"NVDA","733810d7-a0c1-525b-a8c8-c20137dfab71","2024-01-02","hackernews","title",0,4,6,2
"NVDA","00b65c37-97c9-596f-a1ad-39c17c610279","2026-02-25","sec_filing","10-K",94,5,7,-1
"INTC","4dcd674c-7355-5050-a27d-c2d6d36b969a","2023-07-27","transcripts","earnings_call",14,4,6,2
"MU","0bcbd140-f8c3-5cd7-8ba7-fce4c96b54b4","2024-07-22","hackernews","title",0,6,6,2
"INTC","8dfcd988-1981-5097-bf34-5fc433124973","2021-08-14","hackernews","title",0,1,6,1
"TEAM","a0e1934e-fe7a-5315-b156-bb11d416ac6a","2024-05-01","hackernews","title",0,6,7,2
"ADBE","fe04a5b4-1463-5316-897f-63c6b4b34d3f","2018-06-14","transcripts","earnings_call",5,6,6,2
"NVDA","938d71bf-3ea3-53ed-b020-7ac48d25f80d","2018-08-16","transcripts","earnings_call",25,4,7,3
"NVDA","938d71bf-3ea3-53ed-b020-7ac48d25f80d","2018-08-16","transcripts","earnings_call",2,6,7,3
"TEAM","062f2032-fcdf-5eea-b6b4-8afa6d294315","2026-04-30","transcripts","earnings_call",12,4,7,3
"NVDA","00b65c37-97c9-596f-a1ad-39c17c610279","2026-02-25","sec_filing","10-K",99,5,7,-2
"MU","1eaf0324-1c8b-5782-ab53-588734eb2cd0","2024-03-20","transcripts","earnings_call",17,4,9,3
"DELL","434ddf54-e998-54d8-b409-d7e05831add1","2025-02-27","transcripts","earnings_call",19,4,7,2
"INTC","4dcd674c-7355-5050-a27d-c2d6d36b969a","2023-07-27","transcripts","earnings_call",25,6,6,2
"INTC","4dcd674c-7355-5050-a27d-c2d6d36b969a","2023-07-27","transcripts","earnings_call",33,4,6,2
"NVDA","aedef1b8-fe47-5b61-880b-694590e1fa26","2022-03-18","sec_filing","10-K",9,4,8,3
"ADBE","8fcfd31d-bfce-558f-afaa-9fca124a4cab","2023-01-17","sec_filing","10-K",31,6,3,1
"INTC","b47fe0e1-ba39-570a-b60b-51d06f31d737","2022-01-26","sec_filing","10-K",70,6,4,1
"INTC","e889f488-8522-5343-a15e-b7f7e33c1704","2026-01-22","sec_filing","10-K",183,5,3,-2
"NVDA","7fa530a5-5a2b-5b91-80b9-943418126383","2021-02-26","sec_filing","10-K",113,4,8,3
"ADBE","36acde72-47bf-5a97-98cb-bd1b3b7d8563","2025-01-13","sec_filing","10-K",27,4,8,3
"NVDA","29e90363-7c6d-525e-9b13-048ee4970d68","2013-03-12","sec_filing","10-K",9,6,3,1
"INTC","3391e164-85b0-59bd-9721-1a5b0b83938f","2025-01-31","sec_filing","10-K",62,4,6,2
"MU","4417ad87-1aaa-5be7-b484-3670d65e2f52","2023-10-06","sec_filing","10-K",74,5,3,-2
"INTC","ea68814a-e352-5421-9d4d-4e9e9320725f","2018-10-25","transcripts","earnings_call",4,4,6,3
"ADBE","36acde72-47bf-5a97-98cb-bd1b3b7d8563","2025-01-13","sec_filing","10-K",44,6,4,1
"TEAM","da600cdc-f0ef-5a33-ab24-140b037e995c","2025-08-15","sec_filing","10-K",115,5,3,-1
"MU","aa62b366-f55f-585f-922b-0a5eca6d1e33","2024-06-05","hackernews","title",0,6,5,2
"INTC","b47fe0e1-ba39-570a-b60b-51d06f31d737","2022-01-26","sec_filing","10-K",26,6,5,2
"MU","4417ad87-1aaa-5be7-b484-3670d65e2f52","2023-10-06","sec_filing","10-K",102,4,7,2
"MU","0e73f08d-279c-5e9f-8fdf-191f5a078d8f","2018-10-15","sec_filing","10-K",15,6,2,0
"ADBE","36acde72-47bf-5a97-98cb-bd1b3b7d8563","2025-01-13","sec_filing","10-K",66,5,7,-2
"INTC","3391e164-85b0-59bd-9721-1a5b0b83938f","2025-01-31","sec_filing","10-K",107,5,8,-3
"NVDA","6c0dce19-3955-59ff-b689-b8536ac11439","2025-02-26","sec_filing","10-K",18,6,6,2
"DELL","a22c13ef-3936-577e-8c1d-9036083bcd08","2025-03-25","sec_filing","10-K",97,4,8,2
"CAT","e21f0d6d-9d0c-5b0a-9f67-7bd49c9d05ca","2018-02-15","sec_filing","10-K",123,6,2,1
"INTC","e889f488-8522-5343-a15e-b7f7e33c1704","2026-01-22","sec_filing","10-K",31,4,7,2
"INTC","3391e164-85b0-59bd-9721-1a5b0b83938f","2025-01-31","sec_filing","10-K",55,6,6,1
"MU","1080ca21-f3d0-5152-95a8-3480a4656b40","2014-10-27","sec_filing","10-K",18,1,2,0
"NVDA","4f64c4af-93b4-5cfd-8fe6-968c3c202fc6","2017-03-01","sec_filing","10-K",18,4,6,2
"DELL","a383d817-a6bf-54a6-8094-71a1947f41b1","2026-03-16","sec_filing","10-K",98,4,9,3
"NVDA","00b65c37-97c9-596f-a1ad-39c17c610279","2026-02-25","sec_filing","10-K",85,5,6,-2
"NVDA","2c6ae2ee-7e66-5a92-8929-6d0e4b9ea760","2023-02-24","sec_filing","10-K",33,6,5,2
"DELL","a22c13ef-3936-577e-8c1d-9036083bcd08","2025-03-25","sec_filing","10-K",53,5,4,-2
"NVDA","bb7d6cc8-ef6f-5817-9350-04bab2929952","2018-02-28","sec_filing","10-K",40,5,8,-2
"NVDA","c468e666-a298-505b-9a26-045b9128d2bd","2020-02-20","sec_filing","10-K",19,6,9,3
"INTC","68f6001f-d7db-59ca-9173-bf5450ef4d08","2024-01-25","sec_filing","10-K",143,5,4,0
"MU","fd2c01c5-d84c-5d0a-b13a-858112dffa48","2025-10-03","sec_filing","10-K",139,6,8,3
"NVDA","29e90363-7c6d-525e-9b13-048ee4970d68","2013-03-12","sec_filing","10-K",101,6,4,1
"DELL","1aaebca9-a840-509e-bac5-8a8e07261676","2021-03-26","sec_filing","10-K",296,1,3,1
"INTC","3391e164-85b0-59bd-9721-1a5b0b83938f","2025-01-31","sec_filing","10-K",48,4,7,2
"CAT","608e391b-4b00-5baa-98b0-401bdf2b34a3","2017-02-15","sec_filing","10-K",129,6,3,1
"ADBE","76f79525-d0c9-5635-af25-9e59a39e0964","2024-01-17","sec_filing","10-K",80,3,4,-1
"MU","4417ad87-1aaa-5be7-b484-3670d65e2f52","2023-10-06","sec_filing","10-K",72,5,3,0
"INTC","55298621-dcfe-5481-82ae-ba4f9c6bf2f6","2023-01-26","sec_filing","10-K",45,6,2,1
"NVDA","13f004dc-182c-5318-b3af-1f78b304fe6f","2024-02-21","sec_filing","10-K",42,6,5,0
"ADBE","76f79525-d0c9-5635-af25-9e59a39e0964","2024-01-17","sec_filing","10-K",39,6,4,1
"ADBE","8de4fbbc-9a78-5240-a65b-e596f2e29496","2020-01-21","sec_filing","10-K",54,1,2,0
"MU","15ac65f4-e54a-598d-9ea6-97e87d947742","2022-10-07","sec_filing","10-K",18,4,4,1
"NVDA","00b65c37-97c9-596f-a1ad-39c17c610279","2026-02-25","sec_filing","10-K",24,6,5,2
"MU","d2c34d9b-48dc-5a0c-961e-1ab61915d2f4","2019-10-17","sec_filing","10-K",9,4,5,2
"NVDA","13f004dc-182c-5318-b3af-1f78b304fe6f","2024-02-21","sec_filing","10-K",23,2,5,2
"MU","4417ad87-1aaa-5be7-b484-3670d65e2f52","2023-10-06","sec_filing","10-K",14,4,3,1
"INTC","5f26967b-b030-59c1-a40a-efc52330fc30","2018-02-16","sec_filing","10-K",186,1,6,1
"INTC","55298621-dcfe-5481-82ae-ba4f9c6bf2f6","2023-01-26","sec_filing","10-K",66,6,7,2
"NVDA","5a5d512e-33c9-571f-a091-5395a1198d20","2014-03-12","sec_filing","10-K",88,4,6,2
"ADBE","8de4fbbc-9a78-5240-a65b-e596f2e29496","2020-01-21","sec_filing","10-K",67,5,3,-1
"DELL","a383d817-a6bf-54a6-8094-71a1947f41b1","2026-03-16","sec_filing","10-K",42,5,5,-1
"DELL","b75e9e02-9f52-56f0-b589-24f93af288c5","2024-03-25","sec_filing","10-K",43,5,5,-1
"NVDA","c468e666-a298-505b-9a26-045b9128d2bd","2020-02-20","sec_filing","10-K",18,6,7,2
"PG","15272187-9c85-590a-a67a-c8cac03d46dd","2025-08-04","sec_filing","10-K",33,6,4,0
"NVDA","00b65c37-97c9-596f-a1ad-39c17c610279","2026-02-25","sec_filing","10-K",125,5,9,-2
"TEAM","da600cdc-f0ef-5a33-ab24-140b037e995c","2025-08-15","sec_filing","10-K",9,6,8,3
"ADBE","36acde72-47bf-5a97-98cb-bd1b3b7d8563","2025-01-13","sec_filing","10-K",17,6,6,2
"NVDA","13f004dc-182c-5318-b3af-1f78b304fe6f","2024-02-21","sec_filing","10-K",17,6,6,2
"NVDA","7fa530a5-5a2b-5b91-80b9-943418126383","2021-02-26","sec_filing","10-K",13,2,6,1
"NVDA","c468e666-a298-505b-9a26-045b9128d2bd","2020-02-20","sec_filing","10-K",12,6,4,1
"TEAM","da600cdc-f0ef-5a33-ab24-140b037e995c","2025-08-15","sec_filing","10-K",39,5,4,-1
"NVDA","bb7d6cc8-ef6f-5817-9350-04bab2929952","2018-02-28","sec_filing","10-K",7,4,7,2
"MU","4417ad87-1aaa-5be7-b484-3670d65e2f52","2023-10-06","sec_filing","10-K",121,4,7,2
"ADBE","36acde72-47bf-5a97-98cb-bd1b3b7d8563","2025-01-13","sec_filing","10-K",26,6,4,1
"TEAM","da600cdc-f0ef-5a33-ab24-140b037e995c","2025-08-15","sec_filing","10-K",10,6,8,2
"NVDA","4f64c4af-93b4-5cfd-8fe6-968c3c202fc6","2017-03-01","sec_filing","10-K",194,2,2,0
"CAT","608e391b-4b00-5baa-98b0-401bdf2b34a3","2017-02-15","sec_filing","10-K",365,6,3,1
"DELL","a383d817-a6bf-54a6-8094-71a1947f41b1","2026-03-16","sec_filing","10-K",50,5,4,-2
"DELL","a383d817-a6bf-54a6-8094-71a1947f41b1","2026-03-16","sec_filing","10-K",16,4,8,2
"TEAM","da600cdc-f0ef-5a33-ab24-140b037e995c","2025-08-15","sec_filing","10-K",31,5,5,-1
"TEAM","da600cdc-f0ef-5a33-ab24-140b037e995c","2025-08-15","sec_filing","10-K",46,6,4,0
"NVDA","e07399d2-87d6-5ff7-b5ea-cd4e7ea190a8","2019-02-21","sec_filing","10-K",8,4,6,2
"ADBE","36acde72-47bf-5a97-98cb-bd1b3b7d8563","2025-01-13","sec_filing","10-K",39,6,6,2
"MU","fd2c01c5-d84c-5d0a-b13a-858112dffa48","2025-10-03","sec_filing","10-K",17,6,7,2
"PG","6e1ab956-1817-5ad1-9dd8-1c6230330656","2026-08-04","sec_filing","10-K",32,6,3,0
"ADBE","76f79525-d0c9-5635-af25-9e59a39e0964","2024-01-17","sec_filing","10-K",37,6,7,2
"NVDA","e07399d2-87d6-5ff7-b5ea-cd4e7ea190a8","2019-02-21","sec_filing","10-K",89,4,6,2
"INTC","3391e164-85b0-59bd-9721-1a5b0b83938f","2025-01-31","sec_filing","10-K",12,6,8,2
"NVDA","2c6ae2ee-7e66-5a92-8929-6d0e4b9ea760","2023-02-24","sec_filing","10-K",24,2,5,2
"CAT","98a5e789-908d-585a-84b1-3bbfe7fbeb00","2026-02-13","sec_filing","10-K",101,6,3,0
"ADBE","36acde72-47bf-5a97-98cb-bd1b3b7d8563","2025-01-13","sec_filing","10-K",119,6,7,2
"ADBE","8fcfd31d-bfce-558f-afaa-9fca124a4cab","2023-01-17","sec_filing","10-K",20,6,5,2
"DELL","a22c13ef-3936-577e-8c1d-9036083bcd08","2025-03-25","sec_filing","10-K",13,6,5,1
"INTC","b416b004-bb36-5af0-9c64-1d1b71ab1023","2021-01-22","sec_filing","10-K",71,6,7,2
"TEAM","da600cdc-f0ef-5a33-ab24-140b037e995c","2025-08-15","sec_filing","10-K",38,5,5,-1
"ADBE","6c9ec436-7141-575a-8416-d7056076dca2","2022-01-21","sec_filing","10-K",113,6,5,2
"NVDA","00b65c37-97c9-596f-a1ad-39c17c610279","2026-02-25","sec_filing","10-K",29,5,9,-3
"NVDA","4f64c4af-93b4-5cfd-8fe6-968c3c202fc6","2017-03-01","sec_filing","10-K",8,4,7,2
"CAT","523f6d3a-036d-568f-aad3-6d3eb445a29b","2024-02-16","sec_filing","10-K",273,6,3,0
"NVDA","7fa530a5-5a2b-5b91-80b9-943418126383","2021-02-26","sec_filing","10-K",15,4,8,3
"DELL","a383d817-a6bf-54a6-8094-71a1947f41b1","2026-03-16","sec_filing","10-K",54,5,3,-1
"NVDA","00b65c37-97c9-596f-a1ad-39c17c610279","2026-02-25","sec_filing","10-K",11,6,9,3
"DELL","b75e9e02-9f52-56f0-b589-24f93af288c5","2024-03-25","sec_filing","10-K",12,6,5,1
"INTC","b47fe0e1-ba39-570a-b60b-51d06f31d737","2022-01-26","sec_filing","10-K",25,6,7,2
"ADBE","36acde72-47bf-5a97-98cb-bd1b3b7d8563","2025-01-13","sec_filing","10-K",62,5,6,-1
"ADBE","88102f8a-34cb-5b4d-92fe-8a847b6c9a4d","2021-01-15","sec_filing","10-K",80,5,5,-2
"TEAM","da600cdc-f0ef-5a33-ab24-140b037e995c","2025-08-15","sec_filing","10-K",75,5,4,-2
"MU","fd2c01c5-d84c-5d0a-b13a-858112dffa48","2025-10-03","sec_filing","10-K",132,4,10,3
"INTC","55298621-dcfe-5481-82ae-ba4f9c6bf2f6","2023-01-26","sec_filing","10-K",137,6,5,0
"ADBE","36acde72-47bf-5a97-98cb-bd1b3b7d8563","2025-01-13","sec_filing","10-K",84,5,5,-1
"ADBE","36acde72-47bf-5a97-98cb-bd1b3b7d8563","2025-01-13","sec_filing","10-K",117,6,6,2
"INTC","68f6001f-d7db-59ca-9173-bf5450ef4d08","2024-01-25","sec_filing","10-K",123,5,6,-2
"NVDA","9ad0a4d1-5355-5447-995c-bff94eb15cf2","2015-03-11","sec_filing","10-K",32,5,6,-2
"TEAM","da600cdc-f0ef-5a33-ab24-140b037e995c","2025-08-15","sec_filing","10-K",73,5,3,-1
"NVDA","aedef1b8-fe47-5b61-880b-694590e1fa26","2022-03-18","sec_filing","10-K",43,5,6,-2
"NVDA","13f004dc-182c-5318-b3af-1f78b304fe6f","2024-02-21","sec_filing","10-K",224,4,6,1
"NVDA","2c6ae2ee-7e66-5a92-8929-6d0e4b9ea760","2023-02-24","sec_filing","10-K",51,5,6,-1
"NVDA","2c6ae2ee-7e66-5a92-8929-6d0e4b9ea760","2023-02-24","sec_filing","10-K",91,5,5,-2
"INTC","08de8873-ccd7-5ab5-8bf7-8b3ac7a28059","2020-01-23","sec_filing","10-K",58,6,4,1
"ADBE","76f79525-d0c9-5635-af25-9e59a39e0964","2024-01-17","sec_filing","10-K",67,5,5,-2
"ADBE","76f79525-d0c9-5635-af25-9e59a39e0964","2024-01-17","sec_filing","10-K",23,5,5,-2
"INTC","e889f488-8522-5343-a15e-b7f7e33c1704","2026-01-22","sec_filing","10-K",176,3,4,-1
"INTC","e889f488-8522-5343-a15e-b7f7e33c1704","2026-01-22","sec_filing","10-K",123,5,6,-2
"NVDA","13f004dc-182c-5318-b3af-1f78b304fe6f","2024-02-21","sec_filing","10-K",25,5,6,-1
"NVDA","6c0dce19-3955-59ff-b689-b8536ac11439","2025-02-26","sec_filing","10-K",31,5,8,-3
"INTC","e889f488-8522-5343-a15e-b7f7e33c1704","2026-01-22","sec_filing","10-K",125,5,9,-3
"INTC","68f6001f-d7db-59ca-9173-bf5450ef4d08","2024-01-25","sec_filing","10-K",15,4,6,2
"NVDA","7fa530a5-5a2b-5b91-80b9-943418126383","2021-02-26","sec_filing","10-K",102,4,7,3
"ADBE","76f79525-d0c9-5635-af25-9e59a39e0964","2024-01-17","sec_filing","10-K",43,6,6,2
"DELL","a383d817-a6bf-54a6-8094-71a1947f41b1","2026-03-16","sec_filing","10-K",41,4,6,-1
"DELL","a383d817-a6bf-54a6-8094-71a1947f41b1","2026-03-16","sec_filing","10-K",117,4,8,3
"MU","0e73f08d-279c-5e9f-8fdf-191f5a078d8f","2018-10-15","sec_filing","10-K",215,4,2,0
"ADBE","36acde72-47bf-5a97-98cb-bd1b3b7d8563","2025-01-13","sec_filing","10-K",29,6,6,2
"NVDA","00b65c37-97c9-596f-a1ad-39c17c610279","2026-02-25","sec_filing","10-K",91,5,9,-3
"NVDA","6c0dce19-3955-59ff-b689-b8536ac11439","2025-02-26","sec_filing","10-K",92,5,6,-2
"NVDA","6c0dce19-3955-59ff-b689-b8536ac11439","2025-02-26","sec_filing","10-K",91,5,9,-3
"ADBE","8fcfd31d-bfce-558f-afaa-9fca124a4cab","2023-01-17","sec_filing","10-K",9,4,5,1
"DELL","a383d817-a6bf-54a6-8094-71a1947f41b1","2026-03-16","sec_filing","10-K",5,4,8,2
"ADBE","8de4fbbc-9a78-5240-a65b-e596f2e29496","2020-01-21","sec_filing","10-K",14,6,5,2
"INTC","3391e164-85b0-59bd-9721-1a5b0b83938f","2025-01-31","sec_filing","10-K",101,6,7,0
"NVDA","13f004dc-182c-5318-b3af-1f78b304fe6f","2024-02-21","sec_filing","10-K",92,5,8,-2
"ADBE","76f79525-d0c9-5635-af25-9e59a39e0964","2024-01-17","sec_filing","10-K",29,6,7,3
"ADBE","88102f8a-34cb-5b4d-92fe-8a847b6c9a4d","2021-01-15","sec_filing","10-K",28,6,5,2
"DELL","a22c13ef-3936-577e-8c1d-9036083bcd08","2025-03-25","sec_filing","10-K",5,4,8,3
"INTC","b47fe0e1-ba39-570a-b60b-51d06f31d737","2022-01-26","sec_filing","10-K",305,6,2,0
"INTC","3391e164-85b0-59bd-9721-1a5b0b83938f","2025-01-31","sec_filing","10-K",170,6,5,2
"MU","0e73f08d-279c-5e9f-8fdf-191f5a078d8f","2018-10-15","sec_filing","10-K",97,4,3,2
"NVDA","00b65c37-97c9-596f-a1ad-39c17c610279","2026-02-25","sec_filing","10-K",40,5,5,-1
"INTC","55298621-dcfe-5481-82ae-ba4f9c6bf2f6","2023-01-26","sec_filing","10-K",136,6,6,0
"DELL","a22c13ef-3936-577e-8c1d-9036083bcd08","2025-03-25","sec_filing","10-K",42,4,6,0
"NVDA","bb7d6cc8-ef6f-5817-9350-04bab2929952","2018-02-28","sec_filing","10-K",6,6,8,2
"ADBE","76f79525-d0c9-5635-af25-9e59a39e0964","2024-01-17","sec_filing","10-K",177,4,3,0
"ADBE","8fcfd31d-bfce-558f-afaa-9fca124a4cab","2023-01-17","sec_filing","10-K",27,6,4,0
"NVDA","938d71bf-3ea3-53ed-b020-7ac48d25f80d","2018-08-16","transcripts","earnings_call",13,6,6,3
"MU","1eaf0324-1c8b-5782-ab53-588734eb2cd0","2024-03-20","transcripts","earnings_call",19,2,7,2
"MU","1eaf0324-1c8b-5782-ab53-588734eb2cd0","2024-03-20","transcripts","earnings_call",20,4,9,3
"DELL","434ddf54-e998-54d8-b409-d7e05831add1","2025-02-27","transcripts","earnings_call",28,4,9,3
"INTC","4dcd674c-7355-5050-a27d-c2d6d36b969a","2023-07-27","transcripts","earnings_call",31,4,6,2
"INTC","4dcd674c-7355-5050-a27d-c2d6d36b969a","2023-07-27","transcripts","earnings_call",20,4,6,1
"INTC","55298621-dcfe-5481-82ae-ba4f9c6bf2f6","2023-01-26","sec_filing","10-K",63,6,3,1
"NVDA","938d71bf-3ea3-53ed-b020-7ac48d25f80d","2018-08-16","transcripts","earnings_call",15,4,8,3
"TEAM","062f2032-fcdf-5eea-b6b4-8afa6d294315","2026-04-30","transcripts","earnings_call",19,4,8,3
"MU","1eaf0324-1c8b-5782-ab53-588734eb2cd0","2024-03-20","transcripts","earnings_call",22,6,8,3
"DELL","434ddf54-e998-54d8-b409-d7e05831add1","2025-02-27","transcripts","earnings_call",27,4,9,3
"ADBE","fe04a5b4-1463-5316-897f-63c6b4b34d3f","2018-06-14","transcripts","earnings_call",6,4,5,2
"MU","1eaf0324-1c8b-5782-ab53-588734eb2cd0","2024-03-20","transcripts","earnings_call",8,4,8,3
"INTC","4dcd674c-7355-5050-a27d-c2d6d36b969a","2023-07-27","transcripts","earnings_call",6,4,8,2
"NVDA","4fbfe744-2121-577d-a2ac-6715aded2b43","2012-11-08","transcripts","earnings_call",13,4,6,3
"TEAM","66ca62af-3f3f-550c-ad56-8d816942b6d0","2026-08-14","sec_filing","10-K",47,6,6,0
"PG","6e1ab956-1817-5ad1-9dd8-1c6230330656","2026-08-04","sec_filing","10-K",21,5,3,-1
"MU","fd2c01c5-d84c-5d0a-b13a-858112dffa48","2025-10-03","sec_filing","10-K",34,2,3,1
"NVDA","2c6ae2ee-7e66-5a92-8929-6d0e4b9ea760","2023-02-24","sec_filing","10-K",22,6,7,2
"NVDA","4f64c4af-93b4-5cfd-8fe6-968c3c202fc6","2017-03-01","sec_filing","10-K",69,6,7,3
"INTC","5f26967b-b030-59c1-a40a-efc52330fc30","2018-02-16","sec_filing","10-K",9,6,4,1
"ADBE","8fcfd31d-bfce-558f-afaa-9fca124a4cab","2023-01-17","sec_filing","10-K",19,4,7,2
"WM","e5ec27f5-2943-5fdc-9a4d-812512df4526","2026-02-09","sec_filing","10-K",109,5,3,-1
"NVDA","c468e666-a298-505b-9a26-045b9128d2bd","2020-02-20","sec_filing","10-K",8,4,7,3
"INTC","55298621-dcfe-5481-82ae-ba4f9c6bf2f6","2023-01-26","sec_filing","10-K",33,6,6,2
"CAT","4a17c5c4-28aa-5f94-8120-0f6cfe8874f3","2025-02-14","sec_filing","10-K",7,6,3,0
"INTC","4dcd674c-7355-5050-a27d-c2d6d36b969a","2023-07-27","transcripts","earnings_call",1,4,7,2
"CAT","523f6d3a-036d-568f-aad3-6d3eb445a29b","2024-02-16","sec_filing","10-K",7,6,3,0
"WM","798f3fe6-c135-5c00-9008-6106bd63c3b0","2025-02-19","sec_filing","10-K",124,5,3,-1
"TEAM","062f2032-fcdf-5eea-b6b4-8afa6d294315","2026-04-30","transcripts","earnings_call",4,6,7,2
"NVDA","00b65c37-97c9-596f-a1ad-39c17c610279","2026-02-25","sec_filing","10-K",124,4,10,3
"DELL","434ddf54-e998-54d8-b409-d7e05831add1","2025-02-27","transcripts","earnings_call",1,4,9,3
"NVDA","00b65c37-97c9-596f-a1ad-39c17c610279","2026-02-25","sec_filing","10-K",221,4,8,1
"NVDA","00b65c37-97c9-596f-a1ad-39c17c610279","2026-02-25","sec_filing","10-K",21,6,8,2
"WM","e5ec27f5-2943-5fdc-9a4d-812512df4526","2026-02-09","sec_filing","10-K",112,5,3,-1
"INTC","68f6001f-d7db-59ca-9173-bf5450ef4d08","2024-01-25","sec_filing","10-K",323,6,2,0
"PG","1cf5f6c2-f48d-58cf-ae4b-db3fd22649d8","2024-08-05","sec_filing","10-K",21,5,4,-1
"MU","fd2c01c5-d84c-5d0a-b13a-858112dffa48","2025-10-03","sec_filing","10-K",141,6,7,2
"MU","1080ca21-f3d0-5152-95a8-3480a4656b40","2014-10-27","sec_filing","10-K",86,1,2,0
"NVDA","7fa530a5-5a2b-5b91-80b9-943418126383","2021-02-26","sec_filing","10-K",19,6,7,2
"DELL","230c5778-8d28-526a-bcb4-26a13900ec6e","2022-03-24","sec_filing","10-K",15,6,4,1
"INTC","55298621-dcfe-5481-82ae-ba4f9c6bf2f6","2023-01-26","sec_filing","10-K",34,6,6,2
"ADBE","36acde72-47bf-5a97-98cb-bd1b3b7d8563","2025-01-13","sec_filing","10-K",6,6,6,1
"NVDA","4f64c4af-93b4-5cfd-8fe6-968c3c202fc6","2017-03-01","sec_filing","10-K",14,6,6,2
"DELL","26b2add9-a1d7-5a10-a598-d9eb21d3c8ed","2023-03-30","sec_filing","10-K",12,6,5,1
"INTC","3391e164-85b0-59bd-9721-1a5b0b83938f","2025-01-31","sec_filing","10-K",63,4,7,2
"NVDA","13f004dc-182c-5318-b3af-1f78b304fe6f","2024-02-21","sec_filing","10-K",19,4,9,3
"ADBE","76f79525-d0c9-5635-af25-9e59a39e0964","2024-01-17","sec_filing","10-K",24,4,6,1
"DELL","b75e9e02-9f52-56f0-b589-24f93af288c5","2024-03-25","sec_filing","10-K",13,1,4,1
"WM","e5ec27f5-2943-5fdc-9a4d-812512df4526","2026-02-09","sec_filing","10-K",126,3,3,0
"MU","4417ad87-1aaa-5be7-b484-3670d65e2f52","2023-10-06","sec_filing","10-K",75,5,3,-2
"MU","4417ad87-1aaa-5be7-b484-3670d65e2f52","2023-10-06","sec_filing","10-K",32,3,2,1
"NVDA","bb7d6cc8-ef6f-5817-9350-04bab2929952","2018-02-28","sec_filing","10-K",19,6,6,2
"MU","fd2c01c5-d84c-5d0a-b13a-858112dffa48","2025-10-03","sec_filing","10-K",87,5,4,-1
"NVDA","6c0dce19-3955-59ff-b689-b8536ac11439","2025-02-26","sec_filing","10-K",107,5,6,-2
"DELL","60a1f235-e0ef-5e61-9495-af1fdf598a43","2020-03-27","sec_filing","10-K",108,6,5,1
"NVDA","9ad0a4d1-5355-5447-995c-bff94eb15cf2","2015-03-11","sec_filing","10-K",122,6,4,1
"WM","e5ec27f5-2943-5fdc-9a4d-812512df4526","2026-02-09","sec_filing","10-K",128,5,3,-1
"INTC","01ca85da-1589-5b58-8f3e-6f862f8757af","2017-02-17","sec_filing","10-K",5,6,5,1
"CAT","608e391b-4b00-5baa-98b0-401bdf2b34a3","2017-02-15","sec_filing","10-K",6,6,3,1
"TEAM","66ca62af-3f3f-550c-ad56-8d816942b6d0","2026-08-14","sec_filing","10-K",15,6,6,2
"ADBE","88102f8a-34cb-5b4d-92fe-8a847b6c9a4d","2021-01-15","sec_filing","10-K",7,4,7,2
"DELL","a22c13ef-3936-577e-8c1d-9036083bcd08","2025-03-25","sec_filing","10-K",12,6,4,1
"DELL","b75e9e02-9f52-56f0-b589-24f93af288c5","2024-03-25","sec_filing","10-K",7,4,7,2
"NVDA","c468e666-a298-505b-9a26-045b9128d2bd","2020-02-20","sec_filing","10-K",74,6,8,3
"PG","6e1ab956-1817-5ad1-9dd8-1c6230330656","2026-08-04","sec_filing","10-K",30,5,3,-2
"DELL","a22c13ef-3936-577e-8c1d-9036083bcd08","2025-03-25","sec_filing","10-K",101,4,6,2
"CAT","e21f0d6d-9d0c-5b0a-9f67-7bd49c9d05ca","2018-02-15","sec_filing","10-K",122,6,3,1
"INTC","e889f488-8522-5343-a15e-b7f7e33c1704","2026-01-22","sec_filing","10-K",19,6,7,2
"INTC","e889f488-8522-5343-a15e-b7f7e33c1704","2026-01-22","sec_filing","10-K",28,6,7,1
"ADBE","36acde72-47bf-5a97-98cb-bd1b3b7d8563","2025-01-13","sec_filing","10-K",15,6,7,3
"CAT","98a5e789-908d-585a-84b1-3bbfe7fbeb00","2026-02-13","sec_filing","10-K",7,6,3,0
"DELL","a22c13ef-3936-577e-8c1d-9036083bcd08","2025-03-25","sec_filing","10-K",47,5,5,-2
"TEAM","da600cdc-f0ef-5a33-ab24-140b037e995c","2025-08-15","sec_filing","10-K",41,5,6,-2
"WM","e5ec27f5-2943-5fdc-9a4d-812512df4526","2026-02-09","sec_filing","10-K",108,5,3,-1
"WM","13f0e0ba-c5c6-5092-8290-2375dfde9da1","2024-02-13","sec_filing","10-K",104,5,4,-1
"MU","4779a72b-f35e-56fc-9e32-8e0ebac9f6c5","2012-10-29","sec_filing","10-K",46,5,5,-1
"ADBE","76f79525-d0c9-5635-af25-9e59a39e0964","2024-01-17","sec_filing","10-K",60,5,6,-2
"TEAM","da600cdc-f0ef-5a33-ab24-140b037e995c","2025-08-15","sec_filing","10-K",109,5,5,-2
"INTC","e889f488-8522-5343-a15e-b7f7e33c1704","2026-01-22","sec_filing","10-K",155,5,7,-3
"INTC","3391e164-85b0-59bd-9721-1a5b0b83938f","2025-01-31","sec_filing","10-K",125,5,8,-2
"NVDA","9ad0a4d1-5355-5447-995c-bff94eb15cf2","2015-03-11","sec_filing","10-K",13,6,5,2
"NVDA","938d71bf-3ea3-53ed-b020-7ac48d25f80d","2018-08-16","transcripts","earnings_call",23,4,6,2
"DELL","a22c13ef-3936-577e-8c1d-9036083bcd08","2025-03-25","sec_filing","10-K",147,2,5,0
"MU","15ac65f4-e54a-598d-9ea6-97e87d947742","2022-10-07","sec_filing","10-K",10,6,4,0
"ADBE","36acde72-47bf-5a97-98cb-bd1b3b7d8563","2025-01-13","sec_filing","10-K",61,5,6,-1
"CAT","98a5e789-908d-585a-84b1-3bbfe7fbeb00","2026-02-13","sec_filing","10-K",80,4,7,3
"NVDA","bb7d6cc8-ef6f-5817-9350-04bab2929952","2018-02-28","sec_filing","10-K",22,6,6,2
"MU","1080ca21-f3d0-5152-95a8-3480a4656b40","2014-10-27","sec_filing","10-K",93,1,2,0
"NVDA","aedef1b8-fe47-5b61-880b-694590e1fa26","2022-03-18","sec_filing","10-K",16,6,6,2
"NVDA","2c6ae2ee-7e66-5a92-8929-6d0e4b9ea760","2023-02-24","sec_filing","10-K",19,6,8,2
"NVDA","4fbfe744-2121-577d-a2ac-6715aded2b43","2012-11-08","transcripts","earnings_call",25,4,5,2
"DELL","a383d817-a6bf-54a6-8094-71a1947f41b1","2026-03-16","sec_filing","10-K",102,4,6,2
"INTC","b416b004-bb36-5af0-9c64-1d1b71ab1023","2021-01-22","sec_filing","10-K",52,4,5,1
"ADBE","76f79525-d0c9-5635-af25-9e59a39e0964","2024-01-17","sec_filing","10-K",57,6,8,0
"NVDA","00b65c37-97c9-596f-a1ad-39c17c610279","2026-02-25","sec_filing","10-K",86,5,6,-2
"PG","15272187-9c85-590a-a67a-c8cac03d46dd","2025-08-04","sec_filing","10-K",31,5,4,-1
"WM","1ef97bfc-0a1d-53da-999b-de3eb494c2e6","2023-02-07","sec_filing","10-K",93,5,3,-1
"INTC","55298621-dcfe-5481-82ae-ba4f9c6bf2f6","2023-01-26","sec_filing","10-K",70,1,4,2
"PG","1cf5f6c2-f48d-58cf-ae4b-db3fd22649d8","2024-08-05","sec_filing","10-K",29,5,4,-1
"MU","4417ad87-1aaa-5be7-b484-3670d65e2f52","2023-10-06","sec_filing","10-K",30,6,6,2
"CAT","608e391b-4b00-5baa-98b0-401bdf2b34a3","2017-02-15","sec_filing","10-K",130,6,2,1
"INTC","e889f488-8522-5343-a15e-b7f7e33c1704","2026-01-22","sec_filing","10-K",130,5,9,-3
"TEAM","f6b704e5-a73c-5e5b-9edf-6540c213efd1","2024-08-16","sec_filing","10-K",44,5,4,-2
"INTC","3391e164-85b0-59bd-9721-1a5b0b83938f","2025-01-31","sec_filing","10-K",93,5,6,-2
"NVDA","bb7d6cc8-ef6f-5817-9350-04bab2929952","2018-02-28","sec_filing","10-K",23,6,2,0
"NVDA","29e90363-7c6d-525e-9b13-048ee4970d68","2013-03-12","sec_filing","10-K",15,6,5,1
"CAT","4a17c5c4-28aa-5f94-8120-0f6cfe8874f3","2025-02-14","sec_filing","10-K",79,4,6,3
"INTC","55298621-dcfe-5481-82ae-ba4f9c6bf2f6","2023-01-26","sec_filing","10-K",20,6,5,1
"ADBE","76f79525-d0c9-5635-af25-9e59a39e0964","2024-01-17","sec_filing","10-K",12,6,8,3
"ADBE","8fcfd31d-bfce-558f-afaa-9fca124a4cab","2023-01-17","sec_filing","10-K",61,5,6,-2
"MU","fd2c01c5-d84c-5d0a-b13a-858112dffa48","2025-10-03","sec_filing","10-K",122,6,8,3
"NVDA","938d71bf-3ea3-53ed-b020-7ac48d25f80d","2018-08-16","transcripts","earnings_call",8,4,6,2
"NVDA","9ad0a4d1-5355-5447-995c-bff94eb15cf2","2015-03-11","sec_filing","10-K",8,6,5,1
"DELL","a383d817-a6bf-54a6-8094-71a1947f41b1","2026-03-16","sec_filing","10-K",119,4,8,3
"TEAM","da600cdc-f0ef-5a33-ab24-140b037e995c","2025-08-15","sec_filing","10-K",14,6,7,2
"INTC","e889f488-8522-5343-a15e-b7f7e33c1704","2026-01-22","sec_filing","10-K",167,5,3,-2
"DELL","434ddf54-e998-54d8-b409-d7e05831add1","2025-02-27","transcripts","earnings_call",24,4,7,2
"DELL","72582597-d9f4-57c2-9ad9-c14b0b8fd959","2022-05-09","hackernews","title",0,6,5,1
"INTC","b416b004-bb36-5af0-9c64-1d1b71ab1023","2021-01-22","sec_filing","10-K",157,5,3,-1
"NVDA","b5ea8691-e272-53fe-bf98-77d0b0afd60c","2017-02-10","hackernews","title",0,4,8,3
"NVDA","29e90363-7c6d-525e-9b13-048ee4970d68","2013-03-12","sec_filing","10-K",39,5,6,-2
"MU","7b6df678-40db-5475-91dc-e54824693d01","2018-06-25","hackernews","title",0,1,6,2
"WM","798f3fe6-c135-5c00-9008-6106bd63c3b0","2025-02-19","sec_filing","10-K",92,2,4,1
"TEAM","f6b704e5-a73c-5e5b-9edf-6540c213efd1","2024-08-16","sec_filing","10-K",43,5,5,-2
"NVDA","0705acd7-d60f-5f12-8a14-536306e7cd25","2017-05-10","hackernews","title",0,1,6,2
"TEAM","da600cdc-f0ef-5a33-ab24-140b037e995c","2025-08-15","sec_filing","10-K",32,5,5,-1
"NVDA","4f64c4af-93b4-5cfd-8fe6-968c3c202fc6","2017-03-01","sec_filing","10-K",9,6,5,1
"DELL","a22c13ef-3936-577e-8c1d-9036083bcd08","2025-03-25","sec_filing","10-K",46,5,6,-2
"DELL","a383d817-a6bf-54a6-8094-71a1947f41b1","2026-03-16","sec_filing","10-K",45,5,6,-2
"INTC","68f6001f-d7db-59ca-9173-bf5450ef4d08","2024-01-25","sec_filing","10-K",151,5,7,-1
"MU","fd2c01c5-d84c-5d0a-b13a-858112dffa48","2025-10-03","sec_filing","10-K",49,5,4,0
"NVDA","00b65c37-97c9-596f-a1ad-39c17c610279","2026-02-25","sec_filing","10-K",127,1,7,0
"NVDA","13f004dc-182c-5318-b3af-1f78b304fe6f","2024-02-21","sec_filing","10-K",20,6,6,2
"ADBE","76f79525-d0c9-5635-af25-9e59a39e0964","2024-01-17","sec_filing","10-K",18,4,6,2
"DELL","1aaebca9-a840-509e-bac5-8a8e07261676","2021-03-26","sec_filing","10-K",14,6,4,1
"PG","6e1ab956-1817-5ad1-9dd8-1c6230330656","2026-08-04","sec_filing","10-K",29,5,3,-2
"NVDA","2c6ae2ee-7e66-5a92-8929-6d0e4b9ea760","2023-02-24","sec_filing","10-K",13,4,8,3
"TEAM","908f0257-3707-5bd4-9c33-61c14bdc2370","2020-08-14","sec_filing","20-F",109,2,3,1
"INTC","b416b004-bb36-5af0-9c64-1d1b71ab1023","2021-01-22","sec_filing","10-K",10,6,4,1
"NVDA","ab496d28-2036-5093-9f4c-dcf37ca9072d","2026-01-31","hackernews","title",0,1,9,-2
"NVDA","ac02f1e7-14c4-5f52-9d7c-dc6d619d454a","2021-09-28","hackernews","title",0,6,3,1
"DELL","51c57e53-0233-5ab9-9985-0793cf8917d1","2024-04-23","hackernews","title",0,5,6,-2
"DELL","83c488a6-70af-522f-a952-6e3d8d6e5f86","2019-02-25","hackernews","title",0,1,4,1
"MU","5804fdda-7318-54a6-a2db-c48a69d0247b","2023-07-27","hackernews","title",0,6,8,3
"ADBE","36acde72-47bf-5a97-98cb-bd1b3b7d8563","2025-01-13","sec_filing","10-K",12,6,6,2
"INTC","5eafbb56-dd23-5717-9b0c-e3886695e315","2023-08-29","hackernews","title",0,6,4,1
"NVDA","d01ab3fd-beed-5749-8c98-8a094b8ea812","2023-04-06","hackernews","title",0,4,7,3
"NVDA","d01b7410-ec7d-5381-88db-51c40d77a8a1","2024-10-11","hackernews","title",0,5,6,-2
"PG","1cf5f6c2-f48d-58cf-ae4b-db3fd22649d8","2024-08-05","sec_filing","10-K",53,5,2,0
"NVDA","e07399d2-87d6-5ff7-b5ea-cd4e7ea190a8","2019-02-21","sec_filing","10-K",88,4,7,3
"INTC","432e82f9-5e26-5d84-aa95-b3000eda25c2","2025-02-09","hackernews","title",0,5,6,-3
"DELL","47c9b5bb-f377-55ac-a63f-4aa64c982203","2016-06-05","hackernews","title",0,1,3,1
"INTC","61b22fe4-562f-5d41-b4db-f5e3fdc701ba","2021-04-06","hackernews","title",0,4,5,0
"MU","61cfeee1-832e-5083-9940-6ff98df225b9","2023-11-13","hackernews","title",0,6,5,2
"NVDA","7276aa5c-c056-5dde-9cd0-b697f4175f8e","2023-01-15","hackernews","title",0,6,3,1
"WM","798f3fe6-c135-5c00-9008-6106bd63c3b0","2025-02-19","sec_filing","10-K",120,5,3,-1
"DELL","a383d817-a6bf-54a6-8094-71a1947f41b1","2026-03-16","sec_filing","10-K",99,2,6,2
"ADBE","6c9ec436-7141-575a-8416-d7056076dca2","2022-01-21","sec_filing","10-K",14,6,3,1
"TEAM","f6b704e5-a73c-5e5b-9edf-6540c213efd1","2024-08-16","sec_filing","10-K",5,6,4,0
"CAT","1e03321f-44d3-5bef-9d56-0b2385b36602","2020-02-19","sec_filing","10-K",328,6,3,0
"NVDA","2c6ae2ee-7e66-5a92-8929-6d0e4b9ea760","2023-02-24","sec_filing","10-K",44,6,8,2
"TEAM","f6b704e5-a73c-5e5b-9edf-6540c213efd1","2024-08-16","sec_filing","10-K",9,6,4,1
"NVDA","5a5d512e-33c9-571f-a091-5395a1198d20","2014-03-12","sec_filing","10-K",91,6,5,2
"ADBE","8fcfd31d-bfce-558f-afaa-9fca124a4cab","2023-01-17","sec_filing","10-K",60,5,6,-2
"NVDA","00b65c37-97c9-596f-a1ad-39c17c610279","2026-02-25","sec_filing","10-K",12,4,10,3
"MU","0b6b8445-a0bd-565d-bc82-48d2043936ff","2024-10-04","sec_filing","10-K",60,4,7,2
"ADBE","88102f8a-34cb-5b4d-92fe-8a847b6c9a4d","2021-01-15","sec_filing","10-K",24,6,6,2
"NVDA","c468e666-a298-505b-9a26-045b9128d2bd","2020-02-20","sec_filing","10-K",33,6,7,1
"MU","d2c34d9b-48dc-5a0c-961e-1ab61915d2f4","2019-10-17","sec_filing","10-K",15,6,3,1
"DELL","26b2add9-a1d7-5a10-a598-d9eb21d3c8ed","2023-03-30","sec_filing","10-K",111,4,6,2
"ADBE","8fcfd31d-bfce-558f-afaa-9fca124a4cab","2023-01-17","sec_filing","10-K",12,6,6,2
"PG","6e1ab956-1817-5ad1-9dd8-1c6230330656","2026-08-04","sec_filing","10-K",31,5,3,-1
"ADBE","8de4fbbc-9a78-5240-a65b-e596f2e29496","2020-01-21","sec_filing","10-K",182,6,6,2
"INTC","68f6001f-d7db-59ca-9173-bf5450ef4d08","2024-01-25","sec_filing","10-K",157,5,3,-1
"NVDA","00b65c37-97c9-596f-a1ad-39c17c610279","2026-02-25","sec_filing","10-K",20,6,9,3
"PG","15272187-9c85-590a-a67a-c8cac03d46dd","2025-08-04","sec_filing","10-K",52,5,3,0
"ADBE","36acde72-47bf-5a97-98cb-bd1b3b7d8563","2025-01-13","sec_filing","10-K",53,6,6,2
"NVDA","13f004dc-182c-5318-b3af-1f78b304fe6f","2024-02-21","sec_filing","10-K",54,5,8,-1
"NVDA","00b65c37-97c9-596f-a1ad-39c17c610279","2026-02-25","sec_filing","10-K",42,1,6,-1
"NVDA","2c6ae2ee-7e66-5a92-8929-6d0e4b9ea760","2023-02-24","sec_filing","10-K",106,6,6,0
"CAT","523f6d3a-036d-568f-aad3-6d3eb445a29b","2024-02-16","sec_filing","10-K",99,6,3,0
"ADBE","8fcfd31d-bfce-558f-afaa-9fca124a4cab","2023-01-17","sec_filing","10-K",83,5,4,-1
"ADBE","ce937d55-f20c-5e65-a2e3-32b391d609c9","2014-01-21","sec_filing","10-K",18,6,5,1
"TEAM","da600cdc-f0ef-5a33-ab24-140b037e995c","2025-08-15","sec_filing","10-K",15,6,7,2
"TEAM","66ca62af-3f3f-550c-ad56-8d816942b6d0","2026-08-14","sec_filing","10-K",167,6,5,1
"CAT","fe5077da-532d-5a4b-bfee-25ae1add9cec","2019-02-14","sec_filing","10-K",120,6,3,0
"MU","fd2c01c5-d84c-5d0a-b13a-858112dffa48","2025-10-03","sec_filing","10-K",88,6,5,-1
"NVDA","2c6ae2ee-7e66-5a92-8929-6d0e4b9ea760","2023-02-24","sec_filing","10-K",81,5,9,-3
"MU","4417ad87-1aaa-5be7-b484-3670d65e2f52","2023-10-06","sec_filing","10-K",12,4,5,2
"DELL","a22c13ef-3936-577e-8c1d-9036083bcd08","2025-03-25","sec_filing","10-K",7,4,7,2
"DELL","a22c13ef-3936-577e-8c1d-9036083bcd08","2025-03-25","sec_filing","10-K",56,5,4,-2
"TEAM","f6b704e5-a73c-5e5b-9edf-6540c213efd1","2024-08-16","sec_filing","10-K",8,6,6,2
"NVDA","13f004dc-182c-5318-b3af-1f78b304fe6f","2024-02-21","sec_filing","10-K",22,4,7,2
"TEAM","fbb24933-2002-56bf-89d9-e2b289e1c65c","2023-08-18","sec_filing","10-K",16,6,4,1
"ADBE","8a920f3d-33a6-55e2-b566-ffafcf6028f6","2019-01-25","sec_filing","10-K",15,4,5,2
"NVDA","8f6f6379-7b1d-5921-9326-d9244d569a8c","2023-11-21","transcripts","earnings_call",7,1,7,3
"CAT","e21f0d6d-9d0c-5b0a-9f67-7bd49c9d05ca","2018-02-15","sec_filing","10-K",6,6,3,1
"ADBE","88102f8a-34cb-5b4d-92fe-8a847b6c9a4d","2021-01-15","sec_filing","10-K",135,6,5,2
"NVDA","e07399d2-87d6-5ff7-b5ea-cd4e7ea190a8","2019-02-21","sec_filing","10-K",19,6,8,3
"DELL","849cc03a-7da5-5362-8c51-a45eb6c3e770","2024-02-26","hackernews","title",0,4,7,2
"ADBE","8de4fbbc-9a78-5240-a65b-e596f2e29496","2020-01-21","sec_filing","10-K",119,6,6,2
"INTC","a50a91b3-78e2-570a-b871-2830efecd35c","2024-04-23","hackernews","title",0,6,6,2
"INTC","c69a80b5-bbb8-5828-98bb-f0921a6eab8a","2023-12-03","hackernews","title",0,6,5,2
"TEAM","d69ce5dd-7b32-5a36-a243-06ea8f1513d6","2023-04-21","hackernews","title",0,6,6,2
"INTC","d6c23a12-e4c5-5957-bed8-ac21d7caa1f9","2016-09-10","hackernews","title",0,6,3,1
"INTC","3391e164-85b0-59bd-9721-1a5b0b83938f","2025-01-31","sec_filing","10-K",50,6,8,2
"NVDA","13f004dc-182c-5318-b3af-1f78b304fe6f","2024-02-21","sec_filing","10-K",87,5,7,-2
"INTC","b4dc29e5-3331-58bc-98fb-598fb0033361","2019-02-01","sec_filing","10-K",13,4,7,2
"NVDA","00b65c37-97c9-596f-a1ad-39c17c610279","2026-02-25","sec_filing","10-K",56,5,4,-2
"NVDA","6c0dce19-3955-59ff-b689-b8536ac11439","2025-02-26","sec_filing","10-K",110,5,3,-2
"CAT","523f6d3a-036d-568f-aad3-6d3eb445a29b","2024-02-16","sec_filing","10-K",276,6,2,0
"INTC","3391e164-85b0-59bd-9721-1a5b0b83938f","2025-01-31","sec_filing","10-K",5,6,3,0
"INTC","e889f488-8522-5343-a15e-b7f7e33c1704","2026-01-22","sec_filing","10-K",122,5,6,-1
"DELL","a383d817-a6bf-54a6-8094-71a1947f41b1","2026-03-16","sec_filing","10-K",283,6,9,2
"TEAM","da600cdc-f0ef-5a33-ab24-140b037e995c","2025-08-15","sec_filing","10-K",137,3,4,-1
"NVDA","13f004dc-182c-5318-b3af-1f78b304fe6f","2024-02-21","sec_filing","10-K",21,6,8,3
"ADBE","6c9ec436-7141-575a-8416-d7056076dca2","2022-01-21","sec_filing","10-K",7,6,6,2
"DELL","a383d817-a6bf-54a6-8094-71a1947f41b1","2026-03-16","sec_filing","10-K",202,4,7,2
"NVDA","6c0dce19-3955-59ff-b689-b8536ac11439","2025-02-26","sec_filing","10-K",14,4,9,3
"ADBE","88102f8a-34cb-5b4d-92fe-8a847b6c9a4d","2021-01-15","sec_filing","10-K",45,6,5,2
"MU","d2c34d9b-48dc-5a0c-961e-1ab61915d2f4","2019-10-17","sec_filing","10-K",7,4,6,2
"INTC","d1f4acb2-5b91-5a11-baa4-70899d61e605","2024-01-19","hackernews","title",0,6,6,2
"NVDA","e9be120f-48b5-56e6-8ddc-ab2288752029","2020-01-21","hackernews","title",0,6,4,2
"TEAM","1437ff25-ff58-5d3b-b0d9-5d2610716980","2025-12-04","hackernews","title",0,4,5,0
"INTC","3391e164-85b0-59bd-9721-1a5b0b83938f","2025-01-31","sec_filing","10-K",112,5,6,-1
"MU","fd2c01c5-d84c-5d0a-b13a-858112dffa48","2025-10-03","sec_filing","10-K",123,6,7,2
"NVDA","13f004dc-182c-5318-b3af-1f78b304fe6f","2024-02-21","sec_filing","10-K",41,5,4,-1
"DELL","26b2add9-a1d7-5a10-a598-d9eb21d3c8ed","2023-03-30","sec_filing","10-K",105,1,4,0
"MU","15ac65f4-e54a-598d-9ea6-97e87d947742","2022-10-07","sec_filing","10-K",15,4,7,3
"MU","15ac65f4-e54a-598d-9ea6-97e87d947742","2022-10-07","sec_filing","10-K",20,4,5,2
"MU","13e1a4a7-5fd0-565c-a077-36bfb9735d27","2021-06-03","hackernews","title",0,6,6,2
"NVDA","d201af02-fea2-5560-b917-3a5a6f36d06e","2021-05-19","hackernews","title",0,6,2,0
"NVDA","de395dfd-e95a-55ac-9873-0dfa48b0f110","2020-07-14","hackernews","title",0,6,3,0
"NVDA","de9f6387-28f5-5a97-82c3-eaab3874697c","2021-10-11","hackernews","title",0,4,3,2
"MU","12e6eaf8-65f7-5085-a2f8-825534423dfc","2025-03-25","hackernews","title",0,6,5,1
"DELL","2f26a6ba-5474-551c-89af-d23ed6b65dd8","2025-10-08","hackernews","title",0,4,4,0
"NVDA","33db6bc1-0f22-5901-b68f-3f4510ac1765","2023-06-06","hackernews","title",0,6,8,3
"NVDA","2c6ae2ee-7e66-5a92-8929-6d0e4b9ea760","2023-02-24","sec_filing","10-K",17,6,5,2
"DELL","b0eae100-479e-54e7-94f1-247529f38dc7","2024-06-20","hackernews","title",0,4,8,3
"ADBE","6c9ec436-7141-575a-8416-d7056076dca2","2022-01-21","sec_filing","10-K",117,6,6,2
"MU","70703ca0-74bd-5d2e-bcd6-77bdf8f269a9","2018-10-14","hackernews","title",0,1,4,1
"INTC","281cc0ec-a11b-56bf-9023-b041cac3f77e","2024-01-06","hackernews","title",0,4,6,2
"MU","0b6b8445-a0bd-565d-bc82-48d2043936ff","2024-10-04","sec_filing","10-K",17,6,5,2
"TEAM","c898f954-501d-5187-a84d-c308f36bdf99","2026-03-13","hackernews","title",0,3,8,-2
"DELL","a383d817-a6bf-54a6-8094-71a1947f41b1","2026-03-16","sec_filing","10-K",35,1,2,1
"CAT","98a5e789-908d-585a-84b1-3bbfe7fbeb00","2026-02-13","sec_filing","10-K",273,6,3,0
"INTC","8c4b6bf0-f309-56ec-9a4c-4a106a01e641","2024-05-13","hackernews","title",0,4,6,2
"INTC","40cb208d-0e05-5b74-9d72-a451061568fc","2024-12-08","hackernews","title",0,5,7,-3
"DELL","26b2add9-a1d7-5a10-a598-d9eb21d3c8ed","2023-03-30","sec_filing","10-K",319,4,4,1
"MU","8c6b914b-94ce-590e-9ca5-0a8ea95ee6b8","2023-10-06","hackernews","title",0,4,9,3
"NVDA","49147c73-7e1c-5ce5-b233-74f32ac6b566","2024-04-16","hackernews","title",0,5,5,-2
"TEAM","497e9237-cfbd-5b37-9e71-3ba20907457c","2026-03-11","hackernews","title",0,3,8,-1
"NVDA","1a981387-7c97-5bc3-9abb-3d0829de322a","2016-04-24","hackernews","title",0,4,6,2
"MU","27ffa366-b5e4-532c-a7f8-3e0ea6ebef4d","2022-10-04","hackernews","title",0,1,8,2
"MU","4417ad87-1aaa-5be7-b484-3670d65e2f52","2023-10-06","sec_filing","10-K",15,4,2,1
"NVDA","2c6ae2ee-7e66-5a92-8929-6d0e4b9ea760","2023-02-24","sec_filing","10-K",8,6,8,2
"TEAM","17f79b3b-1807-5519-b4da-75ea751d1185","2026-03-11","hackernews","title",0,3,8,-2
"INTC","e889f488-8522-5343-a15e-b7f7e33c1704","2026-01-22","sec_filing","10-K",154,5,5,-1
"NVDA","112ef6b1-5dda-5bd4-8924-03fd06c5045b","2026-03-15","hackernews","title",0,6,4,1
"NVDA","d75d6f88-e587-500c-83dc-4d308aefbe01","2015-02-03","hackernews","title",0,6,3,1
"DELL","34a2ee4d-6d5f-5d1e-a62b-3c5afdee5773","2024-09-07","hackernews","title",0,4,8,3
"TEAM","da600cdc-f0ef-5a33-ab24-140b037e995c","2025-08-15","sec_filing","10-K",84,5,4,-2
"NVDA","13f004dc-182c-5318-b3af-1f78b304fe6f","2024-02-21","sec_filing","10-K",14,4,9,3
"INTC","113afe43-266c-59bd-8232-08d5e7301bad","2022-07-25","hackernews","title",0,5,4,-2
"NVDA","116c81d6-f59b-57ee-927f-0c9a1dae5b04","2019-06-24","hackernews","title",0,6,5,2
"NVDA","112732cd-fcef-57fd-a625-1c9667930a39","2022-02-02","hackernews","title",0,6,5,2
"MU","16bd009a-50fc-55c7-99f1-f52a2ac445d6","2026-09-04","hackernews","title",0,4,7,2
"NVDA","c468e666-a298-505b-9a26-045b9128d2bd","2020-02-20","sec_filing","10-K",23,6,6,2
"MU","0b6b8445-a0bd-565d-bc82-48d2043936ff","2024-10-04","sec_filing","10-K",14,6,8,3
"INTC","71391896-053d-5fdb-9436-639f0904ec21","2026-07-31","hackernews","title",0,5,6,-2
"NVDA","d87bdfbf-b756-51d0-8ce3-6a52521a2ee0","2018-08-13","hackernews","title",0,6,3,1
"INTC","b416b004-bb36-5af0-9c64-1d1b71ab1023","2021-01-22","sec_filing","10-K",18,6,4,1
"NVDA","715f72ab-0dc8-526c-aa6a-c3d95c4b9d27","2025-06-18","hackernews","title",0,5,4,-1
"INTC","e1eea715-2f34-5ed6-8371-61a0ff7e4091","2020-08-15","hackernews","title",0,6,5,1
"MU","3e4c2f7f-9670-59f9-bb58-6c2290b08de6","2024-11-13","hackernews","title",0,6,6,2
"NVDA","e2079839-59e8-5289-bbe0-412ed39c93e6","2018-04-21","hackernews","title",0,6,4,0
"DELL","3e85d653-02fe-58e9-b967-0d7243be6f95","2025-05-30","hackernews","title",0,4,7,3
"WM","798f3fe6-c135-5c00-9008-6106bd63c3b0","2025-02-19","sec_filing","10-K",8,5,3,-1
"INTC","08de8873-ccd7-5ab5-8bf7-8b3ac7a28059","2020-01-23","sec_filing","10-K",28,6,5,1
"NVDA","a152d57f-75b8-5d62-ad4f-770ebdb853cf","2017-04-25","hackernews","title",0,1,5,2
"DELL","01786fe6-2434-5c81-b049-394b71bd0ac9","2026-07-20","hackernews","title",0,6,4,1
"MU","08447bea-bd91-5c60-8a2f-05cb5c3375bc","2026-05-27","hackernews","title",0,4,8,3
"TEAM","da600cdc-f0ef-5a33-ab24-140b037e995c","2025-08-15","sec_filing","10-K",83,5,5,-2
"NVDA","014e80cb-7fbc-5bd1-80b9-dc84f38729ec","2026-08-11","hackernews","title",0,6,6,2
"NVDA","0158ee16-e36e-59fb-9be5-533fc816ffc5","2023-10-29","hackernews","title",0,6,3,0
"TEAM","0f1cbd87-0b2d-5b59-a53f-6b1a617be0af","2026-03-12","hackernews","title",0,3,8,-1
"MU","0e73f08d-279c-5e9f-8fdf-191f5a078d8f","2018-10-15","sec_filing","10-K",8,4,5,2
"MU","0e73f08d-279c-5e9f-8fdf-191f5a078d8f","2018-10-15","sec_filing","10-K",9,4,5,2
"DELL","47ad3aea-fcc2-5ec7-9edc-eadbe4586179","2015-06-01","hackernews","title",0,4,6,2
"MU","14935234-132e-5b5d-8fcd-b9672bd003f7","2018-05-26","hackernews","title",0,6,6,2
"NVDA","00b65c37-97c9-596f-a1ad-39c17c610279","2026-02-25","sec_filing","10-K",47,5,7,-1
"INTC","c2b9c0eb-d420-5bfd-9d31-16e1c8a91bbb","2015-03-27","hackernews","title",0,1,3,0
"ADBE","07e4ca0b-b8ee-5e41-9728-c48c896ffe2a","2026-01-15","sec_filing","10-K",10,6,8,3
"MU","47ae9cee-3005-5772-90eb-9c48bdd3d91e","2024-03-22","hackernews","title",0,4,7,2
"CAT","4a17c5c4-28aa-5f94-8120-0f6cfe8874f3","2025-02-14","sec_filing","10-K",274,6,3,0
"DELL","6967792d-cb20-5868-8041-06e8a61e84b6","2019-09-19","hackernews","title",0,6,4,2
"NVDA","729d11a3-c1cb-5b99-9c11-b5bfef16a646","2015-06-03","hackernews","title",0,6,2,1
"MU","72d162d1-3e82-52c1-940c-cb55853cda78","2023-08-28","hackernews","title",0,6,5,1
"NVDA","72cb629f-9279-54c8-b2da-bf97aae1bf49","2021-03-29","hackernews","title",0,4,3,1
"NVDA","7fa530a5-5a2b-5b91-80b9-943418126383","2021-02-26","sec_filing","10-K",25,6,6,2
"MU","8695e0fa-8da6-5f95-9e41-9eebff96c874","2026-01-20","hackernews","title",0,4,7,2
"MU","86ac57f4-9b4b-5c40-975d-89353735b294","2020-09-07","hackernews","title",0,6,5,1
"ADBE","88102f8a-34cb-5b4d-92fe-8a847b6c9a4d","2021-01-15","sec_filing","10-K",11,6,6,2
"TEAM","da600cdc-f0ef-5a33-ab24-140b037e995c","2025-08-15","sec_filing","10-K",16,4,6,1
"DELL","d97cabed-23d8-5e76-8e61-8cee22c9b2a1","2024-10-01","hackernews","title",0,1,4,1
"INTC","55298621-dcfe-5481-82ae-ba4f9c6bf2f6","2023-01-26","sec_filing","10-K",140,5,6,-2
"ADBE","36acde72-47bf-5a97-98cb-bd1b3b7d8563","2025-01-13","sec_filing","10-K",70,5,3,-1
"NVDA","2c6ae2ee-7e66-5a92-8929-6d0e4b9ea760","2023-02-24","sec_filing","10-K",21,6,6,2
"NVDA","2c6ae2ee-7e66-5a92-8929-6d0e4b9ea760","2023-02-24","sec_filing","10-K",110,4,9,3
"NVDA","00b65c37-97c9-596f-a1ad-39c17c610279","2026-02-25","sec_filing","10-K",136,4,10,3
"ADBE","36acde72-47bf-5a97-98cb-bd1b3b7d8563","2025-01-13","sec_filing","10-K",121,6,8,3
"NVDA","13f004dc-182c-5318-b3af-1f78b304fe6f","2024-02-21","sec_filing","10-K",18,6,8,2
"INTC","e889f488-8522-5343-a15e-b7f7e33c1704","2026-01-22","sec_filing","10-K",27,6,8,2
"INTC","7936509d-e1b7-5ec9-aa39-fd34c2c7d20e","2021-09-13","hackernews","title",0,3,3,-1
"TEAM","da600cdc-f0ef-5a33-ab24-140b037e995c","2025-08-15","sec_filing","10-K",60,6,3,0
"TEAM","da600cdc-f0ef-5a33-ab24-140b037e995c","2025-08-15","sec_filing","10-K",74,5,3,-1
"MU","4417ad87-1aaa-5be7-b484-3670d65e2f52","2023-10-06","sec_filing","10-K",11,4,9,3
"INTC","3391e164-85b0-59bd-9721-1a5b0b83938f","2025-01-31","sec_filing","10-K",6,5,5,0
"INTC","68f6001f-d7db-59ca-9173-bf5450ef4d08","2024-01-25","sec_filing","10-K",60,6,8,3
"NVDA","7fa530a5-5a2b-5b91-80b9-943418126383","2021-02-26","sec_filing","10-K",104,6,3,1
"ADBE","8de4fbbc-9a78-5240-a65b-e596f2e29496","2020-01-21","sec_filing","10-K",48,6,6,2
"INTC","b416b004-bb36-5af0-9c64-1d1b71ab1023","2021-01-22","sec_filing","10-K",132,6,5,0
"MU","d2c34d9b-48dc-5a0c-961e-1ab61915d2f4","2019-10-17","sec_filing","10-K",3,4,6,2
"INTC","68f6001f-d7db-59ca-9173-bf5450ef4d08","2024-01-25","sec_filing","10-K",74,6,6,2
"NVDA","e07399d2-87d6-5ff7-b5ea-cd4e7ea190a8","2019-02-21","sec_filing","10-K",28,5,4,-1
"ADBE","76f79525-d0c9-5635-af25-9e59a39e0964","2024-01-17","sec_filing","10-K",6,4,6,2
"MU","15ac65f4-e54a-598d-9ea6-97e87d947742","2022-10-07","sec_filing","10-K",9,4,6,2
"DELL","b75e9e02-9f52-56f0-b589-24f93af288c5","2024-03-25","sec_filing","10-K",46,5,4,-1
"ADBE","36acde72-47bf-5a97-98cb-bd1b3b7d8563","2025-01-13","sec_filing","10-K",95,5,4,-1
"TEAM","da600cdc-f0ef-5a33-ab24-140b037e995c","2025-08-15","sec_filing","10-K",30,5,6,-1
"DELL","b75e9e02-9f52-56f0-b589-24f93af288c5","2024-03-25","sec_filing","10-K",96,4,6,2
"ADBE","8de4fbbc-9a78-5240-a65b-e596f2e29496","2020-01-21","sec_filing","10-K",21,6,7,2
"MU","0e73f08d-279c-5e9f-8fdf-191f5a078d8f","2018-10-15","sec_filing","10-K",6,4,7,3
"MU","15ac65f4-e54a-598d-9ea6-97e87d947742","2022-10-07","sec_filing","10-K",16,4,6,2
"INTC","55298621-dcfe-5481-82ae-ba4f9c6bf2f6","2023-01-26","sec_filing","10-K",22,4,5,1
"INTC","55298621-dcfe-5481-82ae-ba4f9c6bf2f6","2023-01-26","sec_filing","10-K",82,6,6,2
"ADBE","88102f8a-34cb-5b4d-92fe-8a847b6c9a4d","2021-01-15","sec_filing","10-K",18,6,6,2
"ADBE","88102f8a-34cb-5b4d-92fe-8a847b6c9a4d","2021-01-15","sec_filing","10-K",19,6,6,2
"DELL","a22c13ef-3936-577e-8c1d-9036083bcd08","2025-03-25","sec_filing","10-K",17,5,4,-1
"NVDA","bb7d6cc8-ef6f-5817-9350-04bab2929952","2018-02-28","sec_filing","10-K",26,5,4,-1
"ADBE","36acde72-47bf-5a97-98cb-bd1b3b7d8563","2025-01-13","sec_filing","10-K",23,5,6,-1
"DELL","b75e9e02-9f52-56f0-b589-24f93af288c5","2024-03-25","sec_filing","10-K",16,4,7,2
"ADBE","8fcfd31d-bfce-558f-afaa-9fca124a4cab","2023-01-17","sec_filing","10-K",29,6,5,2
"NVDA","e77f2ff4-cd24-5fa9-b592-4ab5d5f9b003","2026-02-12","hackernews","title",0,6,6,2
"NVDA","bb7d6cc8-ef6f-5817-9350-04bab2929952","2018-02-28","sec_filing","10-K",86,4,8,3
"NVDA","80520dec-94b4-56cb-8121-4c6b7a26e56f","2016-09-29","hackernews","title",0,6,5,2
"INTC","327e6f6d-afcf-5209-8ec3-eb066af952f7","2023-09-01","hackernews","title",0,6,5,2
"MU","32b948a0-26a2-5021-8766-cd1ac7865c80","2022-07-26","hackernews","title",0,6,6,2
"NVDA","6c0dce19-3955-59ff-b689-b8536ac11439","2025-02-26","sec_filing","10-K",16,6,8,3
"INTC","e889f488-8522-5343-a15e-b7f7e33c1704","2026-01-22","sec_filing","10-K",5,6,4,0
"INTC","68f6001f-d7db-59ca-9173-bf5450ef4d08","2024-01-25","sec_filing","10-K",6,5,5,0
"ADBE","76f79525-d0c9-5635-af25-9e59a39e0964","2024-01-17","sec_filing","10-K",88,5,4,-1
"ADBE","07e4ca0b-b8ee-5e41-9728-c48c896ffe2a","2026-01-15","sec_filing","10-K",9,6,8,2
"MU","50c766d1-8d32-52bc-8f21-34db633de946","2024-07-01","hackernews","title",0,4,7,2
"NVDA","8068fcb6-1910-5ad4-9b2f-4b22a7b201c3","2026-08-27","hackernews","title",0,4,6,1
"INTC","1332a428-d32b-57ae-a996-576e2230e026","2018-05-17","hackernews","title",0,6,4,1
"INTC","21f8650b-f422-58cc-885c-b439ce231ce0","2017-10-18","hackernews","title",0,6,3,1
"NVDA","e07399d2-87d6-5ff7-b5ea-cd4e7ea190a8","2019-02-21","sec_filing","10-K",27,5,6,-1
"NVDA","2c6ae2ee-7e66-5a92-8929-6d0e4b9ea760","2023-02-24","sec_filing","10-K",15,6,8,3
"NVDA","4f64c4af-93b4-5cfd-8fe6-968c3c202fc6","2017-03-01","sec_filing","10-K",125,6,5,2
"ADBE","8fcfd31d-bfce-558f-afaa-9fca124a4cab","2023-01-17","sec_filing","10-K",39,6,5,2
"DELL","a22c13ef-3936-577e-8c1d-9036083bcd08","2025-03-25","sec_filing","10-K",8,4,8,3
"INTC","b47fe0e1-ba39-570a-b60b-51d06f31d737","2022-01-26","sec_filing","10-K",50,6,4,1
"MU","d2c34d9b-48dc-5a0c-961e-1ab61915d2f4","2019-10-17","sec_filing","10-K",13,4,5,2
"INTC","08de8873-ccd7-5ab5-8bf7-8b3ac7a28059","2020-01-23","sec_filing","10-K",56,6,4,0
"NVDA","bb7d6cc8-ef6f-5817-9350-04bab2929952","2018-02-28","sec_filing","10-K",13,4,7,2
"ADBE","36acde72-47bf-5a97-98cb-bd1b3b7d8563","2025-01-13","sec_filing","10-K",32,6,9,3
"ADBE","36acde72-47bf-5a97-98cb-bd1b3b7d8563","2025-01-13","sec_filing","10-K",254,6,3,0
"ADBE","88102f8a-34cb-5b4d-92fe-8a847b6c9a4d","2021-01-15","sec_filing","10-K",139,4,6,2
"NVDA","7fa530a5-5a2b-5b91-80b9-943418126383","2021-02-26","sec_filing","10-K",17,1,7,2
"DELL","a22c13ef-3936-577e-8c1d-9036083bcd08","2025-03-25","sec_filing","10-K",41,6,6,1
"INTC","b416b004-bb36-5af0-9c64-1d1b71ab1023","2021-01-22","sec_filing","10-K",161,5,3,-2
"TEAM","da600cdc-f0ef-5a33-ab24-140b037e995c","2025-08-15","sec_filing","10-K",7,6,6,2
"NVDA","e07399d2-87d6-5ff7-b5ea-cd4e7ea190a8","2019-02-21","sec_filing","10-K",72,4,8,3
"INTC","e889f488-8522-5343-a15e-b7f7e33c1704","2026-01-22","sec_filing","10-K",13,6,8,3
"NVDA","00b65c37-97c9-596f-a1ad-39c17c610279","2026-02-25","sec_filing","10-K",52,5,6,-1
"NVDA","13f004dc-182c-5318-b3af-1f78b304fe6f","2024-02-21","sec_filing","10-K",8,6,9,3
"DELL","a383d817-a6bf-54a6-8094-71a1947f41b1","2026-03-16","sec_filing","10-K",51,5,4,-2
"INTC","55298621-dcfe-5481-82ae-ba4f9c6bf2f6","2023-01-26","sec_filing","10-K",31,6,6,2
"NVDA","9ad0a4d1-5355-5447-995c-bff94eb15cf2","2015-03-11","sec_filing","10-K",190,6,6,1
"INTC","08de8873-ccd7-5ab5-8bf7-8b3ac7a28059","2020-01-23","sec_filing","10-K",55,6,4,1
"ADBE","88102f8a-34cb-5b4d-92fe-8a847b6c9a4d","2021-01-15","sec_filing","10-K",54,6,6,2
"NVDA","bb7d6cc8-ef6f-5817-9350-04bab2929952","2018-02-28","sec_filing","10-K",17,6,9,2
"TEAM","da600cdc-f0ef-5a33-ab24-140b037e995c","2025-08-15","sec_filing","10-K",215,6,4,1
"NVDA","13f004dc-182c-5318-b3af-1f78b304fe6f","2024-02-21","sec_filing","10-K",32,6,4,2
"DELL","b75e9e02-9f52-56f0-b589-24f93af288c5","2024-03-25","sec_filing","10-K",97,6,6,1
"INTC","08de8873-ccd7-5ab5-8bf7-8b3ac7a28059","2020-01-23","sec_filing","10-K",130,5,3,-1
"TEAM","da600cdc-f0ef-5a33-ab24-140b037e995c","2025-08-15","sec_filing","10-K",150,6,6,2
"MU","0e73f08d-279c-5e9f-8fdf-191f5a078d8f","2018-10-15","sec_filing","10-K",13,6,6,2
"DELL","b75e9e02-9f52-56f0-b589-24f93af288c5","2024-03-25","sec_filing","10-K",8,6,8,3
"NVDA","7fa530a5-5a2b-5b91-80b9-943418126383","2021-02-26","sec_filing","10-K",20,6,6,2
"DELL","a383d817-a6bf-54a6-8094-71a1947f41b1","2026-03-16","sec_filing","10-K",101,4,9,2
"DELL","a383d817-a6bf-54a6-8094-71a1947f41b1","2026-03-16","sec_filing","10-K",40,6,6,0
"INTC","e889f488-8522-5343-a15e-b7f7e33c1704","2026-01-22","sec_filing","10-K",33,6,7,2
"DELL","b75e9e02-9f52-56f0-b589-24f93af288c5","2024-03-25","sec_filing","10-K",45,4,6,1
"MU","0e73f08d-279c-5e9f-8fdf-191f5a078d8f","2018-10-15","sec_filing","10-K",93,4,7,3
"NVDA","6c0dce19-3955-59ff-b689-b8536ac11439","2025-02-26","sec_filing","10-K",86,5,6,-2
"NVDA","7e6621c1-87e7-5ca6-85ef-8697d2548a4a","2025-06-26","hackernews","title",0,6,2,1
"DELL","a383d817-a6bf-54a6-8094-71a1947f41b1","2026-03-16","sec_filing","10-K",13,6,6,2
"INTC","b4dc29e5-3331-58bc-98fb-598fb0033361","2019-02-01","sec_filing","10-K",104,4,6,2
"INTC","e889f488-8522-5343-a15e-b7f7e33c1704","2026-01-22","sec_filing","10-K",10,4,5,1
"MU","506070b8-5c4a-5589-a45f-d4215b51fd9a","2026-07-24","hackernews","title",0,5,3,0
"INTC","9712b4c6-c51c-55d0-ab2c-95036b3e0a1d","2020-01-16","hackernews","title",0,5,3,-2
"NVDA","50b0a3fc-0852-563a-b28e-65f921b7911b","2026-08-27","hackernews","title",0,4,10,3
"NVDA","1a110eb3-6d57-5c26-bdfe-83bbd1fb0e01","2020-03-21","hackernews","title",0,6,2,1
"TEAM","70b2de63-bd3e-5aa9-a168-a0be811180f7","2026-04-23","hackernews","title",0,1,6,2
"NVDA","7e740bd6-c5f7-5223-b1ef-d50fe7c5385c","2016-07-25","hackernews","title",0,6,4,1
"ADBE","ac4504c5-e22f-57af-8d23-efc72300f168","2025-03-12","transcripts","earnings_call",26,4,7,3
"ADBE","ac4504c5-e22f-57af-8d23-efc72300f168","2025-03-12","transcripts","earnings_call",10,6,6,2
"ADBE","ac4504c5-e22f-57af-8d23-efc72300f168","2025-03-12","transcripts","earnings_call",35,4,7,2
"ADBE","ac4504c5-e22f-57af-8d23-efc72300f168","2025-03-12","transcripts","earnings_call",28,4,7,2
"ADBE","ac4504c5-e22f-57af-8d23-efc72300f168","2025-03-12","transcripts","earnings_call",30,6,7,2
"NVDA","5550db4d-42f3-5fdb-9e24-83d5cc867ff5","2018-10-23","hackernews","title",0,1,3,1
"MU","5b0bc766-ebbe-5b0a-b570-0a32ed2f73fa","2015-03-28","hackernews","title",0,6,5,1
"NVDA","ce9588eb-1da2-5190-90c9-cf08cd5da0f8","2025-06-04","hackernews","title",0,1,3,1
"NVDA","d2c5a8b8-446c-5849-8b25-ae57e99baf58","2016-10-04","hackernews","title",0,6,2,1
"NVDA","8ce7167e-8a1f-5cb1-bfa3-6da850919e98","2026-03-16","hackernews","title",0,6,6,3
"MU","a869c89c-de6b-5d63-858e-b3f5d1e08286","2016-12-05","hackernews","title",0,6,4,1
"INTC","0dd681bc-e669-5952-b043-03c1e869b08b","2025-09-10","hackernews","title",0,6,6,2
"NVDA","5d3ac5e6-948c-51ba-91b3-004b379fdaf6","2025-02-15","hackernews","title",0,4,4,2
"MU","5d5a1456-3a2c-587a-b2b4-53fe09498036","2018-06-25","hackernews","title",0,1,4,1
"MU","ebcf01ab-a025-5a22-9e0e-761e233317eb","2025-11-04","hackernews","title",0,3,6,2
"INTC","ec0829dd-c007-56ad-a148-b969c2915b65","2023-12-14","hackernews","title",0,6,7,2
"TEAM","a9c8f760-8e6d-5e16-846e-9bceebd395de","2025-01-12","hackernews","title",0,1,4,1
"INTC","5c878211-5171-5e2f-945b-965aa245e88b","2016-08-09","hackernews","title",0,1,6,2
"NVDA","913822b8-fc61-5743-a1d6-dd11ed67fff5","2025-09-18","hackernews","title",0,1,6,1
"ADBE","ac4504c5-e22f-57af-8d23-efc72300f168","2025-03-12","transcripts","earnings_call",31,6,7,2
"ADBE","ac4504c5-e22f-57af-8d23-efc72300f168","2025-03-12","transcripts","earnings_call",33,4,7,2
"ADBE","ac4504c5-e22f-57af-8d23-efc72300f168","2025-03-12","transcripts","earnings_call",34,4,7,2
"MU","b6c2c317-9a4b-5e1d-838e-3dfefa206628","2023-12-11","hackernews","title",0,1,6,2
"NVDA","3dea2927-8f9f-573a-ad76-e4c8a41f2d49","2021-06-04","hackernews","title",0,1,3,1
"MU","91c83297-5cab-5474-b2b3-ec58f1a912cd","2022-09-29","hackernews","title",0,6,2,0
"NVDA","91ce7066-2525-5fcf-bc04-48765143f09a","2023-09-19","hackernews","title",0,4,5,1
"NVDA","a6765085-9020-5285-968a-bf366a1f0ffc","2020-09-19","hackernews","title",0,1,6,1
"TEAM","4dd0f8a5-0584-5c75-ac8f-155c5b296d57","2025-07-30","hackernews","title",0,3,7,-1
"DELL","844b86b7-af29-5422-96fe-d2be7b20e55e","2025-04-07","hackernews","title",0,5,3,-1
"NVDA","e3ad8030-02d2-5ccf-9134-22d19fd42c07","2026-08-16","hackernews","title",0,5,6,-2
"MU","ac692729-a73a-597f-bbcf-9b90e9b8f532","2017-09-26","transcripts","earnings_call",12,6,5,2
"INTC","990550f9-4d4e-5cac-bffb-3e37fffc2398","2019-09-11","hackernews","title",0,6,5,1
"DELL","03c17d54-71e7-5151-8b78-7d7e3bfa59d1","2022-11-18","hackernews","title",0,1,4,1
"MU","1ed869fe-bb4e-532d-8ab8-cf023c726b60","2022-03-03","hackernews","title",0,6,7,2
"TEAM","1edd9650-0a69-5feb-b21a-2713d39e09cd","2021-08-08","hackernews","title",0,1,3,1
"NVDA","97e27de7-8cea-5c8a-9afd-e5733db40e0a","2021-05-31","hackernews","title",0,6,3,1
"INTC","5dbf69c9-f55e-5155-8ea5-44612bed4679","2016-07-23","hackernews","title",0,6,2,0
"DELL","d88fa408-ee6f-589c-a7e8-34cf6ae63c8b","2023-12-19","hackernews","title",0,5,5,-1
"NVDA","5dda8b8f-b86d-5218-a118-51f33604c672","2025-06-24","hackernews","title",0,6,3,1
"NVDA","89cd83ab-b04b-5eb9-9e45-f66a2e4dbe9e","2016-11-24","hackernews","title",0,6,8,3
"MU","c298559a-a2fc-5ab3-9c15-7d35177880fa","2016-10-14","hackernews","title",0,1,4,1
"MU","d8ea36ab-b745-5dba-84fd-f86d4768c05d","2024-02-24","hackernews","title",0,6,4,1
"TEAM","30d09464-52ac-5e82-a5c8-3ca17b209002","2025-03-05","hackernews","title",0,6,6,1
"NVDA","0e36296e-5af4-55d7-ac3d-5000fbf456b5","2023-03-21","hackernews","title",0,4,8,3
"INTC","30aa271f-3b3c-5412-818f-65ab6cd82a39","2023-09-21","hackernews","title",0,4,6,1
"DELL","9ddec053-12f1-523d-b301-8cb05415ed1a","2022-12-06","hackernews","title",0,1,3,1
"TEAM","66ca62af-3f3f-550c-ad56-8d816942b6d0","2026-08-14","sec_filing","10-K",24,5,6,-2
"INTC","0a0a0e09-edd1-5dcd-b2b6-ed1c32edb12b","2026-03-03","hackernews","title",0,4,8,2
"DELL","1383822e-c5da-5268-9993-b36025103703","2018-11-16","hackernews","title",0,1,4,1
"INTC","78786394-d6be-5bbf-a073-7990b1ec5e0a","2021-11-01","hackernews","title",0,6,3,1
"TEAM","78a65df6-d5a2-50bf-8890-8183d10d3b2c","2026-04-20","hackernews","title",0,3,5,-1
"NVDA","cc1a5c51-e4bb-5435-b93d-e554c2d99aa6","2026-06-01","hackernews","title",0,6,5,2
"NVDA","cc2c8d04-ba7e-5134-8b02-3aaf9bcf0043","2025-09-11","hackernews","title",0,4,3,1
"MU","cc33b092-96fd-5dd1-be58-dd50e4565c3c","2026-07-14","hackernews","title",0,5,6,-2
"MU","4ed17698-36b8-5a20-900e-496991551e13","2026-03-01","hackernews","title",0,6,5,1
"NVDA","994533f0-ffce-53ab-9a97-90a998d11acb","2023-02-23","hackernews","title",0,4,8,3
"MU","863d712f-d859-56c1-824c-e5a1362aa139","2018-07-05","hackernews","title",0,5,6,-3
"NVDA","1001bdeb-c562-5c70-9902-12f92a28f453","2020-01-19","hackernews","title",0,6,3,1
"NVDA","78c3cdfc-a529-520a-bbe9-b6dcd40b108d","2019-06-16","hackernews","title",0,6,3,1
"NVDA","2737801f-2235-58a6-8a2b-aa2def178a4f","2019-08-16","hackernews","title",0,5,5,-1
"NVDA","274f2480-be3d-5795-9a7b-165b1b448e11","2016-12-08","hackernews","title",0,6,3,1
"NVDA","27607f74-4b4a-52fa-be76-3483d11b612f","2017-07-05","hackernews","title",0,1,5,2
"TEAM","4cf4df29-5090-5f16-bc9e-01a0333f2576","2025-09-18","hackernews","title",0,4,7,2
"INTC","0b158d5e-856f-5b99-8852-d786c9b6ae7e","2024-02-23","hackernews","title",0,5,3,-1
"DELL","dbe55732-82e8-5efd-beb3-3b6a0eb15ece","2024-12-20","hackernews","title",0,1,5,2
"NVDA","64cabf28-8b1a-5e78-92d1-cc2fb37b90ef","2023-01-04","hackernews","title",0,1,4,2
"MU","c46bdfd0-a8b9-5756-8603-2850e20f3070","2025-12-04","hackernews","title",0,3,5,1
"INTC","3b373065-fa0a-5265-aaaa-4912302d11b9","2019-08-21","hackernews","title",0,1,2,1
"WM","8f19cc67-b6a9-595d-bbd8-8d50f5795c7d","2023-04-06","hackernews","title",0,6,4,1
"NVDA","b2da7136-fa1b-51ab-85a7-9da868ef7106","2018-11-15","hackernews","title",0,4,6,2
"NVDA","4989db83-eb71-5e74-8743-8be84c3041c4","2026-03-14","hackernews","title",0,6,5,1
"NVDA","853c2656-6610-5551-ba8c-d649752e2844","2026-01-15","hackernews","title",0,4,7,2
"TEAM","8f1c16be-ee74-5cbe-bbb4-7e374f48de1d","2024-11-19","hackernews","title",0,6,7,2
"INTC","4f912b5e-9c98-56e8-b7a6-80085072c0ce","2019-04-27","hackernews","title",0,5,4,-2
"TEAM","eb6c5321-e8d8-5586-a77b-28a5de2e0a0f","2025-01-31","sec_filing","10-Q",99,5,5,-2
"NVDA","0c3bcbd8-0c5f-5c31-a436-d877cb58a57d","2023-03-23","hackernews","title",0,6,6,2
"MU","3998a1fd-be71-5cab-8c1a-f6dcf478581f","2018-05-03","hackernews","title",0,6,3,1
"INTC","86098418-f367-51e9-b0c8-7b18813942dc","2026-01-27","hackernews","title",0,4,6,2
"NVDA","9256218d-f066-540d-b568-b7864855725a","2018-04-30","hackernews","title",0,4,6,2
"MU","fb93bf79-173b-57bc-b8b8-9e19474f1b5e","2024-11-19","hackernews","title",0,4,5,2
"NVDA","5f222340-210b-517e-9282-8d87943f4e59","2017-01-24","hackernews","title",0,1,4,1
"NVDA","1faa4e69-9194-5545-8c6a-179ec5681eb5","2024-08-09","hackernews","title",0,6,6,2
"ADBE","32fbff70-5947-57ee-8002-9a3513e33e77","2020-07-27","hackernews","title",0,6,4,2
"MU","3c6b4498-84ab-5ccd-a127-d0e8d3360314","2024-03-23","hackernews","title",0,6,4,1
"INTC","a647d0b3-c15e-5b29-a80b-5c7737df431d","2018-09-30","hackernews","title",0,6,1,0
"INTC","a66d4a92-96c0-58eb-9fa3-d5c2cc257fba","2015-06-05","hackernews","title",0,4,5,1
"INTC","46e00bba-6919-519c-9c9d-9b1396c692e1","2025-04-29","hackernews","title",0,5,7,-2
"ADBE","3c90ea18-6616-57a2-94af-82f26838afa5","2023-10-25","hackernews","title",0,6,5,2
"NVDA","3c9eb41c-0888-5b07-8f76-616530d7f001","2024-09-14","hackernews","title",0,4,7,3
"NVDA","e7ad97dd-9e96-5e62-8799-91bc8ee05c84","2015-10-19","hackernews","title",0,1,4,1
"INTC","90000f92-9e99-50d7-9a79-720fcaa752af","2025-10-29","hackernews","title",0,5,3,-2
"INTC","e5fccf6b-4e4d-5494-be75-21ad61d2fdb5","2018-12-17","hackernews","title",0,6,3,0
"INTC","2290a5f0-2b21-5a57-b1fb-e0b1c70a295a","2019-02-17","hackernews","title",0,6,4,1
"ADBE","01787276-bdd1-56da-a2f3-771b720b1b74","2019-06-15","hackernews","title",0,6,4,1
"NVDA","1ea2ad76-30ca-58ab-b0d9-b3c9259d1988","2023-04-13","hackernews","title",0,6,4,1
"NVDA","1eb142c3-d980-5a71-8c91-e80f3546cadd","2025-09-21","hackernews","title",0,4,7,1
"MU","e301ac94-98c4-52e9-a5d7-89ecceb0ad4b","2022-10-06","hackernews","title",0,4,8,3
"INTC","5c557bd4-7889-52ec-b16a-eeb02639a1da","2020-01-04","hackernews","title",0,1,7,2
"MU","7513fc41-a150-5af8-bdab-6ef4190b08f7","2016-05-12","hackernews","title",0,6,3,1
"NVDA","8828772b-01ed-5321-a604-e7a8c2ba436c","2021-08-13","hackernews","title",0,6,3,1
"TEAM","db16ea5b-1fa4-58ff-ab4a-ef89826ef255","2025-10-08","hackernews","title",0,6,7,2
"NVDA","ff597353-7d0d-5e93-8154-76dfb2a786bf","2017-03-03","hackernews","title",0,6,6,2
"TEAM","20eae837-2e5c-5bd6-9fc7-ae1b3a2112c6","2015-12-03","hackernews","title",0,6,4,1
"NVDA","92911aed-c677-5ba7-9879-6266be0d5ecc","2021-09-20","hackernews","title",0,6,3,1
"INTC","3d4a5a1e-b7a0-5967-b4c9-defc980f09d7","2026-09-18","hackernews","title",0,5,6,-2
"ADBE","8b4f4f2c-f96e-58f4-ba38-71551041cfff","2019-08-12","hackernews","title",0,6,5,2
"INTC","8b56137a-0656-5bd9-bb5d-931e66de9864","2023-11-24","hackernews","title",0,4,7,2
"TEAM","e8577ed9-feab-5b88-b9a9-afa530cc3b0e","2017-03-20","hackernews","title",0,2,5,1
"NVDA","fd12786b-7c3c-5058-85d7-59f455c81378","2025-12-10","hackernews","title",0,5,7,-2
"INTC","0146bd3d-7aea-59f3-8baf-b3b1c16be5c0","2026-02-04","hackernews","title",0,3,7,1
"NVDA","48405bfe-d5ab-59ef-94fd-8a3b1114d2d2","2021-12-16","hackernews","title",0,5,9,-3
"INTC","f5dd61f9-a3ad-58ed-9b8e-ae819a5b7e31","2025-05-20","hackernews","title",0,6,6,1
"MU","e492c49e-3b0d-5704-a7a6-3b39c54669e3","2026-08-28","hackernews","title",0,4,6,2
"ADBE","44e02cfe-3504-5760-af49-ba2e90668d7b","2023-01-08","hackernews","title",0,5,6,-2
"NVDA","00499c57-da85-5c93-8fba-19b7eb05a969","2023-05-26","hackernews","title",0,4,10,3
"MU","a8e957cb-f70b-597a-a7a3-a533139adaa1","2022-07-26","hackernews","title",0,6,5,1
"INTC","33c17228-1c39-5719-a0a7-65a1d2edc9ff","2026-08-26","hackernews","title",0,6,7,2
"NVDA","23ea88b7-b272-53bf-9008-a9dd9e047d39","2018-06-04","hackernews","title",0,6,5,2
"NVDA","29094aaa-0556-53e3-bda0-ddfcf5f31333","2021-11-16","hackernews","title",0,6,3,1
"INTC","2909a3d2-f8b5-5ffa-9cca-37bd00a8cd99","2018-05-25","hackernews","title",0,6,3,1
"ADBE","a2686866-859f-533e-8c44-c2a599d8fec7","2015-10-05","hackernews","title",0,6,6,1
"MU","c977d929-b123-5026-ad8a-601b32aaa4b0","2025-06-11","hackernews","title",0,6,8,3
"INTC","1d7f892b-bd0e-5039-bb62-e9d33b1ad519","2020-02-04","hackernews","title",0,3,4,-2
"NVDA","c9932c1e-a1c2-59c6-be46-4f97da8d5eb3","2024-03-23","hackernews","title",0,4,8,3
"NVDA","0a3de23a-0c60-5939-806e-881538b3ffa5","2018-09-21","hackernews","title",0,6,4,1
"INTC","0f5ea196-7bf4-505f-9001-67c212c04222","2024-02-21","hackernews","title",0,6,2,0
"NVDA","58ffc3b9-d245-5a0a-9245-2311800daa18","2024-06-05","hackernews","title",0,4,10,3
"ADBE","2c553217-e859-546e-8e60-6e2adb05ce61","2025-06-17","hackernews","title",0,6,7,2
"INTC","a471f7a1-334e-5464-803f-54c43e232892","2017-09-30","hackernews","title",0,6,4,2
"MU","a93389fc-b174-5f55-b677-ae07545a6d88","2020-08-14","hackernews","title",0,6,4,1
"TEAM","eb6c5321-e8d8-5586-a77b-28a5de2e0a0f","2025-01-31","sec_filing","10-Q",146,5,3,-1
"ADBE","23440fc8-b076-58c3-968f-4e83ec592084","2021-10-28","hackernews","title",0,5,4,-1
"MU","36722100-6394-5f79-b642-3f3e6a7a1e1d","2024-04-15","hackernews","title",0,6,5,2
"INTC","8903d7e4-ffe4-564c-a03e-6093b3eda537","2025-06-23","hackernews","title",0,2,4,1
"INTC","edc2789d-f137-51d5-a5a7-3580d7c3b211","2022-08-29","hackernews","title",0,6,3,1
"NVDA","edea4876-1793-5618-aa09-21e955c32865","2026-06-30","hackernews","title",0,5,5,-2
"NVDA","63345c2c-b3af-539d-b75c-a2663f33adac","2016-11-14","hackernews","title",0,1,4,1
"ADBE","2903467d-1328-506d-8f9a-7f1dc560473a","2025-05-07","hackernews","title",0,5,6,-2
"NVDA","1d2816cc-2f88-5915-af05-1af14738d003","2023-11-16","hackernews","title",0,6,5,2
"INTC","1d65fc89-dd43-58fa-acbf-46559b4e7318","2023-12-14","hackernews","title",0,4,7,1
"NVDA","6317b5bf-8221-59f7-b756-f3d0b1c692dd","2024-03-20","hackernews","title",0,6,9,3
"TEAM","66ca62af-3f3f-550c-ad56-8d816942b6d0","2026-08-14","sec_filing","10-K",21,6,5,1
"MU","57534a4b-7242-58c6-92a0-51cd580ca5e1","2026-03-22","hackernews","title",0,4,3,1
"INTC","90279705-8b2e-5ace-b403-907f36be8487","2021-10-16","hackernews","title",0,6,6,2
"MU","66d8698e-08bf-5202-a3a6-74cb7a052580","2021-07-09","hackernews","title",0,2,3,1
"INTC","4bddbd57-b32d-548a-ba41-752f5e268f28","2017-09-25","hackernews","title",0,6,4,1
"INTC","43517cdb-0246-5d55-825b-a6929db353ca","2024-04-09","hackernews","title",0,6,7,2
"NVDA","cdd91dd1-1fa1-56a9-9d6e-dc20b182832c","2023-08-24","hackernews","title",0,1,4,1
"NVDA","cddd8906-cb71-5af0-975e-6a135a56019d","2025-04-27","hackernews","title",0,5,6,-2
"NVDA","aba6f989-e113-5465-9abe-5f0bb0cb0ed1","2015-05-18","hackernews","title",0,4,8,3
"ADBE","059fb898-fe41-55e7-acb5-6a7c47a45dc0","2026-06-27","hackernews","title",0,6,5,0
"MU","125df1ac-35c9-5c08-9e4d-9ab7e9900dfd","2016-05-18","hackernews","title",0,6,3,0
"NVDA","60748113-baa5-567f-a726-17306a5c0008","2018-09-19","hackernews","title",0,6,3,1
"ADBE","f9b3cf12-b86f-5bc8-9722-37afbbfdea08","2024-02-21","hackernews","title",0,6,6,2
"ADBE","37b5ace2-cd53-52c4-9669-5e7b547bc351","2023-06-01","hackernews","title",0,5,5,-1
"ADBE","442bc836-05d2-5bd7-98fa-c355368373b9","2022-12-19","hackernews","title",0,6,3,1
"ADBE","5302b8f9-723d-50a8-a7ef-840d0cbc60b1","2024-04-12","hackernews","title",0,5,6,-3
"ADBE","57715dbb-d8e7-5c38-b752-4e13ff37aa01","2024-10-18","hackernews","title",0,6,4,1
"ADBE","6bf6521e-cf8c-5411-a389-eaf5a8208c08","2024-03-26","hackernews","title",0,4,6,2
"ADBE","74b06494-8b24-502b-bd5a-8615e6bfe4f6","2024-09-26","hackernews","title",0,1,3,0
"ADBE","87704b95-e7bb-598e-ab0c-d5be6ada8c7f","2026-06-26","hackernews","title",0,1,6,2
"ADBE","9e3f3ada-c410-5900-9f40-78be0b020aef","2022-02-16","hackernews","title",0,6,3,1
"ADBE","a7a59e1d-c300-5c0d-a320-2548df9f4d36","2023-01-05","hackernews","title",0,5,6,-2
"ADBE","bfe4b7a4-a432-5589-b903-79683c9dd0da","2023-11-07","hackernews","title",0,5,6,-3
"ADBE","c4bd01f9-1cf8-5c3d-b693-4713527367fd","2024-04-13","hackernews","title",0,6,5,0
"ADBE","c7e9eba5-1bc4-5fbd-8c59-b8b3f2db0efd","2020-11-19","hackernews","title",0,5,5,-2
"ADBE","d5a17536-fcb7-59ab-97d0-0ac530ed10e7","2023-06-09","hackernews","title",0,5,6,-1
"ADBE","db7300c0-b7aa-5669-9859-d1d0ee2c0860","2020-07-20","hackernews","title",0,6,5,2
"ADBE","e4555173-edac-5fec-ac59-682cd0a0f9a3","2023-01-09","hackernews","title",0,5,6,-2
"ADBE","e74b0edd-1a2f-55c9-8031-61554b1cec34","2023-07-22","hackernews","title",0,6,4,2
"ADBE","e75d3e7e-67ce-51cd-96f6-2cc72dfb75f8","2022-06-29","hackernews","title",0,5,5,-1
"ADBE","6635d97d-8be1-5406-9cc7-3d0b2d1bffb0","2021-09-02","hackernews","title",0,6,4,2
"TEAM","66ca62af-3f3f-550c-ad56-8d816942b6d0","2026-08-14","sec_filing","10-K",86,5,4,-2
"TEAM","66ca62af-3f3f-550c-ad56-8d816942b6d0","2026-08-14","sec_filing","10-K",87,5,4,-2
"ADBE","727f71e9-75c0-5d1b-820a-6bd64fc9ab87","2018-06-26","hackernews","title",0,6,4,2
"ADBE","0cd40c40-c417-5a55-abda-9a3f0fa2080e","2024-10-17","hackernews","title",0,6,4,2
"ADBE","0ce4f671-7ea8-5e9f-bc65-d4414183d96f","2021-06-08","hackernews","title",0,1,2,1
"ADBE","237400d3-1eca-5909-87a5-68eddd0eace0","2023-05-11","hackernews","title",0,1,4,2
"ADBE","2386e39d-602c-5f23-8f06-2db9dd71a0cf","2025-06-06","hackernews","title",0,6,5,2
"ADBE","23a50c7e-0763-55a4-9a9e-12aa36bff9be","2026-09-04","hackernews","title",0,1,6,2
"ADBE","23b50483-a587-50d2-98e8-89f4b32fe301","2026-05-17","hackernews","title",0,2,2,1
"ADBE","24f001d4-e36d-5071-a6fb-e5d8f776d998","2017-03-16","hackernews","title",0,5,5,-2
"ADBE","2b695bfb-e5eb-55b7-94a3-f4211db4c257","2017-10-19","hackernews","title",0,6,4,2
"ADBE","2d70ccd7-b94e-5efe-86d7-885b99da677f","2024-10-16","hackernews","title",0,6,5,2
"ADBE","2d9829aa-09ed-5939-b897-c5328a626307","2024-09-11","hackernews","title",0,6,6,2
"ADBE","310444f0-05c3-5420-9f19-065ca64ad03c","2025-02-12","hackernews","title",0,6,6,2
"ADBE","51c11628-3544-5ba2-b5fc-b021215e0d7d","2023-03-21","hackernews","title",0,6,5,2
"ADBE","7332c572-9ed4-5833-a24a-6f2a087f6bcf","2024-02-28","hackernews","title",0,6,4,2
"ADBE","91f7e108-602d-5a94-aa13-7c915a46dc07","2016-11-06","hackernews","title",0,6,4,1
"ADBE","d4ce6329-4063-53da-b74b-58b12a86129d","2017-06-18","hackernews","title",0,6,5,2
"ADBE","17db497c-8777-50de-831b-9eb81fd8a5fa","2023-03-21","hackernews","title",0,5,5,1
"ADBE","262fbe2b-67eb-5e04-b6ae-9a12e0a0b28b","2024-11-07","hackernews","title",0,6,7,2
"ADBE","fa6f6eef-a730-59fe-97e2-b99037903742","2025-05-21","hackernews","title",0,4,7,1
"ADBE","5fe2071c-07d7-5d72-8513-71a2d592105d","2023-04-18","hackernews","title",0,6,6,2
"ADBE","61e668f0-f81d-5a09-a45f-d5030ca7769d","2023-03-21","hackernews","title",0,4,6,3
"ADBE","70181e9d-4119-5d67-95e9-951fa64c366c","2023-10-15","hackernews","title",0,6,4,0
"ADBE","72bd3066-b332-5239-a0af-3441d7be64be","2022-07-04","hackernews","title",0,6,5,2
"ADBE","7ccdd09f-32a0-5b23-a5c4-788aea56f02a","2025-05-20","hackernews","title",0,4,7,1
"ADBE","84b631ab-e54e-52fc-b8d2-107c73b3bb00","2024-06-10","hackernews","title",0,5,4,-1
"ADBE","a0119f82-d42b-538a-97db-75a9658e0320","2019-02-13","hackernews","title",0,6,5,2
"ADBE","b11ca866-980f-5dae-b8bc-60beeb4ff28c","2023-03-21","hackernews","title",0,6,8,3
"ADBE","d1759c37-0505-57b4-b95a-98468dcab777","2025-04-07","hackernews","title",0,6,3,1
"ADBE","d2d2a5b0-cd7d-58cc-9b28-503618c20315","2017-12-21","hackernews","title",0,6,6,2
"ADBE","d3ad5f5c-521e-5eef-bac6-da9d12d87d41","2024-03-24","hackernews","title",0,5,4,-2
"ADBE","d7449a3b-b8d9-5f4d-a21f-fdbf05907ed8","2019-09-23","hackernews","title",0,4,5,-1
"ADBE","e2f03d21-2190-5f1d-9cde-72ccf939608e","2026-01-23","hackernews","title",0,5,3,-2
"TEAM","66ca62af-3f3f-550c-ad56-8d816942b6d0","2026-08-14","sec_filing","10-K",241,1,6,1
"ADBE","129f5119-3d27-5cca-a114-1cab2a7f2f86","2017-04-02","hackernews","title",0,6,6,2
"ADBE","14a1be34-bda7-5b5c-8f6f-07aef9002aec","2019-11-25","hackernews","title",0,6,3,1
"ADBE","14b433d1-75d8-55ce-b551-02e1fe888e70","2020-09-23","hackernews","title",0,6,3,2
"ADBE","14d27048-e51e-51a0-b9f5-5073357b6966","2022-12-05","hackernews","title",0,4,5,2
"ADBE","1c8dfa8a-524a-5e2e-bf4e-7e0841aea6ed","2025-02-12","hackernews","title",0,6,7,3
"ADBE","26f5d88d-6643-531b-94b2-ae73850de516","2019-06-16","hackernews","title",0,6,3,1
"ADBE","327cd6fa-528c-5f9a-a96c-5e27a793b418","2024-10-15","hackernews","title",0,6,6,2
"ADBE","3bdf3f82-8992-5cbc-8d55-d2b1087a3020","2022-06-24","hackernews","title",0,5,3,-1
"ADBE","48bab47f-902a-57a8-9838-d8d08dfd3d94","2025-01-11","hackernews","title",0,6,5,2
"ADBE","48e3f397-daed-5359-aca0-3c045574205b","2026-08-27","hackernews","title",0,6,5,2
"ADBE","50c444af-9693-5ba8-b44e-99a5a6ea23d5","2025-11-19","hackernews","title",0,1,6,1
"ADBE","524d2dfd-38e2-5a34-8f62-3bf7e2b1a6d6","2023-01-18","hackernews","title",0,5,6,-2
"ADBE","7b836926-37a1-5c7e-af7f-cee6f10e7503","2024-10-29","hackernews","title",0,6,4,2
"ADBE","7ba17626-4e2e-5d94-8eb2-f264976d9346","2024-04-11","hackernews","title",0,6,5,1
"ADBE","7e72c51c-8f04-515b-ad66-30c7e6fbf83c","2024-09-04","hackernews","title",0,5,4,-1
"ADBE","7e8127d6-8e90-53ae-b9c9-27edc9b7c634","2025-01-16","hackernews","title",0,6,5,2
"ADBE","82b9d43b-7a5f-5591-be3b-b98d4e64d8d7","2015-03-17","hackernews","title",0,6,4,2
"ADBE","d41d257b-fcce-599f-8b0a-49988cf66cae","2023-04-03","hackernews","title",0,4,6,0
"ADBE","d9721d05-7b6a-552f-97e3-d02f7dde4d9c","2024-12-12","hackernews","title",0,6,3,2
"ADBE","e14599d7-b5d2-5bc0-9f57-fb5356f90732","2023-05-23","hackernews","title",0,6,5,2
"ADBE","e9ff55f4-e998-5896-b317-02f31be4d89a","2026-05-15","hackernews","title",0,5,5,-3
"ADBE","a9c69dd4-40f4-52fd-a00d-c94ffcb4c345","2020-04-30","hackernews","title",0,6,7,2
"ADBE","0db38a30-211b-5ee8-8b75-be41b2e1d96f","2026-09-08","hackernews","title",0,5,4,-2
"ADBE","f36af61d-6404-5ff7-8500-873aaced4227","2023-11-08","hackernews","title",0,5,5,-3
"ADBE","5570b09a-5791-57d3-abce-ba1a84f92cea","2022-12-20","hackernews","title",0,5,3,-1
"ADBE","78503de4-8b63-50aa-adf9-6b0b067ac7d0","2024-02-20","hackernews","title",0,6,6,2
"ADBE","786f028a-d46d-57fd-becf-72e4b55b275b","2026-09-07","hackernews","title",0,5,6,-2
"ADBE","876ddd31-253a-53b0-ba9c-c9baf6af8732","2025-07-28","hackernews","title",0,6,4,2
"ADBE","8b486430-4962-529c-a0ea-61d6cd107e80","2025-12-10","hackernews","title",0,6,6,2
"ADBE","91dac83d-454e-5242-a4fe-328241324866","2018-07-11","hackernews","title",0,5,4,-2
"ADBE","92f85ad9-0760-5141-ac3a-5eadbaa6d610","2020-10-28","hackernews","title",0,1,5,1
"ADBE","c137277b-12b0-59f7-9da4-e0d143b62919","2022-06-13","hackernews","title",0,6,4,1
"ADBE","eb0632fa-a23c-5868-b5db-48032cf501eb","2024-04-23","hackernews","title",0,6,7,2
"ADBE","3b027ac9-6989-537b-b648-aa2c9bb7d680","2017-10-18","hackernews","title",0,6,3,1
"ADBE","3b324ae3-83ab-55e5-986c-7064c1d70321","2019-09-10","hackernews","title",0,2,4,1
"ADBE","52a956ab-2ac5-5bbf-8617-bfa3da54970b","2026-03-11","hackernews","title",0,6,4,1
"ADBE","5d37f91e-fb32-5c2d-bdbf-b14750e102c1","2025-10-31","hackernews","title",0,5,7,-2
"ADBE","78b77b6c-a20f-597c-84c3-6a562ca02cf9","2016-11-07","hackernews","title",0,6,6,2
"ADBE","9df517c3-55fe-5f8c-8fdc-4ca1107fdff2","2019-11-05","hackernews","title",0,6,4,1
"ADBE","afeaa3cb-57ba-5983-a44d-d9afb0f5b47a","2026-06-25","hackernews","title",0,1,6,2
"ADBE","c6f912ff-78c2-51a0-96ba-f557d8e4d90d","2023-10-10","hackernews","title",0,6,3,1
"ADBE","c99d6d59-293f-53be-b10c-133250fd7343","2025-02-12","hackernews","title",0,4,6,1
"ADBE","e36f6ad5-040a-5a33-9beb-566daa582294","2022-12-29","hackernews","title",0,6,5,1
"ADBE","e389e441-9eab-59bf-bc7b-5ff870ec366d","2025-06-07","hackernews","title",0,6,4,1
"ADBE","1fc45f40-b1c3-5679-beaf-e6dc178d8e13","2017-10-21","hackernews","title",0,6,6,2
"ADBE","52c832e0-99d5-528d-baa3-4ba3b5674c8e","2024-12-13","hackernews","title",0,6,5,2
"ADBE","54b9b213-3b16-5a06-bde5-ec3b4bb17aca","2023-03-22","hackernews","title",0,6,6,2
"ADBE","69497a4c-83ac-5a83-8758-5b7dec8b9103","2026-04-21","hackernews","title",0,6,7,1
"ADBE","77453582-0ade-5643-a507-d31cf3afc552","2018-01-24","hackernews","title",0,6,6,2
"ADBE","9dd8a41f-826c-5e1e-8737-e09635083c33","2025-06-20","hackernews","title",0,6,4,2
"ADBE","bdf81263-4e56-5f7a-bddb-4f6d2c87733b","2023-04-17","hackernews","title",0,6,8,3
"ADBE","e1b321f2-23ac-5d58-9fcd-7e8fc227f0be","2023-01-07","hackernews","title",0,5,6,-3
"DELL","acbb66e2-056e-5430-b3df-78127fcc301e","2023-12-08","sec_filing","10-Q",105,4,8,3
"MU","032a61aa-5ecd-59ee-9e3c-a89bd60b7521","2024-01-07","hackernews","title",0,6,5,1
"TEAM","66ca62af-3f3f-550c-ad56-8d816942b6d0","2026-08-14","sec_filing","10-K",13,6,6,2
"TEAM","66ca62af-3f3f-550c-ad56-8d816942b6d0","2026-08-14","sec_filing","10-K",11,6,8,3
"TEAM","66ca62af-3f3f-550c-ad56-8d816942b6d0","2026-08-14","sec_filing","10-K",40,5,5,-1
"TEAM","66ca62af-3f3f-550c-ad56-8d816942b6d0","2026-08-14","sec_filing","10-K",39,5,6,-2
"TEAM","66ca62af-3f3f-550c-ad56-8d816942b6d0","2026-08-14","sec_filing","10-K",38,5,6,-2
"CAT","675db5cd-48d7-594a-9dde-a79f2a62d0dd","2023-01-31","transcripts","earnings_call",9,6,5,2
"TEAM","66ca62af-3f3f-550c-ad56-8d816942b6d0","2026-08-14","sec_filing","10-K",35,5,5,-1
"ADBE","0a24e036-e674-56f6-8cfc-933fa6bcc6ed","2024-05-13","hackernews","title",0,6,6,1
"ADBE","7bb4f675-edd5-519e-83ed-47eedceb4292","2024-04-15","hackernews","title",0,6,6,2
"NVDA","0a29eb2c-aec6-54c4-b7ac-38d0f175603f","2017-07-12","hackernews","title",0,4,5,2
"NVDA","0a2a4487-a53d-5165-8674-5e6bf0e47c32","2020-04-28","hackernews","title",0,6,7,2
"ADBE","ee3b041d-1a7d-5603-9c56-1cedda57c0e2","2024-02-29","hackernews","title",0,6,5,2
"NVDA","95330ea4-fe2d-5e3a-959a-739556e453e8","2020-05-05","hackernews","title",0,6,3,0
"NVDA","d5013890-79ba-57b8-b802-93e4a551ee35","2022-07-30","hackernews","title",0,4,7,2
"NVDA","6c0dce19-3955-59ff-b689-b8536ac11439","2025-02-26","sec_filing","10-K",11,4,10,3
"TEAM","fbb24933-2002-56bf-89d9-e2b289e1c65c","2023-08-18","sec_filing","10-K",71,5,4,-2
"ADBE","36acde72-47bf-5a97-98cb-bd1b3b7d8563","2025-01-13","sec_filing","10-K",11,6,9,3
"CAT","e21f0d6d-9d0c-5b0a-9f67-7bd49c9d05ca","2018-02-15","sec_filing","10-K",344,6,3,1
"INTC","3391e164-85b0-59bd-9721-1a5b0b83938f","2025-01-31","sec_filing","10-K",23,6,7,2
"NVDA","13f004dc-182c-5318-b3af-1f78b304fe6f","2024-02-21","sec_filing","10-K",11,4,9,3
"DELL","a383d817-a6bf-54a6-8094-71a1947f41b1","2026-03-16","sec_filing","10-K",46,5,5,-2
"NVDA","bb7d6cc8-ef6f-5817-9350-04bab2929952","2018-02-28","sec_filing","10-K",85,4,9,3
"NVDA","5a5d512e-33c9-571f-a091-5395a1198d20","2014-03-12","sec_filing","10-K",117,4,5,2
"TEAM","66ca62af-3f3f-550c-ad56-8d816942b6d0","2026-08-14","sec_filing","10-K",34,5,5,-1
"NVDA","2c6ae2ee-7e66-5a92-8929-6d0e4b9ea760","2023-02-24","sec_filing","10-K",119,4,9,3
"INTC","3391e164-85b0-59bd-9721-1a5b0b83938f","2025-01-31","sec_filing","10-K",130,5,2,-1
"DELL","a22c13ef-3936-577e-8c1d-9036083bcd08","2025-03-25","sec_filing","10-K",37,1,2,0
"INTC","68f6001f-d7db-59ca-9173-bf5450ef4d08","2024-01-25","sec_filing","10-K",68,6,8,3
"NVDA","2c6ae2ee-7e66-5a92-8929-6d0e4b9ea760","2023-02-24","sec_filing","10-K",48,5,6,-1
"ADBE","36acde72-47bf-5a97-98cb-bd1b3b7d8563","2025-01-13","sec_filing","10-K",30,6,5,2
"NVDA","6c0dce19-3955-59ff-b689-b8536ac11439","2025-02-26","sec_filing","10-K",7,6,9,3
"ADBE","8de4fbbc-9a78-5240-a65b-e596f2e29496","2020-01-21","sec_filing","10-K",8,6,7,2
"ADBE","76f79525-d0c9-5635-af25-9e59a39e0964","2024-01-17","sec_filing","10-K",28,6,7,2
"INTC","3391e164-85b0-59bd-9721-1a5b0b83938f","2025-01-31","sec_filing","10-K",160,5,3,-1
"MU","0e73f08d-279c-5e9f-8fdf-191f5a078d8f","2018-10-15","sec_filing","10-K",11,4,6,2
"NVDA","6c0dce19-3955-59ff-b689-b8536ac11439","2025-02-26","sec_filing","10-K",136,4,10,3
"ADBE","76f79525-d0c9-5635-af25-9e59a39e0964","2024-01-17","sec_filing","10-K",40,6,5,2
"TEAM","66ca62af-3f3f-550c-ad56-8d816942b6d0","2026-08-14","sec_filing","10-K",45,6,5,0
"TEAM","66ca62af-3f3f-550c-ad56-8d816942b6d0","2026-08-14","sec_filing","10-K",36,6,3,0
"INTC","68f6001f-d7db-59ca-9173-bf5450ef4d08","2024-01-25","sec_filing","10-K",84,6,7,2
"NVDA","6c0dce19-3955-59ff-b689-b8536ac11439","2025-02-26","sec_filing","10-K",101,5,9,-3
"NVDA","00b65c37-97c9-596f-a1ad-39c17c610279","2026-02-25","sec_filing","10-K",222,4,9,3
"NVDA","00b65c37-97c9-596f-a1ad-39c17c610279","2026-02-25","sec_filing","10-K",34,3,4,0
"ADBE","36acde72-47bf-5a97-98cb-bd1b3b7d8563","2025-01-13","sec_filing","10-K",46,6,5,2
"ADBE","8fcfd31d-bfce-558f-afaa-9fca124a4cab","2023-01-17","sec_filing","10-K",59,5,5,-2
"NVDA","13f004dc-182c-5318-b3af-1f78b304fe6f","2024-02-21","sec_filing","10-K",30,5,3,0
"DELL","a22c13ef-3936-577e-8c1d-9036083bcd08","2025-03-25","sec_filing","10-K",118,4,7,1
"TEAM","66ca62af-3f3f-550c-ad56-8d816942b6d0","2026-08-14","sec_filing","10-K",81,5,4,-1
"TEAM","66ca62af-3f3f-550c-ad56-8d816942b6d0","2026-08-14","sec_filing","10-K",165,2,4,0
"TEAM","66ca62af-3f3f-550c-ad56-8d816942b6d0","2026-08-14","sec_filing","10-K",118,5,3,-1
"MU","fd2c01c5-d84c-5d0a-b13a-858112dffa48","2025-10-03","sec_filing","10-K",127,4,9,3
"MU","0e73f08d-279c-5e9f-8fdf-191f5a078d8f","2018-10-15","sec_filing","10-K",150,1,3,0
"ADBE","36acde72-47bf-5a97-98cb-bd1b3b7d8563","2025-01-13","sec_filing","10-K",162,6,5,2
"ADBE","36acde72-47bf-5a97-98cb-bd1b3b7d8563","2025-01-13","sec_filing","10-K",33,6,6,2
"ADBE","8de4fbbc-9a78-5240-a65b-e596f2e29496","2020-01-21","sec_filing","10-K",9,6,6,2
"NVDA","e07399d2-87d6-5ff7-b5ea-cd4e7ea190a8","2019-02-21","sec_filing","10-K",73,4,6,2
"TEAM","66ca62af-3f3f-550c-ad56-8d816942b6d0","2026-08-14","sec_filing","10-K",6,6,2,0
"INTC","68f6001f-d7db-59ca-9173-bf5450ef4d08","2024-01-25","sec_filing","10-K",72,4,7,2
"ADBE","76f79525-d0c9-5635-af25-9e59a39e0964","2024-01-17","sec_filing","10-K",157,6,5,2
"INTC","55298621-dcfe-5481-82ae-ba4f9c6bf2f6","2023-01-26","sec_filing","10-K",71,6,5,1
"INTC","55298621-dcfe-5481-82ae-ba4f9c6bf2f6","2023-01-26","sec_filing","10-K",69,6,5,2
"NVDA","6c0dce19-3955-59ff-b689-b8536ac11439","2025-02-26","sec_filing","10-K",212,6,7,2
"ADBE","8de4fbbc-9a78-5240-a65b-e596f2e29496","2020-01-21","sec_filing","10-K",35,6,5,2
"INTC","e889f488-8522-5343-a15e-b7f7e33c1704","2026-01-22","sec_filing","10-K",76,4,9,1
"NVDA","00b65c37-97c9-596f-a1ad-39c17c610279","2026-02-25","sec_filing","10-K",7,4,9,2
"NVDA","13f004dc-182c-5318-b3af-1f78b304fe6f","2024-02-21","sec_filing","10-K",106,5,5,-2
"ADBE","88102f8a-34cb-5b4d-92fe-8a847b6c9a4d","2021-01-15","sec_filing","10-K",50,6,6,2
"INTC","b4dc29e5-3331-58bc-98fb-598fb0033361","2019-02-01","sec_filing","10-K",227,1,3,0
"NVDA","13f004dc-182c-5318-b3af-1f78b304fe6f","2024-02-21","sec_filing","10-K",138,4,10,3
"DELL","a383d817-a6bf-54a6-8094-71a1947f41b1","2026-03-16","sec_filing","10-K",121,4,7,1
"TEAM","da600cdc-f0ef-5a33-ab24-140b037e995c","2025-08-15","sec_filing","10-K",45,6,5,0
"INTC","68f6001f-d7db-59ca-9173-bf5450ef4d08","2024-01-25","sec_filing","10-K",56,6,6,2
"ADBE","8de4fbbc-9a78-5240-a65b-e596f2e29496","2020-01-21","sec_filing","10-K",33,1,2,0
"NVDA","9ad0a4d1-5355-5447-995c-bff94eb15cf2","2015-03-11","sec_filing","10-K",6,6,5,1
"NVDA","aedef1b8-fe47-5b61-880b-694590e1fa26","2022-03-18","sec_filing","10-K",102,6,7,2
"INTC","b416b004-bb36-5af0-9c64-1d1b71ab1023","2021-01-22","sec_filing","10-K",67,1,4,2
"TEAM","da600cdc-f0ef-5a33-ab24-140b037e995c","2025-08-15","sec_filing","10-K",34,5,4,-1
"NVDA","e07399d2-87d6-5ff7-b5ea-cd4e7ea190a8","2019-02-21","sec_filing","10-K",71,4,6,2
"INTC","e889f488-8522-5343-a15e-b7f7e33c1704","2026-01-22","sec_filing","10-K",73,4,7,1
"INTC","68f6001f-d7db-59ca-9173-bf5450ef4d08","2024-01-25","sec_filing","10-K",12,6,6,2
"NVDA","c468e666-a298-505b-9a26-045b9128d2bd","2020-02-20","sec_filing","10-K",73,4,3,1
"INTC","08de8873-ccd7-5ab5-8bf7-8b3ac7a28059","2020-01-23","sec_filing","10-K",48,4,5,1
"NVDA","4f64c4af-93b4-5cfd-8fe6-968c3c202fc6","2017-03-01","sec_filing","10-K",6,4,7,3
"MU","4417ad87-1aaa-5be7-b484-3670d65e2f52","2023-10-06","sec_filing","10-K",16,4,8,3
"DELL","a383d817-a6bf-54a6-8094-71a1947f41b1","2026-03-16","sec_filing","10-K",94,4,8,3
"DELL","a22c13ef-3936-577e-8c1d-9036083bcd08","2025-03-25","sec_filing","10-K",40,5,4,-1
"NVDA","bb7d6cc8-ef6f-5817-9350-04bab2929952","2018-02-28","sec_filing","10-K",44,5,3,0
"MU","d2c34d9b-48dc-5a0c-961e-1ab61915d2f4","2019-10-17","sec_filing","10-K",19,6,2,1
"TEAM","66ca62af-3f3f-550c-ad56-8d816942b6d0","2026-08-14","sec_filing","10-K",166,2,4,-1
"MU","d2c34d9b-48dc-5a0c-961e-1ab61915d2f4","2019-10-17","sec_filing","10-K",11,4,6,2
"NVDA","13f004dc-182c-5318-b3af-1f78b304fe6f","2024-02-21","sec_filing","10-K",130,4,10,3
"ADBE","76f79525-d0c9-5635-af25-9e59a39e0964","2024-01-17","sec_filing","10-K",118,4,7,2
"DELL","a22c13ef-3936-577e-8c1d-9036083bcd08","2025-03-25","sec_filing","10-K",9,6,5,2
"NVDA","bb7d6cc8-ef6f-5817-9350-04bab2929952","2018-02-28","sec_filing","10-K",84,4,7,3
"TEAM","66ca62af-3f3f-550c-ad56-8d816942b6d0","2026-08-14","sec_filing","10-K",17,4,7,3
"MU","67b2506f-6bcc-50b6-ab8f-bd88cc9e9dc0","2023-08-03","hackernews","title",0,6,6,2
"NVDA","67bb6c93-fa8c-52e6-a260-2173b3c20342","2018-01-28","hackernews","title",0,1,3,1
"NVDA","ad6670b8-9474-5f76-bc6a-35dd392007ac","2023-01-18","hackernews","title",0,6,4,2
"NVDA","ad730fb7-9446-57ce-9e3e-68ae26c9de84","2021-09-07","hackernews","title",0,5,6,-2
"INTC","68f6001f-d7db-59ca-9173-bf5450ef4d08","2024-01-25","sec_filing","10-K",165,5,4,-2
"DELL","a383d817-a6bf-54a6-8094-71a1947f41b1","2026-03-16","sec_filing","10-K",145,5,5,-1
"NVDA","2c6ae2ee-7e66-5a92-8929-6d0e4b9ea760","2023-02-24","sec_filing","10-K",10,4,9,3
"NVDA","29e90363-7c6d-525e-9b13-048ee4970d68","2013-03-12","sec_filing","10-K",100,6,2,0
"INTC","3391e164-85b0-59bd-9721-1a5b0b83938f","2025-01-31","sec_filing","10-K",11,6,7,2
"DELL","a22c13ef-3936-577e-8c1d-9036083bcd08","2025-03-25","sec_filing","10-K",16,4,8,2
"TEAM","da600cdc-f0ef-5a33-ab24-140b037e995c","2025-08-15","sec_filing","10-K",157,6,5,1
"ADBE","36acde72-47bf-5a97-98cb-bd1b3b7d8563","2025-01-13","sec_filing","10-K",7,6,6,2
"NVDA","13f004dc-182c-5318-b3af-1f78b304fe6f","2024-02-21","sec_filing","10-K",104,5,4,-2
"NVDA","2c6ae2ee-7e66-5a92-8929-6d0e4b9ea760","2023-02-24","sec_filing","10-K",78,5,5,-1
"DELL","a383d817-a6bf-54a6-8094-71a1947f41b1","2026-03-16","sec_filing","10-K",44,5,5,-1
"NVDA","e07399d2-87d6-5ff7-b5ea-cd4e7ea190a8","2019-02-21","sec_filing","10-K",47,5,6,-1
"TEAM","66ca62af-3f3f-550c-ad56-8d816942b6d0","2026-08-14","sec_filing","10-K",37,6,5,0
"NVDA","6c0dce19-3955-59ff-b689-b8536ac11439","2025-02-26","sec_filing","10-K",131,5,9,-3
"ADBE","8fcfd31d-bfce-558f-afaa-9fca124a4cab","2023-01-17","sec_filing","10-K",15,6,6,2
"TEAM","66ca62af-3f3f-550c-ad56-8d816942b6d0","2026-08-14","sec_filing","10-K",9,6,7,2
"NVDA","13f004dc-182c-5318-b3af-1f78b304fe6f","2024-02-21","sec_filing","10-K",124,6,7,0
"ADBE","76f79525-d0c9-5635-af25-9e59a39e0964","2024-01-17","sec_filing","10-K",9,4,7,3
"ADBE","88102f8a-34cb-5b4d-92fe-8a847b6c9a4d","2021-01-15","sec_filing","10-K",39,6,5,2
"INTC","55298621-dcfe-5481-82ae-ba4f9c6bf2f6","2023-01-26","sec_filing","10-K",65,6,6,1
"MU","d2c34d9b-48dc-5a0c-961e-1ab61915d2f4","2019-10-17","sec_filing","10-K",103,4,3,1
"NVDA","ad70ad5e-d0f5-59eb-8498-6bb500bfaccf","2016-03-16","sec_filing","10-K",35,5,6,-2
"TEAM","66ca62af-3f3f-550c-ad56-8d816942b6d0","2026-08-14","sec_filing","10-K",7,4,6,2
"MU","0e73f08d-279c-5e9f-8fdf-191f5a078d8f","2018-10-15","sec_filing","10-K",94,4,3,2
"INTC","3391e164-85b0-59bd-9721-1a5b0b83938f","2025-01-31","sec_filing","10-K",51,6,6,1
"ADBE","76f79525-d0c9-5635-af25-9e59a39e0964","2024-01-17","sec_filing","10-K",163,6,5,2
"MU","fd2c01c5-d84c-5d0a-b13a-858112dffa48","2025-10-03","sec_filing","10-K",32,6,9,3
"MU","0e73f08d-279c-5e9f-8fdf-191f5a078d8f","2018-10-15","sec_filing","10-K",91,1,3,0
"NVDA","6c0dce19-3955-59ff-b689-b8536ac11439","2025-02-26","sec_filing","10-K",128,4,8,2
"NVDA","c468e666-a298-505b-9a26-045b9128d2bd","2020-02-20","sec_filing","10-K",69,4,6,1
"NVDA","efda6784-368d-5b22-8d97-08f23e072361","2017-03-08","hackernews","title",0,6,6,2
"INTC","ef67f122-de8d-5382-add3-a58eae397122","2020-11-11","hackernews","title",0,6,4,1
"DELL","ef6ae90e-4669-5ded-8027-b8a69637b594","2016-08-31","hackernews","title",0,6,4,1
"DELL","4ca251f8-16ac-53a4-abe2-78c31a21c1a8","2024-08-06","hackernews","title",0,3,6,0
"DELL","a07ff8c9-4152-50e3-b280-72ea8a53df53","2026-01-01","hackernews","title",0,6,4,1
"DELL","ee75acdf-ef75-52f0-8f6d-ade409ad5db0","2025-05-27","hackernews","title",0,6,5,1
"DELL","eeaf4cd1-8707-5197-993b-003f97143733","2024-08-08","hackernews","title",0,3,7,-1
"DELL","9fbb58f2-b8fa-5b5f-8c65-ebf44fdc3895","2018-04-12","hackernews","title",0,1,4,1
"DELL","8b9fc0ee-3094-500a-a4ac-1cb27b1aa301","2018-02-06","hackernews","title",0,6,4,1
"DELL","9bde0639-f210-5488-a876-bb0624a2a33d","2025-08-30","hackernews","title",0,4,9,3
"DELL","89cc1e3a-33d0-504e-a984-d8a946a27465","2017-03-14","hackernews","title",0,6,2,1
"DELL","4818d919-bedb-547b-8389-1a400b4faa60","2026-02-20","hackernews","title",0,1,2,0
"DELL","79a7b682-6d41-531c-ad08-ff7dcc3b67ac","2025-05-16","hackernews","title",0,4,8,3
"DELL","5ae93254-271b-52a2-9cf0-e6265a9bd8b7","2023-02-19","hackernews","title",0,1,4,1
"DELL","6ded88ee-dbc7-5230-b107-e29c9fde1c1c","2024-05-31","hackernews","title",0,5,7,-2
"DELL","965bff39-ef5f-571b-8d38-a19102fa25b7","2023-11-16","hackernews","title",0,1,5,2
"DELL","60e6a558-fbfe-5570-84fd-675f1a8164c3","2017-11-13","hackernews","title",0,6,6,2
"DELL","043e0b5d-67d9-5536-b78f-38471b3622ab","2023-05-24","hackernews","title",0,6,7,2
"DELL","0586b512-484f-59e6-ac91-174b9df8dfb9","2026-07-27","hackernews","title",0,5,6,-2
"DELL","07fb6a97-bf0c-547e-9f92-b74f15e764dc","2024-09-07","hackernews","title",0,4,9,3
"DELL","0b6eb17f-5a24-5d2e-a7ed-a3303c842736","2024-12-14","hackernews","title",0,4,6,2
"DELL","0c7cfce4-cb5b-54d0-8a0e-e5eab26040fe","2026-01-07","hackernews","title",0,5,5,-2
"DELL","0f72c685-f1d7-5aea-9ed5-1b81d68df020","2024-06-19","hackernews","title",0,1,7,2
"NVDA","e2c5de77-7f13-5f6a-a018-54926865e34c","2024-05-22","transcripts","earnings_call",11,6,10,3
"DELL","206c356d-97bf-596a-9a50-ec10787bb612","2018-02-06","hackernews","title",0,1,3,1
"NVDA","7c5fd016-c136-5202-9952-6c7161966519","2025-05-28","transcripts","earnings_call",22,5,7,-1
"INTC","ebd72747-12bd-57e1-8236-62eda77b7cf4","2017-08-28","hackernews","title",0,6,4,1
"INTC","51284ff8-b5cb-5403-b89b-0ab7dc16db28","2023-05-22","hackernews","title",0,4,8,3
"INTC","51d6d282-d8a5-54e8-b773-fc29a22cc727","2019-08-27","hackernews","title",0,5,3,-2
"ADBE","58f99dc3-4990-5920-b1da-d2d847e15f1f","2017-04-06","hackernews","title",0,6,4,1
"INTC","5dc7234c-23a1-53c6-9e37-ccf2def0b51c","2023-09-19","hackernews","title",0,4,6,2
"INTC","6fb1d16e-1b57-544a-b4e4-79d77bce920c","2025-03-19","hackernews","title",0,6,5,1
"INTC","735c392e-7cd3-59b7-97a5-45df04b8bca9","2017-10-18","hackernews","title",0,6,6,2
"INTC","7f6307a5-c2a4-5e36-a0f6-171f2cd4af34","2025-09-07","hackernews","title",0,4,4,2
"INTC","86744e41-9308-5604-a3e6-545c0e4948e8","2024-03-11","hackernews","title",0,4,7,3
"INTC","8a34aa08-b1e6-58fd-9ba1-ee1d9aea04ab","2025-10-28","hackernews","title",0,6,1,0
"INTC","8c6c7cc5-9c29-5420-939d-940cb3cd730a","2018-11-12","hackernews","title",0,4,6,2
"INTC","c6011716-a229-5d7a-9b47-0710b47b8ae2","2024-04-03","hackernews","title",0,6,5,1
"INTC","e536da91-50a6-5759-9f00-6e03064e854b","2022-06-02","hackernews","title",0,6,5,1
"INTC","2b6e0c62-362d-5560-9430-6f4c439e8b75","2020-11-04","hackernews","title",0,6,3,0
"INTC","204827f1-e742-53cc-8ed8-7610331909b6","2015-08-17","hackernews","title",0,6,2,1
"INTC","2ef2db19-aece-5679-a97f-d522f68e4dd6","2026-02-03","hackernews","title",0,6,3,1
"INTC","e99a8bd0-b028-5e11-9a22-b1cbf3a3887c","2024-11-26","hackernews","title",0,1,6,2
"INTC","3650c28b-e54d-5169-80cb-d24064880838","2025-08-18","hackernews","title",0,5,6,-2
"INTC","378eee7b-3543-548d-9fcf-82805e4e735a","2026-05-30","hackernews","title",0,4,6,2
"INTC","12b9e59e-5122-5d41-8bd3-7a5662751105","2024-06-04","hackernews","title",0,6,6,2
"INTC","1663e27c-0dc1-5073-b0e0-a554a7be81fe","2020-03-10","hackernews","title",0,6,5,-1
"INTC","174d3b28-8b4d-5199-ad15-b7e42f2fed7e","2019-01-10","hackernews","title",0,6,3,1
"INTC","1a6ddfa4-c118-5b75-9b68-74e024e91b92","2019-07-18","hackernews","title",0,6,5,2
"INTC","1f346a65-c7f3-5a73-8f65-415e8a3622e2","2025-10-14","hackernews","title",0,4,7,3
"INTC","92642250-f754-5afc-8d6c-c654960a996c","2026-03-15","hackernews","title",0,6,3,0
"INTC","a6722eb0-7268-5cb3-8a2d-584f597e1a38","2025-11-16","hackernews","title",0,5,6,-2
"INTC","c381f665-f5b5-5c2e-98a2-317fe4cf6a3c","2026-05-01","hackernews","title",0,6,4,1
"INTC","8627f555-9168-55bd-a8b1-b1160534b6a9","2022-09-05","hackernews","title",0,6,4,1
"INTC","21617166-1ba9-5c32-b332-1f1b21c8ac21","2021-03-26","hackernews","title",0,6,5,2
"INTC","7aa3eb17-604d-524d-b90e-7d04fb666c42","2022-12-18","hackernews","title",0,5,6,-2
"INTC","2bea624c-5cdd-5fe7-9c58-23b81bd50191","2026-09-12","hackernews","title",0,6,3,0
"INTC","8229088b-8837-56a7-9a76-1e3787d8aa65","2015-04-10","hackernews","title",0,5,5,-2
"INTC","7fdeef1c-dd3b-556b-aef6-86c713f0a80f","2025-05-21","hackernews","title",0,6,6,2
"INTC","4c34b29a-62c1-55dc-a5ff-7b6316d770ac","2025-02-11","hackernews","title",0,6,6,2
"INTC","4832895d-c911-5500-ad90-62ffd61326aa","2015-05-29","hackernews","title",0,1,5,1
"INTC","f5e83092-1906-579d-8c9a-a5fe9ae589fc","2025-07-11","hackernews","title",0,5,9,-3
"INTC","06aebed8-4b66-5fa5-b55d-b47191acce38","2020-01-17","hackernews","title",0,6,4,1
"INTC","1ac676cb-7a82-506e-88cd-c529451e9cfc","2026-07-29","hackernews","title",0,4,5,2
"INTC","315133d0-51d7-5771-864b-ce0da1f397c6","2026-02-04","hackernews","title",0,6,8,2
"INTC","39c5f66e-0e00-5844-b9e1-9671605a8107","2018-12-24","hackernews","title",0,6,2,0
"MU","a9a3ae50-1834-54f0-b500-2f183de9f845","2020-09-02","hackernews","title",0,1,4,1
"MU","f6636a39-1820-5c9e-aa4b-adf382959eed","2026-03-22","hackernews","title",0,4,8,3
"MU","b9adf931-d075-5706-91c7-36f7c4db1dd4","2023-11-11","hackernews","title",0,6,7,2
"MU","95c8f6a3-da8e-5b39-aeaf-4e757d062e9d","2026-06-25","hackernews","title",0,4,9,3
"MU","acc29289-7e72-5d84-9f93-71c143c0da9f","2024-04-18","hackernews","title",0,1,7,2
"MU","949b2839-7a85-53e7-81ef-bf05b96ad4d6","2018-10-25","hackernews","title",0,6,4,1
"MU","7e5cce77-ac88-5c44-b8bc-8d9c5b8aedf6","2020-01-06","hackernews","title",0,6,5,1
"MU","45983510-97fd-52ef-8801-6a80fbab0966","2024-01-11","hackernews","title",0,6,3,1
"MU","4f4d2219-955a-5deb-a5b1-c11519b63d5d","2025-12-20","hackernews","title",0,5,7,-2
"MU","856ad0bb-cd7b-5593-8a14-369e95ce7a27","2024-03-22","hackernews","title",0,6,4,1
"MU","a7035dc0-6fe0-52c6-a5e1-ea137e929264","2023-07-26","hackernews","title",0,6,8,3
"MU","b39ac558-116f-570c-9cc2-5e53f86bd2ab","2025-06-30","hackernews","title",0,4,9,3
"MU","d9725017-5b6b-599d-9af3-651aae58372b","2018-10-11","hackernews","title",0,1,4,2
"MU","e2fb0918-a56f-5350-bb11-ec7bc637f101","2022-07-29","hackernews","title",0,6,6,2
"MU","9907232c-4ac5-5d1b-925a-50ca30990d5f","2017-06-06","hackernews","title",0,6,5,1
"MU","fa57f58d-973f-5935-b62d-925267810c81","2023-10-20","hackernews","title",0,6,5,1
"MU","a8aff138-ff93-5658-9c07-2caa99d03908","2023-08-08","hackernews","title",0,6,6,2
"MU","adfc5bea-2244-55d2-bac6-e3ad2a482e5b","2024-11-14","hackernews","title",0,6,4,1
"MU","c57060c3-9f98-504a-a5d2-76b4849f31a2","2024-06-05","hackernews","title",0,6,7,2
"MU","ddc0e936-aaf2-5ef2-9ba1-b530e5dfd338","2022-01-31","hackernews","title",0,3,6,-1
"MU","fe2ab504-64ae-572b-9df6-adf6ea0ad704","2026-02-27","hackernews","title",0,4,9,3
"MU","a0e54134-dc2b-56ba-959e-ebb865d39b0a","2023-07-26","hackernews","title",0,4,9,3
"MU","ab02cda3-244a-50f9-8f25-8db1bd42a216","2025-03-24","hackernews","title",0,4,6,2
"ADBE","ab5525b4-deda-5386-b62f-ae14b9db08f6","2020-02-15","hackernews","title",0,2,5,0
"ADBE","eddd17e4-93f8-5e91-857c-8fbec0ecdc2a","2023-10-11","hackernews","title",0,6,5,2
"INTC","f010a016-b34b-573f-9ca3-b628a9330369","2015-07-28","hackernews","title",0,6,3,1
"NVDA","f1f7b4d7-d318-5075-b86e-b35193defc5e","2021-04-12","hackernews","title",0,6,6,2
"ADBE","0182485c-1cc6-5ea6-b036-111fd01363c1","2023-11-07","hackernews","title",0,5,6,-2
"ADBE","037fccca-e21c-54fd-b8c1-8a998c2180b7","2019-11-06","hackernews","title",0,6,5,2
"ADBE","04447dea-83ef-5355-b805-5b8e07266128","2021-11-03","hackernews","title",0,6,5,2
"ADBE","0682d37a-79e7-5ae7-bbce-6d0d29f63c62","2023-06-20","hackernews","title",0,5,5,-1
"ADBE","1573dcf9-9cdf-5853-995f-88d6d9bae1cc","2024-03-13","hackernews","title",0,4,5,-2
"ADBE","22d727ee-d842-551d-a711-302ffe835a60","2026-06-21","hackernews","title",0,6,6,2
"ADBE","f6705f60-d775-5415-a2c2-85cf8e9c94df","2026-02-03","hackernews","title",0,3,5,0
"ADBE","433e746e-4bb1-5c35-86b7-ac7b91c707dd","2016-11-03","hackernews","title",0,6,7,2
"ADBE","7ff07e1d-c545-5c50-983e-56e14f31e7f3","2017-03-30","hackernews","title",0,6,4,1
"ADBE","81748ee3-a401-5e75-8a7f-04cbc6b39269","2023-04-18","hackernews","title",0,6,5,2
"ADBE","899a4420-932e-5960-8e28-0879a7b8a6af","2024-04-24","hackernews","title",0,6,5,2
"ADBE","902d850c-d300-59e4-8cc4-051f4d4e7780","2018-09-11","hackernews","title",0,6,6,2
"ADBE","92928cd3-9de3-504e-93e3-9fcc3c310a66","2024-05-08","hackernews","title",0,5,3,-1
"ADBE","984cc232-37b1-50f1-9c54-66dcdce64d79","2023-09-16","hackernews","title",0,4,7,1
"ADBE","a4595a4f-ca1a-588b-89bd-0a59596cdce5","2021-06-28","hackernews","title",0,6,4,1
"ADBE","a66af6f7-7ccf-57ef-be5c-1cc8f8f24527","2020-11-20","hackernews","title",0,2,4,2
"ADBE","ae1df611-3a7a-57fa-91f4-d087c968d55e","2015-10-06","hackernews","title",0,6,6,2
"ADBE","aec772c2-1b74-52d3-8239-668ea4f2d315","2019-09-17","hackernews","title",0,6,5,2
"ADBE","b1f8b4d9-53fb-5b1d-a41c-634fe1869ff4","2019-06-18","hackernews","title",0,6,4,1
"ADBE","b3066907-046d-5db8-8c12-145b9d2399b4","2023-09-18","hackernews","title",0,4,8,2
"ADBE","b67f28d0-8f16-5470-873d-3bd4fc2c67f2","2016-09-26","hackernews","title",0,1,4,1
"ADBE","cb931222-a1ad-5fd5-9fed-759f2c1d7543","2024-11-01","hackernews","title",0,5,5,-1
"ADBE","cf61192c-9bc8-5da4-a9f2-eda68a2d3607","2019-02-06","hackernews","title",0,1,4,0
"ADBE","36acde72-47bf-5a97-98cb-bd1b3b7d8563","2025-01-13","sec_filing","10-K",37,6,3,1
"TEAM","2e3ebdd6-c645-50e4-b6b0-d7694deb9dff","2026-05-01","sec_filing","10-Q",113,6,5,-1
"TEAM","66ca62af-3f3f-550c-ad56-8d816942b6d0","2026-08-14","sec_filing","10-K",4,6,3,0
"TEAM","66ca62af-3f3f-550c-ad56-8d816942b6d0","2026-08-14","sec_filing","10-K",93,4,5,0
"TEAM","8a70658a-4569-5ce8-a1b7-889433e452c9","2026-02-06","sec_filing","10-Q",111,6,5,0
"MU","8bf594e4-ead8-50ea-b39c-04103f3bf3c8","2026-06-24","sec_filing","10-Q",45,4,6,2
"TEAM","935b548e-a872-5c60-9f81-abdf52ac4495","2025-10-31","sec_filing","10-Q",77,5,5,0
"DELL","a22c13ef-3936-577e-8c1d-9036083bcd08","2025-03-25","sec_filing","10-K",129,4,7,1
"NVDA","dd418d07-8f0b-557b-bf12-220b13e39d03","2025-05-28","sec_filing","10-Q",71,2,6,-2
"INTC","3391e164-85b0-59bd-9721-1a5b0b83938f","2025-01-31","sec_filing","10-K",316,6,2,0
"NVDA","13f004dc-182c-5318-b3af-1f78b304fe6f","2024-02-21","sec_filing","10-K",99,5,5,-2
"ADBE","36acde72-47bf-5a97-98cb-bd1b3b7d8563","2025-01-13","sec_filing","10-K",9,6,7,2
"ADBE","36acde72-47bf-5a97-98cb-bd1b3b7d8563","2025-01-13","sec_filing","10-K",42,6,5,1
"INTC","68f6001f-d7db-59ca-9173-bf5450ef4d08","2024-01-25","sec_filing","10-K",58,6,6,2
"ADBE","88102f8a-34cb-5b4d-92fe-8a847b6c9a4d","2021-01-15","sec_filing","10-K",27,6,6,2
"INTC","b4dc29e5-3331-58bc-98fb-598fb0033361","2019-02-01","sec_filing","10-K",59,4,6,2
"ADBE","36acde72-47bf-5a97-98cb-bd1b3b7d8563","2025-01-13","sec_filing","10-K",21,4,6,2
"NVDA","13f004dc-182c-5318-b3af-1f78b304fe6f","2024-02-21","sec_filing","10-K",28,5,9,-3
"NVDA","6c0dce19-3955-59ff-b689-b8536ac11439","2025-02-26","sec_filing","10-K",112,5,6,-2
"INTC","e889f488-8522-5343-a15e-b7f7e33c1704","2026-01-22","sec_filing","10-K",291,1,3,1
"ADBE","76f79525-d0c9-5635-af25-9e59a39e0964","2024-01-17","sec_filing","10-K",36,6,3,1
"INTC","e889f488-8522-5343-a15e-b7f7e33c1704","2026-01-22","sec_filing","10-K",29,6,7,2
"NVDA","083c8961-3699-5fad-9f26-31478c711fb5","2019-09-20","hackernews","title",0,1,4,2
"DELL","f8d6d3af-390f-5ef9-b5fc-5a221cb823f4","2024-02-29","transcripts","earnings_call",13,5,6,-1
"ADBE","36acde72-47bf-5a97-98cb-bd1b3b7d8563","2025-01-13","sec_filing","10-K",31,6,7,2
"ADBE","59c6d59f-231f-5abb-98d7-3b1ba568b328","2017-12-14","transcripts","earnings_call",3,6,5,2
"ADBE","662c5e90-150b-55f3-a744-4a5538a7d95a","2026-03-12","transcripts","earnings_call",21,5,6,-1
"NVDA","8b0c505a-5d2c-5919-89ea-aea260b6457d","2023-02-22","transcripts","earnings_call",11,4,9,3
"NVDA","c9d9e804-2e76-52ec-a1f9-c375e19a9fc1","2026-02-25","transcripts","earnings_call",21,6,4,2
"NVDA","6c0dce19-3955-59ff-b689-b8536ac11439","2025-02-26","sec_filing","10-K",103,5,7,-2
"INTC","3391e164-85b0-59bd-9721-1a5b0b83938f","2025-01-31","sec_filing","10-K",185,6,2,0
"NVDA","13f004dc-182c-5318-b3af-1f78b304fe6f","2024-02-21","sec_filing","10-K",29,5,8,-2
"NVDA","2c6ae2ee-7e66-5a92-8929-6d0e4b9ea760","2023-02-24","sec_filing","10-K",208,4,6,1
"INTC","08de8873-ccd7-5ab5-8bf7-8b3ac7a28059","2020-01-23","sec_filing","10-K",170,6,3,1
"INTC","e889f488-8522-5343-a15e-b7f7e33c1704","2026-01-22","sec_filing","10-K",79,4,6,-1
"INTC","e889f488-8522-5343-a15e-b7f7e33c1704","2026-01-22","sec_filing","10-K",26,1,3,0
"INTC","08de8873-ccd7-5ab5-8bf7-8b3ac7a28059","2020-01-23","sec_filing","10-K",57,4,5,2
"NVDA","6c0dce19-3955-59ff-b689-b8536ac11439","2025-02-26","sec_filing","10-K",96,5,9,-3
"ADBE","36acde72-47bf-5a97-98cb-bd1b3b7d8563","2025-01-13","sec_filing","10-K",34,6,4,1
"INTC","3391e164-85b0-59bd-9721-1a5b0b83938f","2025-01-31","sec_filing","10-K",187,1,2,0
"INTC","3391e164-85b0-59bd-9721-1a5b0b83938f","2025-01-31","sec_filing","10-K",242,1,6,1
"ADBE","76f79525-d0c9-5635-af25-9e59a39e0964","2024-01-17","sec_filing","10-K",4,6,3,0
"NVDA","2c6ae2ee-7e66-5a92-8929-6d0e4b9ea760","2023-02-24","sec_filing","10-K",111,6,8,2
"NVDA","6c0dce19-3955-59ff-b689-b8536ac11439","2025-02-26","sec_filing","10-K",89,5,7,-2
"NVDA","6c0dce19-3955-59ff-b689-b8536ac11439","2025-02-26","sec_filing","10-K",30,5,9,-3
"ADBE","36acde72-47bf-5a97-98cb-bd1b3b7d8563","2025-01-13","sec_filing","10-K",36,6,6,2
"INTC","b4dc29e5-3331-58bc-98fb-598fb0033361","2019-02-01","sec_filing","10-K",80,1,3,1
"NVDA","13f004dc-182c-5318-b3af-1f78b304fe6f","2024-02-21","sec_filing","10-K",93,5,9,-3
"NVDA","13f004dc-182c-5318-b3af-1f78b304fe6f","2024-02-21","sec_filing","10-K",105,5,4,-1
"ADBE","88102f8a-34cb-5b4d-92fe-8a847b6c9a4d","2021-01-15","sec_filing","10-K",106,5,4,-1
"NVDA","6c0dce19-3955-59ff-b689-b8536ac11439","2025-02-26","sec_filing","10-K",111,5,4,-1
"MU","18972ad4-afe3-5d27-97ae-a0007e3d0418","2025-12-17","sec_filing","10-Q",58,6,6,2
"INTC","6e7bdfc4-2692-5448-b0e1-92968ebd25e4","2026-04-23","sec_filing","10-Q",85,4,6,2
"ADBE","24aac953-e618-5794-a40f-37a47366a2a0","2025-06-25","sec_filing","10-Q",87,5,6,-2
"DELL","49c7ebf6-d1b9-5e07-b7d6-b61fb37da2c0","2018-09-11","sec_filing","10-Q",130,1,3,1
"TEAM","9d07dd95-3fa0-5b73-8843-f846303eb38a","2023-05-05","sec_filing","10-Q",184,5,4,-2
"TEAM","66ca62af-3f3f-550c-ad56-8d816942b6d0","2026-08-14","sec_filing","10-K",76,5,4,-1
"INTC","2cae0a09-b50c-5430-a1ca-99edd1790d32","2024-08-01","sec_filing","10-Q",5,5,3,0
"TEAM","2e3ebdd6-c645-50e4-b6b0-d7694deb9dff","2026-05-01","sec_filing","10-Q",57,4,6,2
"NVDA","1843affa-83ab-5648-a873-11b0c30eeb53","2023-05-26","sec_filing","10-Q",62,5,8,-1
"MU","5c6ea7e9-cae8-5452-8108-0f49a37ec1bb","2025-03-20","sec_filing","10-Q",72,5,4,0
"NVDA","dd418d07-8f0b-557b-bf12-220b13e39d03","2025-05-28","sec_filing","10-Q",53,4,10,2
"ADBE","24aac953-e618-5794-a40f-37a47366a2a0","2025-06-25","sec_filing","10-Q",118,5,4,-1
"NVDA","fa6fc1b3-8cbd-5710-8ddd-051d2233e8ac","2017-05-23","sec_filing","10-Q",47,4,6,2
"DELL","5166692b-6110-5fba-98dc-233e29dfe106","2025-12-09","sec_filing","10-Q",114,4,8,1
"INTC","9e99f294-c27a-552e-9f0c-2c8abccf5c38","2025-07-24","sec_filing","10-Q",76,4,4,1
"NVDA","a31adff2-40c5-5520-8cb4-b33ca6b86e3a","2020-05-21","transcripts","earnings_call",38,4,6,2
"ADBE","162c2ee9-3002-5685-a301-e60dc07af155","2026-09-10","transcripts","earnings_call",28,4,6,1
"INTC","471cb45f-ed1d-55e3-bb83-f37c8097eb98","2022-07-28","transcripts","earnings_call",33,4,6,2
"NVDA","9b445c1c-6105-580d-876a-fd824f81668a","2025-11-19","transcripts","earnings_call",21,6,9,3
"NVDA","ad9c8259-e8f3-5002-82e8-2f764345a62c","2018-10-10","hackernews","title",0,6,4,1
"TEAM","b9370e80-a22c-5d2a-9579-12449ea83286","2025-08-07","transcripts","earnings_call",1,4,8,3
"INTC","dcbd1a51-12fa-5a2b-9267-80ab17ddff40","2024-10-31","sec_filing","10-Q",5,5,3,0
"TEAM","66ca62af-3f3f-550c-ad56-8d816942b6d0","2026-08-14","sec_filing","10-K",75,5,3,-1
"NVDA","20b88a50-e003-59b4-9396-54bb2b955e4b","2022-12-09","hackernews","title",0,6,4,1
"NVDA","01315954-a6a6-5742-acdb-83cf133de7d3","2018-08-14","hackernews","title",0,6,6,2
"NVDA","01428bfd-d7f6-579c-92d4-e806a10a5a17","2016-08-04","hackernews","title",0,6,2,1
"NVDA","0239e5e6-6cd5-5895-93e3-3934532c9b49","2018-05-18","hackernews","title",0,6,3,1
"NVDA","023f8195-c6fa-5638-b0b1-7bd20111c830","2020-05-31","hackernews","title",0,5,5,-2
"NVDA","02472458-1757-5b47-96e3-2e0380065b5d","2017-07-19","hackernews","title",0,6,2,0
"NVDA","0637aa4b-8a55-5bf6-aeb6-23f336450379","2023-07-01","hackernews","title",0,5,6,-2
"NVDA","094322fc-4a3f-5872-a1c0-13740a32a19a","2021-10-12","hackernews","title",0,1,7,2
"NVDA","095d4df1-c850-5056-bcfb-debcca10d0bd","2020-03-11","hackernews","title",0,6,5,1
"NVDA","19826f37-fc25-558d-906e-3fec633c82d1","2020-06-24","hackernews","title",0,6,3,1
"NVDA","1ec3746b-ef48-5a47-8791-cbc4f943a22b","2026-06-01","hackernews","title",0,6,5,2
"NVDA","20e405c4-9aba-568a-955f-69fd052a89ca","2025-05-21","hackernews","title",0,1,5,2
"NVDA","24d05287-3a8b-5bae-bd27-9b556768407f","2019-07-10","hackernews","title",0,4,4,2
"NVDA","252510ed-efbf-5c39-b5b9-a5fb34df899e","2016-04-16","hackernews","title",0,6,5,2
"NVDA","256c2681-ca31-5065-afcd-dd33eabec904","2018-07-10","hackernews","title",0,1,6,2
"NVDA","25fee580-0283-5819-9fdf-467955608c86","2017-11-30","hackernews","title",0,6,3,1
"NVDA","260b89bc-8f45-51aa-9566-be57aa63ab3b","2017-03-15","hackernews","title",0,6,2,0
"NVDA","2a0fa415-8089-57c7-89f5-f581c50d7f97","2023-09-11","hackernews","title",0,4,7,2
"NVDA","2a3208b0-050c-5124-86f6-0ed2504e5d16","2018-07-04","hackernews","title",0,6,4,1
"NVDA","2d882fda-736c-5859-9aab-f54bc36d4dae","2015-07-25","hackernews","title",0,6,3,1
"NVDA","2e69cf1a-5061-5650-9867-61b923f4faab","2019-03-19","hackernews","title",0,6,4,1
"NVDA","fcee3afe-421b-580b-8bca-73d5fc3d93a9","2021-09-21","hackernews","title",0,6,5,2
"NVDA","46431bdd-72bf-515b-99e1-e44764a0242f","2024-04-11","hackernews","title",0,5,6,-2
"NVDA","4cdc2c17-3f29-5197-8057-e1724720e5f5","2025-06-29","hackernews","title",0,6,9,3
"NVDA","4d21cc20-296a-56f0-9f03-d0681fed6ad8","2017-08-24","hackernews","title",0,6,6,2
"NVDA","5ac83dc9-3a9e-5e58-87fb-c799fd032c3d","2024-02-13","hackernews","title",0,6,4,2
"NVDA","5c352329-6b51-5af1-ba6f-86beef7c0db5","2017-05-10","hackernews","title",0,6,7,3
"NVDA","5c474a02-fea7-598a-859c-19dfe87b35e0","2025-12-15","hackernews","title",0,6,6,2
"NVDA","5d362997-9423-5824-b2f1-cedbd662c9c0","2026-03-18","hackernews","title",0,6,2,0
"NVDA","6b2500ed-c1ac-5866-8d90-eedadeef9361","2016-09-29","hackernews","title",0,6,6,2
"NVDA","8438dd0e-e55b-514c-96d5-ca55dbe73d2c","2023-02-28","hackernews","title",0,6,2,0
"NVDA","84cf3cc3-2b5a-54cc-87b3-e11801de26db","2025-07-21","hackernews","title",0,6,5,2
"NVDA","91e8db09-15e9-5621-a6fe-e0dbe029e514","2018-09-14","hackernews","title",0,6,5,2
"NVDA","98097503-cae7-5fd2-acbc-f8b3878db834","2025-03-02","hackernews","title",0,6,2,0
"NVDA","98ea6615-a92b-5e27-bd33-82fab57e58f0","2023-06-06","hackernews","title",0,4,8,3
"NVDA","a1150b9d-c4f9-56e0-848f-7555d5441030","2015-11-11","hackernews","title",0,6,5,2
"NVDA","bbc4dae3-e27f-5602-ae4d-28ec41e563bb","2022-03-24","hackernews","title",0,6,7,2
"NVDA","c9ab3c70-c4eb-5934-b31d-9ef0158492fd","2022-09-16","hackernews","title",0,5,3,-2
"NVDA","cec9424c-0aa6-5591-8e28-3b7e7d8dd7c3","2024-04-09","hackernews","title",0,5,7,-2
"NVDA","d0a1ae0b-403b-5630-a409-d96acd56550f","2024-09-17","hackernews","title",0,6,3,1
"NVDA","da2af5fc-c166-533c-a4f2-e3f5cb3f822b","2022-08-17","hackernews","title",0,6,4,1
"NVDA","da4b26f0-0f05-55f9-a9f5-2406d9c5a62a","2021-01-31","hackernews","title",0,4,3,1
"NVDA","da84c82d-82f6-57b1-8b32-697afac80faa","2026-01-07","hackernews","title",0,6,5,2
"NVDA","e0790b1e-d4b1-524f-a893-4b5359db222c","2021-04-13","hackernews","title",0,4,6,2
"NVDA","e0818047-f6fb-5e21-9f36-0ec3fa3ab215","2022-08-22","hackernews","title",0,6,7,3
"NVDA","e4654f18-266a-5a01-b4ce-3954ea4039cb","2024-12-17","hackernews","title",0,6,6,2
"NVDA","e5d0a1e8-293d-5ae8-8c32-e64c375cc4c7","2018-06-08","hackernews","title",0,6,3,1
"NVDA","e5e74bc9-470e-5431-bd06-ad1aaecc7ea9","2015-04-14","hackernews","title",0,1,5,1
"NVDA","e8046da5-6114-516c-8938-3cbc987757fb","2022-03-25","hackernews","title",0,6,3,1
"NVDA","eec75748-c6a5-5ce3-bf25-f50235810066","2023-06-15","hackernews","title",0,6,3,1
"NVDA","ab72d941-8fdc-5767-b285-9d93e8a69f53","2020-12-01","hackernews","title",0,6,4,1
"NVDA","ef157d00-7a51-5e8f-a65c-466941c6a918","2026-09-16","hackernews","title",0,6,3,1
"NVDA","ad2487b9-0660-5308-ac92-621bba7529be","2023-01-23","hackernews","title",0,6,7,2
"NVDA","ad3b5d2b-d352-521b-b0e1-89be0c878b20","2017-05-16","hackernews","title",0,6,6,1
"NVDA","038bebc7-cc9f-521e-94dc-1854a5cf0ced","2021-01-12","hackernews","title",0,6,3,1
"NVDA","05a67ea5-b47d-562a-a266-096dcb7b3dc9","2025-12-01","hackernews","title",0,1,6,1
"NVDA","07911ad9-3ab4-5618-922d-6196f8700550","2025-03-18","hackernews","title",0,6,9,3
"NVDA","07c8f504-e1a7-5638-bfb9-cee6ff44a2c0","2023-10-01","hackernews","title",0,6,4,1
"NVDA","09118f35-4e18-5472-9939-643e04f7a946","2024-08-08","hackernews","title",0,6,2,0
"NVDA","0917709b-750e-5d25-b139-ba3edc28a2c9","2021-04-12","hackernews","title",0,1,3,1
"NVDA","0b144593-cde5-5f37-9cdb-c9c30f5aebb4","2023-06-02","hackernews","title",0,5,6,-2
"NVDA","122d4f7b-9dda-5fab-918d-9dc9f8bb8dd5","2018-03-27","hackernews","title",0,6,6,2
"NVDA","1281ecb1-b7b5-5290-a523-66f2792dec92","2021-07-28","hackernews","title",0,6,2,1
"NVDA","17bf7a32-36b5-5ea5-986a-dbac4c0d5e1d","2025-10-20","hackernews","title",0,5,6,-2
"NVDA","17dbbda4-e37e-5d7a-b3c6-2b1e1177f9bc","2015-12-29","hackernews","title",0,4,3,1
"NVDA","23f65dae-c691-51b4-ba2e-fe29e2088008","2022-01-31","hackernews","title",0,6,3,1
"NVDA","240fd456-68fe-5159-a21d-432ce2fa9421","2019-08-13","hackernews","title",0,6,5,2
"NVDA","242685d1-05d2-5b72-94b3-f481f4008d75","2024-05-11","hackernews","title",0,6,2,0
"NVDA","3abf018d-6063-5fb9-8722-221654dedfb8","2021-05-27","hackernews","title",0,6,3,1
"NVDA","f6df7794-cb22-559f-8fc9-0dc147a722c5","2019-10-15","hackernews","title",0,6,2,1
"NVDA","f6e6398a-c20b-5666-b9d2-5040001f9556","2019-01-05","hackernews","title",0,6,3,1
"NVDA","fa8396ac-e72d-560d-9ce4-e04547542fe4","2025-09-19","hackernews","title",0,5,4,-1
"NVDA","fa9d685d-b02f-53b0-961f-8038f126d193","2017-09-30","hackernews","title",0,6,4,0
"NVDA","3e93a550-4443-5dbb-9283-d92492cc269f","2019-03-18","hackernews","title",0,6,4,2
"NVDA","3ec054c6-cefb-5575-956a-6dfbf457abcb","2025-08-25","hackernews","title",0,6,5,2
"NVDA","3ea79e63-3872-59a8-bcf2-f2c6d562d279","2025-11-25","hackernews","title",0,3,4,0
"NVDA","408b34f2-9cb3-5d5c-92f4-df9efae84592","2020-02-05","hackernews","title",0,4,4,2
"NVDA","4ae6f52a-ee63-5940-a457-9316b7c4c52d","2026-02-26","hackernews","title",0,5,6,-2
"NVDA","4e6bfacc-2ec8-5fc0-a78e-6b9d693fcfcd","2023-02-25","hackernews","title",0,4,7,3
"NVDA","55c03e0f-d480-500f-9301-5d205e35f6ea","2025-04-07","hackernews","title",0,6,2,1
"NVDA","57e1d4a6-63ed-5040-8bfe-dded2e5faa67","2015-07-13","hackernews","title",0,6,4,1
"NVDA","5e60aef7-04b9-5cbf-9f8a-1c9aa1c2e0c2","2020-01-20","hackernews","title",0,6,4,1
"NVDA","692aed01-e7a1-5012-83fa-dbdf7eb51d59","2018-08-05","hackernews","title",0,5,5,-2
"NVDA","6a3632e7-b8cc-5322-bdbb-a25faffa71d2","2022-06-29","hackernews","title",0,4,5,2
"NVDA","706422e0-57c8-5e6c-8f22-4f01efc890c4","2024-12-16","hackernews","title",0,6,3,1
"NVDA","7080cd50-3ca1-57c5-a2c5-7189cdc3d9e2","2026-09-16","hackernews","title",0,1,5,2
"NVDA","7c27224e-aab3-5671-a118-54e85c4384cc","2026-05-11","hackernews","title",0,6,4,1
"NVDA","7cbaddaa-63c7-565f-b749-8911213ea6ad","2016-01-05","hackernews","title",0,4,4,1
"NVDA","7ea36d30-312f-5d0d-8243-dcb1bbd95fab","2016-03-30","hackernews","title",0,4,4,2
"NVDA","7ebecd98-937e-5dfd-ba6b-bb9b7665d6c5","2017-05-15","hackernews","title",0,4,7,2
"NVDA","82dd607d-c9a7-5729-ab6a-522d5fcea4d4","2017-02-06","hackernews","title",0,6,5,1
"NVDA","89f657df-7f3a-5bd6-aae6-feaf8f25366f","2025-12-08","hackernews","title",0,1,6,0
"NVDA","8a3cbb7a-d8ea-5df2-865c-2e826e1888c3","2016-09-06","hackernews","title",0,6,5,2
"NVDA","95e769f7-d4bd-5827-973d-2f4915c5be55","2016-07-22","hackernews","title",0,6,6,2
"NVDA","95f07064-73cb-5922-86f5-6a217934a7a5","2020-12-13","hackernews","title",0,6,2,1
"NVDA","a52f4d85-8c9b-5978-b687-60cc4437a970","2018-11-10","hackernews","title",0,4,7,3
"NVDA","a788283a-16ae-52b4-8954-4a219107c92d","2021-12-05","hackernews","title",0,6,2,1
"NVDA","a794f9b0-fe94-5c15-8870-973138d70b4c","2024-11-26","hackernews","title",0,6,2,1
"NVDA","ae6a2f08-ed52-5b61-89b4-5d631e0a0349","2024-03-20","hackernews","title",0,6,3,0
"NVDA","ae8d9dfc-ec9d-5dda-b57e-5a67b0c49655","2020-01-10","hackernews","title",0,6,3,0
"NVDA","afb13f55-21a9-593f-bd93-ffebf0119ae2","2022-06-08","hackernews","title",0,1,4,1
"NVDA","b55af01e-27fc-5958-8524-b669c963fa22","2026-03-16","hackernews","title",0,6,7,2
"NVDA","b8de16b6-446f-5f7c-8f78-a0bb36ca0a2e","2016-06-12","hackernews","title",0,6,6,2
"NVDA","baf2375e-6caf-524d-87bc-06733b0024db","2024-06-06","hackernews","title",0,5,6,-2
"NVDA","c4a06b09-0cff-5f27-b628-9db235b34197","2016-10-11","hackernews","title",0,1,4,2
"NVDA","c9329813-e3c5-5cbf-85ae-84c6f8d19584","2023-12-13","hackernews","title",0,6,3,1
"NVDA","cfc966bf-a67d-50ce-a0f7-32cab6349785","2020-10-05","hackernews","title",0,6,3,1
"NVDA","d00e4f98-8a83-55a0-b23a-aad279332424","2022-11-16","hackernews","title",0,6,5,2
"NVDA","d53a92ac-f549-54c9-bd6f-a349627cd566","2020-07-29","hackernews","title",0,4,4,2
"NVDA","d90b585c-46e4-51f5-8fb7-62932d86c350","2016-09-29","hackernews","title",0,4,5,2
"NVDA","dc2e6cb7-f3c9-5c51-887c-066895b5321c","2018-08-20","hackernews","title",0,6,7,2
"TEAM","66ca62af-3f3f-550c-ad56-8d816942b6d0","2026-08-14","sec_filing","10-K",69,5,3,-1
"TEAM","66ca62af-3f3f-550c-ad56-8d816942b6d0","2026-08-14","sec_filing","10-K",58,5,4,-1
"NVDA","914366e8-a130-5ea2-abf2-7e321171bb68","2019-08-07","hackernews","title",0,6,4,0
"NVDA","53bd04a9-270e-5d20-8ef0-f780229c1f4d","2019-10-23","hackernews","title",0,4,4,1
"NVDA","9f7ff09d-fd98-5560-b632-35e77fd6dba8","2016-02-23","hackernews","title",0,6,5,1
"MU","1eaf0324-1c8b-5782-ab53-588734eb2cd0","2024-03-20","transcripts","earnings_call",9,4,8,3
"TEAM","062f2032-fcdf-5eea-b6b4-8afa6d294315","2026-04-30","transcripts","earnings_call",1,4,8,3
"TEAM","062f2032-fcdf-5eea-b6b4-8afa6d294315","2026-04-30","transcripts","earnings_call",9,4,7,2
"TEAM","062f2032-fcdf-5eea-b6b4-8afa6d294315","2026-04-30","transcripts","earnings_call",10,4,8,3
"TEAM","062f2032-fcdf-5eea-b6b4-8afa6d294315","2026-04-30","transcripts","earnings_call",11,4,7,3
"DELL","434ddf54-e998-54d8-b409-d7e05831add1","2025-02-27","transcripts","earnings_call",17,4,6,2
"TEAM","48c50d1a-3996-533a-a05c-f6f21a9ce548","2023-02-02","transcripts","earnings_call",28,4,3,0
"NVDA","4fbfe744-2121-577d-a2ac-6715aded2b43","2012-11-08","transcripts","earnings_call",2,4,5,2
"NVDA","4fbfe744-2121-577d-a2ac-6715aded2b43","2012-11-08","transcripts","earnings_call",19,4,3,1
"TEAM","66ca62af-3f3f-550c-ad56-8d816942b6d0","2026-08-14","sec_filing","10-K",49,1,3,0
"TEAM","66ca62af-3f3f-550c-ad56-8d816942b6d0","2026-08-14","sec_filing","10-K",46,6,6,0
"TEAM","66ca62af-3f3f-550c-ad56-8d816942b6d0","2026-08-14","sec_filing","10-K",226,6,4,1
"TEAM","66ca62af-3f3f-550c-ad56-8d816942b6d0","2026-08-14","sec_filing","10-K",41,6,7,-1
"TEAM","66ca62af-3f3f-550c-ad56-8d816942b6d0","2026-08-14","sec_filing","10-K",26,6,3,0
"TEAM","66ca62af-3f3f-550c-ad56-8d816942b6d0","2026-08-14","sec_filing","10-K",20,3,6,2
"TEAM","66ca62af-3f3f-550c-ad56-8d816942b6d0","2026-08-14","sec_filing","10-K",18,6,6,2
"TEAM","66ca62af-3f3f-550c-ad56-8d816942b6d0","2026-08-14","sec_filing","10-K",16,6,7,2
"DELL","f8adc36d-c424-5c38-92d4-d3439f0dae8b","2022-05-26","transcripts","earnings_call",2,6,5,2
"NVDA","68860c45-5a25-5694-9d70-c116f5062adc","2018-11-15","sec_filing","10-Q",47,4,6,2
"NVDA","4131fc5a-c19e-53c1-9732-68ec067db168","2023-08-25","sec_filing","10-Q",39,4,8,3
"ADBE","fe04a5b4-1463-5316-897f-63c6b4b34d3f","2018-06-14","transcripts","earnings_call",28,6,5,2
"ADBE","fe04a5b4-1463-5316-897f-63c6b4b34d3f","2018-06-14","transcripts","earnings_call",4,6,4,2
"NVDA","57065ce8-9a47-5dda-acba-91c6432fdca8","2020-08-19","sec_filing","10-Q",55,6,4,2
"INTC","7b27af06-7691-5a92-b21a-d5d5eac241e0","2022-10-27","sec_filing","10-Q",64,6,2,0
"NVDA","8b98b892-759b-5244-89aa-3470503fab29","2026-08-26","sec_filing","10-Q",63,4,9,3
"NVDA","eaef5d1e-37fe-5d71-9db5-0f33ea83fbbb","2016-05-13","hackernews","title",0,4,9,3
"NVDA","a9987ed1-d838-5c36-a08b-9e5486781901","2025-05-28","hackernews","title",0,6,2,1
"NVDA","a99df1f6-347d-5125-8ccf-b78037cce21d","2023-12-21","hackernews","title",0,4,8,3
"NVDA","6c0bb4d3-61d8-5f5d-899e-826b337dd173","2025-12-10","hackernews","title",0,6,4,1
"NVDA","0763428d-a00c-550b-b273-f82f0fc95cef","2021-12-07","hackernews","title",0,4,6,1
"NVDA","0b26f632-2e4d-5276-aa57-4028fa60cbbb","2021-10-11","hackernews","title",0,6,4,1
"NVDA","10980fc5-2f0f-5c67-8214-fe5093de3c7c","2024-09-24","hackernews","title",0,6,3,0
"NVDA","10b6778b-4161-59ca-85d1-eada1d7caf6b","2017-10-27","hackernews","title",0,4,3,1
"NVDA","140d8d7f-5c53-54ac-8f7f-4107f38d4529","2015-09-29","hackernews","title",0,1,5,2
"NVDA","14177dfd-586b-54ba-b58d-305edfdb8ea1","2026-06-08","hackernews","title",0,1,5,2
"NVDA","15a89891-14a4-5cf2-90c5-9ff2b8d7305b","2025-03-18","hackernews","title",0,6,7,2
"NVDA","1d72088f-af63-575b-bb70-c1282c68c7aa","2022-08-23","hackernews","title",0,6,7,2
"NVDA","1e383600-4c2c-5c3e-bf1a-a0e2dfd1c2c0","2018-07-24","hackernews","title",0,6,3,1
"NVDA","1f0b1d4f-7efa-5952-ac94-1974bc551d90","2022-04-11","hackernews","title",0,6,4,1
"NVDA","28c4ab9a-ded8-567f-adb1-73f3f8403e96","2015-03-17","hackernews","title",0,6,4,1
"NVDA","28f6d00c-6abb-5f84-b169-a0fcd7519ba7","2020-11-16","hackernews","title",0,6,6,2
"NVDA","2d446abc-354d-50a2-ba59-46b923797fef","2016-10-12","hackernews","title",0,4,6,2
"NVDA","f358ee83-0d2c-5148-bcea-61df3b9f8b43","2026-05-03","hackernews","title",0,4,5,-1
"NVDA","fec42e98-add5-5d57-add1-2ae9483fa4e4","2017-05-10","hackernews","title",0,6,3,1
"NVDA","fec5ba9d-a8d7-5708-a8e3-8c6e2a00144b","2018-04-27","hackernews","title",0,6,4,1
"NVDA","455eccfb-9305-557c-a2e2-600c686cb63d","2015-07-15","hackernews","title",0,6,7,2
"NVDA","498adf53-4c08-57ac-b3e5-4a8979dd7177","2022-02-14","hackernews","title",0,6,3,-1
"NVDA","49ad6e6f-05cc-5751-a113-d01aac07bfa2","2019-07-03","hackernews","title",0,6,5,1
"NVDA","4f3e9a60-c23f-53f1-901d-ca311e051137","2017-12-09","hackernews","title",0,4,5,2
"NVDA","4f70f53e-d0eb-5c63-9166-276efe8c521c","2026-04-03","hackernews","title",0,5,4,-2
"NVDA","573933c4-80fe-5cb4-ad6e-e61122402e1e","2017-09-28","hackernews","title",0,4,2,0
"NVDA","5768a103-1838-5b4e-9622-fc43cf3f0dab","2024-06-10","hackernews","title",0,6,2,0
"NVDA","5cfd84ac-f075-5fdc-b57b-0e5bada2d5cc","2016-07-06","hackernews","title",0,4,4,1
"NVDA","6398801a-ac43-5cee-bcd4-b2bae7a52a29","2026-07-27","hackernews","title",0,1,6,2
"NVDA","63995935-d1d6-5683-b2a1-2ac47d277e52","2025-03-31","hackernews","title",0,6,5,1
"NVDA","63b7a89e-69cc-584e-b605-0652be843095","2022-11-20","hackernews","title",0,1,8,3
"NVDA","6419084b-49ea-5c36-b2aa-b460d524502e","2022-11-03","hackernews","title",0,6,7,3
"NVDA","6441e97d-f854-5202-8332-0362d214ac36","2020-07-07","hackernews","title",0,4,6,2
"NVDA","6d736e4c-0bb8-5373-95fd-f0fd3b222975","2017-09-19","hackernews","title",0,6,3,1
"NVDA","6d8be58a-c7ec-5c10-8574-dd8810e04d59","2018-08-14","hackernews","title",0,6,8,2
"NVDA","701d222f-2c4e-5f86-a9cd-fa35340dda65","2017-03-17","hackernews","title",0,4,7,2
"NVDA","7035cc44-1266-5298-b75e-798b7b106cc4","2025-07-16","hackernews","title",0,5,4,-2
"NVDA","81beb2ce-dd28-53e1-8711-6718373aad5b","2020-10-06","hackernews","title",0,6,3,1
"NVDA","9047bd81-9a75-5890-86bd-39cd8e281c73","2019-10-30","hackernews","title",0,6,2,0
"NVDA","9d815a08-cc85-5627-88f5-db1a71bcf09c","2016-10-10","hackernews","title",0,1,3,1
"NVDA","9dcedfa8-4291-50d2-96d2-4ae39fa86190","2020-08-20","hackernews","title",0,4,9,3
"NVDA","a831a777-9dbe-5a0f-b40f-122cccde6bb5","2023-08-07","hackernews","title",0,4,8,3
"NVDA","a8619173-bed3-515e-9597-9b60c25f290f","2020-10-06","hackernews","title",0,6,5,2
"NVDA","a9bdde78-2ecb-5e01-a2af-d89c4a8e71ed","2023-08-04","hackernews","title",0,4,6,2
"NVDA","aa2fc79b-321f-5921-b760-7da4054c7e2b","2019-06-06","hackernews","title",0,4,6,1
"NVDA","aa40d679-93a2-5a5f-b4f6-dedd655ee5bf","2020-12-07","hackernews","title",0,6,3,0
"NVDA","aa9514ee-3d63-561a-b20b-62aa06e3b278","2020-09-29","hackernews","title",0,4,4,1
"NVDA","b6876c7c-175f-5568-b551-6e980348fad6","2016-11-14","hackernews","title",0,2,5,1
"NVDA","ba38a9a4-9eb9-5401-a394-6b2c9688b72c","2018-12-03","hackernews","title",0,6,3,1
"NVDA","c33e322b-1490-5da1-9813-3257405b18a8","2017-08-25","hackernews","title",0,6,3,1
"NVDA","c361d5bd-57b7-5d60-940e-119ff5db028f","2016-05-23","hackernews","title",0,6,2,1
"NVDA","cac1c742-fe0d-58d8-b68f-c73b31d349b1","2025-04-24","hackernews","title",0,6,3,1
"NVDA","cf6823a8-9744-5e1a-b8f8-956bb9d7e9b6","2026-09-03","hackernews","title",0,1,6,2
"NVDA","cf6e9ca1-5ead-58fe-bbfd-d572d166fee5","2016-12-13","hackernews","title",0,4,6,2
"NVDA","d4995af9-8cbf-5eff-8bbe-d0da0480f00b","2022-06-04","hackernews","title",0,5,3,-1
"NVDA","d9a38679-8305-5e04-ae35-18f58b39284f","2026-06-01","hackernews","title",0,6,6,2
"NVDA","d9e39ca0-ebb4-5789-adfa-ecae5f89f9a9","2024-09-14","hackernews","title",0,5,6,-2
"NVDA","de25685d-268b-5d3b-a92c-18d90ae0c7b5","2016-03-23","hackernews","title",0,4,6,2
"NVDA","df841c10-748b-5266-8a61-9aa7f4b2969c","2018-06-18","hackernews","title",0,6,3,2
"NVDA","e0f073fd-8926-5e9f-a649-91761649cf46","2019-05-21","hackernews","title",0,6,3,1
"NVDA","e0ff3a8a-4a60-51eb-835d-e5523f0a2c70","2015-05-21","hackernews","title",0,4,6,2
"NVDA","e112a51f-1f17-5a9a-b53d-1fcc9f46f2fe","2024-12-30","hackernews","title",0,4,7,2
"NVDA","e1ae6244-830e-5904-a092-925736c779c4","2026-04-28","hackernews","title",0,2,5,0
"NVDA","e673b615-e4f4-54f5-963d-b4ce95839423","2018-05-31","hackernews","title",0,6,6,2
"NVDA","ab2ffa3c-f529-5c93-b08a-136e53c42d73","2017-12-29","hackernews","title",0,6,3,1
"NVDA","ec02a1ba-e5ef-50b0-b918-873eaa35e516","2019-12-25","hackernews","title",0,4,3,1
"NVDA","ed2b8cf7-e507-58c3-a89f-976154d86403","2022-06-09","hackernews","title",0,6,3,1
"NVDA","67649629-654d-5ac0-9ef1-8f155d412bb1","2017-07-28","hackernews","title",0,6,3,1
"NVDA","ed449b04-05a9-56aa-9eea-b38a3c208402","2018-09-14","hackernews","title",0,6,4,1
"NVDA","04081899-33dd-5171-8f79-6a0d7fc5ac8c","2020-11-03","hackernews","title",0,1,6,2
"NVDA","044dceb0-9a1f-5cfd-b56f-55d8cc8a9edc","2025-01-07","hackernews","title",0,6,7,3
"NVDA","0e90fb2f-ead4-57e6-bfa4-48afd9fc93c9","2017-09-24","hackernews","title",0,1,3,1
"NVDA","1c9ef840-e6da-5183-8d84-b278584dfa87","2019-07-13","hackernews","title",0,4,8,3
"NVDA","26bc6f88-8a69-5d6c-97a4-681b2847e598","2018-12-03","hackernews","title",0,6,3,1
"NVDA","2722d434-9a21-5705-b8f7-a8c1530f0bcf","2020-05-14","hackernews","title",0,6,7,2
"NVDA","3229250d-8923-5eb3-a84a-7dc253cceef2","2017-06-27","hackernews","title",0,1,5,2
"NVDA","323f6d1d-3af3-58ec-b008-df2e2ac9216a","2022-03-01","hackernews","title",0,6,3,-1
"NVDA","3427b1c5-a308-5228-bcc9-56fe4253383b","2026-02-20","hackernews","title",0,5,4,-2
"NVDA","3abfa8df-88e6-5eee-8dbd-c92d4d61fef0","2024-03-19","hackernews","title",0,6,6,2
"NVDA","3d25d5db-66b0-54e9-a407-b6e27fdf5751","2018-11-09","hackernews","title",0,6,3,1
"NVDA","e973d98e-42a9-5a6a-812c-3119e04c5ef6","2024-11-05","hackernews","title",0,5,4,-2
"NVDA","e9a05454-4901-5edd-ada0-7e46983ff9eb","2024-11-18","hackernews","title",0,5,5,-2
"NVDA","f09ba1a3-44a3-57ef-be19-fb88b16ff36a","2023-08-20","hackernews","title",0,5,4,-2
"NVDA","f0d6762e-faa2-5c5b-8afe-2a366514b330","2019-03-29","hackernews","title",0,4,8,3
"NVDA","f5c69cb6-dc2b-5802-9684-966ece037487","2019-03-19","hackernews","title",0,1,6,2
"NVDA","fe859215-f918-5e1e-bad7-4b46c4dc9c62","2019-04-03","hackernews","title",0,6,2,1
"NVDA","4783206d-3c0f-5a06-8a74-e102473fa0ff","2017-12-08","hackernews","title",0,6,5,2
"NVDA","4881d37c-1e3d-5359-828d-f2d3ccccbda1","2015-03-17","hackernews","title",0,6,4,1
"NVDA","4c92bf59-5e01-522b-b602-9b45f2783aab","2025-01-25","hackernews","title",0,5,7,-2
"NVDA","567eecf0-17d2-5d65-a76e-9c85650d19f2","2021-01-19","hackernews","title",0,5,6,-2
"NVDA","56ee494f-e15c-57c5-9ed3-346b08a30e44","2021-07-23","hackernews","title",0,4,3,1
"NVDA","585ace5e-8a4a-5838-9df9-469638d8684a","2016-01-07","hackernews","title",0,5,4,-2
"NVDA","588f0975-6941-5723-86be-3fbcb1497f36","2021-06-25","hackernews","title",0,6,3,1
"NVDA","621a34f6-69a2-5504-b72d-7c843051413b","2025-03-05","hackernews","title",0,6,4,1
"NVDA","627587d9-274b-5df1-9e31-0974f346554d","2025-05-01","hackernews","title",0,4,6,0
"NVDA","6532f726-6a42-5468-b286-f62a9c4c5105","2016-02-05","hackernews","title",0,4,4,2
"NVDA","69521e14-5f9a-5ceb-ae33-fd6349d72eb9","2024-06-13","hackernews","title",0,5,6,-2
"NVDA","6ec377e7-8e3c-5716-9341-870f340ad829","2021-02-19","hackernews","title",0,6,3,-1
"NVDA","7005c5f2-5da2-55a8-a3c3-fddb206f4e48","2020-11-23","hackernews","title",0,6,3,1
"NVDA","71f60bcc-590f-5be6-ae2d-f1ade5b3a652","2025-09-22","hackernews","title",0,1,10,3
"NVDA","721ddf14-591e-515a-aeab-a99c760ae9c3","2022-12-13","hackernews","title",0,4,6,2
"NVDA","7c7ed478-50fe-57b1-ae30-3ae3ec2f284b","2020-02-23","hackernews","title",0,6,2,0
"NVDA","7d2812f3-2eeb-50df-98aa-1d72547406eb","2026-08-21","hackernews","title",0,4,6,2
"NVDA","7d79360c-4ca6-53a0-9368-7b3b7bb5b946","2019-08-15","hackernews","title",0,6,4,1
"NVDA","8312a083-c21a-5d49-b3ab-4efcb2712823","2023-08-06","hackernews","title",0,6,4,1
"NVDA","85ed932f-8327-5c7c-bd3b-612875335d9f","2019-10-25","hackernews","title",0,6,5,2
"NVDA","8677b84b-294d-5511-95f7-7826c15c65ae","2026-04-05","hackernews","title",0,5,3,-2
"NVDA","8d7464d3-22ac-5a51-b2d7-8e1100aaffd3","2018-06-21","hackernews","title",0,6,5,2
"NVDA","8dd5e13a-ce90-5f2d-98a9-9ad2cbc2d3b3","2017-04-06","hackernews","title",0,1,5,2
"NVDA","8e3c208f-9b7c-522b-99c2-6c5bf737ce62","2023-07-06","hackernews","title",0,4,8,3
"NVDA","94d0a8e0-d987-5e73-a356-a2c66b26bff4","2023-04-19","hackernews","title",0,6,2,0
"NVDA","b251fa5e-dbd6-5e6d-a451-04ae54078f84","2016-08-15","hackernews","title",0,6,3,1
"NVDA","b5acc169-5853-507b-b941-a17ed408d28b","2015-05-26","hackernews","title",0,4,5,2
"NVDA","b5b7df3b-14bd-58ea-ac78-f26f317b75da","2021-03-15","hackernews","title",0,6,3,-1
"NVDA","bcb8643d-f396-5696-8d4b-4f463bc5508a","2021-05-18","hackernews","title",0,6,4,0
"NVDA","bd67b37d-02bb-5f54-b4cc-073e878390b1","2022-09-23","hackernews","title",0,6,6,2
"NVDA","ca54d11a-752e-56d1-be99-aa007bb7fd25","2024-01-26","hackernews","title",0,5,6,-2
"NVDA","cafb8dd2-1974-52c1-b6aa-c4426bad4800","2019-06-21","hackernews","title",0,4,6,2
"NVDA","cb172cc1-f6de-5b57-b285-de63b6a607f4","2019-11-18","hackernews","title",0,6,3,1
"NVDA","d0ca46fe-a55e-5d06-a7ac-d30496c5ba21","2021-10-28","hackernews","title",0,5,4,-2
"NVDA","d0dd04a8-8b0d-5a81-8ed4-37c9558d480f","2020-06-03","hackernews","title",0,4,6,2
"NVDA","d16acd16-98bd-5372-b075-2b1a6dee50d9","2016-06-29","hackernews","title",0,6,3,1
"NVDA","d83d3eda-f13b-59b9-925a-7ac88b4d3d1a","2019-08-14","hackernews","title",0,6,3,1
"NVDA","d96bf87b-1650-50e4-bbc7-dc00b08c991c","2022-08-24","hackernews","title",0,6,6,2
"NVDA","e47c810b-fda6-5fc2-8a5c-6ece206676c6","2022-05-11","hackernews","title",0,6,4,1
"NVDA","e496f380-c72e-5a35-89b3-2afc17871246","2022-09-21","hackernews","title",0,6,5,2
"NVDA","e4a29434-21f5-5bb3-a0d6-8d0d491939aa","2022-10-06","hackernews","title",0,6,3,0
"NVDA","10f51f07-a413-582f-9b0d-1591df796236","2017-08-23","sec_filing","10-Q",52,6,6,3
"NVDA","97e75168-0d6a-526d-8011-9cf9fd20ea6e","2016-08-23","sec_filing","10-Q",59,4,6,3
"NVDA","ded09a61-bb7d-5ef6-acb7-1d9af9f2d9f4","2023-12-04","hackernews","title",0,5,6,-2
"NVDA","def6d8ad-baa0-537c-a114-3b2889c36825","2015-08-09","hackernews","title",0,6,3,1
"NVDA","df0c7474-a1f4-59cf-bf00-d47d6314c8e5","2023-10-19","hackernews","title",0,1,6,2
"NVDA","797d5c39-f0b3-59bd-b624-d97a6eed18de","2016-11-11","hackernews","title",0,4,9,3
"NVDA","c1421ffc-71e1-5203-8740-01601755fd19","2026-02-02","hackernews","title",0,1,6,-2
"TEAM","2e3ebdd6-c645-50e4-b6b0-d7694deb9dff","2026-05-01","sec_filing","10-Q",102,6,4,0
"NVDA","179d4a6e-fd59-5d6d-91a7-1c3ecb1d3342","2025-08-27","sec_filing","10-Q",83,5,9,-3
"NVDA","8b314425-6f41-5b11-9d60-234e8806dd89","2016-04-05","hackernews","title",0,6,4,1
"TEAM","8a70658a-4569-5ce8-a1b7-889433e452c9","2026-02-06","sec_filing","10-Q",101,6,4,0
"NVDA","8d0b9476-3591-5c4d-99b4-23f3be3fc145","2017-06-27","hackernews","title",0,1,5,2
"NVDA","8d318217-6b26-506b-898b-c207374c652c","2021-04-07","hackernews","title",0,6,3,2
"INTC","a0f87f5f-47f1-5127-81c2-44ac0b715920","2025-11-06","sec_filing","10-Q",20,6,3,0
"NVDA","a60a24e3-8f75-519e-9099-9e44d1642064","2019-03-19","hackernews","title",0,6,3,1
"NVDA","a6259cde-67c3-5b42-85c5-260dd9c132c9","2017-11-20","hackernews","title",0,6,3,1
"NVDA","a88cca9a-5f32-50ac-ba8b-4d344c81c452","2025-09-21","hackernews","title",0,5,4,-2
"INTC","42ef4229-150e-5696-8180-ace1c129bc06","2024-04-25","sec_filing","10-Q",9,6,6,1
"MU","8bf594e4-ead8-50ea-b39c-04103f3bf3c8","2026-06-24","sec_filing","10-Q",125,4,3,0
"TEAM","09e53e56-9655-5b01-9328-be1a2e0f8757","2024-04-26","sec_filing","10-Q",99,5,3,-1
"NVDA","179d4a6e-fd59-5d6d-91a7-1c3ecb1d3342","2025-08-27","sec_filing","10-Q",75,5,6,-2
"INTC","5c1c0077-cc84-5b0d-aa79-23fe8552e1b6","2023-04-27","sec_filing","10-Q",9,4,5,-1
"TEAM","642dd329-c2f9-500a-87db-db76515798dd","2024-02-02","sec_filing","10-Q",100,5,3,-1
"NVDA","64d6f21e-3c6a-574f-a02f-11aad0542d7f","2015-05-20","sec_filing","10-Q",46,4,4,2
"TEAM","8a70658a-4569-5ce8-a1b7-889433e452c9","2026-02-06","sec_filing","10-Q",113,6,5,0
"NVDA","e0c35d06-f4cf-56d9-84a6-4049fd8c39a6","2025-11-19","sec_filing","10-Q",86,5,6,-2
"TEAM","8a70658a-4569-5ce8-a1b7-889433e452c9","2026-02-06","sec_filing","10-Q",112,6,6,0
"NVDA","452f2855-0328-5fdd-a2d6-cd4793fb1528","2018-08-16","sec_filing","10-Q",44,6,6,1
"MU","89fad4ec-160b-5090-bba4-56f33f5333d5","2025-06-25","sec_filing","10-Q",110,5,3,-1
"NVDA","90b395b7-3f9c-5a6c-8b91-0cb34cb8e472","2016-11-22","sec_filing","10-Q",59,4,8,3
"MU","6dc9cdff-931e-55e5-8da6-ded40cfd42a0","2024-12-18","sec_filing","10-Q",59,5,4,-1
"DELL","e5a3eb29-56c7-565c-991b-d105a0172f85","2025-06-10","sec_filing","10-Q",104,4,7,1
"ADBE","420cabe7-e6d5-5aab-a755-fd9d206825a8","2024-03-27","sec_filing","10-Q",112,5,5,-2
"NVDA","83cbc14a-2704-5d7e-9567-ddbce33572ed","2026-05-20","sec_filing","10-Q",73,5,5,-2
"TEAM","935b548e-a872-5c60-9f81-abdf52ac4495","2025-10-31","sec_filing","10-Q",132,5,5,-2
"DELL","9e589a58-bbcf-5f69-9dd6-acc6e4bbefc0","2023-09-12","sec_filing","10-Q",101,1,4,0
"TEAM","c6bc98fe-00c5-533f-929d-b7747a12ee65","2023-11-03","sec_filing","10-Q",90,5,5,-1
"NVDA","e0c35d06-f4cf-56d9-84a6-4049fd8c39a6","2025-11-19","sec_filing","10-Q",58,4,8,2
"NVDA","8d2cf62c-3276-5bb1-b4b7-95030265b7e5","2015-08-19","sec_filing","10-Q",54,4,6,2
"MU","18972ad4-afe3-5d27-97ae-a0007e3d0418","2025-12-17","sec_filing","10-Q",75,6,6,0
"INTC","7069b334-1e6f-57d9-ae2e-e86d13056a9f","2023-10-26","sec_filing","10-Q",8,6,6,2
"DELL","7d2c5140-50a2-5390-9b99-500265975c1b","2024-09-10","sec_filing","10-Q",96,4,6,2
"TEAM","8a70658a-4569-5ce8-a1b7-889433e452c9","2026-02-06","sec_filing","10-Q",66,6,5,1
"NVDA","3d4eda31-9fc2-5c41-9060-4ef7b8a79008","2024-08-28","sec_filing","10-Q",75,5,6,-2
"TEAM","09e53e56-9655-5b01-9328-be1a2e0f8757","2024-04-26","sec_filing","10-Q",204,3,4,-1
"DELL","a2e1c147-ad35-5225-a2ab-cfd6d7cf19c5","2026-09-08","sec_filing","10-Q",98,4,9,3
"NVDA","64d6f21e-3c6a-574f-a02f-11aad0542d7f","2015-05-20","sec_filing","10-Q",44,3,3,0
"DELL","9fc772f2-c925-549d-8063-dcd2d33be980","2024-12-10","sec_filing","10-Q",117,4,6,1
"ADBE","bb5aef7d-d99f-5639-841b-44188f435b0f","2025-09-24","sec_filing","10-Q",91,5,6,-2
"DELL","e5a3eb29-56c7-565c-991b-d105a0172f85","2025-06-10","sec_filing","10-Q",82,4,8,2
"TEAM","eb6c5321-e8d8-5586-a77b-28a5de2e0a0f","2025-01-31","sec_filing","10-Q",95,6,4,0
"TEAM","2e3ebdd6-c645-50e4-b6b0-d7694deb9dff","2026-05-01","sec_filing","10-Q",47,3,7,0
"MU","6dc9cdff-931e-55e5-8da6-ded40cfd42a0","2024-12-18","sec_filing","10-Q",102,5,4,-1
"INTC","9e99f294-c27a-552e-9f0c-2c8abccf5c38","2025-07-24","sec_filing","10-Q",78,3,6,0
"TEAM","66ca62af-3f3f-550c-ad56-8d816942b6d0","2026-08-14","sec_filing","10-K",14,1,5,1
"TEAM","66ca62af-3f3f-550c-ad56-8d816942b6d0","2026-08-14","sec_filing","10-K",12,6,7,2
"TEAM","66ca62af-3f3f-550c-ad56-8d816942b6d0","2026-08-14","sec_filing","10-K",10,6,8,2
"TEAM","66ca62af-3f3f-550c-ad56-8d816942b6d0","2026-08-14","sec_filing","10-K",8,6,7,2
"INTC","cf725de5-8ab8-59c3-839c-04fec97893b9","2025-04-24","sec_filing","10-Q",64,4,3,0
"MU","6dc9cdff-931e-55e5-8da6-ded40cfd42a0","2024-12-18","sec_filing","10-Q",104,5,3,-1
"INTC","6e7bdfc4-2692-5448-b0e1-92968ebd25e4","2026-04-23","sec_filing","10-Q",68,6,1,0
"MU","3b9e2e98-ce6f-53cf-b5ac-1b11e61fc11c","2023-12-21","sec_filing","10-Q",43,4,7,3
"ADBE","8c0d9753-029a-574b-a5f6-3c4090803969","2026-06-15","sec_filing","10-Q",100,3,4,-1
"NVDA","fdca90ae-9ba5-56f0-b06a-e71c4e06e3ed","2019-11-14","sec_filing","10-Q",57,4,6,1
"NVDA","8b98b892-759b-5244-89aa-3470503fab29","2026-08-26","sec_filing","10-Q",79,5,6,-1
"TEAM","935b548e-a872-5c60-9f81-abdf52ac4495","2025-10-31","sec_filing","10-Q",94,6,5,0
"DELL","a2e1c147-ad35-5225-a2ab-cfd6d7cf19c5","2026-09-08","sec_filing","10-Q",101,4,9,3
"NVDA","48b9f120-88e0-5ea5-84c1-e8b2ebfc2c2c","2024-05-29","sec_filing","10-Q",81,5,8,-2
"INTC","42ef4229-150e-5696-8180-ace1c129bc06","2024-04-25","sec_filing","10-Q",57,6,1,0
"TEAM","d9c907c9-e12c-50e1-9f28-2bfdc2488752","2025-05-02","sec_filing","10-Q",199,3,4,-1
"DELL","e71520d1-becb-5a71-a4a2-255302b18e56","2026-06-09","sec_filing","10-Q",120,5,6,-1
"TEAM","e23fad02-d262-5319-85d5-99c856d576f9","2024-11-01","sec_filing","10-Q",84,5,6,-2
"DELL","5166692b-6110-5fba-98dc-233e29dfe106","2025-12-09","sec_filing","10-Q",90,4,9,3
"ADBE","5a6f90f8-32e8-543d-9000-fde4a761254f","2024-09-25","sec_filing","10-Q",123,5,5,-2
"TEAM","642dd329-c2f9-500a-87db-db76515798dd","2024-02-02","sec_filing","10-Q",158,5,3,-1
"TEAM","8a70658a-4569-5ce8-a1b7-889433e452c9","2026-02-06","sec_filing","10-Q",58,1,6,1
"TEAM","8a70658a-4569-5ce8-a1b7-889433e452c9","2026-02-06","sec_filing","10-Q",98,5,5,-1
"TEAM","935b548e-a872-5c60-9f81-abdf52ac4495","2025-10-31","sec_filing","10-Q",78,5,5,-1
"TEAM","935b548e-a872-5c60-9f81-abdf52ac4495","2025-10-31","sec_filing","10-Q",86,5,5,-1
"NVDA","e0c35d06-f4cf-56d9-84a6-4049fd8c39a6","2025-11-19","sec_filing","10-Q",79,4,6,0
"INTC","2cae0a09-b50c-5430-a1ca-99edd1790d32","2024-08-01","sec_filing","10-Q",79,4,3,-1
"MU","8bf594e4-ead8-50ea-b39c-04103f3bf3c8","2026-06-24","sec_filing","10-Q",48,4,10,3
"NVDA","30c12e12-584a-5efa-93e7-e5e8b01ff7b2","2018-05-22","sec_filing","10-Q",38,6,4,1
"MU","89fad4ec-160b-5090-bba4-56f33f5333d5","2025-06-25","sec_filing","10-Q",71,4,7,2
"DELL","acbb66e2-056e-5430-b3df-78127fcc301e","2023-12-08","sec_filing","10-Q",101,1,4,1
"TEAM","2e3ebdd6-c645-50e4-b6b0-d7694deb9dff","2026-05-01","sec_filing","10-Q",115,6,5,0
"MU","26dddcfe-6009-5f3b-b9d9-a0130b601087","2024-06-27","sec_filing","10-Q",101,5,4,-2
"INTC","5c1c0077-cc84-5b0d-aa79-23fe8552e1b6","2023-04-27","sec_filing","10-Q",52,6,1,0
"NVDA","8efe5467-d363-5169-8fcd-ec221a07fc09","2021-05-26","sec_filing","10-Q",49,6,6,2
"ADBE","ca76717a-8375-5641-be67-d0dcd0150578","2024-06-26","sec_filing","10-Q",60,6,6,2
"NVDA","dd418d07-8f0b-557b-bf12-220b13e39d03","2025-05-28","sec_filing","10-Q",39,4,8,2
"NVDA","68860c45-5a25-5694-9d70-c116f5062adc","2018-11-15","sec_filing","10-Q",54,4,7,3
"INTC","7b27af06-7691-5a92-b21a-d5d5eac241e0","2022-10-27","sec_filing","10-Q",70,4,6,-1
"DELL","7d2c5140-50a2-5390-9b99-500265975c1b","2024-09-10","sec_filing","10-Q",116,4,7,2
"DELL","9e589a58-bbcf-5f69-9dd6-acc6e4bbefc0","2023-09-12","sec_filing","10-Q",95,6,6,1
"INTC","e4ddc43e-569a-5b29-ad13-f05a5cabb599","2023-07-27","sec_filing","10-Q",24,1,5,0
"MU","26dddcfe-6009-5f3b-b9d9-a0130b601087","2024-06-27","sec_filing","10-Q",51,4,8,3
"DELL","7d2c5140-50a2-5390-9b99-500265975c1b","2024-09-10","sec_filing","10-Q",92,4,6,2
"NVDA","97e75168-0d6a-526d-8011-9cf9fd20ea6e","2016-08-23","sec_filing","10-Q",51,6,5,2
"INTC","dcbd1a51-12fa-5a2b-9267-80ab17ddff40","2024-10-31","sec_filing","10-Q",79,4,4,1
"INTC","e4ddc43e-569a-5b29-ad13-f05a5cabb599","2023-07-27","sec_filing","10-Q",63,4,4,-1
"NVDA","1d93d9be-e915-5ae3-8655-4798dd9f5ebc","2016-05-25","sec_filing","10-Q",45,6,3,0
"TEAM","eb6c5321-e8d8-5586-a77b-28a5de2e0a0f","2025-01-31","sec_filing","10-Q",87,5,3,-1
"TEAM","8a70658a-4569-5ce8-a1b7-889433e452c9","2026-02-06","sec_filing","10-Q",147,5,4,-1
"NVDA","c47c1879-47b3-56b0-98e6-40c5bafb2a92","2017-11-21","sec_filing","10-Q",53,4,6,2
"INTC","d77e8b48-423a-5804-8ac0-befd32128d10","2017-07-27","sec_filing","10-Q",74,1,2,0
"NVDA","68860c45-5a25-5694-9d70-c116f5062adc","2018-11-15","sec_filing","10-Q",45,6,4,1
"ADBE","420cabe7-e6d5-5aab-a755-fd9d206825a8","2024-03-27","sec_filing","10-Q",101,3,4,-1
"TEAM","2e3ebdd6-c645-50e4-b6b0-d7694deb9dff","2026-05-01","sec_filing","10-Q",149,5,3,-1
"MU","24c6c1e8-4c8a-59ff-970e-0a03635dec0a","2024-03-21","sec_filing","10-Q",97,5,3,-2
"MU","22afdd6c-069b-52e0-8530-9b4cab83b2bd","2026-03-18","sec_filing","10-Q",105,5,3,-1
"NVDA","1d93d9be-e915-5ae3-8655-4798dd9f5ebc","2016-05-25","sec_filing","10-Q",46,4,4,1
"ADBE","5a6f90f8-32e8-543d-9000-fde4a761254f","2024-09-25","sec_filing","10-Q",112,3,4,-1
"DELL","e71520d1-becb-5a71-a4a2-255302b18e56","2026-06-09","sec_filing","10-Q",96,4,8,3
"NVDA","357502b8-18e4-58ad-84b7-e370f45ddb8a","2019-05-16","sec_filing","10-Q",44,4,6,1
"MU","89fad4ec-160b-5090-bba4-56f33f5333d5","2025-06-25","sec_filing","10-Q",88,6,5,0
"NVDA","8b98b892-759b-5244-89aa-3470503fab29","2026-08-26","sec_filing","10-Q",95,5,8,-2
"TEAM","2e3ebdd6-c645-50e4-b6b0-d7694deb9dff","2026-05-01","sec_filing","10-Q",110,5,6,-2
"MU","22afdd6c-069b-52e0-8530-9b4cab83b2bd","2026-03-18","sec_filing","10-Q",58,6,7,2
"NVDA","ffaeb671-975f-54d2-badf-6bd89649c168","2023-11-21","sec_filing","10-Q",95,5,8,-2
"INTC","438d88e5-00f6-5108-b55f-5c76c9934756","2022-07-28","sec_filing","10-Q",68,1,1,0
"NVDA","8b98b892-759b-5244-89aa-3470503fab29","2026-08-26","sec_filing","10-Q",56,4,8,-1
"INTC","cf725de5-8ab8-59c3-839c-04fec97893b9","2025-04-24","sec_filing","10-Q",61,4,6,1
"INTC","7069b334-1e6f-57d9-ae2e-e86d13056a9f","2023-10-26","sec_filing","10-Q",65,4,4,-2
"NVDA","8b98b892-759b-5244-89aa-3470503fab29","2026-08-26","sec_filing","10-Q",67,4,7,2
"MU","89fad4ec-160b-5090-bba4-56f33f5333d5","2025-06-25","sec_filing","10-Q",122,5,3,-1
"DELL","5166692b-6110-5fba-98dc-233e29dfe106","2025-12-09","sec_filing","10-Q",88,4,6,2
"MU","5c6ea7e9-cae8-5452-8108-0f49a37ec1bb","2025-03-20","sec_filing","10-Q",116,5,3,-1
"TEAM","8a70658a-4569-5ce8-a1b7-889433e452c9","2026-02-06","sec_filing","10-Q",141,5,4,-1
"INTC","c7e46d6c-e5d3-5d5d-956e-d49e9814c267","2022-04-28","sec_filing","10-Q",72,6,3,0
"TEAM","e23fad02-d262-5319-85d5-99c856d576f9","2024-11-01","sec_filing","10-Q",182,3,4,-1
"ADBE","29a93af3-cc2f-5907-8c25-15346aefce77","2026-03-25","sec_filing","10-Q",84,5,5,-2
"NVDA","3d4eda31-9fc2-5c41-9060-4ef7b8a79008","2024-08-28","sec_filing","10-Q",55,4,9,3
"TEAM","eb6c5321-e8d8-5586-a77b-28a5de2e0a0f","2025-01-31","sec_filing","10-Q",129,5,4,-2
"TEAM","2e3ebdd6-c645-50e4-b6b0-d7694deb9dff","2026-05-01","sec_filing","10-Q",107,5,4,-1
"NVDA","452f2855-0328-5fdd-a2d6-cd4793fb1528","2018-08-16","sec_filing","10-Q",50,4,5,2
"TEAM","8a70658a-4569-5ce8-a1b7-889433e452c9","2026-02-06","sec_filing","10-Q",106,5,4,-1
"ADBE","8c0d9753-029a-574b-a5f6-3c4090803969","2026-06-15","sec_filing","10-Q",95,5,5,-2
"DELL","e71520d1-becb-5a71-a4a2-255302b18e56","2026-06-09","sec_filing","10-Q",78,4,8,1
"INTC","a0f87f5f-47f1-5127-81c2-44ac0b715920","2025-11-06","sec_filing","10-Q",94,4,6,1
"ADBE","8c0d9753-029a-574b-a5f6-3c4090803969","2026-06-15","sec_filing","10-Q",57,6,8,2
"NVDA","8b98b892-759b-5244-89aa-3470503fab29","2026-08-26","sec_filing","10-Q",80,5,7,-2
"DELL","9fc772f2-c925-549d-8063-dcd2d33be980","2024-12-10","sec_filing","10-Q",95,4,7,2
"NVDA","0f2aa708-c790-5251-a13c-b3196a31fc06","2024-11-20","sec_filing","10-Q",75,5,6,-2
"NVDA","23109a2b-2335-5f3e-b1fb-a4c3d399dce4","2012-11-19","sec_filing","10-Q",52,6,3,0
"MU","5c6ea7e9-cae8-5452-8108-0f49a37ec1bb","2025-03-20","sec_filing","10-Q",104,5,3,-1
"INTC","6e7bdfc4-2692-5448-b0e1-92968ebd25e4","2026-04-23","sec_filing","10-Q",47,5,6,-2
"TEAM","8a70658a-4569-5ce8-a1b7-889433e452c9","2026-02-06","sec_filing","10-Q",108,5,6,-2
"ADBE","36d6aa15-6189-56df-94f1-577f30a9857b","2025-03-26","sec_filing","10-Q",85,5,3,-2
"INTC","2d32eae1-b5b5-5684-b425-171b76985d0d","2019-10-24","sec_filing","10-Q",63,4,4,1
"NVDA","ffaeb671-975f-54d2-badf-6bd89649c168","2023-11-21","sec_filing","10-Q",74,6,6,1
"NVDA","4131fc5a-c19e-53c1-9732-68ec067db168","2023-08-25","sec_filing","10-Q",74,5,5,-1
"NVDA","83cbc14a-2704-5d7e-9567-ddbce33572ed","2026-05-20","sec_filing","10-Q",72,5,5,-1
"INTC","c7e46d6c-e5d3-5d5d-956e-d49e9814c267","2022-04-28","sec_filing","10-Q",64,4,2,0
"MU","22afdd6c-069b-52e0-8530-9b4cab83b2bd","2026-03-18","sec_filing","10-Q",99,5,4,-1
"NVDA","48b9f120-88e0-5ea5-84c1-e8b2ebfc2c2c","2024-05-29","sec_filing","10-Q",44,6,6,1
"ADBE","5a6f90f8-32e8-543d-9000-fde4a761254f","2024-09-25","sec_filing","10-Q",57,6,7,2
"INTC","9e99f294-c27a-552e-9f0c-2c8abccf5c38","2025-07-24","sec_filing","10-Q",75,4,6,1
"NVDA","d217f4b1-f391-5895-bf80-d0ce63e17575","2021-11-20","sec_filing","10-Q",50,4,4,0
"INTC","dcbd1a51-12fa-5a2b-9267-80ab17ddff40","2024-10-31","sec_filing","10-Q",90,4,5,1
"DELL","e71520d1-becb-5a71-a4a2-255302b18e56","2026-06-09","sec_filing","10-Q",74,4,9,3
"MU","18972ad4-afe3-5d27-97ae-a0007e3d0418","2025-12-17","sec_filing","10-Q",77,4,8,1
"INTC","2cae0a09-b50c-5430-a1ca-99edd1790d32","2024-08-01","sec_filing","10-Q",66,6,2,0
"TEAM","642dd329-c2f9-500a-87db-db76515798dd","2024-02-02","sec_filing","10-Q",109,5,6,-2
"NVDA","877ecd2f-2639-57e6-80e4-48e9a8b0126f","2015-11-18","sec_filing","10-Q",58,4,6,2
"INTC","e4ddc43e-569a-5b29-ad13-f05a5cabb599","2023-07-27","sec_filing","10-Q",9,4,6,2
"NVDA","3d4eda31-9fc2-5c41-9060-4ef7b8a79008","2024-08-28","sec_filing","10-Q",77,5,7,-1
"ADBE","36d6aa15-6189-56df-94f1-577f30a9857b","2025-03-26","sec_filing","10-Q",81,5,6,-2
"DELL","f0344c9f-1242-5b96-bcf3-9bfd6bd09a80","2025-09-08","sec_filing","10-Q",87,4,6,2
"INTC","42ef4229-150e-5696-8180-ace1c129bc06","2024-04-25","sec_filing","10-Q",66,5,5,-2
"DELL","5166692b-6110-5fba-98dc-233e29dfe106","2025-12-09","sec_filing","10-Q",87,4,6,2
"DELL","83c6596e-b469-5398-858c-3c6decb4c82e","2024-06-11","sec_filing","10-Q",103,4,7,-1
"NVDA","8b98b892-759b-5244-89aa-3470503fab29","2026-08-26","sec_filing","10-Q",54,4,9,3
"MU","8bf594e4-ead8-50ea-b39c-04103f3bf3c8","2026-06-24","sec_filing","10-Q",81,6,6,0
"TEAM","66ca62af-3f3f-550c-ad56-8d816942b6d0","2026-08-14","sec_filing","10-K",144,3,4,-1
"TEAM","66ca62af-3f3f-550c-ad56-8d816942b6d0","2026-08-14","sec_filing","10-K",147,5,3,-2
"TEAM","d9c907c9-e12c-50e1-9f28-2bfdc2488752","2025-05-02","sec_filing","10-Q",110,6,5,0
"ADBE","8c0d9753-029a-574b-a5f6-3c4090803969","2026-06-15","sec_filing","10-Q",88,5,6,-2
"NVDA","3d4eda31-9fc2-5c41-9060-4ef7b8a79008","2024-08-28","sec_filing","10-Q",97,5,9,-3
"TEAM","2e3ebdd6-c645-50e4-b6b0-d7694deb9dff","2026-05-01","sec_filing","10-Q",155,5,4,-2
"INTC","42ef4229-150e-5696-8180-ace1c129bc06","2024-04-25","sec_filing","10-Q",64,6,4,0
"DELL","83c6596e-b469-5398-858c-3c6decb4c82e","2024-06-11","sec_filing","10-Q",87,4,7,3
"NVDA","8b98b892-759b-5244-89aa-3470503fab29","2026-08-26","sec_filing","10-Q",87,5,9,-3
"TEAM","935b548e-a872-5c60-9f81-abdf52ac4495","2025-10-31","sec_filing","10-Q",131,5,5,-2
"TEAM","d9c907c9-e12c-50e1-9f28-2bfdc2488752","2025-05-02","sec_filing","10-Q",97,6,4,0
"TEAM","eb6c5321-e8d8-5586-a77b-28a5de2e0a0f","2025-01-31","sec_filing","10-Q",96,6,6,-1
"TEAM","935b548e-a872-5c60-9f81-abdf52ac4495","2025-10-31","sec_filing","10-Q",93,6,6,0
"DELL","cdfc47fc-a9cc-5c72-a330-4c221ebf96e4","2020-12-07","sec_filing","10-Q",119,6,5,1
"TEAM","e23fad02-d262-5319-85d5-99c856d576f9","2024-11-01","sec_filing","10-Q",77,5,5,-1
"TEAM","e23fad02-d262-5319-85d5-99c856d576f9","2024-11-01","sec_filing","10-Q",78,5,3,-1
"NVDA","ac520801-5b09-55aa-b5e1-12af581bc4ad","2023-01-27","hackernews","title",0,6,4,1
"NVDA","ee37879d-8bc7-55d8-9e13-a0be8eb65b4c","2018-07-11","hackernews","title",0,6,5,2
"NVDA","ee8917b1-f8d2-577f-9737-952b69a78ce6","2017-02-20","hackernews","title",0,4,4,1
"NVDA","0cdf4aa9-29b8-531c-bc3a-2f1adca19fce","2020-03-06","hackernews","title",0,5,4,-2
"NVDA","0ce957ee-1b4c-5565-be6e-a4337276d845","2023-05-13","hackernews","title",0,4,7,3
"NVDA","14c99c72-7f2c-5717-ad40-fd04bf2099d0","2021-05-12","hackernews","title",0,6,4,1
"NVDA","193f7430-9570-50f6-b048-3192bbaadde4","2018-07-29","hackernews","title",0,1,4,1
"NVDA","221e54cd-da0d-5582-b981-5754e2c901de","2023-02-26","hackernews","title",0,4,3,1
"NVDA","22571f1b-e9b5-5855-b750-a86828dc55a5","2020-04-06","hackernews","title",0,1,3,1
"NVDA","2b6b9391-6335-5c89-b7ad-327cbdcc3d37","2015-03-23","hackernews","title",0,6,2,1
"NVDA","3194bb8b-35dc-5ce6-a038-0cb90feaebb8","2018-02-20","hackernews","title",0,6,2,1
"NVDA","31a72e9d-d4a4-597c-8136-30e30b4dc9dc","2026-09-04","hackernews","title",0,1,6,2
"NVDA","36173e8b-00e7-5dbb-a709-fef6feb59447","2024-08-23","hackernews","title",0,4,5,2
"NVDA","3756bb12-ccc6-54a0-bca4-62568dc4ed60","2026-06-06","hackernews","title",0,6,4,1
"NVDA","fad9d32c-0258-598a-a898-bf7b2f90d289","2018-09-21","hackernews","title",0,4,4,1
"NVDA","fc7294d4-1c8a-5665-b310-c74ec35a9d47","2018-04-03","hackernews","title",0,4,7,2
"NVDA","47d9e278-0aeb-5bf2-a36b-16faa324a524","2023-12-18","hackernews","title",0,5,6,-2
"NVDA","4d5e4e9e-7a4c-5dce-bffe-791ffc7df6ce","2017-08-23","hackernews","title",0,4,3,1
"NVDA","4f942c60-d545-50b4-a48b-749fd76a84d5","2025-08-07","hackernews","title",0,4,5,2
"NVDA","50120048-0aeb-57ba-99a1-a6fe17ee065f","2016-08-16","hackernews","title",0,4,7,3
"NVDA","549fa421-e9a5-5fa6-857b-3e090e0ef5d9","2016-07-22","hackernews","title",0,6,3,1
"NVDA","5813318d-9e4e-5d2e-a45c-85b668b0355e","2020-10-05","hackernews","title",0,6,4,2
"NVDA","581b1da1-4a15-5f93-8dde-d70b494ffebe","2020-11-16","hackernews","title",0,6,7,3
"NVDA","5f440091-3ff7-572c-98ae-879b1962c182","2026-07-09","hackernews","title",0,6,3,1
"NVDA","61cbbe56-18ff-5043-bdc6-9e3bc223a11c","2017-02-28","hackernews","title",0,4,3,1
"NVDA","6f24559b-521d-56e7-9755-87f7adbdc8d2","2020-02-27","hackernews","title",0,4,5,2
"NVDA","7116c494-43c2-50a1-8d11-22778153c3c8","2015-11-13","hackernews","title",0,1,2,1
"NVDA","71abf5c6-818c-5279-ba43-fe0326ddef06","2016-05-27","hackernews","title",0,6,4,1
"NVDA","75e64520-60d2-5830-81c1-2248f491829a","2026-08-25","hackernews","title",0,5,6,-2
"NVDA","75fc03ee-4857-5444-83ca-e6df5e298a98","2020-10-13","hackernews","title",0,6,6,2
"NVDA","7fdba56b-ed16-51cb-a1ed-2533ca1ede54","2024-10-16","hackernews","title",0,6,6,2
"NVDA","820ae37d-3963-58a6-ac9a-f2591a308651","2015-01-07","hackernews","title",0,6,6,2
"NVDA","845834ee-3faf-5f2e-827e-efb4395ebf7e","2023-03-25","hackernews","title",0,6,6,2
"NVDA","88a7e905-8486-592f-82bf-8b373f2fa9a0","2019-11-07","hackernews","title",0,6,5,2
"NVDA","8a831345-c7eb-5b97-89e6-ab8ff44a5cb3","2016-09-13","hackernews","title",0,6,6,2
"NVDA","8d3f8e3b-418d-5090-9391-e68026eb9100","2017-08-28","hackernews","title",0,6,4,1
"NVDA","946d1139-ec1c-59c5-ad2f-99e02c6ec022","2026-05-07","hackernews","title",0,2,5,2
"NVDA","9472f85b-8a06-5bde-a6c0-fb84f2116cda","2017-10-26","hackernews","title",0,4,7,2
"NVDA","99a349cb-1971-5002-8ef0-a5c2194e6fe7","2026-04-15","hackernews","title",0,5,5,-2
"NVDA","99c133f0-0615-5d26-9034-b0d0a01352df","2017-01-06","hackernews","title",0,1,5,2
"NVDA","9eeebc2a-47c4-56fe-94cf-e1cd1e89ca66","2018-02-10","hackernews","title",0,4,8,3
"NVDA","b3c9f263-0e77-5e08-8818-45e54453bab9","2019-11-06","hackernews","title",0,6,5,2
"NVDA","b50a3f47-a589-59b5-aa3a-9b2dd10a2c80","2016-04-21","hackernews","title",0,6,7,2
"NVDA","b62dcf10-ea1d-56a1-96d2-a7abcbd92ee0","2019-12-19","hackernews","title",0,6,4,1
"NVDA","b81b40a0-c5c4-5a3f-ab72-4d209cb25061","2021-06-01","hackernews","title",0,6,4,1
"NVDA","bb7e9394-c2d5-5741-b280-03d77df29fa1","2016-09-28","hackernews","title",0,6,4,1
"NVDA","bb80cf83-4bc1-54f8-90bc-16e342444d20","2019-01-23","hackernews","title",0,6,4,2
"NVDA","c3e331c9-8877-5d19-85d5-86e0c5e34642","2024-09-28","hackernews","title",0,6,3,1
"NVDA","c5ca469f-231c-553f-bc46-b5923f613b66","2024-07-28","hackernews","title",0,4,7,2
"NVDA","c5db209b-d8e5-54da-8d5e-74505858abf0","2017-03-08","hackernews","title",0,6,4,1
"NVDA","c63df733-89e4-52f9-93c4-2c5f772328d1","2024-10-02","hackernews","title",0,6,5,2
"NVDA","c6679149-05d1-5034-b6a3-7775b3c9f7fc","2019-05-16","hackernews","title",0,6,3,1
"NVDA","d68946cb-1fe8-52fd-95f5-e3c56bce0d67","2017-10-04","hackernews","title",0,6,5,2
"NVDA","d6e8ef52-b5c1-555b-932d-af9a21251254","2017-07-10","hackernews","title",0,4,6,3
"NVDA","da958d54-6ff1-5632-ab81-f9a90e64bf83","2015-08-13","hackernews","title",0,1,3,1
"NVDA","dacfb7e5-ddb4-575f-a170-6f879e5f56f6","2025-04-04","hackernews","title",0,6,5,2
"NVDA","daf81d62-f0b0-5b87-892a-f17cf691a19d","2018-03-27","hackernews","title",0,5,4,-2
"NVDA","ebb2f801-ae71-5347-ac7c-8c4bd87e7b4c","2024-04-13","hackernews","title",0,6,4,-1
"NVDA","ad7941be-2a9a-557f-8759-54aa645d6c53","2026-03-05","hackernews","title",0,6,3,1
"NVDA","adaaa57a-a175-5273-93ba-060e78a40ea7","2016-06-28","hackernews","title",0,4,4,2
"NVDA","ad70ad5e-d0f5-59eb-8498-6bb500bfaccf","2016-03-16","sec_filing","10-K",131,4,6,1
"NVDA","04a70f05-8138-56ad-a5a8-5e57fcb560f0","2021-11-23","hackernews","title",0,6,3,1
"NVDA","085edfb3-c578-5172-a262-9a33a363e03d","2026-07-11","hackernews","title",0,1,8,0
"NVDA","08abd55f-bab9-50b5-9c40-4b7105569d8a","2023-10-18","hackernews","title",0,2,5,2
"NVDA","14412f2e-0b04-5844-97c1-e375e44aad61","2025-07-27","hackernews","title",0,6,4,1
"NVDA","16951b09-3725-593f-a6df-12c32e83a276","2025-10-20","hackernews","title",0,6,3,1
"NVDA","174c0014-d7c7-56bd-a398-2720664e5b10","2026-03-14","hackernews","title",0,5,7,-3
"NVDA","1862a7c4-bb8e-5651-9808-a85fee7d498e","2022-09-22","hackernews","title",0,6,5,2
"NVDA","1874f83d-5209-550e-b9bd-e5ff93673dbe","2015-07-24","hackernews","title",0,6,4,1
"NVDA","23b60657-8ce6-5665-8cad-47892f6476d2","2022-07-18","hackernews","title",0,6,3,1
"NVDA","2762784c-ee4c-55e1-beae-f3d34829ca47","2017-11-30","hackernews","title",0,1,3,1
"NVDA","277066fd-974c-5729-b74e-560b0bda1093","2024-11-07","hackernews","title",0,4,9,3
"NVDA","278b4e55-8811-525c-a45c-468566d0518d","2024-09-04","hackernews","title",0,5,7,-3
"NVDA","348de5e4-4825-570f-b41f-208f0b39c839","2019-11-28","hackernews","title",0,6,4,1
"NVDA","35749c8c-d85b-58a1-b182-45b992caa529","2020-11-16","hackernews","title",0,4,8,3
"NVDA","3583d6c0-47d3-5675-9439-16e9a39a5975","2016-04-05","hackernews","title",0,4,7,3
"NVDA","f284725c-ea50-5317-892c-fcd6b5064621","2017-05-12","hackernews","title",0,6,5,1
"NVDA","f87c400c-e6cc-54e4-8ef6-dc034aad87d7","2024-08-02","hackernews","title",0,4,6,2
"NVDA","f8e11b2e-5ac9-5390-9f22-95d319417786","2019-03-11","hackernews","title",0,1,7,2
"NVDA","f8e2853c-842e-5745-8bdc-b9a16d6b1ed6","2022-05-11","hackernews","title",0,6,3,1
"NVDA","fa0f330a-9262-5537-bf9b-89310ca70ffb","2019-06-17","hackernews","title",0,6,6,1
"NVDA","42d09084-a4e9-5daa-bd6f-37e0c7d81149","2023-07-30","hackernews","title",0,6,6,2
"NVDA","43d29003-3ad1-5234-ad9c-2e3a3a0b3f87","2022-04-20","hackernews","title",0,2,6,2
"NVDA","516f8756-03de-5a0d-9afd-ee65aac39ff9","2019-03-07","hackernews","title",0,4,4,2
"NVDA","517d7b41-f5df-5895-bef1-3124d1bab5d1","2025-01-07","hackernews","title",0,6,8,3
"NVDA","524aabda-bb46-5920-b56f-42f616927368","2024-04-18","hackernews","title",0,6,6,2
"NVDA","52500a3a-e4fc-53e2-babc-60a2fb21edc1","2022-01-10","hackernews","title",0,6,6,2
"NVDA","52d60f64-9f3b-52fb-80b3-ab8ace2701e0","2020-02-19","hackernews","title",0,4,6,2
"NVDA","628080bd-8403-5621-91c1-25ecd7255de4","2018-11-13","hackernews","title",0,1,5,2
"NVDA","62cff8ec-fe36-5384-aebd-1519941efbc7","2022-03-22","hackernews","title",0,6,6,2
"NVDA","7db81b1e-9b38-59bf-bbf7-46b885e30da3","2017-01-15","hackernews","title",0,6,3,1
"NVDA","7fc402c4-c304-5442-85af-d26f47a3bf4d","2021-06-23","hackernews","title",0,6,4,1
"NVDA","802d9245-1802-5ae6-af71-ab34f1c88b3a","2018-04-03","hackernews","title",0,6,6,2
"NVDA","803c0a1b-a958-56a4-93f8-3155931eb55d","2019-11-26","hackernews","title",0,6,4,1
"NVDA","87e257f4-9aad-50c4-b8c5-a23ed1044440","2024-04-24","hackernews","title",0,1,8,3
"NVDA","8a890a68-4da5-5af8-a10a-1d7da0e5106c","2016-06-27","hackernews","title",0,5,6,-2
"NVDA","8fc0f05d-0029-512b-b4fd-a12c672441d4","2023-09-10","hackernews","title",0,6,2,1
"NVDA","90892081-26d2-5b68-8443-0ee17305e3d3","2021-04-12","hackernews","title",0,6,8,3
"NVDA","90f663ee-85e8-56f9-af59-40f8648d0d3d","2016-09-23","hackernews","title",0,4,3,1
"NVDA","9e4889cd-213d-5fa9-82ce-5810e4874a13","2022-08-31","hackernews","title",0,5,8,-3
"NVDA","a0109c1a-e304-51ff-9c60-98713568f451","2023-05-29","hackernews","title",0,6,8,3
"NVDA","b3031274-e958-50f7-8d34-c4410927767c","2018-07-10","hackernews","title",0,6,3,1
"NVDA","b337e891-9cfc-54f3-a030-c489802205b2","2023-07-19","hackernews","title",0,1,5,2
"NVDA","b99a5c62-b419-51a3-8d5a-74d5b264e341","2015-01-05","hackernews","title",0,6,3,0
"NVDA","bd504b0f-7552-5d42-bcf8-6d75a74ef149","2026-03-09","hackernews","title",0,1,7,2
"NVDA","c7e0cec8-9ff8-5386-9c9a-9879d4e813ec","2017-01-13","hackernews","title",0,6,2,1
"NVDA","c7ea4583-6c73-585d-bd93-a5a50e80de3b","2021-02-25","hackernews","title",0,4,9,3
"NVDA","d5a78394-c875-53a6-8eee-bc03f9e49663","2020-01-04","hackernews","title",0,6,7,2
"NVDA","d6063d6e-98f8-5d2d-9b73-bae5df9f198c","2015-06-15","hackernews","title",0,6,3,1
"NVDA","dcf51a2f-9beb-5f4e-b086-97eeb1e32386","2021-08-12","hackernews","title",0,6,3,1
"NVDA","ddbd791e-a1d0-5885-92e3-573c4b897ac7","2015-08-21","hackernews","title",0,4,7,3
"NVDA","ddcb2f9d-0a7b-55b7-a324-2d61f6adcf01","2024-05-03","hackernews","title",0,4,5,1
"NVDA","e158a726-35c9-555b-9c9c-fce03d54340f","2019-03-18","hackernews","title",0,2,5,2
"NVDA","e161429b-917d-5af5-8d36-c22d98883a97","2021-12-01","hackernews","title",0,6,6,1
"NVDA","6574b3b8-4560-5501-b415-0163a055ea54","2016-01-05","hackernews","title",0,4,6,2
"NVDA","ec08d380-c621-5c96-ab5e-158507ae3353","2025-10-15","hackernews","title",0,6,5,0
"NVDA","acf777ca-b760-5eb8-88fa-63b4ae19bc13","2022-08-19","hackernews","title",0,6,7,2
"NVDA","65a9c46a-87fa-534d-8563-8541ff3038df","2023-04-10","hackernews","title",0,5,6,-1
"NVDA","f9104c4d-14fa-51e5-9ead-c1b6c72385ce","2017-06-20","hackernews","title",0,6,6,2
"NVDA","f967dd6e-8911-5102-898e-b926b8b9afc7","2020-09-18","hackernews","title",0,6,6,1
"NVDA","1358dd35-7af5-502c-b071-12dca9ee7e76","2017-09-29","hackernews","title",0,6,4,1
"NVDA","17fb1a1d-1906-570d-8989-463c1991bf28","2015-05-06","hackernews","title",0,6,5,2
"NVDA","1a962866-3732-5413-871f-34776ca2d15e","2017-06-17","hackernews","title",0,1,5,2
"NVDA","1ae0a63f-7621-545f-84c3-a9d32faee65e","2018-12-04","hackernews","title",0,6,3,1
"NVDA","1e5494b4-850c-5e1d-98b4-23baadd25f4b","2024-08-31","hackernews","title",0,5,8,-2
"NVDA","213cebdf-8ccc-5347-82ee-dd88a4a4522e","2015-03-18","hackernews","title",0,4,7,2
"NVDA","2484bed1-e205-5c32-b2df-01e3aa9d888d","2026-01-01","hackernews","title",0,5,4,-2
"NVDA","27af599b-14a3-5144-9592-5302446deafd","2022-08-19","hackernews","title",0,6,7,2
"NVDA","27ffa158-6345-5835-9245-520f1e7b9b30","2016-04-11","hackernews","title",0,1,4,1
"NVDA","2e241728-785a-5796-82b7-bd13de0e40ef","2025-06-23","hackernews","title",0,6,7,2
"NVDA","2f376b02-588e-5b32-ace4-a25a1a4d8e74","2019-09-27","hackernews","title",0,5,4,-2
"NVDA","31b1768f-021c-59ce-aae2-9a11b8c8368a","2015-11-10","hackernews","title",0,6,6,2
"NVDA","32d7f2e6-6c49-5755-976d-00c7c18a99ea","2024-10-08","hackernews","title",0,1,6,2
"NVDA","35279428-3dad-5f72-a2b2-a2e37cb9ec0e","2016-02-25","hackernews","title",0,6,6,2
"NVDA","3646eeb2-f686-578a-97c5-33538652c7ce","2023-05-06","hackernews","title",0,6,5,2
"NVDA","37f104e2-fcb1-564f-abe1-9dc9bcec602d","2023-07-12","hackernews","title",0,1,5,1
"NVDA","384246c7-cb9b-5654-bf73-352551f93347","2025-10-20","hackernews","title",0,2,7,2
"NVDA","385b0640-3931-52fa-a5a6-a7f71ebf8882","2022-06-08","hackernews","title",0,6,5,2
"NVDA","e8af010f-5b35-54fe-aae4-f38de3aa370d","2018-12-04","hackernews","title",0,6,5,2
"NVDA","e88d0549-f623-528f-aa21-a36f5dfcec50","2017-05-10","hackernews","title",0,6,5,2
"NVDA","fb657fb3-d938-587a-9f8b-24134f0ed76f","2025-01-10","hackernews","title",0,6,4,1
"NVDA","fbec4ece-59cb-536e-aad8-3aff2bf9d415","2023-04-28","hackernews","title",0,4,7,2
"NVDA","43700aa3-9135-5389-a94c-a559a9062654","2017-05-10","hackernews","title",0,4,7,2
"NVDA","448418de-4a0a-5c7e-b474-66e73d93813e","2020-05-14","hackernews","title",0,6,7,2
"NVDA","48f0587c-f5ce-5503-86d5-da16141239d6","2024-09-26","hackernews","title",0,6,5,2
"NVDA","4a162e36-c831-5dff-ab8a-699b66593bfb","2023-04-05","hackernews","title",0,5,6,-2
"NVDA","4a2e29ea-04b2-536b-8752-85935a272ae2","2019-05-01","hackernews","title",0,4,6,2
"NVDA","4a32d180-5505-5f61-8824-f42f4ce057d4","2016-08-16","hackernews","title",0,1,6,2
"NVDA","4bac5742-7086-5f0f-b174-81aec7dc027b","2017-10-02","hackernews","title",0,4,8,3
"NVDA","4bb72051-8049-534c-b83c-f0610fe7f7de","2025-04-01","hackernews","title",0,6,6,2
"NVDA","5a0a6ef2-4e01-5bc7-b28f-7c9851377a58","2020-09-01","hackernews","title",0,6,6,2
"NVDA","5a366b6f-39c5-575e-9585-f1a7ef6ed7ca","2021-11-12","hackernews","title",0,1,6,2
"NVDA","5c6ea4ee-eb68-51bb-91e9-dbdf892ca587","2023-03-26","hackernews","title",0,2,6,2
"NVDA","5c741009-45ce-5398-8dca-d8a22c061f8d","2019-04-02","hackernews","title",0,6,4,1
"NVDA","670152d8-9528-5a68-8098-1300b631cb3c","2023-09-08","hackernews","title",0,6,7,2
"NVDA","709c20c2-dc96-5277-9548-7e400246fdff","2023-05-24","hackernews","title",0,4,9,3
"NVDA","74ec7573-40c3-5b96-a71f-494c30308f00","2018-01-04","hackernews","title",0,6,3,1
"NVDA","7accba02-33b1-504f-a0cd-bd2cab423217","2024-07-09","hackernews","title",0,4,6,2
"NVDA","7f3e3af0-eabf-588f-b63c-c27676592cfe","2019-07-30","hackernews","title",0,6,4,1
"NVDA","82273a42-63d4-5a95-96b4-e2183621605a","2023-12-17","hackernews","title",0,5,6,-1
"NVDA","883bcada-b281-5484-a86b-957409efe4e7","2022-05-25","hackernews","title",0,6,5,1
"NVDA","901b1635-7e59-5504-8c93-738d9d450f99","2019-04-25","hackernews","title",0,4,5,2
"NVDA","9073c186-943c-5f8f-b0cb-109e9b1d64ba","2022-09-21","hackernews","title",0,6,4,2
"NVDA","92fd1556-b884-5e0c-88b0-21acda197600","2020-06-18","hackernews","title",0,6,3,1
"NVDA","94042e68-cfa8-5eb2-b65f-e61fc835ad73","2022-10-28","hackernews","title",0,1,3,1
"NVDA","942ebf67-abac-5a7c-afd9-7ac92b743a6d","2023-02-14","hackernews","title",0,4,7,3
"NVDA","989718f3-3646-5ea3-98ba-57df912387b9","2020-07-23","hackernews","title",0,4,6,2
"NVDA","9ab79c99-04ca-54de-90c7-e178415b6b18","2025-08-27","hackernews","title",0,4,9,3
"NVDA","9add26af-7baf-530d-8c7a-9fec9e58f009","2019-07-04","hackernews","title",0,6,5,1
"NVDA","a746a66d-493b-50c5-91b3-60aeae7c987e","2017-09-22","hackernews","title",0,4,6,2
"NVDA","ae24064e-0652-5b7b-a52c-0dfe413e4a6f","2025-10-15","hackernews","title",0,5,3,-2
"NVDA","b18e5bed-f6ae-50b4-bbd9-bfe62821751e","2023-09-04","hackernews","title",0,5,6,-1
"NVDA","c8bc91fd-a762-5be1-996a-fb72495330b3","2015-08-23","hackernews","title",0,1,2,0
"NVDA","cdbfa979-272f-554e-be26-2d5e24983b87","2015-11-11","hackernews","title",0,6,5,1
"NVDA","e2be811b-41f0-5a57-8714-024388750b20","2024-01-02","hackernews","title",0,6,3,1
"NVDA","e3cb007f-0262-5ed7-9572-be73e77b4416","2021-01-31","hackernews","title",0,6,3,1
"NVDA","e60e8654-1f6d-5c6b-bbd7-14a3e61781b9","2017-10-26","hackernews","title",0,1,6,2
"NVDA","e69f91a8-7899-5e5b-81d8-2616c1487e84","2019-09-05","hackernews","title",0,6,6,2
"NVDA","efea2192-e0a9-535d-8be6-ea55e482166e","2024-04-12","hackernews","title",0,6,3,-1
"NVDA","effdb137-be23-5c1e-a626-26d013b74ab9","2025-01-07","hackernews","title",0,6,7,2
"NVDA","b018567e-58e4-5306-8ae2-dd15f2bbd38f","2026-08-11","hackernews","title",0,6,6,2
"NVDA","f06690e2-76d8-5808-ae6d-59d8e91108a8","2024-12-10","hackernews","title",0,4,6,2
"ADBE","67f1af74-8b96-59cc-a62e-a931bcd3a1ca","2024-10-14","hackernews","title",0,4,7,2
"NVDA","0f48b256-ea5c-53b4-bfbc-fdbcfe987778","2019-11-19","hackernews","title",0,4,5,2
"NVDA","44c21a07-2407-5c94-a2a2-3c3eed952396","2022-09-08","hackernews","title",0,4,9,3
"NVDA","1b0d6173-f18d-5f1e-aa09-24a34f3b92df","2017-06-07","hackernews","title",0,4,3,1
"NVDA","1b462a19-05a4-526d-b57e-c2157030b280","2019-07-12","hackernews","title",0,6,3,1
"NVDA","1b758cd6-48cc-55be-9757-1228aa165106","2026-09-20","hackernews","title",0,6,3,0
"NVDA","1b8a54a6-f357-57e3-8ecb-de73e45a3f19","2024-08-02","hackernews","title",0,5,6,-2
"NVDA","21680541-d10c-5857-b4f6-87f318f87942","2021-11-25","hackernews","title",0,6,3,1
"CAT","4c789560-a4db-5046-ab85-36abcc67a1b7","2024-02-05","transcripts","earnings_call",7,4,6,2
"CAT","4c789560-a4db-5046-ab85-36abcc67a1b7","2024-02-05","transcripts","earnings_call",21,4,6,2
"NVDA","5976b944-8ef7-547d-aab3-33f7550c4fd3","2019-07-29","hackernews","title",0,5,5,-1
"NVDA","59a383aa-6e87-573f-a8f2-1eba86bb26a0","2019-03-13","hackernews","title",0,1,6,2
"NVDA","2c434563-354c-5d2e-813a-5d9f7c311d22","2023-12-06","hackernews","title",0,5,6,-2
"NVDA","2f8aca9f-774f-55a0-bca4-f479de4d008c","2020-03-22","hackernews","title",0,4,3,1
"NVDA","61193638-7429-52d6-8281-47aa425e8f49","2020-06-29","hackernews","title",0,1,5,1
"NVDA","88f3ee15-5a03-5e3e-936c-902f6f148668","2021-08-12","hackernews","title",0,6,4,1
"NVDA","6167ba32-d70f-5bf7-855c-f8ce445e5966","2026-07-19","hackernews","title",0,6,4,1
"ADBE","68706149-e192-575e-9bcc-0707335fd9fb","2021-09-29","sec_filing","10-Q",53,4,6,2
"NVDA","738bd022-51b6-5be0-be57-689f362d4be1","2025-11-18","hackernews","title",0,1,8,3
"CAT","8143bacc-dc27-5c6c-b3bc-82baf1791216","2023-10-31","transcripts","earnings_call",5,6,5,2
"NVDA","8e87f34a-0f02-5ba0-ab20-5a941c2ba80f","2020-10-06","hackernews","title",0,6,7,2
"NVDA","91649faa-8ec9-5e8f-9813-61dd2859daaf","2023-09-05","hackernews","title",0,6,8,3
"NVDA","9bbe951d-e7d7-5bfc-8b18-66f0fd187ab8","2026-03-11","hackernews","title",0,1,8,2
"NVDA","9e079c50-b532-5295-ab33-3903cf5420fd","2019-01-21","hackernews","title",0,4,5,1
"NVDA","a1a131e6-c964-5ae4-8735-1847e1176aca","2025-10-26","hackernews","title",0,6,5,1
"NVDA","a1af0e5a-36fd-58f1-808b-5f2cb34bc6a1","2017-01-05","hackernews","title",0,1,4,1
"NVDA","a223895d-2408-52d3-9fe7-d9e5d5fd8294","2021-06-20","hackernews","title",0,4,7,1
"NVDA","a49530ee-ebdd-5f78-bb7d-d22b5d8def56","2025-11-03","hackernews","title",0,1,4,2
"NVDA","a8e21a70-465d-56d9-8a0c-3dc420f0b7cb","2025-01-12","hackernews","title",0,6,2,0
"NVDA","b11eec88-6d43-59d1-aa78-ccc9407918d5","2026-01-16","hackernews","title",0,6,3,0
"NVDA","b35f3c28-f5bc-5935-94f0-8d29f79cf72b","2022-07-14","hackernews","title",0,6,3,0
"NVDA","bb0ca817-fe4d-5eac-a922-8c2da157c5e8","2022-12-01","hackernews","title",0,1,5,1
"NVDA","c6e361a5-7292-51f2-9487-bfd305d287e0","2019-02-28","hackernews","title",0,4,3,0
"NVDA","c766420b-4985-5bdb-bd9c-e92dd10c7b05","2023-11-13","hackernews","title",0,6,8,3
"NVDA","e59f9e36-7bc7-5bf8-ade3-6741b47996ea","2026-02-27","hackernews","title",0,1,7,2
"CAT","aae180f2-41be-5c71-8dfc-1e62e13a9051","2022-04-28","transcripts","earnings_call",6,4,3,1
"TEAM","66ca62af-3f3f-550c-ad56-8d816942b6d0","2026-08-14","sec_filing","10-K",157,6,6,2
"TEAM","66ca62af-3f3f-550c-ad56-8d816942b6d0","2026-08-14","sec_filing","10-K",158,1,5,2
"TEAM","66ca62af-3f3f-550c-ad56-8d816942b6d0","2026-08-14","sec_filing","10-K",159,3,7,1
"NVDA","68860c45-5a25-5694-9d70-c116f5062adc","2018-11-15","sec_filing","10-Q",41,4,5,1
"PG","485abed1-39c6-5ff4-a73a-08ead11bd275","2026-07-29","transcripts","earnings_call",6,6,4,0
"PG","485abed1-39c6-5ff4-a73a-08ead11bd275","2026-07-29","transcripts","earnings_call",10,2,5,2
"PG","485abed1-39c6-5ff4-a73a-08ead11bd275","2026-07-29","transcripts","earnings_call",11,6,5,2
"NVDA","68860c45-5a25-5694-9d70-c116f5062adc","2018-11-15","sec_filing","10-Q",48,4,6,2
"WM","d614e03e-10e1-5db8-b0a7-59d6dece6919","2025-01-30","transcripts","earnings_call",5,2,7,3
"WM","7e81daa6-acaf-5714-95a0-90334943d7dd","2021-10-26","transcripts","earnings_call",24,3,4,1
"PG","265af161-c9ec-59df-85df-637bd794d23e","2023-07-28","transcripts","earnings_call",17,2,5,2
"CAT","a548dc2c-3dd1-57d4-afb1-11fbad45ac82","2024-04-25","transcripts","earnings_call",6,4,6,2
"PG","d36ba29b-b659-550f-8c3e-3ad84d79e485","2022-07-29","transcripts","earnings_call",5,2,3,1
"WM","deab7534-211f-580d-b97a-68fee6262736","2026-04-29","transcripts","earnings_call",19,2,6,2
"CAT","940eeb1b-f939-562c-9288-3f91e4430633","2024-10-30","transcripts","earnings_call",5,4,6,2
"WM","32415855-6b41-5d68-97e1-c98ecf2b5cd6","2022-04-26","transcripts","earnings_call",35,2,4,2
"PG","938822b8-e97e-58cf-b02e-c13651c550dd","2026-01-22","transcripts","earnings_call",7,6,5,2
"WM","139f6385-dc59-550c-bf3f-cc2df1f64566","2017-04-26","transcripts","earnings_call",16,2,5,2
"WM","13eac0b9-10f8-559c-8f18-10b150935913","2026-07-29","transcripts","earnings_call",5,2,8,3
"WM","13eac0b9-10f8-559c-8f18-10b150935913","2026-07-29","transcripts","earnings_call",24,2,7,3
"WM","833ca294-f6b8-57ed-8014-97e018cae120","2017-10-26","transcripts","earnings_call",33,6,5,2
"WM","1ed73052-d27f-564a-ba56-a8fc3f9ec985","2019-04-25","transcripts","earnings_call",20,2,6,2
"WM","177c7571-8f3c-50cb-8f01-3bae0c1248f2","2017-07-26","transcripts","earnings_call",20,6,5,2
"WM","177c7571-8f3c-50cb-8f01-3bae0c1248f2","2017-07-26","transcripts","earnings_call",26,2,4,1
"NVDA","005cac55-8998-570a-b5a0-5cd5a186bd94","2023-05-29","hackernews","title",0,6,8,3
"NVDA","00d4b8ca-1f14-50fa-95a7-b25694c1622b","2025-03-18","hackernews","title",0,6,6,2
"NVDA","0169d825-72ab-5be7-93c2-06d984cf08fb","2024-06-14","hackernews","title",0,6,3,1
"NVDA","015ccea9-87af-5719-914a-a6b22962335b","2023-09-25","hackernews","title",0,6,6,2
"NVDA","02d447e6-1025-5e02-a58e-6cfbb9b23b7a","2021-11-16","hackernews","title",0,4,6,2
"NVDA","03a7de5d-09c7-5f73-9c86-ff0583f5473e","2024-02-23","hackernews","title",0,4,10,3
"NVDA","06afd9e3-0977-58fe-89ba-f1a10c7d0ca5","2019-04-22","hackernews","title",0,4,4,0
"NVDA","024c423e-0ffe-5c82-8589-aefcb5230f32","2020-05-21","sec_filing","10-Q",32,4,6,0
"NVDA","024c423e-0ffe-5c82-8589-aefcb5230f32","2020-05-21","sec_filing","10-Q",38,4,5,0
"NVDA","024c423e-0ffe-5c82-8589-aefcb5230f32","2020-05-21","sec_filing","10-Q",39,4,6,0
"NVDA","024c423e-0ffe-5c82-8589-aefcb5230f32","2020-05-21","sec_filing","10-Q",41,4,8,2
"NVDA","024c423e-0ffe-5c82-8589-aefcb5230f32","2020-05-21","sec_filing","10-Q",43,6,8,3
"NVDA","024c423e-0ffe-5c82-8589-aefcb5230f32","2020-05-21","sec_filing","10-Q",45,4,7,2
"NVDA","02e21f4b-026f-5de0-a372-ba1f2432cc80","2016-06-20","hackernews","title",0,6,6,2
"NVDA","06b9aa4e-dd85-508b-b095-f3c328621ed4","2017-04-06","hackernews","title",0,6,3,1
"NVDA","07327083-ddc3-546d-a3ff-800e5bd6d1f2","2015-05-06","hackernews","title",0,5,3,-2
"NVDA","08006f8a-d56e-5fc5-acdf-d15bba077be5","2019-11-16","hackernews","title",0,4,7,2
"MU","6dc9cdff-931e-55e5-8da6-ded40cfd42a0","2024-12-18","sec_filing","10-Q",86,4,6,1
"ADBE","bb5aef7d-d99f-5639-841b-44188f435b0f","2025-09-24","sec_filing","10-Q",121,5,4,-1
"NVDA","024c423e-0ffe-5c82-8589-aefcb5230f32","2020-05-21","sec_filing","10-Q",29,5,3,-1
"TEAM","09e53e56-9655-5b01-9328-be1a2e0f8757","2024-04-26","sec_filing","10-Q",149,5,4,-2
"ADBE","36d6aa15-6189-56df-94f1-577f30a9857b","2025-03-26","sec_filing","10-Q",111,5,4,-1
"DELL","a2e1c147-ad35-5225-a2ab-cfd6d7cf19c5","2026-09-08","sec_filing","10-Q",127,5,6,-1
"INTC","dcbd1a51-12fa-5a2b-9267-80ab17ddff40","2024-10-31","sec_filing","10-Q",83,5,5,-2
"TEAM","2e3ebdd6-c645-50e4-b6b0-d7694deb9dff","2026-05-01","sec_filing","10-Q",59,3,7,0
"INTC","42ef4229-150e-5696-8180-ace1c129bc06","2024-04-25","sec_filing","10-Q",26,4,6,1
"MU","5c6ea7e9-cae8-5452-8108-0f49a37ec1bb","2025-03-20","sec_filing","10-Q",55,4,8,2
"NVDA","4131fc5a-c19e-53c1-9732-68ec067db168","2023-08-25","sec_filing","10-Q",54,4,9,3
"INTC","7b27af06-7691-5a92-b21a-d5d5eac241e0","2022-10-27","sec_filing","10-Q",75,6,4,2
"MU","18972ad4-afe3-5d27-97ae-a0007e3d0418","2025-12-17","sec_filing","10-Q",112,5,3,-1
"NVDA","e0c35d06-f4cf-56d9-84a6-4049fd8c39a6","2025-11-19","sec_filing","10-Q",82,1,6,2
"TEAM","935b548e-a872-5c60-9f81-abdf52ac4495","2025-10-31","sec_filing","10-Q",89,5,6,-2
"NVDA","dd418d07-8f0b-557b-bf12-220b13e39d03","2025-05-28","sec_filing","10-Q",48,5,8,-2
"NVDA","179d4a6e-fd59-5d6d-91a7-1c3ecb1d3342","2025-08-27","sec_filing","10-Q",85,5,9,-3
"TEAM","2e3ebdd6-c645-50e4-b6b0-d7694deb9dff","2026-05-01","sec_filing","10-Q",65,2,6,0
"ADBE","5a6f90f8-32e8-543d-9000-fde4a761254f","2024-09-25","sec_filing","10-Q",98,5,5,-2
"INTC","dcbd1a51-12fa-5a2b-9267-80ab17ddff40","2024-10-31","sec_filing","10-Q",80,4,6,2
"NVDA","dd65594b-e27d-5f2e-9ba7-23c87bcc6d68","2021-08-20","sec_filing","10-Q",45,4,6,1
"NVDA","ffaeb671-975f-54d2-badf-6bd89649c168","2023-11-21","sec_filing","10-Q",53,4,8,3
"MU","24c6c1e8-4c8a-59ff-970e-0a03635dec0a","2024-03-21","sec_filing","10-Q",47,4,4,1
"TEAM","642dd329-c2f9-500a-87db-db76515798dd","2024-02-02","sec_filing","10-Q",181,5,3,-1
"NVDA","3d4eda31-9fc2-5c41-9060-4ef7b8a79008","2024-08-28","sec_filing","10-Q",85,5,7,-2
"INTC","42ef4229-150e-5696-8180-ace1c129bc06","2024-04-25","sec_filing","10-Q",62,4,6,2
"INTC","f04de089-f8bb-569c-a925-80759aca8430","2026-07-23","sec_filing","10-Q",4,6,4,0
"MU","18972ad4-afe3-5d27-97ae-a0007e3d0418","2025-12-17","sec_filing","10-Q",103,5,4,-1
"MU","22afdd6c-069b-52e0-8530-9b4cab83b2bd","2026-03-18","sec_filing","10-Q",106,5,4,-1
"NVDA","ffaeb671-975f-54d2-badf-6bd89649c168","2023-11-21","sec_filing","10-Q",100,5,8,-3
"ADBE","bb5aef7d-d99f-5639-841b-44188f435b0f","2025-09-24","sec_filing","10-Q",55,6,7,2
"INTC","2d32eae1-b5b5-5684-b425-171b76985d0d","2019-10-24","sec_filing","10-Q",7,6,3,1
"CAT","3c71f7c9-4ff7-5fa6-9f96-5cd25f1dcc2d","2025-11-03","sec_filing","10-Q",106,4,7,3
"CAT","846cf012-a668-5ba3-8c13-627631cf3851","2020-11-04","sec_filing","10-Q",63,6,4,1
"NVDA","6f604f3a-8799-5077-9f12-2124b4535a92","2020-11-18","sec_filing","10-Q",57,6,6,2
"ADBE","5a6f90f8-32e8-543d-9000-fde4a761254f","2024-09-25","sec_filing","10-Q",89,6,7,0
"MU","6dc9cdff-931e-55e5-8da6-ded40cfd42a0","2024-12-18","sec_filing","10-Q",37,4,8,3
"CAT","87640ebb-cb24-53d9-b80a-9b357b11e3d2","2024-11-06","sec_filing","10-Q",54,6,3,0
"MU","22afdd6c-069b-52e0-8530-9b4cab83b2bd","2026-03-18","sec_filing","10-Q",79,4,8,1
"NVDA","0f2aa708-c790-5251-a13c-b3196a31fc06","2024-11-20","sec_filing","10-Q",83,5,7,-2
"NVDA","179d4a6e-fd59-5d6d-91a7-1c3ecb1d3342","2025-08-27","sec_filing","10-Q",79,5,7,-2
"DELL","5166692b-6110-5fba-98dc-233e29dfe106","2025-12-09","sec_filing","10-Q",143,4,6,1
"CAT","87640ebb-cb24-53d9-b80a-9b357b11e3d2","2024-11-06","sec_filing","10-Q",100,4,6,2
"TEAM","8a70658a-4569-5ce8-a1b7-889433e452c9","2026-02-06","sec_filing","10-Q",207,3,4,0
"INTC","cf725de5-8ab8-59c3-839c-04fec97893b9","2025-04-24","sec_filing","10-Q",5,5,4,-1
"NVDA","357502b8-18e4-58ad-84b7-e370f45ddb8a","2019-05-16","sec_filing","10-Q",32,1,1,0
"DELL","83c6596e-b469-5398-858c-3c6decb4c82e","2024-06-11","sec_filing","10-Q",85,4,7,2
"NVDA","452f2855-0328-5fdd-a2d6-cd4793fb1528","2018-08-16","sec_filing","10-Q",49,6,4,2
"TEAM","2e3ebdd6-c645-50e4-b6b0-d7694deb9dff","2026-05-01","sec_filing","10-Q",160,4,5,0
"CAT","56f766b1-95c3-50ef-a5da-63bcfc6863b6","2024-08-07","sec_filing","10-Q",54,6,4,1
"MU","5c6ea7e9-cae8-5452-8108-0f49a37ec1bb","2025-03-20","sec_filing","10-Q",83,5,7,-1
"MU","89fad4ec-160b-5090-bba4-56f33f5333d5","2025-06-25","sec_filing","10-Q",89,4,8,1
"INTC","1564d106-97f2-5263-a090-55cd183dfc37","2020-04-23","sec_filing","10-Q",87,5,3,-1
"NVDA","8b98b892-759b-5244-89aa-3470503fab29","2026-08-26","sec_filing","10-Q",33,4,9,3
"TEAM","935b548e-a872-5c60-9f81-abdf52ac4495","2025-10-31","sec_filing","10-Q",186,3,5,-1
"MU","22afdd6c-069b-52e0-8530-9b4cab83b2bd","2026-03-18","sec_filing","10-Q",60,6,6,2
"NVDA","10f51f07-a413-582f-9b0d-1591df796236","2017-08-23","sec_filing","10-Q",50,4,8,3
"ADBE","567a601a-1fbc-5c44-810d-15d42f08b887","2019-06-26","sec_filing","10-Q",91,6,6,0
"NVDA","790fbad4-7837-5156-befc-507fccafb4ea","2014-11-19","sec_filing","10-Q",53,6,3,1
"INTC","f04de089-f8bb-569c-a925-80759aca8430","2026-07-23","sec_filing","10-Q",72,3,5,0
"CAT","75b97be9-b308-5831-8592-1cab58eb5bbc","2019-08-01","sec_filing","10-Q",76,6,4,1
"TEAM","8a70658a-4569-5ce8-a1b7-889433e452c9","2026-02-06","sec_filing","10-Q",99,5,5,-1
"ADBE","8c0d9753-029a-574b-a5f6-3c4090803969","2026-06-15","sec_filing","10-Q",93,5,7,-2
"MU","22afdd6c-069b-52e0-8530-9b4cab83b2bd","2026-03-18","sec_filing","10-Q",57,6,8,3
"ADBE","420cabe7-e6d5-5aab-a755-fd9d206825a8","2024-03-27","sec_filing","10-Q",84,5,7,-2
"DELL","83c6596e-b469-5398-858c-3c6decb4c82e","2024-06-11","sec_filing","10-Q",83,4,5,1
"NVDA","a420f2c3-69a0-53f5-8244-f45c4c97d86b","2022-08-31","sec_filing","10-Q",94,5,8,-2
"TEAM","8a70658a-4569-5ce8-a1b7-889433e452c9","2026-02-06","sec_filing","10-Q",107,5,7,-2
"ADBE","420cabe7-e6d5-5aab-a755-fd9d206825a8","2024-03-27","sec_filing","10-Q",80,5,6,-2
"ADBE","2428546f-c46a-5715-b20e-d92b839e3466","2022-03-30","sec_filing","10-Q",90,5,5,-2
"ADBE","5a6f90f8-32e8-543d-9000-fde4a761254f","2024-09-25","sec_filing","10-Q",91,5,6,-2
"DELL","83c6596e-b469-5398-858c-3c6decb4c82e","2024-06-11","sec_filing","10-Q",84,4,8,2
"NVDA","97e75168-0d6a-526d-8011-9cf9fd20ea6e","2016-08-23","sec_filing","10-Q",52,6,7,3
"NVDA","a420f2c3-69a0-53f5-8244-f45c4c97d86b","2022-08-31","sec_filing","10-Q",98,5,4,-2
"MU","8bf594e4-ead8-50ea-b39c-04103f3bf3c8","2026-06-24","sec_filing","10-Q",113,5,3,-1
"INTC","f04de089-f8bb-569c-a925-80759aca8430","2026-07-23","sec_filing","10-Q",20,1,3,0
"TEAM","eb6c5321-e8d8-5586-a77b-28a5de2e0a0f","2025-01-31","sec_filing","10-Q",97,6,7,-1
"NVDA","8b98b892-759b-5244-89aa-3470503fab29","2026-08-26","sec_filing","10-Q",66,4,8,1
"ADBE","8c0d9753-029a-574b-a5f6-3c4090803969","2026-06-15","sec_filing","10-Q",58,1,6,2
"MU","9d379ca7-a2ec-5906-ada3-e1241c8d23dd","2020-06-30","sec_filing","10-Q",4,4,4,1
"INTC","4d6bf63a-a3e9-5245-b586-439c3a46fb0a","2021-07-22","sec_filing","10-Q",68,6,5,1
"CAT","56f766b1-95c3-50ef-a5da-63bcfc6863b6","2024-08-07","sec_filing","10-Q",99,6,4,1
"ADBE","8c0d9753-029a-574b-a5f6-3c4090803969","2026-06-15","sec_filing","10-Q",91,5,5,-2
"CAT","d5426a43-4229-5409-95ad-d41235916f6e","2016-08-03","sec_filing","10-Q",78,6,4,1
"INTC","d77e8b48-423a-5804-8ac0-befd32128d10","2017-07-27","sec_filing","10-Q",67,4,3,1
"NVDA","dd65594b-e27d-5f2e-9ba7-23c87bcc6d68","2021-08-20","sec_filing","10-Q",51,4,9,3
"ADBE","29a93af3-cc2f-5907-8c25-15346aefce77","2026-03-25","sec_filing","10-Q",102,5,4,-1
"NVDA","452f2855-0328-5fdd-a2d6-cd4793fb1528","2018-08-16","sec_filing","10-Q",45,6,6,2
"NVDA","10f51f07-a413-582f-9b0d-1591df796236","2017-08-23","sec_filing","10-Q",55,4,8,3
"CAT","d4370f43-b315-56ae-b980-4a8030ca8d28","2020-05-06","sec_filing","10-Q",124,6,4,1
"NVDA","6dea71a9-92ed-53e9-88ad-abbe764fd676","2013-05-22","sec_filing","10-Q",54,6,5,1
"NVDA","7c3fe6f0-b2eb-5ed5-b83e-152b9a3d5155","2013-11-19","sec_filing","10-Q",60,6,5,1
"ADBE","29a93af3-cc2f-5907-8c25-15346aefce77","2026-03-25","sec_filing","10-Q",76,6,6,0
"MU","18972ad4-afe3-5d27-97ae-a0007e3d0418","2025-12-17","sec_filing","10-Q",64,5,4,0
"DELL","7d2c5140-50a2-5390-9b99-500265975c1b","2024-09-10","sec_filing","10-Q",97,4,6,2
"CAT","87640ebb-cb24-53d9-b80a-9b357b11e3d2","2024-11-06","sec_filing","10-Q",99,6,2,0
"INTC","8f60e02c-bcef-5306-a7b0-30be3576c8df","2021-04-22","sec_filing","10-Q",8,6,4,1
"DELL","cdfc47fc-a9cc-5c72-a330-4c221ebf96e4","2020-12-07","sec_filing","10-Q",125,1,3,1
"MU","5c6ea7e9-cae8-5452-8108-0f49a37ec1bb","2025-03-20","sec_filing","10-Q",51,6,5,1
"TEAM","2e3ebdd6-c645-50e4-b6b0-d7694deb9dff","2026-05-01","sec_filing","10-Q",67,6,6,1
"ADBE","5a6f90f8-32e8-543d-9000-fde4a761254f","2024-09-25","sec_filing","10-Q",56,4,7,2
"MU","6dc9cdff-931e-55e5-8da6-ded40cfd42a0","2024-12-18","sec_filing","10-Q",40,6,4,0
"NVDA","7c3fe6f0-b2eb-5ed5-b83e-152b9a3d5155","2013-11-19","sec_filing","10-Q",58,6,6,2
"CAT","c494b09d-ce8d-53be-af08-49b0a4ad2fff","2023-05-03","sec_filing","10-Q",80,6,3,1
"INTC","d2c9a3b6-b029-5283-a376-51d04b235960","2020-10-22","sec_filing","10-Q",67,1,2,0
"DELL","f0344c9f-1242-5b96-bcf3-9bfd6bd09a80","2025-09-08","sec_filing","10-Q",88,4,6,1
"NVDA","0f2aa708-c790-5251-a13c-b3196a31fc06","2024-11-20","sec_filing","10-Q",76,4,8,1
"NVDA","48b9f120-88e0-5ea5-84c1-e8b2ebfc2c2c","2024-05-29","sec_filing","10-Q",49,4,10,3
"MU","6dc9cdff-931e-55e5-8da6-ded40cfd42a0","2024-12-18","sec_filing","10-Q",70,4,8,3
"MU","89fad4ec-160b-5090-bba4-56f33f5333d5","2025-06-25","sec_filing","10-Q",72,4,6,2
"ADBE","b7e5f3e1-7aef-5223-a045-f0fdfe02411c","2022-06-29","sec_filing","10-Q",100,5,4,-1
"DELL","5166692b-6110-5fba-98dc-233e29dfe106","2025-12-09","sec_filing","10-Q",144,5,6,-1
"NVDA","70b70835-b4ba-5298-ab9f-53b4b95b7732","2022-05-27","sec_filing","10-Q",73,5,8,-2
"NVDA","83cbc14a-2704-5d7e-9567-ddbce33572ed","2026-05-20","sec_filing","10-Q",75,5,7,-2
"INTC","a0f87f5f-47f1-5127-81c2-44ac0b715920","2025-11-06","sec_filing","10-Q",5,5,4,-1
"TEAM","d9c907c9-e12c-50e1-9f28-2bfdc2488752","2025-05-02","sec_filing","10-Q",101,5,5,-2
"DELL","e5a3eb29-56c7-565c-991b-d105a0172f85","2025-06-10","sec_filing","10-Q",129,5,5,-1
"NVDA","f0d763b4-e75d-5149-8710-e24e7165ba90","2019-02-28","hackernews","title",0,4,8,2
"INTC","438d88e5-00f6-5108-b55f-5c76c9934756","2022-07-28","sec_filing","10-Q",78,6,6,0
"MU","18972ad4-afe3-5d27-97ae-a0007e3d0418","2025-12-17","sec_filing","10-Q",57,6,8,2
"DELL","28be960e-e47b-523c-b64f-42f3fecd6fa6","2020-09-04","sec_filing","10-Q",123,2,3,1
"NVDA","97e75168-0d6a-526d-8011-9cf9fd20ea6e","2016-08-23","sec_filing","10-Q",49,6,4,1
"PG","d17e0c2c-6566-516d-817d-d612f4b118bf","2024-10-18","sec_filing","10-Q",33,5,3,0
"MU","34aba5d0-58da-5781-83dd-b6c84c37e428","2023-03-29","sec_filing","10-Q",52,1,3,0
"TEAM","2e3ebdd6-c645-50e4-b6b0-d7694deb9dff","2026-05-01","sec_filing","10-Q",108,6,7,-1
"INTC","87f16f76-92b0-5a9a-9557-9ce64d373138","2018-04-26","sec_filing","10-Q",6,4,5,1
"TEAM","935b548e-a872-5c60-9f81-abdf52ac4495","2025-10-31","sec_filing","10-Q",87,5,7,-2
"NVDA","c47c1879-47b3-56b0-98e6-40c5bafb2a92","2017-11-21","sec_filing","10-Q",45,4,6,2
"TEAM","eb6c5321-e8d8-5586-a77b-28a5de2e0a0f","2025-01-31","sec_filing","10-Q",193,3,4,-1
"ADBE","420cabe7-e6d5-5aab-a755-fd9d206825a8","2024-03-27","sec_filing","10-Q",81,5,6,-1
"CAT","50acd58e-83ef-5dd9-b3df-2b3f4e6b9ff5","2024-05-01","sec_filing","10-Q",83,4,6,3
"ADBE","5a6f90f8-32e8-543d-9000-fde4a761254f","2024-09-25","sec_filing","10-Q",92,5,6,-1
"NVDA","8b98b892-759b-5244-89aa-3470503fab29","2026-08-26","sec_filing","10-Q",58,1,8,1
"NVDA","a61d18b2-ea5b-5473-8c75-9df8dd2877ac","2014-05-21","sec_filing","10-Q",58,4,4,2
"NVDA","c47c1879-47b3-56b0-98e6-40c5bafb2a92","2017-11-21","sec_filing","10-Q",55,4,5,2
"ADBE","36d6aa15-6189-56df-94f1-577f30a9857b","2025-03-26","sec_filing","10-Q",49,6,8,2
"ADBE","36d6aa15-6189-56df-94f1-577f30a9857b","2025-03-26","sec_filing","10-Q",100,5,5,-1
"NVDA","0f2aa708-c790-5251-a13c-b3196a31fc06","2024-11-20","sec_filing","10-Q",73,4,7,1
"MU","40460067-6394-5998-b0eb-74edd360e0cf","2023-06-29","sec_filing","10-Q",72,4,6,2
"NVDA","29c22484-f9e5-5b9a-a623-0366882d14cd","2019-08-15","sec_filing","10-Q",42,4,6,2
"MU","5c6ea7e9-cae8-5452-8108-0f49a37ec1bb","2025-03-20","sec_filing","10-Q",124,5,4,-1
"MU","5c6ea7e9-cae8-5452-8108-0f49a37ec1bb","2025-03-20","sec_filing","10-Q",50,4,6,2
"NVDA","a61d18b2-ea5b-5473-8c75-9df8dd2877ac","2014-05-21","sec_filing","10-Q",78,6,5,0
"DELL","5166692b-6110-5fba-98dc-233e29dfe106","2025-12-09","sec_filing","10-Q",95,4,7,2
"CAT","56f766b1-95c3-50ef-a5da-63bcfc6863b6","2024-08-07","sec_filing","10-Q",100,4,6,3
"INTC","7b27af06-7691-5a92-b21a-d5d5eac241e0","2022-10-27","sec_filing","10-Q",74,6,5,0
"DELL","4f6b23bd-f5b6-5b36-9c1f-e873dd71ed4e","2021-06-07","sec_filing","10-Q",98,6,6,1
"NVDA","64145f2b-5d8e-5f42-99f6-74af479f28a6","2014-08-20","sec_filing","10-Q",51,6,3,0
"NVDA","790fbad4-7837-5156-befc-507fccafb4ea","2014-11-19","sec_filing","10-Q",54,6,3,0
"TEAM","8a70658a-4569-5ce8-a1b7-889433e452c9","2026-02-06","sec_filing","10-Q",158,4,5,0
"TEAM","935b548e-a872-5c60-9f81-abdf52ac4495","2025-10-31","sec_filing","10-Q",46,6,6,1
"NVDA","a82c94b1-d722-5d79-9a3e-0f0b77289bfa","2022-11-18","sec_filing","10-Q",47,5,6,-1
"ADBE","36d6aa15-6189-56df-94f1-577f30a9857b","2025-03-26","sec_filing","10-Q",82,5,7,-2
"TEAM","09e53e56-9655-5b01-9328-be1a2e0f8757","2024-04-26","sec_filing","10-Q",141,5,5,-2
"NVDA","4131fc5a-c19e-53c1-9732-68ec067db168","2023-08-25","sec_filing","10-Q",91,5,8,-3
"NVDA","64d6f21e-3c6a-574f-a02f-11aad0542d7f","2015-05-20","sec_filing","10-Q",41,6,5,1
"MU","18972ad4-afe3-5d27-97ae-a0007e3d0418","2025-12-17","sec_filing","10-Q",55,6,8,2
"NVDA","3d4eda31-9fc2-5c41-9060-4ef7b8a79008","2024-08-28","sec_filing","10-Q",78,5,7,-1
"DELL","e71520d1-becb-5a71-a4a2-255302b18e56","2026-06-09","sec_filing","10-Q",75,6,7,1
"NVDA","8b98b892-759b-5244-89aa-3470503fab29","2026-08-26","sec_filing","10-Q",83,5,5,-2
"DELL","9fc772f2-c925-549d-8063-dcd2d33be980","2024-12-10","sec_filing","10-Q",99,4,6,2
"ADBE","29a93af3-cc2f-5907-8c25-15346aefce77","2026-03-25","sec_filing","10-Q",79,5,5,-2
"NVDA","1d93d9be-e915-5ae3-8655-4798dd9f5ebc","2016-05-25","sec_filing","10-Q",47,4,6,2
"NVDA","357502b8-18e4-58ad-84b7-e370f45ddb8a","2019-05-16","sec_filing","10-Q",49,4,6,1
"INTC","e4ddc43e-569a-5b29-ad13-f05a5cabb599","2023-07-27","sec_filing","10-Q",21,1,3,0
"TEAM","09e53e56-9655-5b01-9328-be1a2e0f8757","2024-04-26","sec_filing","10-Q",140,5,5,-1
"INTC","7069b334-1e6f-57d9-ae2e-e86d13056a9f","2023-10-26","sec_filing","10-Q",21,1,3,0
"MU","9d379ca7-a2ec-5906-ada3-e1241c8d23dd","2020-06-30","sec_filing","10-Q",61,4,4,1
"TEAM","e23fad02-d262-5319-85d5-99c856d576f9","2024-11-01","sec_filing","10-Q",90,5,4,-2
"NVDA","23109a2b-2335-5f3e-b1fb-a4c3d399dce4","2012-11-19","sec_filing","10-Q",53,6,4,1
"INTC","7069b334-1e6f-57d9-ae2e-e86d13056a9f","2023-10-26","sec_filing","10-Q",63,4,6,-1
"MU","8bf594e4-ead8-50ea-b39c-04103f3bf3c8","2026-06-24","sec_filing","10-Q",60,6,9,3
"DELL","9fc772f2-c925-549d-8063-dcd2d33be980","2024-12-10","sec_filing","10-Q",144,2,6,0
"INTC","dcbd1a51-12fa-5a2b-9267-80ab17ddff40","2024-10-31","sec_filing","10-Q",23,1,3,0
"MU","40460067-6394-5998-b0eb-74edd360e0cf","2023-06-29","sec_filing","10-Q",56,6,4,0
"CAT","25bada2a-1fd3-5cea-b32b-b256c5f67ed9","2025-08-06","sec_filing","10-Q",55,6,3,0
"DELL","434ddf54-e998-54d8-b409-d7e05831add1","2025-02-27","transcripts","earnings_call",10,4,6,0
"MU","22afdd6c-069b-52e0-8530-9b4cab83b2bd","2026-03-18","sec_filing","10-Q",71,5,6,-1
"NVDA","29c22484-f9e5-5b9a-a623-0366882d14cd","2019-08-15","sec_filing","10-Q",50,4,6,1
"NVDA","ffaeb671-975f-54d2-badf-6bd89649c168","2023-11-21","sec_filing","10-Q",96,5,8,-3
"CAT","80659b9f-7058-5538-9d36-2ae5d2dbc2ab","2025-05-07","sec_filing","10-Q",82,4,5,2
"DELL","f0344c9f-1242-5b96-bcf3-9bfd6bd09a80","2025-09-08","sec_filing","10-Q",137,2,7,1
"DELL","f1644843-cd02-578d-9a38-18b35ed59abd","2019-09-09","sec_filing","10-Q",139,1,3,1
"NVDA","8b98b892-759b-5244-89aa-3470503fab29","2026-08-26","sec_filing","10-Q",34,1,8,2
"DELL","a2e1c147-ad35-5225-a2ab-cfd6d7cf19c5","2026-09-08","sec_filing","10-Q",66,4,8,3
"ADBE","06ee081a-da0d-5249-940d-669b38f4c8c5","2023-09-27","sec_filing","10-Q",54,4,6,2
"TEAM","935b548e-a872-5c60-9f81-abdf52ac4495","2025-10-31","sec_filing","10-Q",116,5,4,-2
"INTC","9e99f294-c27a-552e-9f0c-2c8abccf5c38","2025-07-24","sec_filing","10-Q",20,1,5,0
"MU","22afdd6c-069b-52e0-8530-9b4cab83b2bd","2026-03-18","sec_filing","10-Q",59,6,7,2
"DELL","f0344c9f-1242-5b96-bcf3-9bfd6bd09a80","2025-09-08","sec_filing","10-Q",141,5,6,-1
"NVDA","1843affa-83ab-5648-a873-11b0c30eeb53","2023-05-26","sec_filing","10-Q",58,4,8,2
"INTC","42ef4229-150e-5696-8180-ace1c129bc06","2024-04-25","sec_filing","10-Q",5,5,3,0
"NVDA","877ecd2f-2639-57e6-80e4-48e9a8b0126f","2015-11-18","sec_filing","10-Q",49,4,4,1
"DELL","a7ca833d-a78b-59cc-80ab-ce3f3d2befae","2021-12-03","sec_filing","10-Q",128,1,4,1
"NVDA","ad70ad5e-d0f5-59eb-8498-6bb500bfaccf","2016-03-16","sec_filing","10-K",70,6,7,2
"INTC","b3c33585-6eb2-5b25-848b-de1fada5e680","2017-04-27","sec_filing","10-Q",23,1,4,1
"MU","244b142e-5fdb-5ac8-a05f-76e7d5bbdbea","2014-07-03","sec_filing","10-Q",78,6,2,0
"NVDA","1d93d9be-e915-5ae3-8655-4798dd9f5ebc","2016-05-25","sec_filing","10-Q",48,6,6,2
"ADBE","663a017b-c516-5e17-85fe-b3b68484fdb7","2023-06-28","sec_filing","10-Q",109,5,3,-1
"INTC","42ef4229-150e-5696-8180-ace1c129bc06","2024-04-25","sec_filing","10-Q",4,6,3,0
"INTC","6e7bdfc4-2692-5448-b0e1-92968ebd25e4","2026-04-23","sec_filing","10-Q",82,6,3,0
"NVDA","70b70835-b4ba-5298-ab9f-53b4b95b7732","2022-05-27","sec_filing","10-Q",70,5,3,-1
"DELL","e71520d1-becb-5a71-a4a2-255302b18e56","2026-06-09","sec_filing","10-Q",79,4,9,2
"ADBE","663a017b-c516-5e17-85fe-b3b68484fdb7","2023-06-28","sec_filing","10-Q",54,6,6,2
"TEAM","09e53e56-9655-5b01-9328-be1a2e0f8757","2024-04-26","sec_filing","10-Q",109,5,5,-2
"MU","f14891e8-a769-55b8-a164-3ed9b28ed5a9","2022-03-30","sec_filing","10-Q",57,1,2,0
"NVDA","29c22484-f9e5-5b9a-a623-0366882d14cd","2019-08-15","sec_filing","10-Q",43,4,6,2
"DELL","7d2c5140-50a2-5390-9b99-500265975c1b","2024-09-10","sec_filing","10-Q",93,4,8,3
"DELL","acbb66e2-056e-5430-b3df-78127fcc301e","2023-12-08","sec_filing","10-Q",102,4,8,3
"MU","8bf594e4-ead8-50ea-b39c-04103f3bf3c8","2026-06-24","sec_filing","10-Q",47,6,4,1
"DELL","e5a3eb29-56c7-565c-991b-d105a0172f85","2025-06-10","sec_filing","10-Q",88,4,8,2
"NVDA","1843affa-83ab-5648-a873-11b0c30eeb53","2023-05-26","sec_filing","10-Q",42,4,9,3
"TEAM","2e3ebdd6-c645-50e4-b6b0-d7694deb9dff","2026-05-01","sec_filing","10-Q",106,5,6,-2
"INTC","a0f87f5f-47f1-5127-81c2-44ac0b715920","2025-11-06","sec_filing","10-Q",82,1,1,0
"ADBE","c095c4bb-09e2-5c69-b998-31150abd5926","2021-03-31","sec_filing","10-Q",48,6,5,2
"WM","67b7b852-0d27-5387-ac79-5e46bb8cff4d","2026-04-29","sec_filing","10-Q",54,5,2,-1
"MU","3b9e2e98-ce6f-53cf-b5ac-1b11e61fc11c","2023-12-21","sec_filing","10-Q",89,5,3,-2
"ADBE","36d6aa15-6189-56df-94f1-577f30a9857b","2025-03-26","sec_filing","10-Q",76,5,7,-1
"WM","54602480-f4a3-5172-8f47-6cb1e6714b86","2026-07-29","sec_filing","10-Q",65,5,2,-1
"NVDA","6dea71a9-92ed-53e9-88ad-abbe764fd676","2013-05-22","sec_filing","10-Q",113,6,1,0
"DELL","7d2c5140-50a2-5390-9b99-500265975c1b","2024-09-10","sec_filing","10-Q",94,4,7,2
"NVDA","ad70ad5e-d0f5-59eb-8498-6bb500bfaccf","2016-03-16","sec_filing","10-K",67,4,6,1
"ADBE","5a6f90f8-32e8-543d-9000-fde4a761254f","2024-09-25","sec_filing","10-Q",95,5,7,-2
"INTC","6e7bdfc4-2692-5448-b0e1-92968ebd25e4","2026-04-23","sec_filing","10-Q",67,1,1,0
"DELL","cdfc47fc-a9cc-5c72-a330-4c221ebf96e4","2020-12-07","sec_filing","10-Q",127,2,3,1
"TEAM","e23fad02-d262-5319-85d5-99c856d576f9","2024-11-01","sec_filing","10-Q",97,6,5,0
"NVDA","4131fc5a-c19e-53c1-9732-68ec067db168","2023-08-25","sec_filing","10-Q",90,5,8,-2
"MU","89fad4ec-160b-5090-bba4-56f33f5333d5","2025-06-25","sec_filing","10-Q",51,3,7,1
"ADBE","b7e5f3e1-7aef-5223-a045-f0fdfe02411c","2022-06-29","sec_filing","10-Q",124,5,4,-1
"NVDA","10f51f07-a413-582f-9b0d-1591df796236","2017-08-23","sec_filing","10-Q",48,4,6,1
"TEAM","2e3ebdd6-c645-50e4-b6b0-d7694deb9dff","2026-05-01","sec_filing","10-Q",208,3,5,0
"ADBE","36d6aa15-6189-56df-94f1-577f30a9857b","2025-03-26","sec_filing","10-Q",77,5,7,-1
"DELL","6157c438-e420-5a50-8b48-449f9158c200","2017-06-09","sec_filing","10-Q",110,6,4,1
"CAT","80659b9f-7058-5538-9d36-2ae5d2dbc2ab","2025-05-07","sec_filing","10-Q",45,6,4,1
"DELL","9e589a58-bbcf-5f69-9dd6-acc6e4bbefc0","2023-09-12","sec_filing","10-Q",96,6,6,1
"WM","df41dd3c-7b1c-5015-8a57-93e507678b26","2024-10-28","sec_filing","10-Q",64,5,3,-1
"TEAM","e23fad02-d262-5319-85d5-99c856d576f9","2024-11-01","sec_filing","10-Q",89,5,5,-2
"NVDA","357502b8-18e4-58ad-84b7-e370f45ddb8a","2019-05-16","sec_filing","10-Q",47,6,5,2
"ADBE","36d6aa15-6189-56df-94f1-577f30a9857b","2025-03-26","sec_filing","10-Q",52,6,8,2
"INTC","9e99f294-c27a-552e-9f0c-2c8abccf5c38","2025-07-24","sec_filing","10-Q",67,1,1,0
"TEAM","d9c907c9-e12c-50e1-9f28-2bfdc2488752","2025-05-02","sec_filing","10-Q",99,5,6,-2
"TEAM","e23fad02-d262-5319-85d5-99c856d576f9","2024-11-01","sec_filing","10-Q",87,5,5,-1
"INTC","2cae0a09-b50c-5430-a1ca-99edd1790d32","2024-08-01","sec_filing","10-Q",23,4,4,0
"MU","24c6c1e8-4c8a-59ff-970e-0a03635dec0a","2024-03-21","sec_filing","10-Q",49,4,4,1
"WM","4fc4201a-a1c1-5a76-a42a-a86d3c1c9f29","2024-04-25","sec_filing","10-Q",45,5,3,-1
"INTC","5c1c0077-cc84-5b0d-aa79-23fe8552e1b6","2023-04-27","sec_filing","10-Q",20,4,4,0
"CAT","d4370f43-b315-56ae-b980-4a8030ca8d28","2020-05-06","sec_filing","10-Q",55,6,4,1
"CAT","0b93967f-e59e-5a50-8fd7-5f91e127bf72","2026-05-06","sec_filing","10-Q",86,4,7,3
"INTC","f04de089-f8bb-569c-a925-80759aca8430","2026-07-23","sec_filing","10-Q",90,4,3,0
"NVDA","64d6f21e-3c6a-574f-a02f-11aad0542d7f","2015-05-20","sec_filing","10-Q",42,6,4,1
"INTC","97c9914e-540e-563b-96f8-e02ce9d85b56","2018-10-25","sec_filing","10-Q",30,4,3,0
"TEAM","e23fad02-d262-5319-85d5-99c856d576f9","2024-11-01","sec_filing","10-Q",54,6,5,1
"NVDA","8d2cf62c-3276-5bb1-b4b7-95030265b7e5","2015-08-19","sec_filing","10-Q",59,6,5,0
"NVDA","70b70835-b4ba-5298-ab9f-53b4b95b7732","2022-05-27","sec_filing","10-Q",45,4,6,1
"TEAM","2e3ebdd6-c645-50e4-b6b0-d7694deb9dff","2026-05-01","sec_filing","10-Q",109,5,6,-2
"DELL","f0344c9f-1242-5b96-bcf3-9bfd6bd09a80","2025-09-08","sec_filing","10-Q",94,4,8,1
"DELL","5166692b-6110-5fba-98dc-233e29dfe106","2025-12-09","sec_filing","10-Q",139,4,7,2
"MU","8bf594e4-ead8-50ea-b39c-04103f3bf3c8","2026-06-24","sec_filing","10-Q",62,6,9,3
"TEAM","935b548e-a872-5c60-9f81-abdf52ac4495","2025-10-31","sec_filing","10-Q",88,5,6,-2
"CAT","36143535-4552-5834-9383-74e003282ab4","2016-11-02","sec_filing","10-Q",84,6,3,1
"ADBE","29a93af3-cc2f-5907-8c25-15346aefce77","2026-03-25","sec_filing","10-Q",81,5,6,-2
"ADBE","8c0d9753-029a-574b-a5f6-3c4090803969","2026-06-15","sec_filing","10-Q",92,5,6,-2
"TEAM","935b548e-a872-5c60-9f81-abdf52ac4495","2025-10-31","sec_filing","10-Q",158,5,5,-2
"NVDA","dd418d07-8f0b-557b-bf12-220b13e39d03","2025-05-28","sec_filing","10-Q",55,4,8,1
"DELL","1a310b12-8b52-5e9c-bece-2e298a48d8a7","2017-12-12","sec_filing","10-Q",130,1,3,1
"NVDA","57065ce8-9a47-5dda-acba-91c6432fdca8","2020-08-19","sec_filing","10-Q",18,1,7,2
"NVDA","877ecd2f-2639-57e6-80e4-48e9a8b0126f","2015-11-18","sec_filing","10-Q",64,3,4,1
"TEAM","935b548e-a872-5c60-9f81-abdf52ac4495","2025-10-31","sec_filing","10-Q",85,5,6,-2
"NVDA","695dfade-0a60-5008-b13b-88e6449c2a2a","2023-04-20","hackernews","title",0,6,5,1
"CAT","866ab37c-18f7-5387-b61a-d58ccc0b7d26","2018-08-07","sec_filing","10-Q",79,6,3,1
"DELL","4f6b23bd-f5b6-5b36-9c1f-e873dd71ed4e","2021-06-07","sec_filing","10-Q",104,2,3,1
"NVDA","a420f2c3-69a0-53f5-8244-f45c4c97d86b","2022-08-31","sec_filing","10-Q",56,6,6,2
"CAT","25bada2a-1fd3-5cea-b32b-b256c5f67ed9","2025-08-06","sec_filing","10-Q",105,4,6,2
"NVDA","6f604f3a-8799-5077-9f12-2124b4535a92","2020-11-18","sec_filing","10-Q",19,1,7,2
"NVDA","83cbc14a-2704-5d7e-9567-ddbce33572ed","2026-05-20","sec_filing","10-Q",63,5,6,-2
"DELL","e71520d1-becb-5a71-a4a2-255302b18e56","2026-06-09","sec_filing","10-Q",76,4,8,2
"INTC","683ff992-6435-5a2a-a955-810ac877a358","2020-07-23","sec_filing","10-Q",63,6,3,1
"TEAM","eb6c5321-e8d8-5586-a77b-28a5de2e0a0f","2025-01-31","sec_filing","10-Q",98,5,6,-2
"MU","5c6ea7e9-cae8-5452-8108-0f49a37ec1bb","2025-03-20","sec_filing","10-Q",107,5,4,-1
"NVDA","70b70835-b4ba-5298-ab9f-53b4b95b7732","2022-05-27","sec_filing","10-Q",32,4,7,2
"NVDA","90b395b7-3f9c-5a6c-8b91-0cb34cb8e472","2016-11-22","sec_filing","10-Q",57,4,5,1
"NVDA","97e75168-0d6a-526d-8011-9cf9fd20ea6e","2016-08-23","sec_filing","10-Q",61,6,3,1
"DELL","e71520d1-becb-5a71-a4a2-255302b18e56","2026-06-09","sec_filing","10-Q",77,4,9,2
"NVDA","29c22484-f9e5-5b9a-a623-0366882d14cd","2019-08-15","sec_filing","10-Q",48,6,6,2
"TEAM","eb6c5321-e8d8-5586-a77b-28a5de2e0a0f","2025-01-31","sec_filing","10-Q",93,5,6,-2
"TEAM","9d07dd95-3fa0-5b73-8843-f846303eb38a","2023-05-05","sec_filing","10-Q",246,3,4,-1
"INTC","dcbd1a51-12fa-5a2b-9267-80ab17ddff40","2024-10-31","sec_filing","10-Q",11,4,3,0
"DELL","e5a3eb29-56c7-565c-991b-d105a0172f85","2025-06-10","sec_filing","10-Q",105,4,7,2
"CAT","f0c97245-c54a-5e86-aa22-71bb5a0ef6a2","2020-08-05","sec_filing","10-Q",148,6,3,1
"NVDA","3aa3e8f7-8b9e-5a2a-abc4-91dc9778a963","2012-08-22","sec_filing","10-Q",57,4,4,1
"MU","40460067-6394-5998-b0eb-74edd360e0cf","2023-06-29","sec_filing","10-Q",75,1,3,0
"DELL","5166692b-6110-5fba-98dc-233e29dfe106","2025-12-09","sec_filing","10-Q",91,4,9,3
"NVDA","790fbad4-7837-5156-befc-507fccafb4ea","2014-11-19","sec_filing","10-Q",43,4,4,0
"NVDA","877ecd2f-2639-57e6-80e4-48e9a8b0126f","2015-11-18","sec_filing","10-Q",55,1,3,0
"WM","8db184a0-8267-5d76-989c-52fb4aeaf339","2024-07-25","sec_filing","10-Q",58,5,3,-1
"ADBE","b8cde8e2-7893-5d5d-9b17-22b9dc308524","2017-03-29","sec_filing","10-Q",62,6,6,1
"ADBE","68706149-e192-575e-9bcc-0707335fd9fb","2021-09-29","sec_filing","10-Q",124,5,3,-1
"TEAM","09e53e56-9655-5b01-9328-be1a2e0f8757","2024-04-26","sec_filing","10-Q",115,6,5,0
"NVDA","357502b8-18e4-58ad-84b7-e370f45ddb8a","2019-05-16","sec_filing","10-Q",42,6,6,2
"MU","18972ad4-afe3-5d27-97ae-a0007e3d0418","2025-12-17","sec_filing","10-Q",69,4,7,1
"NVDA","3d4eda31-9fc2-5c41-9060-4ef7b8a79008","2024-08-28","sec_filing","10-Q",73,4,6,1
"INTC","9e99f294-c27a-552e-9f0c-2c8abccf5c38","2025-07-24","sec_filing","10-Q",6,5,4,-1
"WM","aba59de7-8537-51db-bc28-5e03738a1a45","2025-10-28","sec_filing","10-Q",66,5,2,-1
"ADBE","36d6aa15-6189-56df-94f1-577f30a9857b","2025-03-26","sec_filing","10-Q",51,6,7,2
"TEAM","9d07dd95-3fa0-5b73-8843-f846303eb38a","2023-05-05","sec_filing","10-Q",153,5,6,-2
"WM","32db1962-27b0-5217-9702-a368519c8687","2025-07-29","sec_filing","10-Q",65,5,2,-1
"TEAM","eb6c5321-e8d8-5586-a77b-28a5de2e0a0f","2025-01-31","sec_filing","10-Q",145,5,4,-2
"CAT","f64677cd-2d04-5001-91ac-83cd53429581","2023-11-01","sec_filing","10-Q",53,6,3,1
"INTC","2cae0a09-b50c-5430-a1ca-99edd1790d32","2024-08-01","sec_filing","10-Q",73,4,6,-2
"NVDA","0f2aa708-c790-5251-a13c-b3196a31fc06","2024-11-20","sec_filing","10-Q",79,5,5,-1
"ADBE","6a6bf516-122a-5e2b-b9ad-a9f829f1048b","2022-09-28","sec_filing","10-Q",60,6,6,2
"TEAM","d9c907c9-e12c-50e1-9f28-2bfdc2488752","2025-05-02","sec_filing","10-Q",150,5,4,-2
"DELL","e5a3eb29-56c7-565c-991b-d105a0172f85","2025-06-10","sec_filing","10-Q",86,3,6,0
"TEAM","2e3ebdd6-c645-50e4-b6b0-d7694deb9dff","2026-05-01","sec_filing","10-Q",180,5,4,-2
"MU","18972ad4-afe3-5d27-97ae-a0007e3d0418","2025-12-17","sec_filing","10-Q",100,5,3,-1
"MU","18972ad4-afe3-5d27-97ae-a0007e3d0418","2025-12-17","sec_filing","10-Q",46,4,10,3
"NVDA","1843affa-83ab-5648-a873-11b0c30eeb53","2023-05-26","sec_filing","10-Q",83,5,7,-2
"TEAM","8a70658a-4569-5ce8-a1b7-889433e452c9","2026-02-06","sec_filing","10-Q",179,5,4,-2
"NVDA","a61d18b2-ea5b-5473-8c75-9df8dd2877ac","2014-05-21","sec_filing","10-Q",54,6,4,1
"ADBE","bb5aef7d-d99f-5639-841b-44188f435b0f","2025-09-24","sec_filing","10-Q",88,5,5,-2
"MU","22afdd6c-069b-52e0-8530-9b4cab83b2bd","2026-03-18","sec_filing","10-Q",66,5,4,0
"NVDA","6dea71a9-92ed-53e9-88ad-abbe764fd676","2013-05-22","sec_filing","10-Q",44,6,6,0
"INTC","80c89a92-f5de-5b68-a011-7d71324ceffe","2019-07-25","sec_filing","10-Q",7,6,6,2
"ADBE","8c0d9753-029a-574b-a5f6-3c4090803969","2026-06-15","sec_filing","10-Q",87,5,6,-1
"DELL","a7ab9800-480a-5cea-8bb8-82c58a26f680","2023-06-12","sec_filing","10-Q",92,1,4,1
"INTC","cf725de5-8ab8-59c3-839c-04fec97893b9","2025-04-24","sec_filing","10-Q",57,3,2,0
"NVDA","1843affa-83ab-5648-a873-11b0c30eeb53","2023-05-26","sec_filing","10-Q",56,6,6,0
"NVDA","83cbc14a-2704-5d7e-9567-ddbce33572ed","2026-05-20","sec_filing","10-Q",51,4,10,3
"ADBE","8c0d9753-029a-574b-a5f6-3c4090803969","2026-06-15","sec_filing","10-Q",90,5,5,-2
"DELL","a2e1c147-ad35-5225-a2ab-cfd6d7cf19c5","2026-09-08","sec_filing","10-Q",76,6,8,2
"TEAM","c6bc98fe-00c5-533f-929d-b7747a12ee65","2023-11-03","sec_filing","10-Q",121,5,4,-2
"TEAM","e23fad02-d262-5319-85d5-99c856d576f9","2024-11-01","sec_filing","10-Q",135,5,4,-1
"MU","26dddcfe-6009-5f3b-b9d9-a0130b601087","2024-06-27","sec_filing","10-Q",102,5,4,-2
"NVDA","48b9f120-88e0-5ea5-84c1-e8b2ebfc2c2c","2024-05-29","sec_filing","10-Q",67,4,10,3
"DELL","6af4f693-9840-551c-a330-352d2d7d6379","2020-06-08","sec_filing","10-Q",111,2,3,1
"INTC","cf725de5-8ab8-59c3-839c-04fec97893b9","2025-04-24","sec_filing","10-Q",60,4,6,1
"TEAM","e23fad02-d262-5319-85d5-99c856d576f9","2024-11-01","sec_filing","10-Q",43,6,6,2
"CAT","06e8646f-46f2-57a9-9f20-113ff9ec18df","2018-10-31","sec_filing","10-Q",83,6,4,1
"DELL","7d2c5140-50a2-5390-9b99-500265975c1b","2024-09-10","sec_filing","10-Q",91,4,5,2
"NVDA","fa6fc1b3-8cbd-5710-8ddd-051d2233e8ac","2017-05-23","sec_filing","10-Q",50,4,7,2
"ADBE","5bb790c4-b2bb-51c5-9628-db08a07e9250","2020-03-25","sec_filing","10-Q",64,6,4,1
"DELL","83c6596e-b469-5398-858c-3c6decb4c82e","2024-06-11","sec_filing","10-Q",82,4,5,2
"MU","931e4100-1cf0-5d4c-ade8-a51efe5af977","2022-01-06","sec_filing","10-Q",79,6,6,0
"INTC","cf725de5-8ab8-59c3-839c-04fec97893b9","2025-04-24","sec_filing","10-Q",4,6,3,0
"ADBE","420cabe7-e6d5-5aab-a755-fd9d206825a8","2024-03-27","sec_filing","10-Q",85,5,6,-2
"ADBE","7f0ec194-0baf-5fc4-9d54-be041bfd0de2","2019-03-27","sec_filing","10-Q",83,6,4,1
"TEAM","eb6c5321-e8d8-5586-a77b-28a5de2e0a0f","2025-01-31","sec_filing","10-Q",105,6,5,0
"INTC","438d88e5-00f6-5108-b55f-5c76c9934756","2022-07-28","sec_filing","10-Q",19,4,5,1
"NVDA","179d4a6e-fd59-5d6d-91a7-1c3ecb1d3342","2025-08-27","sec_filing","10-Q",76,5,6,-2
"NVDA","1843affa-83ab-5648-a873-11b0c30eeb53","2023-05-26","sec_filing","10-Q",67,5,3,-1
"NVDA","57065ce8-9a47-5dda-acba-91c6432fdca8","2020-08-19","sec_filing","10-Q",56,6,8,3
"TEAM","642dd329-c2f9-500a-87db-db76515798dd","2024-02-02","sec_filing","10-Q",140,5,5,-2
"INTC","7b27af06-7691-5a92-b21a-d5d5eac241e0","2022-10-27","sec_filing","10-Q",19,4,5,1
"NVDA","8d2cf62c-3276-5bb1-b4b7-95030265b7e5","2015-08-19","sec_filing","10-Q",46,6,5,2
"DELL","a7ab9800-480a-5cea-8bb8-82c58a26f680","2023-06-12","sec_filing","10-Q",95,4,8,2
"NVDA","dd418d07-8f0b-557b-bf12-220b13e39d03","2025-05-28","sec_filing","10-Q",68,4,8,1
"INTC","f04de089-f8bb-569c-a925-80759aca8430","2026-07-23","sec_filing","10-Q",48,5,6,-2
"NVDA","6f604f3a-8799-5077-9f12-2124b4535a92","2020-11-18","sec_filing","10-Q",51,6,6,1
"NVDA","3aa3e8f7-8b9e-5a2a-abc4-91dc9778a963","2012-08-22","sec_filing","10-Q",54,6,2,0
"MU","6dc9cdff-931e-55e5-8da6-ded40cfd42a0","2024-12-18","sec_filing","10-Q",39,4,6,2
"ADBE","81029ff4-fecb-52dd-85ce-d16303e83748","2023-03-29","sec_filing","10-Q",51,6,6,2
"ADBE","b7e5f3e1-7aef-5223-a045-f0fdfe02411c","2022-06-29","sec_filing","10-Q",60,6,6,2
"ADBE","24aac953-e618-5794-a40f-37a47366a2a0","2025-06-25","sec_filing","10-Q",92,5,4,-2
"MU","55c31410-77e2-5300-ac0a-3705ac7e5d49","2019-12-20","sec_filing","10-Q",3,6,2,0
"INTC","5c1c0077-cc84-5b0d-aa79-23fe8552e1b6","2023-04-27","sec_filing","10-Q",58,4,4,-1
"NVDA","70b70835-b4ba-5298-ab9f-53b4b95b7732","2022-05-27","sec_filing","10-Q",44,4,9,3
"DELL","9e589a58-bbcf-5f69-9dd6-acc6e4bbefc0","2023-09-12","sec_filing","10-Q",105,4,6,2
"MU","40460067-6394-5998-b0eb-74edd360e0cf","2023-06-29","sec_filing","10-Q",122,5,2,0
"NVDA","23109a2b-2335-5f3e-b1fb-a4c3d399dce4","2012-11-19","sec_filing","10-Q",58,4,3,1
"DELL","83c6596e-b469-5398-858c-3c6decb4c82e","2024-06-11","sec_filing","10-Q",88,4,6,2
"ADBE","8c0d9753-029a-574b-a5f6-3c4090803969","2026-06-15","sec_filing","10-Q",89,5,7,-2
"MU","8bf594e4-ead8-50ea-b39c-04103f3bf3c8","2026-06-24","sec_filing","10-Q",110,5,3,-1
"DELL","e5a3eb29-56c7-565c-991b-d105a0172f85","2025-06-10","sec_filing","10-Q",124,4,6,1
"DELL","a2e1c147-ad35-5225-a2ab-cfd6d7cf19c5","2026-09-08","sec_filing","10-Q",80,4,8,1
"TEAM","2e3ebdd6-c645-50e4-b6b0-d7694deb9dff","2026-05-01","sec_filing","10-Q",58,1,6,2
"NVDA","90b395b7-3f9c-5a6c-8b91-0cb34cb8e472","2016-11-22","sec_filing","10-Q",53,4,8,3
"INTC","9e99f294-c27a-552e-9f0c-2c8abccf5c38","2025-07-24","sec_filing","10-Q",4,6,2,0
"DELL","e71520d1-becb-5a71-a4a2-255302b18e56","2026-06-09","sec_filing","10-Q",80,4,6,2
"MU","f15d75d7-ec66-5208-825d-f9c59e4486c7","2018-12-19","sec_filing","10-Q",93,6,2,0
"CAT","36143535-4552-5834-9383-74e003282ab4","2016-11-02","sec_filing","10-Q",173,6,3,1
"NVDA","57065ce8-9a47-5dda-acba-91c6432fdca8","2020-08-19","sec_filing","10-Q",61,4,5,2
"DELL","e5a3eb29-56c7-565c-991b-d105a0172f85","2025-06-10","sec_filing","10-Q",84,4,9,3
"DELL","5166692b-6110-5fba-98dc-233e29dfe106","2025-12-09","sec_filing","10-Q",122,4,8,1
"MU","89fad4ec-160b-5090-bba4-56f33f5333d5","2025-06-25","sec_filing","10-Q",105,4,6,0
"DELL","a2e1c147-ad35-5225-a2ab-cfd6d7cf19c5","2026-09-08","sec_filing","10-Q",103,4,8,2
"INTC","d2c9a3b6-b029-5283-a376-51d04b235960","2020-10-22","sec_filing","10-Q",65,4,5,2
"INTC","7069b334-1e6f-57d9-ae2e-e86d13056a9f","2023-10-26","sec_filing","10-Q",67,4,4,2
"TEAM","8a70658a-4569-5ce8-a1b7-889433e452c9","2026-02-06","sec_filing","10-Q",116,6,2,0
"MU","5c6ea7e9-cae8-5452-8108-0f49a37ec1bb","2025-03-20","sec_filing","10-Q",52,4,9,3
"NVDA","83cbc14a-2704-5d7e-9567-ddbce33572ed","2026-05-20","sec_filing","10-Q",47,4,9,3
"ADBE","8c0d9753-029a-574b-a5f6-3c4090803969","2026-06-15","sec_filing","10-Q",55,6,7,2
"NVDA","dd418d07-8f0b-557b-bf12-220b13e39d03","2025-05-28","sec_filing","10-Q",90,5,6,-2
"DELL","e71520d1-becb-5a71-a4a2-255302b18e56","2026-06-09","sec_filing","10-Q",99,4,7,1
"DELL","5166692b-6110-5fba-98dc-233e29dfe106","2025-12-09","sec_filing","10-Q",118,4,7,1
"TEAM","935b548e-a872-5c60-9f81-abdf52ac4495","2025-10-31","sec_filing","10-Q",81,6,4,0
"NVDA","90b395b7-3f9c-5a6c-8b91-0cb34cb8e472","2016-11-22","sec_filing","10-Q",63,4,6,2
"TEAM","eb6c5321-e8d8-5586-a77b-28a5de2e0a0f","2025-01-31","sec_filing","10-Q",136,5,3,-1
"NVDA","4131fc5a-c19e-53c1-9732-68ec067db168","2023-08-25","sec_filing","10-Q",51,4,5,1
"MU","22afdd6c-069b-52e0-8530-9b4cab83b2bd","2026-03-18","sec_filing","10-Q",100,5,3,-1
"TEAM","e23fad02-d262-5319-85d5-99c856d576f9","2024-11-01","sec_filing","10-Q",126,5,4,-2
"NVDA","3d4eda31-9fc2-5c41-9060-4ef7b8a79008","2024-08-28","sec_filing","10-Q",43,4,9,3
"NVDA","48b9f120-88e0-5ea5-84c1-e8b2ebfc2c2c","2024-05-29","sec_filing","10-Q",51,6,6,2
"MU","89fad4ec-160b-5090-bba4-56f33f5333d5","2025-06-25","sec_filing","10-Q",54,4,6,2
"NVDA","8b98b892-759b-5244-89aa-3470503fab29","2026-08-26","sec_filing","10-Q",64,4,9,3
"DELL","9fc772f2-c925-549d-8063-dcd2d33be980","2024-12-10","sec_filing","10-Q",123,4,7,1
"MU","26dddcfe-6009-5f3b-b9d9-a0130b601087","2024-06-27","sec_filing","10-Q",55,4,6,2
"TEAM","2e3ebdd6-c645-50e4-b6b0-d7694deb9dff","2026-05-01","sec_filing","10-Q",66,2,6,0
"INTC","438d88e5-00f6-5108-b55f-5c76c9934756","2022-07-28","sec_filing","10-Q",79,4,4,2
"DELL","acbb66e2-056e-5430-b3df-78127fcc301e","2023-12-08","sec_filing","10-Q",85,4,8,2
"ADBE","36d6aa15-6189-56df-94f1-577f30a9857b","2025-03-26","sec_filing","10-Q",84,5,5,-1
"NVDA","179d4a6e-fd59-5d6d-91a7-1c3ecb1d3342","2025-08-27","sec_filing","10-Q",39,4,7,1
"NVDA","3d4eda31-9fc2-5c41-9060-4ef7b8a79008","2024-08-28","sec_filing","10-Q",95,5,8,-2
"MU","5c6ea7e9-cae8-5452-8108-0f49a37ec1bb","2025-03-20","sec_filing","10-Q",47,4,7,2
"DELL","9e589a58-bbcf-5f69-9dd6-acc6e4bbefc0","2023-09-12","sec_filing","10-Q",85,6,6,1
"DELL","e71520d1-becb-5a71-a4a2-255302b18e56","2026-06-09","sec_filing","10-Q",98,4,8,3
"MU","6dc9cdff-931e-55e5-8da6-ded40cfd42a0","2024-12-18","sec_filing","10-Q",41,4,8,3
"NVDA","ffaeb671-975f-54d2-badf-6bd89649c168","2023-11-21","sec_filing","10-Q",79,5,4,-1
"INTC","2cae0a09-b50c-5430-a1ca-99edd1790d32","2024-08-01","sec_filing","10-Q",76,4,6,2
"TEAM","2e3ebdd6-c645-50e4-b6b0-d7694deb9dff","2026-05-01","sec_filing","10-Q",122,6,2,0
"TEAM","642dd329-c2f9-500a-87db-db76515798dd","2024-02-02","sec_filing","10-Q",138,5,4,-1
"ADBE","8c0d9753-029a-574b-a5f6-3c4090803969","2026-06-15","sec_filing","10-Q",56,4,8,2
"DELL","a2e1c147-ad35-5225-a2ab-cfd6d7cf19c5","2026-09-08","sec_filing","10-Q",100,4,8,3
"ADBE","bb5aef7d-d99f-5639-841b-44188f435b0f","2025-09-24","sec_filing","10-Q",110,6,4,-1
"NVDA","0f2aa708-c790-5251-a13c-b3196a31fc06","2024-11-20","sec_filing","10-Q",54,4,9,3
"TEAM","09e53e56-9655-5b01-9328-be1a2e0f8757","2024-04-26","sec_filing","10-Q",183,5,3,-1
"ADBE","06ee081a-da0d-5249-940d-669b38f4c8c5","2023-09-27","sec_filing","10-Q",51,4,6,2
"MU","69d91272-ec64-5f2e-b89a-091eb7d75cd9","2026-02-17","hackernews","title",0,4,9,3
"NVDA","08b6defd-ee58-5973-b36a-8951ef1e4632","2022-07-28","hackernews","title",0,4,6,-1
"ADBE","09e8d1fc-09a8-5e0f-a0cc-ebff8a4a632b","2024-06-13","hackernews","title",0,3,5,-2
"ADBE","0a1ac1d1-ef91-5022-8219-fac540f671c4","2016-07-31","hackernews","title",0,1,4,2
"DELL","0a4a44ef-b3ce-50f3-a830-d2878a719a15","2021-05-27","transcripts","earnings_call",3,6,5,2
"INTC","68f6001f-d7db-59ca-9173-bf5450ef4d08","2024-01-25","sec_filing","10-K",139,5,6,-1
"NVDA","dd418d07-8f0b-557b-bf12-220b13e39d03","2025-05-28","sec_filing","10-Q",46,5,9,-3
"ADBE","36d6aa15-6189-56df-94f1-577f30a9857b","2025-03-26","sec_filing","10-Q",48,4,7,2
"MU","36d8fe08-ac91-5615-a7a6-3abd355ff707","2024-09-25","transcripts","earnings_call",18,6,8,3
"MU","22afdd6c-069b-52e0-8530-9b4cab83b2bd","2026-03-18","sec_filing","10-Q",126,6,1,0
"INTC","b104832c-9b87-5f77-b04b-e9a7f1e0d0db","2023-10-26","transcripts","earnings_call",36,6,5,2
"NVDA","806bba5c-f32e-5463-a7e7-92bdacc4bcd1","2024-11-20","transcripts","earnings_call",15,4,9,2
"DELL","8bc1b895-2563-583f-8c4b-0dbe60e1ca3a","2025-11-25","transcripts","earnings_call",18,4,9,3
"TEAM","d9c907c9-e12c-50e1-9f28-2bfdc2488752","2025-05-02","sec_filing","10-Q",91,6,5,0
"MU","18972ad4-afe3-5d27-97ae-a0007e3d0418","2025-12-17","sec_filing","10-Q",3,4,6,2
"NVDA","0f2aa708-c790-5251-a13c-b3196a31fc06","2024-11-20","sec_filing","10-Q",88,5,9,-3
"TEAM","eb6c5321-e8d8-5586-a77b-28a5de2e0a0f","2025-01-31","sec_filing","10-Q",89,6,5,0
"NVDA","8b98b892-759b-5244-89aa-3470503fab29","2026-08-26","sec_filing","10-Q",81,1,6,1
"MU","89fad4ec-160b-5090-bba4-56f33f5333d5","2025-06-25","sec_filing","10-Q",5,4,6,1
"TEAM","d9c907c9-e12c-50e1-9f28-2bfdc2488752","2025-05-02","sec_filing","10-Q",49,6,6,2
"MU","22afdd6c-069b-52e0-8530-9b4cab83b2bd","2026-03-18","sec_filing","10-Q",3,4,6,2
"NVDA","179d4a6e-fd59-5d6d-91a7-1c3ecb1d3342","2025-08-27","sec_filing","10-Q",86,5,8,-2
"MU","8bf594e4-ead8-50ea-b39c-04103f3bf3c8","2026-06-24","sec_filing","10-Q",3,4,5,1
"NVDA","d217f4b1-f391-5895-bf80-d0ce63e17575","2021-11-20","sec_filing","10-Q",53,4,8,3
"NVDA","3d4eda31-9fc2-5c41-9060-4ef7b8a79008","2024-08-28","sec_filing","10-Q",45,4,5,1
"INTC","438d88e5-00f6-5108-b55f-5c76c9934756","2022-07-28","sec_filing","10-Q",22,4,6,0
"INTC","9e99f294-c27a-552e-9f0c-2c8abccf5c38","2025-07-24","sec_filing","10-Q",31,1,3,0
"TEAM","2e3ebdd6-c645-50e4-b6b0-d7694deb9dff","2026-05-01","sec_filing","10-Q",136,5,4,-2
"TEAM","8a70658a-4569-5ce8-a1b7-889433e452c9","2026-02-06","sec_filing","10-Q",134,5,5,-2
"TEAM","935b548e-a872-5c60-9f81-abdf52ac4495","2025-10-31","sec_filing","10-Q",115,5,4,-2
"DELL","e71520d1-becb-5a71-a4a2-255302b18e56","2026-06-09","sec_filing","10-Q",68,4,9,3
"MU","18972ad4-afe3-5d27-97ae-a0007e3d0418","2025-12-17","sec_filing","10-Q",56,6,8,2
"MU","22afdd6c-069b-52e0-8530-9b4cab83b2bd","2026-03-18","sec_filing","10-Q",49,4,10,3
"NVDA","0f2aa708-c790-5251-a13c-b3196a31fc06","2024-11-20","sec_filing","10-Q",56,4,10,3
"INTC","7b27af06-7691-5a92-b21a-d5d5eac241e0","2022-10-27","sec_filing","10-Q",22,4,6,0
"NVDA","8b98b892-759b-5244-89aa-3470503fab29","2026-08-26","sec_filing","10-Q",65,4,9,3
"DELL","a2e1c147-ad35-5225-a2ab-cfd6d7cf19c5","2026-09-08","sec_filing","10-Q",70,4,10,3
"NVDA","4131fc5a-c19e-53c1-9732-68ec067db168","2023-08-25","sec_filing","10-Q",46,4,10,3
"NVDA","ffaeb671-975f-54d2-badf-6bd89649c168","2023-11-21","sec_filing","10-Q",27,2,3,0
"NVDA","ffaeb671-975f-54d2-badf-6bd89649c168","2023-11-21","sec_filing","10-Q",52,4,10,3
"DELL","5166692b-6110-5fba-98dc-233e29dfe106","2025-12-09","sec_filing","10-Q",127,4,9,3
"MU","5c6ea7e9-cae8-5452-8108-0f49a37ec1bb","2025-03-20","sec_filing","10-Q",59,4,7,2
"TEAM","935b548e-a872-5c60-9f81-abdf52ac4495","2025-10-31","sec_filing","10-Q",127,5,4,-2
"NVDA","e0c35d06-f4cf-56d9-84a6-4049fd8c39a6","2025-11-19","sec_filing","10-Q",57,4,10,3
"INTC","68f6001f-d7db-59ca-9173-bf5450ef4d08","2024-01-25","sec_filing","10-K",83,1,5,2
"INTC","f04de089-f8bb-569c-a925-80759aca8430","2026-07-23","sec_filing","10-Q",19,4,3,0
"TEAM","2e3ebdd6-c645-50e4-b6b0-d7694deb9dff","2026-05-01","sec_filing","10-Q",123,6,1,0
"DELL","5166692b-6110-5fba-98dc-233e29dfe106","2025-12-09","sec_filing","10-Q",132,4,7,2
"MU","5c6ea7e9-cae8-5452-8108-0f49a37ec1bb","2025-03-20","sec_filing","10-Q",3,4,6,2
"INTC","68f6001f-d7db-59ca-9173-bf5450ef4d08","2024-01-25","sec_filing","10-K",80,6,5,1
"ADBE","8c0d9753-029a-574b-a5f6-3c4090803969","2026-06-15","sec_filing","10-Q",94,5,4,-1
"INTC","9e99f294-c27a-552e-9f0c-2c8abccf5c38","2025-07-24","sec_filing","10-Q",89,5,5,-2
"DELL","a2e1c147-ad35-5225-a2ab-cfd6d7cf19c5","2026-09-08","sec_filing","10-Q",110,4,9,3
"NVDA","e0c35d06-f4cf-56d9-84a6-4049fd8c39a6","2025-11-19","sec_filing","10-Q",59,4,7,1
"NVDA","f0de703f-9176-570f-9851-b3afe87dc4b3","2023-10-30","hackernews","title",0,6,5,2
"TEAM","eb6c5321-e8d8-5586-a77b-28a5de2e0a0f","2025-01-31","sec_filing","10-Q",173,5,3,-1
"INTC","9e99f294-c27a-552e-9f0c-2c8abccf5c38","2025-07-24","sec_filing","10-Q",88,4,6,2
"MU","8bf594e4-ead8-50ea-b39c-04103f3bf3c8","2026-06-24","sec_filing","10-Q",51,4,9,3
"TEAM","935b548e-a872-5c60-9f81-abdf52ac4495","2025-10-31","sec_filing","10-Q",91,5,4,-1
"NVDA","dd418d07-8f0b-557b-bf12-220b13e39d03","2025-05-28","sec_filing","10-Q",88,5,9,-3
"NVDA","ffaeb671-975f-54d2-badf-6bd89649c168","2023-11-21","sec_filing","10-Q",102,5,8,-3
"NVDA","83cbc14a-2704-5d7e-9567-ddbce33572ed","2026-05-20","sec_filing","10-Q",87,5,8,-2
"NVDA","8b98b892-759b-5244-89aa-3470503fab29","2026-08-26","sec_filing","10-Q",68,4,8,2
"DELL","a2e1c147-ad35-5225-a2ab-cfd6d7cf19c5","2026-09-08","sec_filing","10-Q",102,4,8,2
"DELL","e71520d1-becb-5a71-a4a2-255302b18e56","2026-06-09","sec_filing","10-Q",103,4,7,1
"INTC","68f6001f-d7db-59ca-9173-bf5450ef4d08","2024-01-25","sec_filing","10-K",75,6,5,1
"INTC","68f6001f-d7db-59ca-9173-bf5450ef4d08","2024-01-25","sec_filing","10-K",73,6,6,2
"ADBE","29a93af3-cc2f-5907-8c25-15346aefce77","2026-03-25","sec_filing","10-Q",94,5,4,-2
"DELL","5166692b-6110-5fba-98dc-233e29dfe106","2025-12-09","sec_filing","10-Q",116,4,8,2
"NVDA","0f2aa708-c790-5251-a13c-b3196a31fc06","2024-11-20","sec_filing","10-Q",46,6,5,0
"NVDA","48b9f120-88e0-5ea5-84c1-e8b2ebfc2c2c","2024-05-29","sec_filing","10-Q",36,6,5,0
"MU","89fad4ec-160b-5090-bba4-56f33f5333d5","2025-06-25","sec_filing","10-Q",59,4,7,3
"ADBE","8c0d9753-029a-574b-a5f6-3c4090803969","2026-06-15","sec_filing","10-Q",105,5,3,-2
"DELL","a2e1c147-ad35-5225-a2ab-cfd6d7cf19c5","2026-09-08","sec_filing","10-Q",99,4,9,3
"NVDA","179d4a6e-fd59-5d6d-91a7-1c3ecb1d3342","2025-08-27","sec_filing","10-Q",52,4,10,3
"NVDA","48b9f120-88e0-5ea5-84c1-e8b2ebfc2c2c","2024-05-29","sec_filing","10-Q",91,5,8,-3
"INTC","a0f87f5f-47f1-5127-81c2-44ac0b715920","2025-11-06","sec_filing","10-Q",30,4,2,0
"NVDA","dd418d07-8f0b-557b-bf12-220b13e39d03","2025-05-28","sec_filing","10-Q",24,5,6,-2
"NVDA","0d00a532-38b7-579b-8807-1c92c0743a84","2024-12-17","hackernews","title",0,6,6,2
"INTC","68f6001f-d7db-59ca-9173-bf5450ef4d08","2024-01-25","sec_filing","10-K",66,4,7,2
"NVDA","0dda150c-7353-598b-87be-b87992edbd9a","2015-12-13","hackernews","title",0,1,3,1
"NVDA","ffaeb671-975f-54d2-badf-6bd89649c168","2023-11-21","sec_filing","10-Q",51,4,9,3
"NVDA","179d4a6e-fd59-5d6d-91a7-1c3ecb1d3342","2025-08-27","sec_filing","10-Q",84,5,9,-3
"NVDA","3d4eda31-9fc2-5c41-9060-4ef7b8a79008","2024-08-28","sec_filing","10-Q",2,4,2,0
"NVDA","e0c35d06-f4cf-56d9-84a6-4049fd8c39a6","2025-11-19","sec_filing","10-Q",96,5,9,-3
"TEAM","2e3ebdd6-c645-50e4-b6b0-d7694deb9dff","2026-05-01","sec_filing","10-Q",143,5,4,-2
"NVDA","3d4eda31-9fc2-5c41-9060-4ef7b8a79008","2024-08-28","sec_filing","10-Q",93,5,8,-2
"TEAM","935b548e-a872-5c60-9f81-abdf52ac4495","2025-10-31","sec_filing","10-Q",122,5,4,-2
"INTC","68f6001f-d7db-59ca-9173-bf5450ef4d08","2024-01-25","sec_filing","10-K",35,6,5,2
"INTC","68f6001f-d7db-59ca-9173-bf5450ef4d08","2024-01-25","sec_filing","10-K",32,6,5,1
"INTC","68f6001f-d7db-59ca-9173-bf5450ef4d08","2024-01-25","sec_filing","10-K",30,6,8,2
"TEAM","2e3ebdd6-c645-50e4-b6b0-d7694deb9dff","2026-05-01","sec_filing","10-Q",101,5,2,0
"NVDA","48b9f120-88e0-5ea5-84c1-e8b2ebfc2c2c","2024-05-29","sec_filing","10-Q",42,4,7,1
"DELL","5166692b-6110-5fba-98dc-233e29dfe106","2025-12-09","sec_filing","10-Q",75,4,6,2
"MU","5c6ea7e9-cae8-5452-8108-0f49a37ec1bb","2025-03-20","sec_filing","10-Q",102,5,2,0
"TEAM","8a70658a-4569-5ce8-a1b7-889433e452c9","2026-02-06","sec_filing","10-Q",100,4,3,0
"TEAM","935b548e-a872-5c60-9f81-abdf52ac4495","2025-10-31","sec_filing","10-Q",80,6,3,0
"NVDA","e0c35d06-f4cf-56d9-84a6-4049fd8c39a6","2025-11-19","sec_filing","10-Q",67,1,8,1
"INTC","68f6001f-d7db-59ca-9173-bf5450ef4d08","2024-01-25","sec_filing","10-K",19,6,6,2
"INTC","68f6001f-d7db-59ca-9173-bf5450ef4d08","2024-01-25","sec_filing","10-K",13,6,6,2
"ADBE","36d6aa15-6189-56df-94f1-577f30a9857b","2025-03-26","sec_filing","10-Q",60,2,4,0
"NVDA","ffaeb671-975f-54d2-badf-6bd89649c168","2023-11-21","sec_filing","10-Q",44,4,9,2
"TEAM","2e3ebdd6-c645-50e4-b6b0-d7694deb9dff","2026-05-01","sec_filing","10-Q",88,6,4,0
"ADBE","36d6aa15-6189-56df-94f1-577f30a9857b","2025-03-26","sec_filing","10-Q",61,2,4,0
"DELL","5166692b-6110-5fba-98dc-233e29dfe106","2025-12-09","sec_filing","10-Q",117,4,8,0
"INTC","9e99f294-c27a-552e-9f0c-2c8abccf5c38","2025-07-24","sec_filing","10-Q",109,4,4,-1
"CAT","10f6b728-d8e0-5d82-b0fc-02eafad5e41d","2026-08-04","transcripts","earnings_call",6,4,7,3
"MU","18972ad4-afe3-5d27-97ae-a0007e3d0418","2025-12-17","sec_filing","10-Q",118,5,6,-2
"NVDA","48b9f120-88e0-5ea5-84c1-e8b2ebfc2c2c","2024-05-29","sec_filing","10-Q",31,6,2,0
"NVDA","8b98b892-759b-5244-89aa-3470503fab29","2026-08-26","sec_filing","10-Q",57,1,9,2
"NVDA","8b0c505a-5d2c-5919-89ea-aea260b6457d","2023-02-22","transcripts","earnings_call",6,4,6,3
"NVDA","87a4c69c-93ba-5e73-a8b4-afdfab00f060","2021-02-25","transcripts","earnings_call",25,6,7,2
"INTC","945cc6f2-c4a6-5d16-824b-bcbf89694c7f","2020-07-23","transcripts","earnings_call",8,4,6,2
"TEAM","e3aa98a0-b8c5-51ae-853f-c8f6b99db0f0","2023-05-04","transcripts","earnings_call",15,4,5,2
"DELL","4a84fed5-9078-5307-a218-4d72f9e5fe39","2024-08-29","transcripts","earnings_call",22,4,8,2
"ADBE","162c2ee9-3002-5685-a301-e60dc07af155","2026-09-10","transcripts","earnings_call",21,4,7,2
"NVDA","a6168ed6-19bf-5a46-b17e-321d5dbf9eaf","2022-02-16","transcripts","earnings_call",8,6,7,1
"NVDA","d7cdca9a-3bfa-5b60-b07f-82b55941b2ed","2017-02-09","transcripts","earnings_call",23,6,8,3
"MU","102e7f36-c78c-5c7a-8381-3b71afa2f465","2016-10-04","transcripts","earnings_call",7,4,5,1
"ADBE","904058bd-363b-5ec5-9d93-f422ba7c2bfa","2025-06-12","transcripts","earnings_call",11,6,7,3
"DELL","19ae50a6-97f8-5c8c-944a-8f67754b496a","2025-08-28","transcripts","earnings_call",10,4,7,2
"NVDA","f6334de9-fef4-5b4b-9a12-67ce35e0af82","2026-08-26","transcripts","earnings_call",22,4,8,3
"TEAM","0045449f-65f0-5d4e-9b37-aac6d13474c8","2024-02-01","transcripts","earnings_call",10,4,6,2
"DELL","59876630-dc03-5936-9e10-3a01f2237a8c","2024-11-26","transcripts","earnings_call",5,2,6,1
"TEAM","7df08269-605e-55e1-a9b7-69d4308c9cb4","2024-08-01","transcripts","earnings_call",5,4,6,2
"INTC","8d8f645f-6188-51ae-991a-16f0f9ce163b","2026-04-23","transcripts","earnings_call",19,4,8,3
"ADBE","67e91365-9214-5e7d-b250-f0373dc8482d","2024-12-11","transcripts","earnings_call",2,6,8,3
"ADBE","33936398-9bed-5574-b096-d8d6e3a44044","2025-09-11","transcripts","earnings_call",5,4,8,3
"NVDA","8358ab57-a5d5-5091-b100-15b266c71a29","2021-05-26","transcripts","earnings_call",3,6,6,2
"TEAM","95e53630-85fd-554a-8ef6-24709faae917","2025-10-30","transcripts","earnings_call",15,4,8,3
"INTC","c807efe2-50e1-589b-a6c2-9ae7c86d4fac","2026-07-23","transcripts","earnings_call",25,4,7,2
"DELL","f0344c9f-1242-5b96-bcf3-9bfd6bd09a80","2025-09-08","sec_filing","10-Q",75,4,6,1
"ADBE","36d6aa15-6189-56df-94f1-577f30a9857b","2025-03-26","sec_filing","10-Q",58,4,6,2
"NVDA","8b98b892-759b-5244-89aa-3470503fab29","2026-08-26","sec_filing","10-Q",36,1,9,2
"DELL","5166692b-6110-5fba-98dc-233e29dfe106","2025-12-09","sec_filing","10-Q",128,4,8,1
"MU","5c6ea7e9-cae8-5452-8108-0f49a37ec1bb","2025-03-20","sec_filing","10-Q",56,4,8,2
"MU","8bf594e4-ead8-50ea-b39c-04103f3bf3c8","2026-06-24","sec_filing","10-Q",29,6,3,-1
"TEAM","935b548e-a872-5c60-9f81-abdf52ac4495","2025-10-31","sec_filing","10-Q",104,5,2,0
"NVDA","8b98b892-759b-5244-89aa-3470503fab29","2026-08-26","sec_filing","10-Q",40,6,2,0
"NVDA","ad70ad5e-d0f5-59eb-8498-6bb500bfaccf","2016-03-16","sec_filing","10-K",202,4,6,1
"TEAM","2e3ebdd6-c645-50e4-b6b0-d7694deb9dff","2026-05-01","sec_filing","10-Q",141,6,2,0
"MU","38856b84-7bbb-53f5-9c63-286c3020a212","2017-12-19","transcripts","earnings_call",18,4,6,2
"ADBE","4ffc3144-ae3c-5ec9-bd90-c67b9befff92","2018-03-15","transcripts","earnings_call",4,4,6,2
"NVDA","806bba5c-f32e-5463-a7e7-92bdacc4bcd1","2024-11-20","transcripts","earnings_call",26,4,8,2
"DELL","8bc1b895-2563-583f-8c4b-0dbe60e1ca3a","2025-11-25","transcripts","earnings_call",23,6,6,2
"INTC","49fa3c08-601b-518b-b610-f7a7f8102a3a","2024-08-01","transcripts","earnings_call",10,5,8,-2
"ADBE","162c2ee9-3002-5685-a301-e60dc07af155","2026-09-10","transcripts","earnings_call",13,6,6,2
"INTC","1f84b5fb-c2bd-5b29-93cf-d10389e56668","2020-04-23","transcripts","earnings_call",26,4,3,1
"ADBE","debc0e90-d85d-5d3c-a953-a670b840fc78","2026-06-11","transcripts","earnings_call",20,6,8,2
"INTC","471cb45f-ed1d-55e3-bb83-f37c8097eb98","2022-07-28","transcripts","earnings_call",10,6,6,2
"DELL","525fca10-0bcd-5f70-9c5a-55f9aa4a0794","2023-11-30","transcripts","earnings_call",4,4,6,2
"NVDA","8b0c505a-5d2c-5919-89ea-aea260b6457d","2023-02-22","transcripts","earnings_call",14,4,8,3
"MU","9732e5a6-bc18-5a15-8ea3-332ee47ec027","2024-06-26","transcripts","earnings_call",23,6,8,2
"NVDA","d5485656-a874-5cfe-a894-57bc8b605d8f","2023-08-23","transcripts","earnings_call",25,6,8,3
"MU","e185e36d-b084-5cd1-9afe-e140121320c9","2025-03-20","transcripts","earnings_call",5,4,8,3
"MU","69442f26-0e1c-5f2c-91a1-9fcc42370775","2026-03-18","transcripts","earnings_call",21,4,7,2
"INTC","f04de089-f8bb-569c-a925-80759aca8430","2026-07-23","sec_filing","10-Q",73,4,2,0
"MU","1bfafdaa-5146-5220-843e-68292e3d56a1","2024-12-18","transcripts","earnings_call",19,4,9,3
"NVDA","546dbd88-8b1f-55ad-bf0b-d68ce5b38b94","2019-11-14","transcripts","earnings_call",20,4,6,2
"ADBE","904058bd-363b-5ec5-9d93-f422ba7c2bfa","2025-06-12","transcripts","earnings_call",5,4,8,3
"TEAM","a263aff4-f957-563b-bf65-18268688e50e","2026-02-05","transcripts","earnings_call",9,1,6,2
"ADBE","162c2ee9-3002-5685-a301-e60dc07af155","2026-09-10","transcripts","earnings_call",6,1,7,2
"INTC","54663ae2-6f76-5cee-81af-5934c442015b","2022-01-26","transcripts","earnings_call",3,4,6,2
"MU","581d249e-ed61-5456-9107-18ccdb60991b","2018-09-20","transcripts","earnings_call",15,4,4,2
"DELL","59876630-dc03-5936-9e10-3a01f2237a8c","2024-11-26","transcripts","earnings_call",6,4,7,2
"NVDA","7facc553-ca88-53bf-9773-e1b6c0c33583","2018-11-15","transcripts","earnings_call",3,4,9,3
"TEAM","971a12f2-f2d3-5c16-97e7-33d386795738","2025-01-30","transcripts","earnings_call",8,6,7,1
"NVDA","a31adff2-40c5-5520-8cb4-b33ca6b86e3a","2020-05-21","transcripts","earnings_call",39,4,6,2
"NVDA","4324b21a-0300-5afd-ba0d-f585dcf7945e","2021-08-18","transcripts","earnings_call",16,4,7,3
"INTC","ea0eb5e6-f634-5046-9b46-c10fafccfdb2","2024-10-31","transcripts","earnings_call",7,6,4,1
"ADBE","321f8689-5fe6-5b21-9ebf-b9c9f0bc84e3","2023-09-14","transcripts","earnings_call",13,6,8,2
"NVDA","05013128-98cc-59e0-a5c2-5fbfd9f99d94","2020-02-13","transcripts","earnings_call",13,1,6,1
"TEAM","a263aff4-f957-563b-bf65-18268688e50e","2026-02-05","transcripts","earnings_call",8,4,7,3
"NVDA","d5485656-a874-5cfe-a894-57bc8b605d8f","2023-08-23","transcripts","earnings_call",7,6,6,2
"ADBE","b076f00c-1b13-5fe2-96fb-8bf573a038a9","2024-06-13","transcripts","earnings_call",32,6,8,2
"TEAM","20dd13b4-b5e8-5440-affc-18cb009e1933","2026-08-06","transcripts","earnings_call",15,6,8,3
"ADBE","33936398-9bed-5574-b096-d8d6e3a44044","2025-09-11","transcripts","earnings_call",6,6,8,3
"DELL","53a534ea-6d2f-5471-a921-d44373e02c1e","2026-05-28","transcripts","earnings_call",7,2,7,2
"TEAM","b9370e80-a22c-5d2a-9579-12449ea83286","2025-08-07","transcripts","earnings_call",26,3,5,1
"MU","e185e36d-b084-5cd1-9afe-e140121320c9","2025-03-20","transcripts","earnings_call",23,6,8,2
"NVDA","acfcc7cd-39e1-534a-b5a6-0118b90f448c","2014-02-12","transcripts","earnings_call",5,3,6,1
"INTC","49fa3c08-601b-518b-b610-f7a7f8102a3a","2024-08-01","transcripts","earnings_call",34,4,6,2
"ADBE","b076f00c-1b13-5fe2-96fb-8bf573a038a9","2024-06-13","transcripts","earnings_call",4,6,8,3
"MU","43b08bf7-9e27-55e8-8ac5-19fa45e3a311","2021-01-07","transcripts","earnings_call",12,4,5,1
"MU","fb0b49e7-e0dc-5e41-9f85-7066632b3657","2021-06-30","transcripts","earnings_call",9,4,4,1
"NVDA","99c19fe6-36cf-5676-9152-e054550dcefb","2016-02-17","transcripts","earnings_call",35,6,7,2
"TEAM","dfc2ab13-b7c1-541d-9efb-7d0044375e52","2023-08-03","transcripts","earnings_call",14,3,6,-1
"INTC","8d8f645f-6188-51ae-991a-16f0f9ce163b","2026-04-23","transcripts","earnings_call",7,6,7,1
"ADBE","904058bd-363b-5ec5-9d93-f422ba7c2bfa","2025-06-12","transcripts","earnings_call",32,3,5,1
"MU","3a3d074f-6c4f-5a2c-ac4b-bda58420c19f","2025-09-23","transcripts","earnings_call",1,4,10,3
"MU","36d8fe08-ac91-5615-a7a6-3abd355ff707","2024-09-25","transcripts","earnings_call",21,4,6,1
"NVDA","fb4dfa87-ea47-5e55-a2d0-91c7c13cc43f","2017-08-10","transcripts","earnings_call",15,6,6,2
"ADBE","5310f871-96f6-5a1b-9031-fa9c32b15484","2018-09-13","transcripts","earnings_call",29,2,4,1
"TEAM","971a12f2-f2d3-5c16-97e7-33d386795738","2025-01-30","transcripts","earnings_call",17,4,6,2
"NVDA","baadda96-3068-549f-ac7b-e01d0e814a64","2017-05-09","transcripts","earnings_call",9,4,2,0
"INTC","ed5a5e49-bcad-5bd0-8b2e-ebefeb937d94","2025-10-23","transcripts","earnings_call",29,6,6,1
"MU","36d8fe08-ac91-5615-a7a6-3abd355ff707","2024-09-25","transcripts","earnings_call",8,4,8,3
"NVDA","415ee75f-43bd-5f5f-95b3-8cbb239db82c","2016-08-11","transcripts","earnings_call",8,4,9,3
"ADBE","904058bd-363b-5ec5-9d93-f422ba7c2bfa","2025-06-12","transcripts","earnings_call",17,6,6,2
"MU","584e2356-d5a6-5710-9f24-b6f0a71345b2","2018-12-18","transcripts","earnings_call",8,2,4,0
"NVDA","5d1ac975-ea2d-5ef5-ab0f-c10dcb8f6686","2015-08-06","transcripts","earnings_call",17,4,6,2
"NVDA","8358ab57-a5d5-5091-b100-15b266c71a29","2021-05-26","transcripts","earnings_call",11,4,7,2
"INTC","d7cca220-9296-5408-86f7-114ad678db56","2022-04-28","transcripts","earnings_call",1,6,5,2
"NVDA","4324b21a-0300-5afd-ba0d-f585dcf7945e","2021-08-18","transcripts","earnings_call",25,6,7,3
"TEAM","c3f90c49-cec7-5bc6-a05c-fe34b4e602b8","2025-05-01","transcripts","earnings_call",16,4,6,2
"DELL","37ce0629-fbaf-523c-9023-7b37e3fedd7f","2023-08-31","transcripts","earnings_call",12,4,6,1
"INTC","8a9d159d-331e-5125-bdf7-7ef8235251b2","2025-04-24","transcripts","earnings_call",27,6,6,0
"NVDA","9b445c1c-6105-580d-876a-fd824f81668a","2025-11-19","transcripts","earnings_call",26,4,9,3
"ADBE","debc0e90-d85d-5d3c-a953-a670b840fc78","2026-06-11","transcripts","earnings_call",7,6,8,1
"ADBE","662c5e90-150b-55f3-a744-4a5538a7d95a","2026-03-12","transcripts","earnings_call",29,1,6,2
"DELL","4a84fed5-9078-5307-a218-4d72f9e5fe39","2024-08-29","transcripts","earnings_call",29,6,7,3
"MU","43b08bf7-9e27-55e8-8ac5-19fa45e3a311","2021-01-07","transcripts","earnings_call",7,4,6,2
"INTC","47d18e9e-5340-5380-81b1-c648e52bd08b","2018-07-26","transcripts","earnings_call",7,4,6,2
"MU","63769e90-d28b-58c1-afb7-b0f36f9306bd","2019-06-25","transcripts","earnings_call",5,4,3,1
"NVDA","87a4c69c-93ba-5e73-a8b4-afdfab00f060","2021-02-25","transcripts","earnings_call",17,4,9,2
"MU","9732e5a6-bc18-5a15-8ea3-332ee47ec027","2024-06-26","transcripts","earnings_call",15,4,9,3
"TEAM","9f2ba849-64d8-5743-8663-91d1fba37890","2024-04-25","transcripts","earnings_call",25,6,5,1
"TEAM","b9370e80-a22c-5d2a-9579-12449ea83286","2025-08-07","transcripts","earnings_call",21,4,6,2
"TEAM","dfe1484c-8dd9-5ccf-9fed-d5afe3f34f2c","2024-10-31","transcripts","earnings_call",11,4,6,2
"NVDA","d7cdca9a-3bfa-5b60-b07f-82b55941b2ed","2017-02-09","transcripts","earnings_call",20,4,8,3
"MU","1bfafdaa-5146-5220-843e-68292e3d56a1","2024-12-18","transcripts","earnings_call",5,6,9,3
"MU","499ba81d-5d21-51f9-a062-87302edce82f","2021-12-20","transcripts","earnings_call",5,4,5,2
"DELL","6ebc8da9-167f-538b-ae69-4e4015d9bba3","2025-05-29","transcripts","earnings_call",9,4,8,3
"ADBE","942f47dc-3958-53ed-9b60-761cfb47f9bb","2023-12-13","transcripts","earnings_call",19,6,6,2
"INTC","cc5f85f1-14a0-5e0c-8ede-29501145fa3b","2021-04-22","transcripts","earnings_call",1,4,5,1
"ADBE","d31de365-34bd-53ca-8251-6a04e423b0e1","2025-12-10","transcripts","earnings_call",30,4,8,3
"MU","69442f26-0e1c-5f2c-91a1-9fcc42370775","2026-03-18","transcripts","earnings_call",15,4,8,2
"DELL","53a534ea-6d2f-5471-a921-d44373e02c1e","2026-05-28","transcripts","earnings_call",24,4,7,3
"NVDA","c7c172e1-a172-5d00-b7fb-c37127627933","2018-02-08","transcripts","earnings_call",8,2,4,1
"ADBE","40428456-3b06-53b3-8d99-aa83f1aeeb76","2024-09-12","transcripts","earnings_call",25,6,7,2
"MU","69442f26-0e1c-5f2c-91a1-9fcc42370775","2026-03-18","transcripts","earnings_call",13,4,9,3
"TEAM","20dd13b4-b5e8-5440-affc-18cb009e1933","2026-08-06","transcripts","earnings_call",17,4,6,2
"DELL","37ce0629-fbaf-523c-9023-7b37e3fedd7f","2023-08-31","transcripts","earnings_call",8,4,4,1
"INTC","20d95a81-92a9-56c4-aed5-34a0c00850c0","2023-01-26","transcripts","earnings_call",13,4,5,1
"NVDA","4324b21a-0300-5afd-ba0d-f585dcf7945e","2021-08-18","transcripts","earnings_call",17,4,9,3
"ADBE","33936398-9bed-5574-b096-d8d6e3a44044","2025-09-11","transcripts","earnings_call",8,4,8,3
"MU","6e835878-d177-5701-b8d4-4f7fe9af9d5e","2023-09-27","transcripts","earnings_call",7,4,8,3
"INTC","7d4ec6a4-b500-597f-a4c8-3b1efa1bc7f3","2024-04-25","transcripts","earnings_call",18,6,7,2
"TEAM","9f2ba849-64d8-5743-8663-91d1fba37890","2024-04-25","transcripts","earnings_call",12,4,4,1
"NVDA","a31adff2-40c5-5520-8cb4-b33ca6b86e3a","2020-05-21","transcripts","earnings_call",17,4,9,3
"MU","e185e36d-b084-5cd1-9afe-e140121320c9","2025-03-20","transcripts","earnings_call",8,4,8,2
"MU","1bfafdaa-5146-5220-843e-68292e3d56a1","2024-12-18","transcripts","earnings_call",13,4,7,3
"NVDA","17d09326-d7ab-5647-bd59-5c79aadfcde1","2017-11-09","transcripts","earnings_call",12,4,9,3
"INTC","8d8f645f-6188-51ae-991a-16f0f9ce163b","2026-04-23","transcripts","earnings_call",26,4,8,3
"TEAM","a263aff4-f957-563b-bf65-18268688e50e","2026-02-05","transcripts","earnings_call",13,4,8,3
"NVDA","d5485656-a874-5cfe-a894-57bc8b605d8f","2023-08-23","transcripts","earnings_call",16,6,7,2
"ADBE","67e91365-9214-5e7d-b250-f0373dc8482d","2024-12-11","transcripts","earnings_call",5,6,7,3
"MU","ade3f5a1-0dc7-537e-bd34-c6d7b39f1e40","2026-02-18","hackernews","title",0,6,4,1
"MU","38856b84-7bbb-53f5-9c63-286c3020a212","2017-12-19","transcripts","earnings_call",17,4,7,3
"NVDA","d5485656-a874-5cfe-a894-57bc8b605d8f","2023-08-23","transcripts","earnings_call",13,4,8,3
"DELL","53a534ea-6d2f-5471-a921-d44373e02c1e","2026-05-28","transcripts","earnings_call",19,4,8,3
"INTC","7906ed6e-c489-57ab-bb17-2ede247dd400","2024-01-25","transcripts","earnings_call",29,4,6,1
"NVDA","bf07ccba-bd7c-5053-91e0-9b04160a6102","2020-08-19","transcripts","earnings_call",14,6,8,3
"ADBE","ac4504c5-e22f-57af-8d23-efc72300f168","2025-03-12","transcripts","earnings_call",7,6,6,2
"DELL","6ebc8da9-167f-538b-ae69-4e4015d9bba3","2025-05-29","transcripts","earnings_call",11,4,8,3
"TEAM","20dd13b4-b5e8-5440-affc-18cb009e1933","2026-08-06","transcripts","earnings_call",7,4,8,3
"NVDA","858ca96a-d628-59bc-85bd-3b55da35ab19","2024-02-21","transcripts","earnings_call",22,6,9,3
"INTC","9229fe39-58e8-5e8b-9b81-61e1e5aab840","2020-01-23","transcripts","earnings_call",1,4,7,3
"TEAM","c3f90c49-cec7-5bc6-a05c-fe34b4e602b8","2025-05-01","transcripts","earnings_call",4,6,7,2
"NVDA","d871fa82-90e8-5219-9121-0d4d9ed1b395","2019-02-14","transcripts","earnings_call",4,4,8,0
"MU","2488bcee-887b-5298-bea4-ebb923a4a3c9","2017-06-29","transcripts","earnings_call",25,4,3,1
"DELL","19ae50a6-97f8-5c8c-944a-8f67754b496a","2025-08-28","transcripts","earnings_call",27,4,9,3
"NVDA","6499c25a-dc42-5bbb-9e40-cfbcaaeeba1c","2016-05-12","transcripts","earnings_call",27,4,9,3
"TEAM","95e53630-85fd-554a-8ef6-24709faae917","2025-10-30","transcripts","earnings_call",9,6,7,3
"ADBE","662c5e90-150b-55f3-a744-4a5538a7d95a","2026-03-12","transcripts","earnings_call",32,2,6,1
"DELL","37ce0629-fbaf-523c-9023-7b37e3fedd7f","2023-08-31","transcripts","earnings_call",21,4,6,2
"NVDA","267ebe89-d7fd-569e-9999-3d4d30dbcb1f","2022-11-16","transcripts","earnings_call",20,5,7,-1
"NVDA","415ee75f-43bd-5f5f-95b3-8cbb239db82c","2016-08-11","transcripts","earnings_call",34,4,9,3
"INTC","ed5a5e49-bcad-5bd0-8b2e-ebefeb937d94","2025-10-23","transcripts","earnings_call",6,6,8,2
"INTC","49fa3c08-601b-518b-b610-f7a7f8102a3a","2024-08-01","transcripts","earnings_call",12,4,6,-1
"INTC","7d4ec6a4-b500-597f-a4c8-3b1efa1bc7f3","2024-04-25","transcripts","earnings_call",26,4,7,2
"NVDA","d5485656-a874-5cfe-a894-57bc8b605d8f","2023-08-23","transcripts","earnings_call",8,6,5,2
"MU","36d8fe08-ac91-5615-a7a6-3abd355ff707","2024-09-25","transcripts","earnings_call",10,4,8,3
"DELL","224743af-7e0e-53bf-a5bd-c43fb2dfbfad","2026-02-26","transcripts","earnings_call",11,4,8,3
"ADBE","fe68894e-788c-542f-80d2-40ed0ea89e5b","2022-12-15","transcripts","earnings_call",2,4,7,3
"INTC","49fa3c08-601b-518b-b610-f7a7f8102a3a","2024-08-01","transcripts","earnings_call",27,6,6,1
"TEAM","9f2ba849-64d8-5743-8663-91d1fba37890","2024-04-25","transcripts","earnings_call",8,6,5,2
"NVDA","d5485656-a874-5cfe-a894-57bc8b605d8f","2023-08-23","transcripts","earnings_call",17,4,9,3
"ADBE","67e91365-9214-5e7d-b250-f0373dc8482d","2024-12-11","transcripts","earnings_call",31,4,6,2
"MU","1bfafdaa-5146-5220-843e-68292e3d56a1","2024-12-18","transcripts","earnings_call",17,4,8,3
"DELL","0841310c-a8fc-56ff-a765-a54cfe9b8830","2024-05-30","transcripts","earnings_call",19,4,7,2
"NVDA","ec94cd8c-ac67-5337-9e9a-56500d600475","2022-08-24","transcripts","earnings_call",18,4,8,3
"NVDA","87a4c69c-93ba-5e73-a8b4-afdfab00f060","2021-02-25","transcripts","earnings_call",4,4,6,2
"NVDA","d871fa82-90e8-5219-9121-0d4d9ed1b395","2019-02-14","transcripts","earnings_call",10,4,6,-1
"MU","69442f26-0e1c-5f2c-91a1-9fcc42370775","2026-03-18","transcripts","earnings_call",19,4,8,2
"ADBE","aec08e29-2bd1-50e0-a94d-402baf72a3d7","2017-03-16","transcripts","earnings_call",5,6,7,3
"NVDA","0ffef5cc-292b-5dfa-baa4-d69e53244cad","2016-11-10","transcripts","earnings_call",25,4,8,3
"ADBE","40428456-3b06-53b3-8d99-aa83f1aeeb76","2024-09-12","transcripts","earnings_call",16,4,7,3
"DELL","525fca10-0bcd-5f70-9c5a-55f9aa4a0794","2023-11-30","transcripts","earnings_call",12,4,8,2
"DELL","53a534ea-6d2f-5471-a921-d44373e02c1e","2026-05-28","transcripts","earnings_call",9,2,5,2
"DELL","59876630-dc03-5936-9e10-3a01f2237a8c","2024-11-26","transcripts","earnings_call",8,4,8,3
"ADBE","67e91365-9214-5e7d-b250-f0373dc8482d","2024-12-11","transcripts","earnings_call",18,4,8,3
"MU","69442f26-0e1c-5f2c-91a1-9fcc42370775","2026-03-18","transcripts","earnings_call",22,1,6,2
"MU","3cdc0333-96c5-5a39-a542-23fbdba1c1bd","2018-06-20","transcripts","earnings_call",5,4,6,2
"NVDA","0ce0ef4b-c494-5479-ba1f-ff181b8eb3a3","2019-08-15","transcripts","earnings_call",15,4,8,3
"NVDA","ec94cd8c-ac67-5337-9e9a-56500d600475","2022-08-24","transcripts","earnings_call",13,4,7,0
"INTC","49fa3c08-601b-518b-b610-f7a7f8102a3a","2024-08-01","transcripts","earnings_call",1,6,8,0
"DELL","525fca10-0bcd-5f70-9c5a-55f9aa4a0794","2023-11-30","transcripts","earnings_call",1,4,9,3
"INTC","7d4ec6a4-b500-597f-a4c8-3b1efa1bc7f3","2024-04-25","transcripts","earnings_call",8,4,6,2
"ADBE","67e91365-9214-5e7d-b250-f0373dc8482d","2024-12-11","transcripts","earnings_call",24,4,7,2
"INTC","b57c663f-0f2b-558c-9f1d-ee27845e3748","2025-07-24","transcripts","earnings_call",10,4,6,2
"DELL","19ae50a6-97f8-5c8c-944a-8f67754b496a","2025-08-28","transcripts","earnings_call",20,4,8,2
"INTC","f04de089-f8bb-569c-a925-80759aca8430","2026-07-23","sec_filing","10-Q",81,4,8,2
"NVDA","d5485656-a874-5cfe-a894-57bc8b605d8f","2023-08-23","transcripts","earnings_call",20,4,10,3
"NVDA","4e6dd821-a1f8-54c0-b9c5-255426d83dfd","2014-08-07","transcripts","earnings_call",28,1,6,2
"DELL","59876630-dc03-5936-9e10-3a01f2237a8c","2024-11-26","transcripts","earnings_call",4,4,7,2
"NVDA","806bba5c-f32e-5463-a7e7-92bdacc4bcd1","2024-11-20","transcripts","earnings_call",12,4,9,3
"INTC","9837dfd9-0389-5100-88ba-32b379e479ff","2020-10-22","transcripts","earnings_call",5,4,5,2
"INTC","b104832c-9b87-5f77-b04b-e9a7f1e0d0db","2023-10-26","transcripts","earnings_call",25,1,7,3
"ADBE","c242198b-86af-5e0d-8532-8b10ea1b2bbd","2024-03-14","transcripts","earnings_call",8,6,6,2
"MU","36d8fe08-ac91-5615-a7a6-3abd355ff707","2024-09-25","transcripts","earnings_call",13,2,7,2
"NVDA","0c9abdfb-d869-50c4-a8b9-e402d55c5d3c","2015-02-11","transcripts","earnings_call",13,6,5,2
"ADBE","942f47dc-3958-53ed-9b60-761cfb47f9bb","2023-12-13","transcripts","earnings_call",3,6,9,3
"NVDA","99c19fe6-36cf-5676-9152-e054550dcefb","2016-02-17","transcripts","earnings_call",22,4,5,2
"TEAM","dfe1484c-8dd9-5ccf-9fed-d5afe3f34f2c","2024-10-31","transcripts","earnings_call",9,4,7,3
"DELL","19ae50a6-97f8-5c8c-944a-8f67754b496a","2025-08-28","transcripts","earnings_call",9,4,8,2
"NVDA","546dbd88-8b1f-55ad-bf0b-d68ce5b38b94","2019-11-14","transcripts","earnings_call",23,4,8,3
"NVDA","87a4c69c-93ba-5e73-a8b4-afdfab00f060","2021-02-25","transcripts","earnings_call",11,4,9,3
"TEAM","a263aff4-f957-563b-bf65-18268688e50e","2026-02-05","transcripts","earnings_call",14,6,6,2
"NVDA","baadda96-3068-549f-ac7b-e01d0e814a64","2017-05-09","transcripts","earnings_call",24,4,7,1
"NVDA","d5485656-a874-5cfe-a894-57bc8b605d8f","2023-08-23","transcripts","earnings_call",9,4,9,3
"NVDA","17d09326-d7ab-5647-bd59-5c79aadfcde1","2017-11-09","transcripts","earnings_call",22,6,7,3
"INTC","ea0eb5e6-f634-5046-9b46-c10fafccfdb2","2024-10-31","transcripts","earnings_call",26,4,6,1
"MU","451723cb-39ca-55cc-9710-140cdb25b67f","2025-12-17","transcripts","earnings_call",16,6,8,3
"MU","3a3d074f-6c4f-5a2c-ac4b-bda58420c19f","2025-09-23","transcripts","earnings_call",5,4,10,3
"NVDA","ec94cd8c-ac67-5337-9e9a-56500d600475","2022-08-24","transcripts","earnings_call",14,4,8,1
"ADBE","debc0e90-d85d-5d3c-a953-a670b840fc78","2026-06-11","transcripts","earnings_call",6,6,6,1
"DELL","4a84fed5-9078-5307-a218-4d72f9e5fe39","2024-08-29","transcripts","earnings_call",5,4,6,1
"NVDA","db33498b-5468-5a32-8c80-adcddc93bd27","2020-11-18","transcripts","earnings_call",9,6,7,2
"ADBE","debc0e90-d85d-5d3c-a953-a670b840fc78","2026-06-11","transcripts","earnings_call",16,4,6,2
"TEAM","e3aa98a0-b8c5-51ae-853f-c8f6b99db0f0","2023-05-04","transcripts","earnings_call",16,4,6,3
"TEAM","dfe1484c-8dd9-5ccf-9fed-d5afe3f34f2c","2024-10-31","transcripts","earnings_call",10,6,8,3
"NVDA","0ffef5cc-292b-5dfa-baa4-d69e53244cad","2016-11-10","transcripts","earnings_call",26,4,8,3
"INTC","471cb45f-ed1d-55e3-bb83-f37c8097eb98","2022-07-28","transcripts","earnings_call",4,4,6,1
"DELL","4a84fed5-9078-5307-a218-4d72f9e5fe39","2024-08-29","transcripts","earnings_call",15,2,7,3
"ADBE","904058bd-363b-5ec5-9d93-f422ba7c2bfa","2025-06-12","transcripts","earnings_call",19,6,7,3
"INTC","d05ce13a-6aa8-519a-8cf7-e6d2f49200cb","2017-10-26","transcripts","earnings_call",26,6,3,1
"NVDA","d7cdca9a-3bfa-5b60-b07f-82b55941b2ed","2017-02-09","transcripts","earnings_call",21,2,6,2
"MU","6a77b696-8679-5d56-9d53-3470c22a90c5","2025-06-25","transcripts","earnings_call",18,6,7,2
"NVDA","05013128-98cc-59e0-a5c2-5fbfd9f99d94","2020-02-13","transcripts","earnings_call",26,4,8,2
"INTC","aedef966-9c45-5f86-816a-f9d5ad7e406e","2026-01-22","transcripts","earnings_call",9,4,9,3
"TEAM","0045449f-65f0-5d4e-9b37-aac6d13474c8","2024-02-01","transcripts","earnings_call",18,4,5,2
"NVDA","4324b21a-0300-5afd-ba0d-f585dcf7945e","2021-08-18","transcripts","earnings_call",7,1,5,0
"INTC","54663ae2-6f76-5cee-81af-5934c442015b","2022-01-26","transcripts","earnings_call",15,4,5,2
"INTC","8a9d159d-331e-5125-bdf7-7ef8235251b2","2025-04-24","transcripts","earnings_call",6,4,6,1
"DELL","8bc1b895-2563-583f-8c4b-0dbe60e1ca3a","2025-11-25","transcripts","earnings_call",8,5,7,-1
"TEAM","971a12f2-f2d3-5c16-97e7-33d386795738","2025-01-30","transcripts","earnings_call",1,4,6,2
"NVDA","a6168ed6-19bf-5a46-b17e-321d5dbf9eaf","2022-02-16","transcripts","earnings_call",22,4,8,3
"TEAM","b9370e80-a22c-5d2a-9579-12449ea83286","2025-08-07","transcripts","earnings_call",12,6,6,2
"NVDA","415ee75f-43bd-5f5f-95b3-8cbb239db82c","2016-08-11","transcripts","earnings_call",28,6,5,2
"MU","34153012-1848-5daf-8cd8-27660069f0eb","2021-09-28","transcripts","earnings_call",9,2,5,2
"ADBE","fe68894e-788c-542f-80d2-40ed0ea89e5b","2022-12-15","transcripts","earnings_call",7,4,5,2
"NVDA","49eb043b-e92e-58d4-897e-f57564597ee3","2025-02-26","transcripts","earnings_call",13,4,10,3
"INTC","7d4ec6a4-b500-597f-a4c8-3b1efa1bc7f3","2024-04-25","transcripts","earnings_call",22,6,7,2
"DELL","4a84fed5-9078-5307-a218-4d72f9e5fe39","2024-08-29","transcripts","earnings_call",31,2,6,2
"DELL","f8d6d3af-390f-5ef9-b5fc-5a221cb823f4","2024-02-29","transcripts","earnings_call",8,6,6,2
"NVDA","402422ab-c575-56c7-86dd-81e39e43f69d","2018-05-10","transcripts","earnings_call",10,4,8,3
"ADBE","321f8689-5fe6-5b21-9ebf-b9c9f0bc84e3","2023-09-14","transcripts","earnings_call",20,4,8,3
"MU","451723cb-39ca-55cc-9710-140cdb25b67f","2025-12-17","transcripts","earnings_call",10,2,6,3
"ADBE","5eb56bbc-0304-54ea-b29d-c219e3848641","2017-09-19","transcripts","earnings_call",23,2,3,0
"MU","9732e5a6-bc18-5a15-8ea3-332ee47ec027","2024-06-26","transcripts","earnings_call",16,4,6,2
"NVDA","c9d9e804-2e76-52ec-a1f9-c375e19a9fc1","2026-02-25","transcripts","earnings_call",26,4,6,2
"TEAM","0045449f-65f0-5d4e-9b37-aac6d13474c8","2024-02-01","transcripts","earnings_call",21,2,4,1
"ADBE","321f8689-5fe6-5b21-9ebf-b9c9f0bc84e3","2023-09-14","transcripts","earnings_call",33,4,6,2
"DELL","4a84fed5-9078-5307-a218-4d72f9e5fe39","2024-08-29","transcripts","earnings_call",25,4,8,2
"DELL","525fca10-0bcd-5f70-9c5a-55f9aa4a0794","2023-11-30","transcripts","earnings_call",29,4,6,2
"MU","5d95d7fa-b615-5236-af28-6d0db3773271","2020-09-29","transcripts","earnings_call",14,4,5,2
"INTC","7906ed6e-c489-57ab-bb17-2ede247dd400","2024-01-25","transcripts","earnings_call",23,4,7,2
"NVDA","8358ab57-a5d5-5091-b100-15b266c71a29","2021-05-26","transcripts","earnings_call",13,4,8,3
"TEAM","8bb65558-0b56-5e53-bb4e-63b773ef84b0","2023-11-02","transcripts","earnings_call",13,4,7,3
"DELL","224743af-7e0e-53bf-a5bd-c43fb2dfbfad","2026-02-26","transcripts","earnings_call",17,4,8,3
"MU","6a77b696-8679-5d56-9d53-3470c22a90c5","2025-06-25","transcripts","earnings_call",20,4,8,3
"NVDA","6499c25a-dc42-5bbb-9e40-cfbcaaeeba1c","2016-05-12","transcripts","earnings_call",14,4,8,3
"INTC","7906ed6e-c489-57ab-bb17-2ede247dd400","2024-01-25","transcripts","earnings_call",28,4,7,2
"INTC","8a9d159d-331e-5125-bdf7-7ef8235251b2","2025-04-24","transcripts","earnings_call",22,4,6,1
"TEAM","20dd13b4-b5e8-5440-affc-18cb009e1933","2026-08-06","transcripts","earnings_call",19,4,5,1
"ADBE","162c2ee9-3002-5685-a301-e60dc07af155","2026-09-10","transcripts","earnings_call",11,4,6,2
"INTC","8d8f645f-6188-51ae-991a-16f0f9ce163b","2026-04-23","transcripts","earnings_call",6,4,8,3
"MU","34153012-1848-5daf-8cd8-27660069f0eb","2021-09-28","transcripts","earnings_call",27,4,6,2
"DELL","4a84fed5-9078-5307-a218-4d72f9e5fe39","2024-08-29","transcripts","earnings_call",6,4,7,2
"NVDA","858ca96a-d628-59bc-85bd-3b55da35ab19","2024-02-21","transcripts","earnings_call",19,4,7,3
"DELL","8bc1b895-2563-583f-8c4b-0dbe60e1ca3a","2025-11-25","transcripts","earnings_call",26,4,8,1
"INTC","9837dfd9-0389-5100-88ba-32b379e479ff","2020-10-22","transcripts","earnings_call",17,3,5,-1
"NVDA","a6168ed6-19bf-5a46-b17e-321d5dbf9eaf","2022-02-16","transcripts","earnings_call",16,4,8,3
"ADBE","debc0e90-d85d-5d3c-a953-a670b840fc78","2026-06-11","transcripts","earnings_call",5,4,9,2
"NVDA","49eb043b-e92e-58d4-897e-f57564597ee3","2025-02-26","transcripts","earnings_call",23,2,6,2
"MU","36d8fe08-ac91-5615-a7a6-3abd355ff707","2024-09-25","transcripts","earnings_call",26,4,8,2
"MU","451723cb-39ca-55cc-9710-140cdb25b67f","2025-12-17","transcripts","earnings_call",24,4,8,3
"NVDA","ec94cd8c-ac67-5337-9e9a-56500d600475","2022-08-24","transcripts","earnings_call",17,6,9,3
"NVDA","6499c25a-dc42-5bbb-9e40-cfbcaaeeba1c","2016-05-12","transcripts","earnings_call",11,4,8,3
"TEAM","b9370e80-a22c-5d2a-9579-12449ea83286","2025-08-07","transcripts","earnings_call",15,4,6,2
"INTC","ed5a5e49-bcad-5bd0-8b2e-ebefeb937d94","2025-10-23","transcripts","earnings_call",22,4,7,1
"NVDA","4324b21a-0300-5afd-ba0d-f585dcf7945e","2021-08-18","transcripts","earnings_call",19,4,8,3
"ADBE","5d8826c8-9eb1-5302-a2fa-b2d3a20b8383","2023-06-15","transcripts","earnings_call",24,6,6,2
"TEAM","9f2ba849-64d8-5743-8663-91d1fba37890","2024-04-25","transcripts","earnings_call",22,6,7,3
"MU","69442f26-0e1c-5f2c-91a1-9fcc42370775","2026-03-18","transcripts","earnings_call",23,4,8,2
"NVDA","193cdeb5-d767-50ff-a13c-3b7daac4bb22","2019-05-16","transcripts","earnings_call",20,4,8,1
"DELL","37ce0629-fbaf-523c-9023-7b37e3fedd7f","2023-08-31","transcripts","earnings_call",16,4,4,1
"INTC","7d4ec6a4-b500-597f-a4c8-3b1efa1bc7f3","2024-04-25","transcripts","earnings_call",3,6,7,2
"INTC","7550b2b7-834a-5a04-a9ee-6ae8ff1d64da","2025-01-30","transcripts","earnings_call",11,2,6,1
"TEAM","a263aff4-f957-563b-bf65-18268688e50e","2026-02-05","transcripts","earnings_call",7,2,6,2
"ADBE","b076f00c-1b13-5fe2-96fb-8bf573a038a9","2024-06-13","transcripts","earnings_call",27,6,7,2
"ADBE","ac4504c5-e22f-57af-8d23-efc72300f168","2025-03-12","transcripts","earnings_call",2,6,8,3
"DELL","f8d6d3af-390f-5ef9-b5fc-5a221cb823f4","2024-02-29","transcripts","earnings_call",19,4,8,2
"NVDA","fb4dfa87-ea47-5e55-a2d0-91c7c13cc43f","2017-08-10","transcripts","earnings_call",20,4,8,3
"NVDA","6499c25a-dc42-5bbb-9e40-cfbcaaeeba1c","2016-05-12","transcripts","earnings_call",7,6,6,2
"INTC","f04de089-f8bb-569c-a925-80759aca8430","2026-07-23","sec_filing","10-Q",86,4,8,2
"NVDA","415ee75f-43bd-5f5f-95b3-8cbb239db82c","2016-08-11","transcripts","earnings_call",24,6,6,1
"DELL","096ff108-80d1-5a56-a1b4-47c77ec6af79","2026-09-01","transcripts","earnings_call",4,4,8,3
"DELL","53a534ea-6d2f-5471-a921-d44373e02c1e","2026-05-28","transcripts","earnings_call",29,6,6,2
"ADBE","904058bd-363b-5ec5-9d93-f422ba7c2bfa","2025-06-12","transcripts","earnings_call",34,4,6,2
"NVDA","9b445c1c-6105-580d-876a-fd824f81668a","2025-11-19","transcripts","earnings_call",20,1,9,3
"MU","e839006a-00e1-55bd-b4b5-19c4e3f6fce2","2019-12-18","transcripts","earnings_call",16,4,4,2
"ADBE","662c5e90-150b-55f3-a744-4a5538a7d95a","2026-03-12","transcripts","earnings_call",6,4,9,3
"ADBE","904058bd-363b-5ec5-9d93-f422ba7c2bfa","2025-06-12","transcripts","earnings_call",20,4,6,2
"NVDA","402422ab-c575-56c7-86dd-81e39e43f69d","2018-05-10","transcripts","earnings_call",22,6,7,2
"NVDA","87a4c69c-93ba-5e73-a8b4-afdfab00f060","2021-02-25","transcripts","earnings_call",27,1,7,2
"MU","8e36ec0f-f800-561f-a459-b2403c03960f","2022-03-29","transcripts","earnings_call",8,4,5,2
"INTC","68f6001f-d7db-59ca-9173-bf5450ef4d08","2024-01-25","sec_filing","10-K",198,6,6,2
"INTC","ea0eb5e6-f634-5046-9b46-c10fafccfdb2","2024-10-31","transcripts","earnings_call",24,4,6,2
"MU","1bfafdaa-5146-5220-843e-68292e3d56a1","2024-12-18","transcripts","earnings_call",4,4,10,3
"NVDA","402422ab-c575-56c7-86dd-81e39e43f69d","2018-05-10","transcripts","earnings_call",14,4,8,3
"DELL","525fca10-0bcd-5f70-9c5a-55f9aa4a0794","2023-11-30","transcripts","earnings_call",23,2,6,2
"TEAM","971a12f2-f2d3-5c16-97e7-33d386795738","2025-01-30","transcripts","earnings_call",6,6,8,3
"ADBE","b076f00c-1b13-5fe2-96fb-8bf573a038a9","2024-06-13","transcripts","earnings_call",17,6,8,3
"TEAM","e3aa98a0-b8c5-51ae-853f-c8f6b99db0f0","2023-05-04","transcripts","earnings_call",17,4,5,2
"ADBE","662c5e90-150b-55f3-a744-4a5538a7d95a","2026-03-12","transcripts","earnings_call",12,4,8,3
"DELL","6ebc8da9-167f-538b-ae69-4e4015d9bba3","2025-05-29","transcripts","earnings_call",23,1,8,3
"ADBE","40428456-3b06-53b3-8d99-aa83f1aeeb76","2024-09-12","transcripts","earnings_call",17,6,7,2
"DELL","f8d6d3af-390f-5ef9-b5fc-5a221cb823f4","2024-02-29","transcripts","earnings_call",12,4,4,1
"INTC","352610bf-3595-51dc-9e11-301d0f158647","2017-07-27","transcripts","earnings_call",5,6,5,2
"INTC","20a7aed0-a0e4-5549-83f1-c0f67d7cee4b","2021-07-22","transcripts","earnings_call",6,3,5,1
"NVDA","f6334de9-fef4-5b4b-9a12-67ce35e0af82","2026-08-26","transcripts","earnings_call",17,4,10,3
"DELL","4a84fed5-9078-5307-a218-4d72f9e5fe39","2024-08-29","transcripts","earnings_call",24,4,9,2
"MU","55fc6f4e-3691-5388-b690-d3b1bf8577ec","2023-06-28","transcripts","earnings_call",15,4,8,3
"ADBE","904058bd-363b-5ec5-9d93-f422ba7c2bfa","2025-06-12","transcripts","earnings_call",4,4,9,3
"ADBE","662c5e90-150b-55f3-a744-4a5538a7d95a","2026-03-12","transcripts","earnings_call",28,1,6,2
"NVDA","0ffef5cc-292b-5dfa-baa4-d69e53244cad","2016-11-10","transcripts","earnings_call",5,4,8,3
"MU","451723cb-39ca-55cc-9710-140cdb25b67f","2025-12-17","transcripts","earnings_call",17,4,9,3
"NVDA","9b445c1c-6105-580d-876a-fd824f81668a","2025-11-19","transcripts","earnings_call",13,4,9,3
"DELL","f8d6d3af-390f-5ef9-b5fc-5a221cb823f4","2024-02-29","transcripts","earnings_call",4,4,8,3
"INTC","ea0eb5e6-f634-5046-9b46-c10fafccfdb2","2024-10-31","transcripts","earnings_call",27,5,6,-1
"MU","3a3d074f-6c4f-5a2c-ac4b-bda58420c19f","2025-09-23","transcripts","earnings_call",24,6,8,3
"NVDA","17d09326-d7ab-5647-bd59-5c79aadfcde1","2017-11-09","transcripts","earnings_call",11,4,8,3
"DELL","4a84fed5-9078-5307-a218-4d72f9e5fe39","2024-08-29","transcripts","earnings_call",12,2,8,3
"NVDA","8f6f6379-7b1d-5921-9326-d9244d569a8c","2023-11-21","transcripts","earnings_call",13,4,8,3
"MU","e185e36d-b084-5cd1-9afe-e140121320c9","2025-03-20","transcripts","earnings_call",11,4,6,1
"NVDA","4324b21a-0300-5afd-ba0d-f585dcf7945e","2021-08-18","transcripts","earnings_call",26,6,6,2
"NVDA","267ebe89-d7fd-569e-9999-3d4d30dbcb1f","2022-11-16","transcripts","earnings_call",16,6,6,2
"DELL","19ae50a6-97f8-5c8c-944a-8f67754b496a","2025-08-28","transcripts","earnings_call",26,2,6,1
"DELL","096ff108-80d1-5a56-a1b4-47c77ec6af79","2026-09-01","transcripts","earnings_call",21,6,5,1
"MU","499ba81d-5d21-51f9-a062-87302edce82f","2021-12-20","transcripts","earnings_call",14,4,6,2
"DELL","53a534ea-6d2f-5471-a921-d44373e02c1e","2026-05-28","transcripts","earnings_call",13,4,7,3
"DELL","59876630-dc03-5936-9e10-3a01f2237a8c","2024-11-26","transcripts","earnings_call",11,5,7,-1
"TEAM","e3aa98a0-b8c5-51ae-853f-c8f6b99db0f0","2023-05-04","transcripts","earnings_call",6,4,6,2
"ADBE","67e91365-9214-5e7d-b250-f0373dc8482d","2024-12-11","transcripts","earnings_call",3,4,8,3
"NVDA","99c19fe6-36cf-5676-9152-e054550dcefb","2016-02-17","transcripts","earnings_call",34,6,6,2
"MU","1bfafdaa-5146-5220-843e-68292e3d56a1","2024-12-18","transcripts","earnings_call",9,4,8,3
"DELL","f8d6d3af-390f-5ef9-b5fc-5a221cb823f4","2024-02-29","transcripts","earnings_call",20,4,8,2
"DELL","59876630-dc03-5936-9e10-3a01f2237a8c","2024-11-26","transcripts","earnings_call",7,4,8,2
"TEAM","95e53630-85fd-554a-8ef6-24709faae917","2025-10-30","transcripts","earnings_call",11,4,8,3
"INTC","c807efe2-50e1-589b-a6c2-9ae7c86d4fac","2026-07-23","transcripts","earnings_call",6,4,9,3
"NVDA","d7cdca9a-3bfa-5b60-b07f-82b55941b2ed","2017-02-09","transcripts","earnings_call",9,4,9,3
"NVDA","267ebe89-d7fd-569e-9999-3d4d30dbcb1f","2022-11-16","transcripts","earnings_call",5,6,5,2
"DELL","f8d6d3af-390f-5ef9-b5fc-5a221cb823f4","2024-02-29","transcripts","earnings_call",22,4,7,2
"INTC","20a7aed0-a0e4-5549-83f1-c0f67d7cee4b","2021-07-22","transcripts","earnings_call",14,4,5,1
"NVDA","546dbd88-8b1f-55ad-bf0b-d68ce5b38b94","2019-11-14","transcripts","earnings_call",25,6,5,2
"ADBE","5d8826c8-9eb1-5302-a2fa-b2d3a20b8383","2023-06-15","transcripts","earnings_call",7,4,7,3
"ADBE","debc0e90-d85d-5d3c-a953-a670b840fc78","2026-06-11","transcripts","earnings_call",25,1,6,2
"TEAM","dfe1484c-8dd9-5ccf-9fed-d5afe3f34f2c","2024-10-31","transcripts","earnings_call",14,6,7,3
"INTC","ea68814a-e352-5421-9d4d-4e9e9320725f","2018-10-25","transcripts","earnings_call",11,6,5,2
"MU","36d8fe08-ac91-5615-a7a6-3abd355ff707","2024-09-25","transcripts","earnings_call",15,4,9,3
"DELL","53a534ea-6d2f-5471-a921-d44373e02c1e","2026-05-28","transcripts","earnings_call",8,4,9,3
"ADBE","d31de365-34bd-53ca-8251-6a04e423b0e1","2025-12-10","transcripts","earnings_call",18,6,7,3
"INTC","aedef966-9c45-5f86-816a-f9d5ad7e406e","2026-01-22","transcripts","earnings_call",25,4,6,2
"NVDA","5d1ac975-ea2d-5ef5-ab0f-c10dcb8f6686","2015-08-06","transcripts","earnings_call",13,6,4,1
"MU","3a3d074f-6c4f-5a2c-ac4b-bda58420c19f","2025-09-23","transcripts","earnings_call",17,4,9,3
"DELL","37ce0629-fbaf-523c-9023-7b37e3fedd7f","2023-08-31","transcripts","earnings_call",18,6,8,3
"DELL","59876630-dc03-5936-9e10-3a01f2237a8c","2024-11-26","transcripts","earnings_call",24,4,8,1
"ADBE","942f47dc-3958-53ed-9b60-761cfb47f9bb","2023-12-13","transcripts","earnings_call",33,4,8,3
"NVDA","a6168ed6-19bf-5a46-b17e-321d5dbf9eaf","2022-02-16","transcripts","earnings_call",25,4,6,2
"TEAM","dfc2ab13-b7c1-541d-9efb-7d0044375e52","2023-08-03","transcripts","earnings_call",9,3,2,0
"DELL","19ae50a6-97f8-5c8c-944a-8f67754b496a","2025-08-28","transcripts","earnings_call",25,2,6,1
"TEAM","20dd13b4-b5e8-5440-affc-18cb009e1933","2026-08-06","transcripts","earnings_call",20,4,8,3
"NVDA","5d1ac975-ea2d-5ef5-ab0f-c10dcb8f6686","2015-08-06","transcripts","earnings_call",38,6,4,2
"ADBE","942f47dc-3958-53ed-9b60-761cfb47f9bb","2023-12-13","transcripts","earnings_call",31,4,6,2
"INTC","c807efe2-50e1-589b-a6c2-9ae7c86d4fac","2026-07-23","transcripts","earnings_call",1,4,9,3
"INTC","d7cca220-9296-5408-86f7-114ad678db56","2022-04-28","transcripts","earnings_call",2,4,4,1
"MU","69442f26-0e1c-5f2c-91a1-9fcc42370775","2026-03-18","transcripts","earnings_call",8,4,9,3
"MU","36d8fe08-ac91-5615-a7a6-3abd355ff707","2024-09-25","transcripts","earnings_call",6,4,9,3
"ADBE","5310f871-96f6-5a1b-9031-fa9c32b15484","2018-09-13","transcripts","earnings_call",16,6,5,2
"INTC","7906ed6e-c489-57ab-bb17-2ede247dd400","2024-01-25","transcripts","earnings_call",7,6,7,2
"NVDA","8f6f6379-7b1d-5921-9326-d9244d569a8c","2023-11-21","transcripts","earnings_call",9,1,5,2
"TEAM","a263aff4-f957-563b-bf65-18268688e50e","2026-02-05","transcripts","earnings_call",15,6,8,2
"NVDA","ce5c7c2b-0309-551f-a74b-a808a44f6d11","2021-11-17","transcripts","earnings_call",7,6,7,2
"INTC","20d95a81-92a9-56c4-aed5-34a0c00850c0","2023-01-26","transcripts","earnings_call",11,4,4,0
"NVDA","fb4dfa87-ea47-5e55-a2d0-91c7c13cc43f","2017-08-10","transcripts","earnings_call",5,1,7,3
"INTC","f04de089-f8bb-569c-a925-80759aca8430","2026-07-23","sec_filing","10-Q",94,4,7,2
"ADBE","33936398-9bed-5574-b096-d8d6e3a44044","2025-09-11","transcripts","earnings_call",16,4,7,2
"MU","5d95d7fa-b615-5236-af28-6d0db3773271","2020-09-29","transcripts","earnings_call",8,4,6,2
"INTC","7906ed6e-c489-57ab-bb17-2ede247dd400","2024-01-25","transcripts","earnings_call",4,4,8,3
"NVDA","858ca96a-d628-59bc-85bd-3b55da35ab19","2024-02-21","transcripts","earnings_call",17,4,8,3
"ADBE","c242198b-86af-5e0d-8532-8b10ea1b2bbd","2024-03-14","transcripts","earnings_call",16,4,7,1
"INTC","c807efe2-50e1-589b-a6c2-9ae7c86d4fac","2026-07-23","transcripts","earnings_call",9,4,9,3
"MU","451723cb-39ca-55cc-9710-140cdb25b67f","2025-12-17","transcripts","earnings_call",18,4,10,3
"DELL","53a534ea-6d2f-5471-a921-d44373e02c1e","2026-05-28","transcripts","earnings_call",16,4,7,3
"NVDA","8b0c505a-5d2c-5919-89ea-aea260b6457d","2023-02-22","transcripts","earnings_call",9,1,4,1
"TEAM","971a12f2-f2d3-5c16-97e7-33d386795738","2025-01-30","transcripts","earnings_call",13,6,5,2
"ADBE","d31de365-34bd-53ca-8251-6a04e423b0e1","2025-12-10","transcripts","earnings_call",9,6,7,3
"NVDA","ade59777-616f-58e6-885c-bfda1a8ea01c","2023-11-06","hackernews","title",0,4,7,2
"NVDA","05013128-98cc-59e0-a5c2-5fbfd9f99d94","2020-02-13","transcripts","earnings_call",25,4,9,3
"NVDA","05013128-98cc-59e0-a5c2-5fbfd9f99d94","2020-02-13","transcripts","earnings_call",9,4,9,3
"DELL","3c58ff0b-6cb5-5ded-97f1-e0fbe2bb2e39","2023-06-01","transcripts","earnings_call",18,1,6,2
"ADBE","5d8826c8-9eb1-5302-a2fa-b2d3a20b8383","2023-06-15","transcripts","earnings_call",18,6,7,2
"MU","6e835878-d177-5701-b8d4-4f7fe9af9d5e","2023-09-27","transcripts","earnings_call",21,4,8,3
"INTC","68f6001f-d7db-59ca-9173-bf5450ef4d08","2024-01-25","sec_filing","10-K",34,6,6,2
"DELL","224743af-7e0e-53bf-a5bd-c43fb2dfbfad","2026-02-26","transcripts","earnings_call",29,4,7,2
"NVDA","0ce0ef4b-c494-5479-ba1f-ff181b8eb3a3","2019-08-15","transcripts","earnings_call",19,6,7,2
"INTC","ea0eb5e6-f634-5046-9b46-c10fafccfdb2","2024-10-31","transcripts","earnings_call",21,4,6,1
"NVDA","193cdeb5-d767-50ff-a13c-3b7daac4bb22","2019-05-16","transcripts","earnings_call",19,4,9,0
"DELL","525fca10-0bcd-5f70-9c5a-55f9aa4a0794","2023-11-30","transcripts","earnings_call",9,4,8,3
"ADBE","5d8826c8-9eb1-5302-a2fa-b2d3a20b8383","2023-06-15","transcripts","earnings_call",30,3,6,1
"INTC","0c30d729-cd22-5b29-a850-a54fea3a6d25","2021-01-21","transcripts","earnings_call",8,4,7,2
"MU","2d5b6b23-4656-59ea-8f19-6ca1e2d4cc2d","2026-06-24","transcripts","earnings_call",9,1,9,3
"TEAM","09e53e56-9655-5b01-9328-be1a2e0f8757","2024-04-26","sec_filing","10-Q",155,5,4,-1
"DELL","53a534ea-6d2f-5471-a921-d44373e02c1e","2026-05-28","transcripts","earnings_call",30,4,9,3
"NVDA","bf07ccba-bd7c-5053-91e0-9b04160a6102","2020-08-19","transcripts","earnings_call",20,4,8,3
"ADBE","0e7becb0-f027-5573-a1f5-8ed94ea4a5d2","2024-03-21","hackernews","title",0,5,5,-2
"NVDA","100e429a-a61a-5fa0-a277-0642cc464901","2018-06-01","hackernews","title",0,4,7,3
"DELL","f8d6d3af-390f-5ef9-b5fc-5a221cb823f4","2024-02-29","transcripts","earnings_call",14,4,9,3
"NVDA","267ebe89-d7fd-569e-9999-3d4d30dbcb1f","2022-11-16","transcripts","earnings_call",26,3,4,0
"MU","6a77b696-8679-5d56-9d53-3470c22a90c5","2025-06-25","transcripts","earnings_call",25,6,8,3
"ADBE","904058bd-363b-5ec5-9d93-f422ba7c2bfa","2025-06-12","transcripts","earnings_call",7,6,9,3
"INTC","d6cd5bb1-eba4-599e-bc17-c396ae80b00c","2018-01-25","transcripts","earnings_call",17,3,4,0
"ADBE","ac4504c5-e22f-57af-8d23-efc72300f168","2025-03-12","transcripts","earnings_call",29,6,8,3
"MU","2488bcee-887b-5298-bea4-ebb923a4a3c9","2017-06-29","transcripts","earnings_call",7,4,4,1
"INTC","ed5a5e49-bcad-5bd0-8b2e-ebefeb937d94","2025-10-23","transcripts","earnings_call",5,6,7,2
"DELL","4a84fed5-9078-5307-a218-4d72f9e5fe39","2024-08-29","transcripts","earnings_call",32,2,5,2
"NVDA","4e6dd821-a1f8-54c0-b9c5-255426d83dfd","2014-08-07","transcripts","earnings_call",20,4,6,2
"NVDA","8358ab57-a5d5-5091-b100-15b266c71a29","2021-05-26","transcripts","earnings_call",9,6,7,2
"TEAM","971a12f2-f2d3-5c16-97e7-33d386795738","2025-01-30","transcripts","earnings_call",10,6,8,2
"INTC","d7cca220-9296-5408-86f7-114ad678db56","2022-04-28","transcripts","earnings_call",7,6,5,2
"MU","34153012-1848-5daf-8cd8-27660069f0eb","2021-09-28","transcripts","earnings_call",15,4,6,2
"INTC","47d18e9e-5340-5380-81b1-c648e52bd08b","2018-07-26","transcripts","earnings_call",3,6,6,2
"NVDA","8b0c505a-5d2c-5919-89ea-aea260b6457d","2023-02-22","transcripts","earnings_call",4,6,9,3
"NVDA","ce5c7c2b-0309-551f-a74b-a808a44f6d11","2021-11-17","transcripts","earnings_call",19,6,8,3
"ADBE","6a19ccac-de0c-55e0-b28d-476251f41ff8","2024-04-25","hackernews","title",0,5,6,-3
"MU","6a3631e8-8265-5513-acda-2e2980e5a594","2020-08-14","hackernews","title",0,4,5,2
"DELL","19ae50a6-97f8-5c8c-944a-8f67754b496a","2025-08-28","transcripts","earnings_call",7,4,8,2
"NVDA","4e6dd821-a1f8-54c0-b9c5-255426d83dfd","2014-08-07","transcripts","earnings_call",2,4,7,3
"MU","499ba81d-5d21-51f9-a062-87302edce82f","2021-12-20","transcripts","earnings_call",3,4,7,2
"TEAM","971a12f2-f2d3-5c16-97e7-33d386795738","2025-01-30","transcripts","earnings_call",2,4,8,3
"ADBE","d31de365-34bd-53ca-8251-6a04e423b0e1","2025-12-10","transcripts","earnings_call",3,1,6,2
"INTC","68f6001f-d7db-59ca-9173-bf5450ef4d08","2024-01-25","sec_filing","10-K",23,4,6,2
"ADBE","40428456-3b06-53b3-8d99-aa83f1aeeb76","2024-09-12","transcripts","earnings_call",2,6,9,3
"NVDA","415ee75f-43bd-5f5f-95b3-8cbb239db82c","2016-08-11","transcripts","earnings_call",20,4,9,3
"MU","3cdc0333-96c5-5a39-a542-23fbdba1c1bd","2018-06-20","transcripts","earnings_call",8,4,7,3
"MU","1bfafdaa-5146-5220-843e-68292e3d56a1","2024-12-18","transcripts","earnings_call",25,4,7,2
"NVDA","5d1ac975-ea2d-5ef5-ab0f-c10dcb8f6686","2015-08-06","transcripts","earnings_call",32,4,7,3
"INTC","d7cca220-9296-5408-86f7-114ad678db56","2022-04-28","transcripts","earnings_call",4,6,3,1
"DELL","f0344c9f-1242-5b96-bcf3-9bfd6bd09a80","2025-09-08","sec_filing","10-Q",90,4,8,2
"MU","45c1294a-3b90-5f23-ab91-bd80f9802f69","2019-03-20","transcripts","earnings_call",3,6,5,2
"MU","55fc6f4e-3691-5388-b690-d3b1bf8577ec","2023-06-28","transcripts","earnings_call",4,4,9,3
"INTC","d05ce13a-6aa8-519a-8cf7-e6d2f49200cb","2017-10-26","transcripts","earnings_call",4,6,6,2
"NVDA","d871fa82-90e8-5219-9121-0d4d9ed1b395","2019-02-14","transcripts","earnings_call",19,4,6,1
"INTC","68f6001f-d7db-59ca-9173-bf5450ef4d08","2024-01-25","sec_filing","10-K",61,6,6,2
"ADBE","40428456-3b06-53b3-8d99-aa83f1aeeb76","2024-09-12","transcripts","earnings_call",5,6,8,3
"DELL","525fca10-0bcd-5f70-9c5a-55f9aa4a0794","2023-11-30","transcripts","earnings_call",25,6,8,3
"MU","9732e5a6-bc18-5a15-8ea3-332ee47ec027","2024-06-26","transcripts","earnings_call",8,4,8,3
"NVDA","a6168ed6-19bf-5a46-b17e-321d5dbf9eaf","2022-02-16","transcripts","earnings_call",2,4,6,2
"TEAM","e3aa98a0-b8c5-51ae-853f-c8f6b99db0f0","2023-05-04","transcripts","earnings_call",8,2,6,2
"ADBE","33936398-9bed-5574-b096-d8d6e3a44044","2025-09-11","transcripts","earnings_call",30,2,7,2
"DELL","3c58ff0b-6cb5-5ded-97f1-e0fbe2bb2e39","2023-06-01","transcripts","earnings_call",20,4,7,3
"MU","451723cb-39ca-55cc-9710-140cdb25b67f","2025-12-17","transcripts","earnings_call",4,6,8,3
"DELL","0841310c-a8fc-56ff-a765-a54cfe9b8830","2024-05-30","transcripts","earnings_call",3,6,8,2
"NVDA","546dbd88-8b1f-55ad-bf0b-d68ce5b38b94","2019-11-14","transcripts","earnings_call",26,4,8,3
"ADBE","662c5e90-150b-55f3-a744-4a5538a7d95a","2026-03-12","transcripts","earnings_call",4,6,8,2
"DELL","6ebc8da9-167f-538b-ae69-4e4015d9bba3","2025-05-29","transcripts","earnings_call",5,4,9,3
"WM","32a49d4b-bf7f-597b-82b7-90591bcdd9bb","2019-02-14","transcripts","earnings_call",31,2,5,2
"NVDA","4324b21a-0300-5afd-ba0d-f585dcf7945e","2021-08-18","transcripts","earnings_call",4,4,6,2
"MU","8fe2aa0d-3fb9-5598-ba80-fb0cf978df9b","2023-03-28","transcripts","earnings_call",16,4,6,2
"INTC","b57c663f-0f2b-558c-9f1d-ee27845e3748","2025-07-24","transcripts","earnings_call",9,4,6,2
"ADBE","d1c0dc6b-4f7e-5be2-bba8-f0277e9351b8","2019-06-18","transcripts","earnings_call",25,6,6,2
"PG","e16167de-0ad7-53b3-9f96-2152efa513ab","2026-04-24","transcripts","earnings_call",30,2,6,2
"INTC","68f6001f-d7db-59ca-9173-bf5450ef4d08","2024-01-25","sec_filing","10-K",67,5,7,-1
"INTC","68f6001f-d7db-59ca-9173-bf5450ef4d08","2024-01-25","sec_filing","10-K",78,4,4,2
"INTC","68f6001f-d7db-59ca-9173-bf5450ef4d08","2024-01-25","sec_filing","10-K",81,4,6,2
"DELL","19ae50a6-97f8-5c8c-944a-8f67754b496a","2025-08-28","transcripts","earnings_call",2,6,8,2
"MU","6e835878-d177-5701-b8d4-4f7fe9af9d5e","2023-09-27","transcripts","earnings_call",6,4,5,2
"DELL","224743af-7e0e-53bf-a5bd-c43fb2dfbfad","2026-02-26","transcripts","earnings_call",6,4,10,3
"NVDA","546dbd88-8b1f-55ad-bf0b-d68ce5b38b94","2019-11-14","transcripts","earnings_call",15,4,9,3
"ADBE","942f47dc-3958-53ed-9b60-761cfb47f9bb","2023-12-13","transcripts","earnings_call",6,6,7,2
"ADBE","b076f00c-1b13-5fe2-96fb-8bf573a038a9","2024-06-13","transcripts","earnings_call",15,4,8,3
"MU","36d8fe08-ac91-5615-a7a6-3abd355ff707","2024-09-25","transcripts","earnings_call",5,4,9,3
"DELL","19ae50a6-97f8-5c8c-944a-8f67754b496a","2025-08-28","transcripts","earnings_call",16,4,8,0
"NVDA","8f6f6379-7b1d-5921-9326-d9244d569a8c","2023-11-21","transcripts","earnings_call",28,4,8,3
"TEAM","a263aff4-f957-563b-bf65-18268688e50e","2026-02-05","transcripts","earnings_call",3,4,9,3
"DELL","096ff108-80d1-5a56-a1b4-47c77ec6af79","2026-09-01","transcripts","earnings_call",20,5,6,-1
"NVDA","546dbd88-8b1f-55ad-bf0b-d68ce5b38b94","2019-11-14","transcripts","earnings_call",24,1,6,2
"NVDA","806bba5c-f32e-5463-a7e7-92bdacc4bcd1","2024-11-20","transcripts","earnings_call",7,4,7,2
"TEAM","95e53630-85fd-554a-8ef6-24709faae917","2025-10-30","transcripts","earnings_call",1,4,9,3
"MU","3dc2e535-2c22-5fd3-a713-8070429082f8","2020-06-29","transcripts","earnings_call",3,4,5,2
"NVDA","05013128-98cc-59e0-a5c2-5fbfd9f99d94","2020-02-13","transcripts","earnings_call",10,4,9,3
"DELL","53a534ea-6d2f-5471-a921-d44373e02c1e","2026-05-28","transcripts","earnings_call",21,2,6,2
"MU","e185e36d-b084-5cd1-9afe-e140121320c9","2025-03-20","transcripts","earnings_call",15,4,7,3
"ADBE","b076f00c-1b13-5fe2-96fb-8bf573a038a9","2024-06-13","transcripts","earnings_call",34,4,7,2
"INTC","ea68814a-e352-5421-9d4d-4e9e9320725f","2018-10-25","transcripts","earnings_call",3,6,6,2
"MU","beb63bfd-6134-5405-88e7-3d65c55dd7ad","2023-12-20","transcripts","earnings_call",22,4,8,2
"TEAM","8bb65558-0b56-5e53-bb4e-63b773ef84b0","2023-11-02","transcripts","earnings_call",34,2,7,3
"MU","9732e5a6-bc18-5a15-8ea3-332ee47ec027","2024-06-26","transcripts","earnings_call",1,4,9,3
"DELL","525fca10-0bcd-5f70-9c5a-55f9aa4a0794","2023-11-30","transcripts","earnings_call",5,4,6,2
"MU","63769e90-d28b-58c1-afb7-b0f36f9306bd","2019-06-25","transcripts","earnings_call",1,4,4,2
"INTC","831140a4-e1e1-5273-b581-38829d347f36","2017-01-26","transcripts","earnings_call",4,4,8,3
"DELL","f0344c9f-1242-5b96-bcf3-9bfd6bd09a80","2025-09-08","sec_filing","10-Q",95,4,7,2
"MU","38856b84-7bbb-53f5-9c63-286c3020a212","2017-12-19","transcripts","earnings_call",14,4,8,3
"ADBE","dae4da18-a0dd-5db6-8ffd-3e3a5a79985e","2017-06-20","transcripts","earnings_call",26,4,6,2
"DELL","525fca10-0bcd-5f70-9c5a-55f9aa4a0794","2023-11-30","transcripts","earnings_call",8,4,5,1
"INTC","b57c663f-0f2b-558c-9f1d-ee27845e3748","2025-07-24","transcripts","earnings_call",5,4,6,1
"NVDA","d871fa82-90e8-5219-9121-0d4d9ed1b395","2019-02-14","transcripts","earnings_call",6,6,6,2
"MU","36d8fe08-ac91-5615-a7a6-3abd355ff707","2024-09-25","transcripts","earnings_call",3,4,9,3
"INTC","1f84b5fb-c2bd-5b29-93cf-d10389e56668","2020-04-23","transcripts","earnings_call",4,4,5,2
"INTC","f04de089-f8bb-569c-a925-80759aca8430","2026-07-23","sec_filing","10-Q",96,2,6,1
"NVDA","ec94cd8c-ac67-5337-9e9a-56500d600475","2022-08-24","transcripts","earnings_call",27,6,8,3
"INTC","d6cd5bb1-eba4-599e-bc17-c396ae80b00c","2018-01-25","transcripts","earnings_call",6,4,5,2
"DELL","f8d6d3af-390f-5ef9-b5fc-5a221cb823f4","2024-02-29","transcripts","earnings_call",2,4,9,3
"NVDA","415ee75f-43bd-5f5f-95b3-8cbb239db82c","2016-08-11","transcripts","earnings_call",32,4,8,3
"DELL","59876630-dc03-5936-9e10-3a01f2237a8c","2024-11-26","transcripts","earnings_call",17,4,9,3
"ADBE","662c5e90-150b-55f3-a744-4a5538a7d95a","2026-03-12","transcripts","earnings_call",14,5,6,-1
"INTC","1f84b5fb-c2bd-5b29-93cf-d10389e56668","2020-04-23","transcripts","earnings_call",2,4,3,1
"MU","71e48957-7f66-5991-9ae4-80ae68a48a1e","2022-09-29","transcripts","earnings_call",5,6,6,2
"ADBE","5d8826c8-9eb1-5302-a2fa-b2d3a20b8383","2023-06-15","transcripts","earnings_call",23,2,6,2
"DELL","8bc1b895-2563-583f-8c4b-0dbe60e1ca3a","2025-11-25","transcripts","earnings_call",2,4,9,3
"MU","9732e5a6-bc18-5a15-8ea3-332ee47ec027","2024-06-26","transcripts","earnings_call",10,4,5,2
"TEAM","b9370e80-a22c-5d2a-9579-12449ea83286","2025-08-07","transcripts","earnings_call",25,2,6,1
"NVDA","05013128-98cc-59e0-a5c2-5fbfd9f99d94","2020-02-13","transcripts","earnings_call",16,6,7,3
"TEAM","20dd13b4-b5e8-5440-affc-18cb009e1933","2026-08-06","transcripts","earnings_call",8,4,7,3
"NVDA","27f7059b-86f8-5cc4-b242-c0ac1a37a720","2015-11-05","transcripts","earnings_call",14,4,7,3
"DELL","4a84fed5-9078-5307-a218-4d72f9e5fe39","2024-08-29","transcripts","earnings_call",20,6,8,3
"MU","960f4240-ee84-511d-87c3-3f5d5820e30d","2015-10-01","transcripts","earnings_call",5,4,4,1
"INTC","b104832c-9b87-5f77-b04b-e9a7f1e0d0db","2023-10-26","transcripts","earnings_call",7,6,7,2
"NVDA","49eb043b-e92e-58d4-897e-f57564597ee3","2025-02-26","transcripts","earnings_call",6,4,8,3
"TEAM","20dd13b4-b5e8-5440-affc-18cb009e1933","2026-08-06","transcripts","earnings_call",5,4,8,3
"MU","451723cb-39ca-55cc-9710-140cdb25b67f","2025-12-17","transcripts","earnings_call",7,6,8,2
"INTC","7d4ec6a4-b500-597f-a4c8-3b1efa1bc7f3","2024-04-25","transcripts","earnings_call",23,6,6,2
"NVDA","d7cdca9a-3bfa-5b60-b07f-82b55941b2ed","2017-02-09","transcripts","earnings_call",7,4,9,3
"NVDA","415ee75f-43bd-5f5f-95b3-8cbb239db82c","2016-08-11","transcripts","earnings_call",25,6,5,1
"MU","2488bcee-887b-5298-bea4-ebb923a4a3c9","2017-06-29","transcripts","earnings_call",26,4,8,3
"INTC","4b47f4c1-03f4-5cb8-9f0a-623ee0c09112","2019-01-24","transcripts","earnings_call",4,6,6,2
"TEAM","a263aff4-f957-563b-bf65-18268688e50e","2026-02-05","transcripts","earnings_call",5,4,8,3
"TEAM","b9370e80-a22c-5d2a-9579-12449ea83286","2025-08-07","transcripts","earnings_call",10,4,7,3
"NVDA","ce5c7c2b-0309-551f-a74b-a808a44f6d11","2021-11-17","transcripts","earnings_call",4,4,8,3
"INTC","d7cca220-9296-5408-86f7-114ad678db56","2022-04-28","transcripts","earnings_call",23,6,5,2
"TEAM","e3aa98a0-b8c5-51ae-853f-c8f6b99db0f0","2023-05-04","transcripts","earnings_call",2,6,7,3
"MU","451723cb-39ca-55cc-9710-140cdb25b67f","2025-12-17","transcripts","earnings_call",27,4,8,3
"INTC","9229fe39-58e8-5e8b-9b81-61e1e5aab840","2020-01-23","transcripts","earnings_call",9,4,7,3
"NVDA","415ee75f-43bd-5f5f-95b3-8cbb239db82c","2016-08-11","transcripts","earnings_call",14,4,6,2
"ADBE","33936398-9bed-5574-b096-d8d6e3a44044","2025-09-11","transcripts","earnings_call",17,1,6,0
"INTC","319f15e2-a922-5e6f-be0d-1cc598a7031c","2016-10-17","transcripts","earnings_call",6,3,5,0
"DELL","8bc1b895-2563-583f-8c4b-0dbe60e1ca3a","2025-11-25","transcripts","earnings_call",1,4,9,3
"NVDA","a31adff2-40c5-5520-8cb4-b33ca6b86e3a","2020-05-21","transcripts","earnings_call",33,6,7,2
"NVDA","87a4c69c-93ba-5e73-a8b4-afdfab00f060","2021-02-25","transcripts","earnings_call",6,4,8,3
"NVDA","c7c172e1-a172-5d00-b7fb-c37127627933","2018-02-08","transcripts","earnings_call",6,1,6,2
"INTC","e28a5bf4-606d-5cf2-a721-5e22a3772904","2018-04-26","transcripts","earnings_call",2,4,6,2
"MU","f12b8d30-0535-5079-8c70-105991893fef","2024-10-30","hackernews","title",0,4,6,2
"INTC","ea0eb5e6-f634-5046-9b46-c10fafccfdb2","2024-10-31","transcripts","earnings_call",4,6,7,2
"NVDA","5d1ac975-ea2d-5ef5-ab0f-c10dcb8f6686","2015-08-06","transcripts","earnings_call",19,6,5,2
"TEAM","8b4b4170-64d5-5d17-b9a7-c4aa91b1e551","2021-04-28","transcripts","earnings_call",12,6,4,1
"TEAM","dfe1484c-8dd9-5ccf-9fed-d5afe3f34f2c","2024-10-31","transcripts","earnings_call",15,6,7,3
"ADBE","662c5e90-150b-55f3-a744-4a5538a7d95a","2026-03-12","transcripts","earnings_call",9,6,7,2
"MU","499ba81d-5d21-51f9-a062-87302edce82f","2021-12-20","transcripts","earnings_call",12,4,5,2
"NVDA","99c19fe6-36cf-5676-9152-e054550dcefb","2016-02-17","transcripts","earnings_call",18,6,8,3
"DELL","37ce0629-fbaf-523c-9023-7b37e3fedd7f","2023-08-31","transcripts","earnings_call",3,6,6,2
"ADBE","33936398-9bed-5574-b096-d8d6e3a44044","2025-09-11","transcripts","earnings_call",32,4,8,3
"MU","55fc6f4e-3691-5388-b690-d3b1bf8577ec","2023-06-28","transcripts","earnings_call",27,4,8,3
"INTC","7906ed6e-c489-57ab-bb17-2ede247dd400","2024-01-25","transcripts","earnings_call",9,6,7,2
"NVDA","9b445c1c-6105-580d-876a-fd824f81668a","2025-11-19","transcripts","earnings_call",8,4,8,3
"INTC","e28a5bf4-606d-5cf2-a721-5e22a3772904","2018-04-26","transcripts","earnings_call",3,6,5,2
"NVDA","858ca96a-d628-59bc-85bd-3b55da35ab19","2024-02-21","transcripts","earnings_call",12,4,9,3
"INTC","ea0eb5e6-f634-5046-9b46-c10fafccfdb2","2024-10-31","transcripts","earnings_call",22,6,5,1
"MU","304b4df7-5e34-59f4-abb1-7dac0bd321d7","2018-03-22","transcripts","earnings_call",13,4,5,2
"ADBE","33936398-9bed-5574-b096-d8d6e3a44044","2025-09-11","transcripts","earnings_call",28,6,7,2
"NVDA","8358ab57-a5d5-5091-b100-15b266c71a29","2021-05-26","transcripts","earnings_call",23,6,7,2
"DELL","8bc1b895-2563-583f-8c4b-0dbe60e1ca3a","2025-11-25","transcripts","earnings_call",11,4,8,2
"NVDA","d7cdca9a-3bfa-5b60-b07f-82b55941b2ed","2017-02-09","transcripts","earnings_call",22,6,8,3
"MU","3cdc0333-96c5-5a39-a542-23fbdba1c1bd","2018-06-20","transcripts","earnings_call",3,6,6,2
"MU","6e835878-d177-5701-b8d4-4f7fe9af9d5e","2023-09-27","transcripts","earnings_call",2,6,8,2
"ADBE","321f8689-5fe6-5b21-9ebf-b9c9f0bc84e3","2023-09-14","transcripts","earnings_call",9,4,8,3
"DELL","4a84fed5-9078-5307-a218-4d72f9e5fe39","2024-08-29","transcripts","earnings_call",3,4,9,3
"NVDA","4b26342b-a204-5eec-9301-16f4134721cb","2012-08-09","transcripts","earnings_call",2,4,5,2
"NVDA","8b0c505a-5d2c-5919-89ea-aea260b6457d","2023-02-22","transcripts","earnings_call",10,4,8,3
"NVDA","a6168ed6-19bf-5a46-b17e-321d5dbf9eaf","2022-02-16","transcripts","earnings_call",12,4,8,2
"INTC","c807efe2-50e1-589b-a6c2-9ae7c86d4fac","2026-07-23","transcripts","earnings_call",5,4,8,3
"ADBE","67e91365-9214-5e7d-b250-f0373dc8482d","2024-12-11","transcripts","earnings_call",27,4,7,2
"INTC","68f6001f-d7db-59ca-9173-bf5450ef4d08","2024-01-25","sec_filing","10-K",125,5,6,-2
"INTC","68f6001f-d7db-59ca-9173-bf5450ef4d08","2024-01-25","sec_filing","10-K",130,5,6,-2
"DELL","19ae50a6-97f8-5c8c-944a-8f67754b496a","2025-08-28","transcripts","earnings_call",5,4,9,2
"INTC","1f84b5fb-c2bd-5b29-93cf-d10389e56668","2020-04-23","transcripts","earnings_call",5,1,6,2
"INTC","fe73e653-1a05-5602-a8bb-a53bb21b8468","2019-04-25","transcripts","earnings_call",2,6,7,3
"MU","499ba81d-5d21-51f9-a062-87302edce82f","2021-12-20","transcripts","earnings_call",23,4,3,1
"DELL","4a84fed5-9078-5307-a218-4d72f9e5fe39","2024-08-29","transcripts","earnings_call",2,4,9,3
"DELL","6ebc8da9-167f-538b-ae69-4e4015d9bba3","2025-05-29","transcripts","earnings_call",3,6,8,3
"INTC","8d613210-f36f-5330-b68c-59f82d72b913","2022-10-27","transcripts","earnings_call",3,6,6,2
"NVDA","9b445c1c-6105-580d-876a-fd824f81668a","2025-11-19","transcripts","earnings_call",7,1,10,3
"ADBE","40428456-3b06-53b3-8d99-aa83f1aeeb76","2024-09-12","transcripts","earnings_call",13,2,6,1
"DELL","3c58ff0b-6cb5-5ded-97f1-e0fbe2bb2e39","2023-06-01","transcripts","earnings_call",15,4,6,1
"MU","71e48957-7f66-5991-9ae4-80ae68a48a1e","2022-09-29","transcripts","earnings_call",3,4,6,2
"NVDA","8358ab57-a5d5-5091-b100-15b266c71a29","2021-05-26","transcripts","earnings_call",14,4,8,3
"INTC","8a9d159d-331e-5125-bdf7-7ef8235251b2","2025-04-24","transcripts","earnings_call",3,6,7,1
"TEAM","95e53630-85fd-554a-8ef6-24709faae917","2025-10-30","transcripts","earnings_call",18,1,7,2
"MU","69442f26-0e1c-5f2c-91a1-9fcc42370775","2026-03-18","transcripts","earnings_call",4,4,10,3
"ADBE","ac4504c5-e22f-57af-8d23-efc72300f168","2025-03-12","transcripts","earnings_call",4,4,9,3
"ADBE","3ccf558f-dde7-51ab-bd38-6cbb5faf3290","2021-12-16","transcripts","earnings_call",7,4,7,2
"NVDA","fb4dfa87-ea47-5e55-a2d0-91c7c13cc43f","2017-08-10","transcripts","earnings_call",16,4,6,2
"NVDA","fb4dfa87-ea47-5e55-a2d0-91c7c13cc43f","2017-08-10","transcripts","earnings_call",4,1,8,3
"DELL","59876630-dc03-5936-9e10-3a01f2237a8c","2024-11-26","transcripts","earnings_call",9,4,7,3
"DELL","769483ae-b14b-57ca-9eec-ad405de9f2de","2021-08-26","transcripts","earnings_call",3,4,6,2
"NVDA","a6168ed6-19bf-5a46-b17e-321d5dbf9eaf","2022-02-16","transcripts","earnings_call",17,4,8,3
"INTC","20d95a81-92a9-56c4-aed5-34a0c00850c0","2023-01-26","transcripts","earnings_call",9,3,6,1
"MU","38856b84-7bbb-53f5-9c63-286c3020a212","2017-12-19","transcripts","earnings_call",7,4,6,3
"NVDA","49eb043b-e92e-58d4-897e-f57564597ee3","2025-02-26","transcripts","earnings_call",22,6,7,2
"NVDA","ced4ab13-26ba-5d31-b9cb-034dd8c77805","2013-02-13","transcripts","earnings_call",2,4,5,2
"NVDA","06fb76cd-3f3f-5737-86a9-a324ab4cc5cc","2024-08-28","transcripts","earnings_call",4,4,9,3
"NVDA","415ee75f-43bd-5f5f-95b3-8cbb239db82c","2016-08-11","transcripts","earnings_call",29,6,5,2
"MU","f7aa7bdb-86f6-54ae-af61-b41efe80f0d2","2016-06-30","transcripts","earnings_call",29,6,3,0
"MU","fb0b49e7-e0dc-5e41-9f85-7066632b3657","2021-06-30","transcripts","earnings_call",5,6,6,2
"INTC","8d8f645f-6188-51ae-991a-16f0f9ce163b","2026-04-23","transcripts","earnings_call",11,1,7,2
"ADBE","a66878ff-597d-54c3-8fed-55d0a6296eaa","2016-09-20","transcripts","earnings_call",24,6,6,2
"ADBE","67e91365-9214-5e7d-b250-f0373dc8482d","2024-12-11","transcripts","earnings_call",29,4,7,3
"MU","6e835878-d177-5701-b8d4-4f7fe9af9d5e","2023-09-27","transcripts","earnings_call",5,4,7,2
"INTC","7550b2b7-834a-5a04-a9ee-6ae8ff1d64da","2025-01-30","transcripts","earnings_call",3,6,6,2
"NVDA","193cdeb5-d767-50ff-a13c-3b7daac4bb22","2019-05-16","transcripts","earnings_call",14,6,7,2
"DELL","53a534ea-6d2f-5471-a921-d44373e02c1e","2026-05-28","transcripts","earnings_call",20,6,7,3
"DELL","37ce0629-fbaf-523c-9023-7b37e3fedd7f","2023-08-31","transcripts","earnings_call",11,1,5,1
"NVDA","49eb043b-e92e-58d4-897e-f57564597ee3","2025-02-26","transcripts","earnings_call",3,4,9,3
"NVDA","546dbd88-8b1f-55ad-bf0b-d68ce5b38b94","2019-11-14","transcripts","earnings_call",3,4,9,3
"MU","5d95d7fa-b615-5236-af28-6d0db3773271","2020-09-29","transcripts","earnings_call",26,4,5,2
"INTC","7906ed6e-c489-57ab-bb17-2ede247dd400","2024-01-25","transcripts","earnings_call",27,4,7,3
"DELL","f8d6d3af-390f-5ef9-b5fc-5a221cb823f4","2024-02-29","transcripts","earnings_call",9,6,6,2
"NVDA","0ffef5cc-292b-5dfa-baa4-d69e53244cad","2016-11-10","transcripts","earnings_call",19,4,9,3
"NVDA","ec94cd8c-ac67-5337-9e9a-56500d600475","2022-08-24","transcripts","earnings_call",3,6,6,2
"NVDA","402422ab-c575-56c7-86dd-81e39e43f69d","2018-05-10","transcripts","earnings_call",6,6,7,3
"DELL","4a84fed5-9078-5307-a218-4d72f9e5fe39","2024-08-29","transcripts","earnings_call",19,4,8,3
"NVDA","d871fa82-90e8-5219-9121-0d4d9ed1b395","2019-02-14","transcripts","earnings_call",16,1,5,2
"INTC","68f6001f-d7db-59ca-9173-bf5450ef4d08","2024-01-25","sec_filing","10-K",20,6,4,1
"NVDA","6a4202fc-3cca-5326-8d55-7915f1e4c3c8","2025-01-07","hackernews","title",0,6,5,2
"MU","102e7f36-c78c-5c7a-8381-3b71afa2f465","2016-10-04","transcripts","earnings_call",8,4,4,1
"ADBE","40428456-3b06-53b3-8d99-aa83f1aeeb76","2024-09-12","transcripts","earnings_call",6,4,8,3
"DELL","096ff108-80d1-5a56-a1b4-47c77ec6af79","2026-09-01","transcripts","earnings_call",3,4,9,3
"NVDA","27f7059b-86f8-5cc4-b242-c0ac1a37a720","2015-11-05","transcripts","earnings_call",15,4,7,3
"NVDA","6499c25a-dc42-5bbb-9e40-cfbcaaeeba1c","2016-05-12","transcripts","earnings_call",2,4,7,3
"INTC","8d8f645f-6188-51ae-991a-16f0f9ce163b","2026-04-23","transcripts","earnings_call",27,4,8,3
"NVDA","acfcc7cd-39e1-534a-b5a6-0118b90f448c","2014-02-12","transcripts","earnings_call",3,6,7,2
"TEAM","0045449f-65f0-5d4e-9b37-aac6d13474c8","2024-02-01","transcripts","earnings_call",24,6,8,3
"INTC","49fa3c08-601b-518b-b610-f7a7f8102a3a","2024-08-01","transcripts","earnings_call",11,4,7,2
"MU","45c1294a-3b90-5f23-ab91-bd80f9802f69","2019-03-20","transcripts","earnings_call",21,4,3,1
"INTC","c8f7d2b5-5298-538d-8f6d-8b97424a4a1a","2019-10-24","transcripts","earnings_call",3,4,7,3
"MU","e185e36d-b084-5cd1-9afe-e140121320c9","2025-03-20","transcripts","earnings_call",26,4,8,3
"ADBE","40428456-3b06-53b3-8d99-aa83f1aeeb76","2024-09-12","transcripts","earnings_call",19,6,8,2
"DELL","53a534ea-6d2f-5471-a921-d44373e02c1e","2026-05-28","transcripts","earnings_call",6,4,9,2
"MU","584e2356-d5a6-5710-9f24-b6f0a71345b2","2018-12-18","transcripts","earnings_call",2,6,3,1
"NVDA","806bba5c-f32e-5463-a7e7-92bdacc4bcd1","2024-11-20","transcripts","earnings_call",21,6,8,2
"MU","69442f26-0e1c-5f2c-91a1-9fcc42370775","2026-03-18","transcripts","earnings_call",5,4,9,3
"DELL","224743af-7e0e-53bf-a5bd-c43fb2dfbfad","2026-02-26","transcripts","earnings_call",31,4,9,3
"ADBE","33936398-9bed-5574-b096-d8d6e3a44044","2025-09-11","transcripts","earnings_call",18,6,8,2
"INTC","49fa3c08-601b-518b-b610-f7a7f8102a3a","2024-08-01","transcripts","earnings_call",14,4,7,1
"MU","55fc6f4e-3691-5388-b690-d3b1bf8577ec","2023-06-28","transcripts","earnings_call",3,6,6,2
"TEAM","8b4b4170-64d5-5d17-b9a7-c4aa91b1e551","2021-04-28","transcripts","earnings_call",4,6,5,2
"NVDA","9b445c1c-6105-580d-876a-fd824f81668a","2025-11-19","transcripts","earnings_call",3,1,8,3
"ADBE","debc0e90-d85d-5d3c-a953-a670b840fc78","2026-06-11","transcripts","earnings_call",4,4,8,2
"NVDA","fb4dfa87-ea47-5e55-a2d0-91c7c13cc43f","2017-08-10","transcripts","earnings_call",23,4,6,2
"MU","2488bcee-887b-5298-bea4-ebb923a4a3c9","2017-06-29","transcripts","earnings_call",1,4,5,2
"ADBE","31b72460-defe-5326-a0c0-dc5c73eb134a","2022-03-22","transcripts","earnings_call",19,6,6,2
"INTC","352610bf-3595-51dc-9e11-301d0f158647","2017-07-27","transcripts","earnings_call",4,1,7,2
"INTC","1bb47084-c01f-58d0-bd3c-b97e3b417dfc","2017-04-27","transcripts","earnings_call",3,1,6,2
"MU","527745f0-8f26-58f9-9043-f44088f9fc8a","2022-06-30","transcripts","earnings_call",27,6,6,2
"DELL","6a38eadf-c932-53d2-8613-6f93063c09a1","2026-07-30","hackernews","title",0,6,3,1
"ADBE","ac4504c5-e22f-57af-8d23-efc72300f168","2025-03-12","transcripts","earnings_call",15,4,7,2
"TEAM","95e53630-85fd-554a-8ef6-24709faae917","2025-10-30","transcripts","earnings_call",14,4,7,2
"NVDA","fb4dfa87-ea47-5e55-a2d0-91c7c13cc43f","2017-08-10","transcripts","earnings_call",28,4,9,3
"INTC","4b47f4c1-03f4-5cb8-9f0a-623ee0c09112","2019-01-24","transcripts","earnings_call",5,6,5,2
"NVDA","8f6f6379-7b1d-5921-9326-d9244d569a8c","2023-11-21","transcripts","earnings_call",20,4,8,2
"MU","8fe2aa0d-3fb9-5598-ba80-fb0cf978df9b","2023-03-28","transcripts","earnings_call",3,4,8,2
"TEAM","95e53630-85fd-554a-8ef6-24709faae917","2025-10-30","transcripts","earnings_call",21,4,7,3
"INTC","c8f7d2b5-5298-538d-8f6d-8b97424a4a1a","2019-10-24","transcripts","earnings_call",14,2,5,0
"ADBE","67e91365-9214-5e7d-b250-f0373dc8482d","2024-12-11","transcripts","earnings_call",7,6,7,3
"INTC","ea0eb5e6-f634-5046-9b46-c10fafccfdb2","2024-10-31","transcripts","earnings_call",5,4,6,-1
"MU","43b08bf7-9e27-55e8-8ac5-19fa45e3a311","2021-01-07","transcripts","earnings_call",3,6,7,2
"DELL","525fca10-0bcd-5f70-9c5a-55f9aa4a0794","2023-11-30","transcripts","earnings_call",24,4,7,2
"NVDA","a31adff2-40c5-5520-8cb4-b33ca6b86e3a","2020-05-21","transcripts","earnings_call",9,2,6,2
"TEAM","dfe1484c-8dd9-5ccf-9fed-d5afe3f34f2c","2024-10-31","transcripts","earnings_call",22,4,6,3
"NVDA","99c19fe6-36cf-5676-9152-e054550dcefb","2016-02-17","transcripts","earnings_call",4,4,9,3
"ADBE","321f8689-5fe6-5b21-9ebf-b9c9f0bc84e3","2023-09-14","transcripts","earnings_call",27,6,6,1
"NVDA","7facc553-ca88-53bf-9773-e1b6c0c33583","2018-11-15","transcripts","earnings_call",25,4,8,2
"TEAM","95e53630-85fd-554a-8ef6-24709faae917","2025-10-30","transcripts","earnings_call",16,4,8,3
"MU","9732e5a6-bc18-5a15-8ea3-332ee47ec027","2024-06-26","transcripts","earnings_call",2,6,9,3
"MU","6a77b696-8679-5d56-9d53-3470c22a90c5","2025-06-25","transcripts","earnings_call",8,4,6,1
"MU","6a77b696-8679-5d56-9d53-3470c22a90c5","2025-06-25","transcripts","earnings_call",4,6,9,3
"MU","34153012-1848-5daf-8cd8-27660069f0eb","2021-09-28","transcripts","earnings_call",13,4,5,2
"ADBE","942f47dc-3958-53ed-9b60-761cfb47f9bb","2023-12-13","transcripts","earnings_call",21,4,8,3
"NVDA","87a4c69c-93ba-5e73-a8b4-afdfab00f060","2021-02-25","transcripts","earnings_call",14,6,8,3
"INTC","d05ce13a-6aa8-519a-8cf7-e6d2f49200cb","2017-10-26","transcripts","earnings_call",19,4,5,2
"MU","69442f26-0e1c-5f2c-91a1-9fcc42370775","2026-03-18","transcripts","earnings_call",12,4,8,3
"TEAM","a263aff4-f957-563b-bf65-18268688e50e","2026-02-05","transcripts","earnings_call",1,4,6,3
"INTC","aedef966-9c45-5f86-816a-f9d5ad7e406e","2026-01-22","transcripts","earnings_call",5,6,8,2
"MU","e839006a-00e1-55bd-b4b5-19c4e3f6fce2","2019-12-18","transcripts","earnings_call",2,1,4,1
"NVDA","fb4dfa87-ea47-5e55-a2d0-91c7c13cc43f","2017-08-10","transcripts","earnings_call",25,6,7,3
"INTC","ed5a5e49-bcad-5bd0-8b2e-ebefeb937d94","2025-10-23","transcripts","earnings_call",13,1,7,2
"TEAM","0045449f-65f0-5d4e-9b37-aac6d13474c8","2024-02-01","transcripts","earnings_call",25,4,8,3
"TEAM","c3f90c49-cec7-5bc6-a05c-fe34b4e602b8","2025-05-01","transcripts","earnings_call",20,5,6,-1
"ADBE","10752d6e-4708-5bae-85c6-00ef20ed1adc","2020-12-10","transcripts","earnings_call",17,6,6,2
"NVDA","4324b21a-0300-5afd-ba0d-f585dcf7945e","2021-08-18","transcripts","earnings_call",27,6,7,3
"INTC","9837dfd9-0389-5100-88ba-32b379e479ff","2020-10-22","transcripts","earnings_call",1,6,4,2
"TEAM","2ac324fe-f882-596b-afe2-9b1082ac9a35","2022-01-27","transcripts","earnings_call",27,1,4,1
"NVDA","49eb043b-e92e-58d4-897e-f57564597ee3","2025-02-26","transcripts","earnings_call",5,4,8,3
"INTC","7d4ec6a4-b500-597f-a4c8-3b1efa1bc7f3","2024-04-25","transcripts","earnings_call",20,6,7,2
"NVDA","a6168ed6-19bf-5a46-b17e-321d5dbf9eaf","2022-02-16","transcripts","earnings_call",18,4,7,3
"DELL","53a534ea-6d2f-5471-a921-d44373e02c1e","2026-05-28","transcripts","earnings_call",17,4,9,2
"NVDA","4e6dd821-a1f8-54c0-b9c5-255426d83dfd","2014-08-07","transcripts","earnings_call",26,4,7,2
"MU","6a77b696-8679-5d56-9d53-3470c22a90c5","2025-06-25","transcripts","earnings_call",9,4,8,3
"TEAM","8bb65558-0b56-5e53-bb4e-63b773ef84b0","2023-11-02","transcripts","earnings_call",2,1,6,2
"NVDA","99c19fe6-36cf-5676-9152-e054550dcefb","2016-02-17","transcripts","earnings_call",14,4,9,3
"TEAM","c3f90c49-cec7-5bc6-a05c-fe34b4e602b8","2025-05-01","transcripts","earnings_call",1,4,7,2
"DELL","224743af-7e0e-53bf-a5bd-c43fb2dfbfad","2026-02-26","transcripts","earnings_call",26,4,8,2
"INTC","1bb47084-c01f-58d0-bd3c-b97e3b417dfc","2017-04-27","transcripts","earnings_call",20,6,5,1
"NVDA","402422ab-c575-56c7-86dd-81e39e43f69d","2018-05-10","transcripts","earnings_call",5,4,6,3
"INTC","c8f7d2b5-5298-538d-8f6d-8b97424a4a1a","2019-10-24","transcripts","earnings_call",2,6,6,2
"MU","6e835878-d177-5701-b8d4-4f7fe9af9d5e","2023-09-27","transcripts","earnings_call",9,4,8,3
"TEAM","7ecd486d-ee61-5e9a-8401-a4d5ba503fbe","2022-08-04","transcripts","earnings_call",24,2,4,2
"MU","55fc6f4e-3691-5388-b690-d3b1bf8577ec","2023-06-28","transcripts","earnings_call",1,4,6,2
"INTC","7906ed6e-c489-57ab-bb17-2ede247dd400","2024-01-25","transcripts","earnings_call",3,4,8,2
"NVDA","6a86108a-d2e9-58e5-905a-cb7d1786b966","2026-07-31","hackernews","title",0,4,6,1
"MU","304b4df7-5e34-59f4-abb1-7dac0bd321d7","2018-03-22","transcripts","earnings_call",3,4,7,3
"DELL","525fca10-0bcd-5f70-9c5a-55f9aa4a0794","2023-11-30","transcripts","earnings_call",16,4,8,3
"TEAM","53af85f8-8cd7-5de8-903f-d3acb61630a7","2021-07-29","transcripts","earnings_call",24,2,3,1
"TEAM","8b4b4170-64d5-5d17-b9a7-c4aa91b1e551","2021-04-28","transcripts","earnings_call",7,6,5,2
"ADBE","67e91365-9214-5e7d-b250-f0373dc8482d","2024-12-11","transcripts","earnings_call",16,4,7,3
"NVDA","49eb043b-e92e-58d4-897e-f57564597ee3","2025-02-26","transcripts","earnings_call",19,4,9,3
"INTC","471cb45f-ed1d-55e3-bb83-f37c8097eb98","2022-07-28","transcripts","earnings_call",3,4,6,1
"DELL","59876630-dc03-5936-9e10-3a01f2237a8c","2024-11-26","transcripts","earnings_call",2,6,8,3
"INTC","7d4ec6a4-b500-597f-a4c8-3b1efa1bc7f3","2024-04-25","transcripts","earnings_call",7,4,8,2
"NVDA","806bba5c-f32e-5463-a7e7-92bdacc4bcd1","2024-11-20","transcripts","earnings_call",16,4,9,3
"TEAM","b9370e80-a22c-5d2a-9579-12449ea83286","2025-08-07","transcripts","earnings_call",9,4,7,3
"NVDA","db33498b-5468-5a32-8c80-adcddc93bd27","2020-11-18","transcripts","earnings_call",4,6,6,3
"MU","2d5b6b23-4656-59ea-8f19-6ca1e2d4cc2d","2026-06-24","transcripts","earnings_call",8,6,7,2
"TEAM","95e53630-85fd-554a-8ef6-24709faae917","2025-10-30","transcripts","earnings_call",12,4,8,3
"ADBE","10752d6e-4708-5bae-85c6-00ef20ed1adc","2020-12-10","transcripts","earnings_call",21,6,7,3
"NVDA","c9d9e804-2e76-52ec-a1f9-c375e19a9fc1","2026-02-25","transcripts","earnings_call",4,4,10,3
"INTC","8a9d159d-331e-5125-bdf7-7ef8235251b2","2025-04-24","transcripts","earnings_call",17,4,6,1
"NVDA","d7cdca9a-3bfa-5b60-b07f-82b55941b2ed","2017-02-09","transcripts","earnings_call",28,4,6,2
"ADBE","40428456-3b06-53b3-8d99-aa83f1aeeb76","2024-09-12","transcripts","earnings_call",3,2,8,3
"DELL","525fca10-0bcd-5f70-9c5a-55f9aa4a0794","2023-11-30","transcripts","earnings_call",21,4,7,2
"INTC","7d4ec6a4-b500-597f-a4c8-3b1efa1bc7f3","2024-04-25","transcripts","earnings_call",33,6,7,2
"TEAM","9f2ba849-64d8-5743-8663-91d1fba37890","2024-04-25","transcripts","earnings_call",6,4,6,2
"ADBE","d31de365-34bd-53ca-8251-6a04e423b0e1","2025-12-10","transcripts","earnings_call",28,6,8,3
"TEAM","dfc2ab13-b7c1-541d-9efb-7d0044375e52","2023-08-03","transcripts","earnings_call",27,4,6,2
"TEAM","dfe1484c-8dd9-5ccf-9fed-d5afe3f34f2c","2024-10-31","transcripts","earnings_call",3,4,7,3
"ADBE","faf1fd16-ea0c-5687-9bd4-967fb878fac7","2023-03-15","transcripts","earnings_call",31,6,6,2
"DELL","59876630-dc03-5936-9e10-3a01f2237a8c","2024-11-26","transcripts","earnings_call",3,6,7,2
"DELL","59876630-dc03-5936-9e10-3a01f2237a8c","2024-11-26","transcripts","earnings_call",31,4,8,2
"MU","6a77b696-8679-5d56-9d53-3470c22a90c5","2025-06-25","transcripts","earnings_call",5,4,8,3
"ADBE","c242198b-86af-5e0d-8532-8b10ea1b2bbd","2024-03-14","transcripts","earnings_call",6,4,7,3
"DELL","37ce0629-fbaf-523c-9023-7b37e3fedd7f","2023-08-31","transcripts","earnings_call",19,6,8,3
"TEAM","0045449f-65f0-5d4e-9b37-aac6d13474c8","2024-02-01","transcripts","earnings_call",23,2,6,2
"ADBE","162c2ee9-3002-5685-a301-e60dc07af155","2026-09-10","transcripts","earnings_call",10,4,6,2
"INTC","47d18e9e-5340-5380-81b1-c648e52bd08b","2018-07-26","transcripts","earnings_call",9,4,5,2
"INTC","7d4ec6a4-b500-597f-a4c8-3b1efa1bc7f3","2024-04-25","transcripts","earnings_call",1,4,7,2
"NVDA","8358ab57-a5d5-5091-b100-15b266c71a29","2021-05-26","transcripts","earnings_call",19,6,7,3
"TEAM","95e53630-85fd-554a-8ef6-24709faae917","2025-10-30","transcripts","earnings_call",2,4,9,3
"TEAM","dfe1484c-8dd9-5ccf-9fed-d5afe3f34f2c","2024-10-31","transcripts","earnings_call",8,4,7,3
"NVDA","06fb76cd-3f3f-5737-86a9-a324ab4cc5cc","2024-08-28","transcripts","earnings_call",29,6,10,3
"TEAM","20dd13b4-b5e8-5440-affc-18cb009e1933","2026-08-06","transcripts","earnings_call",14,4,8,3
"DELL","53a534ea-6d2f-5471-a921-d44373e02c1e","2026-05-28","transcripts","earnings_call",11,4,7,3
"MU","55fc6f4e-3691-5388-b690-d3b1bf8577ec","2023-06-28","transcripts","earnings_call",7,4,4,2
"TEAM","9f2ba849-64d8-5743-8663-91d1fba37890","2024-04-25","transcripts","earnings_call",20,4,6,2
"ADBE","debc0e90-d85d-5d3c-a953-a670b840fc78","2026-06-11","transcripts","earnings_call",2,6,8,2
"DELL","224743af-7e0e-53bf-a5bd-c43fb2dfbfad","2026-02-26","transcripts","earnings_call",14,4,8,2
"NVDA","415ee75f-43bd-5f5f-95b3-8cbb239db82c","2016-08-11","transcripts","earnings_call",31,6,6,2
"MU","5d95d7fa-b615-5236-af28-6d0db3773271","2020-09-29","transcripts","earnings_call",7,4,6,2
"INTC","d7cca220-9296-5408-86f7-114ad678db56","2022-04-28","transcripts","earnings_call",8,6,6,2
"NVDA","f6334de9-fef4-5b4b-9a12-67ce35e0af82","2026-08-26","transcripts","earnings_call",12,4,10,3
"ADBE","10752d6e-4708-5bae-85c6-00ef20ed1adc","2020-12-10","transcripts","earnings_call",3,6,6,2
"NVDA","f5615815-1644-5e9c-97ff-e33ccde38594","2014-11-06","transcripts","earnings_call",3,4,8,3
"DELL","3c58ff0b-6cb5-5ded-97f1-e0fbe2bb2e39","2023-06-01","transcripts","earnings_call",16,4,7,2
"NVDA","193cdeb5-d767-50ff-a13c-3b7daac4bb22","2019-05-16","transcripts","earnings_call",29,4,9,2
"ADBE","4ffc3144-ae3c-5ec9-bd90-c67b9befff92","2018-03-15","transcripts","earnings_call",5,6,6,2
"TEAM","95e53630-85fd-554a-8ef6-24709faae917","2025-10-30","transcripts","earnings_call",13,4,7,3
"INTC","9837dfd9-0389-5100-88ba-32b379e479ff","2020-10-22","transcripts","earnings_call",4,6,6,2
"INTC","b104832c-9b87-5f77-b04b-e9a7f1e0d0db","2023-10-26","transcripts","earnings_call",22,4,8,3
"MU","beb63bfd-6134-5405-88e7-3d65c55dd7ad","2023-12-20","transcripts","earnings_call",1,4,9,3
"ADBE","662c5e90-150b-55f3-a744-4a5538a7d95a","2026-03-12","transcripts","earnings_call",10,6,8,2
"INTC","7a0883ef-67dd-5658-b3a2-9855cbbf61a8","2016-04-19","transcripts","earnings_call",27,4,5,2
"INTC","20a7aed0-a0e4-5549-83f1-c0f67d7cee4b","2021-07-22","transcripts","earnings_call",19,3,5,1
"MU","36d8fe08-ac91-5615-a7a6-3abd355ff707","2024-09-25","transcripts","earnings_call",22,4,8,3
"MU","527745f0-8f26-58f9-9043-f44088f9fc8a","2022-06-30","transcripts","earnings_call",5,6,5,2
"NVDA","ad70ad5e-d0f5-59eb-8498-6bb500bfaccf","2016-03-16","sec_filing","10-K",85,4,6,2
"ADBE","662c5e90-150b-55f3-a744-4a5538a7d95a","2026-03-12","transcripts","earnings_call",5,6,8,3
"DELL","37ce0629-fbaf-523c-9023-7b37e3fedd7f","2023-08-31","transcripts","earnings_call",9,6,6,2
"INTC","ed5a5e49-bcad-5bd0-8b2e-ebefeb937d94","2025-10-23","transcripts","earnings_call",7,4,8,3
"DELL","0841310c-a8fc-56ff-a765-a54cfe9b8830","2024-05-30","transcripts","earnings_call",20,4,8,3
"MU","43b08bf7-9e27-55e8-8ac5-19fa45e3a311","2021-01-07","transcripts","earnings_call",4,4,6,2
"NVDA","49eb043b-e92e-58d4-897e-f57564597ee3","2025-02-26","transcripts","earnings_call",26,4,9,3
"NVDA","49eb043b-e92e-58d4-897e-f57564597ee3","2025-02-26","transcripts","earnings_call",7,4,7,3
"ADBE","5d8826c8-9eb1-5302-a2fa-b2d3a20b8383","2023-06-15","transcripts","earnings_call",19,6,8,3
"NVDA","8f6f6379-7b1d-5921-9326-d9244d569a8c","2023-11-21","transcripts","earnings_call",4,6,8,3
"MU","584e2356-d5a6-5710-9f24-b6f0a71345b2","2018-12-18","transcripts","earnings_call",4,4,5,2
"TEAM","8b4b4170-64d5-5d17-b9a7-c4aa91b1e551","2021-04-28","transcripts","earnings_call",19,6,6,2
"TEAM","95e53630-85fd-554a-8ef6-24709faae917","2025-10-30","transcripts","earnings_call",17,1,6,2
"ADBE","a66878ff-597d-54c3-8fed-55d0a6296eaa","2016-09-20","transcripts","earnings_call",25,2,6,2
"TEAM","dfe1484c-8dd9-5ccf-9fed-d5afe3f34f2c","2024-10-31","transcripts","earnings_call",23,4,5,2
"TEAM","0045449f-65f0-5d4e-9b37-aac6d13474c8","2024-02-01","transcripts","earnings_call",2,6,6,2
"MU","36d8fe08-ac91-5615-a7a6-3abd355ff707","2024-09-25","transcripts","earnings_call",2,4,9,3
"NVDA","267ebe89-d7fd-569e-9999-3d4d30dbcb1f","2022-11-16","transcripts","earnings_call",12,6,6,2
"DELL","4a84fed5-9078-5307-a218-4d72f9e5fe39","2024-08-29","transcripts","earnings_call",21,4,8,3
"MU","584e2356-d5a6-5710-9f24-b6f0a71345b2","2018-12-18","transcripts","earnings_call",5,4,5,2
"TEAM","9f2ba849-64d8-5743-8663-91d1fba37890","2024-04-25","transcripts","earnings_call",21,6,6,2
"ADBE","debc0e90-d85d-5d3c-a953-a670b840fc78","2026-06-11","transcripts","earnings_call",10,4,8,3
"MU","6a77b696-8679-5d56-9d53-3470c22a90c5","2025-06-25","transcripts","earnings_call",24,4,9,3
"INTC","1f84b5fb-c2bd-5b29-93cf-d10389e56668","2020-04-23","transcripts","earnings_call",6,6,6,2
"MU","451723cb-39ca-55cc-9710-140cdb25b67f","2025-12-17","transcripts","earnings_call",1,4,10,3
"ADBE","5d8826c8-9eb1-5302-a2fa-b2d3a20b8383","2023-06-15","transcripts","earnings_call",4,1,6,3
"NVDA","c7c172e1-a172-5d00-b7fb-c37127627933","2018-02-08","transcripts","earnings_call",5,6,6,2
"ADBE","424a0e53-592a-5175-b730-2c0bf88c9412","2012-06-19","transcripts","earnings_call",4,4,4,2
"DELL","39b7becd-c076-5ed3-8d92-eb3e712943d4","2022-02-24","transcripts","earnings_call",1,4,6,2
"MU","3a3d074f-6c4f-5a2c-ac4b-bda58420c19f","2025-09-23","transcripts","earnings_call",3,4,9,3
"MU","63769e90-d28b-58c1-afb7-b0f36f9306bd","2019-06-25","transcripts","earnings_call",4,4,3,1
"INTC","8a9d159d-331e-5125-bdf7-7ef8235251b2","2025-04-24","transcripts","earnings_call",18,6,6,1
"MU","6a77b696-8679-5d56-9d53-3470c22a90c5","2025-06-25","transcripts","earnings_call",23,2,6,1
"MU","1bfafdaa-5146-5220-843e-68292e3d56a1","2024-12-18","transcripts","earnings_call",8,4,7,1
"NVDA","49eb043b-e92e-58d4-897e-f57564597ee3","2025-02-26","transcripts","earnings_call",17,4,8,3
"ADBE","33936398-9bed-5574-b096-d8d6e3a44044","2025-09-11","transcripts","earnings_call",1,6,9,3
"NVDA","99c19fe6-36cf-5676-9152-e054550dcefb","2016-02-17","transcripts","earnings_call",20,4,9,3
"DELL","6a97fecc-0835-58cf-95f1-ea6884d41165","2025-12-24","hackernews","title",0,5,3,-1
"MU","3a3d074f-6c4f-5a2c-ac4b-bda58420c19f","2025-09-23","transcripts","earnings_call",20,4,9,3
"NVDA","27f7059b-86f8-5cc4-b242-c0ac1a37a720","2015-11-05","transcripts","earnings_call",12,6,6,2
"DELL","4a84fed5-9078-5307-a218-4d72f9e5fe39","2024-08-29","transcripts","earnings_call",9,2,7,3
"NVDA","5d1ac975-ea2d-5ef5-ab0f-c10dcb8f6686","2015-08-06","transcripts","earnings_call",30,6,4,1
"TEAM","dfc2ab13-b7c1-541d-9efb-7d0044375e52","2023-08-03","transcripts","earnings_call",11,4,8,3
"NVDA","6a93d52a-ebfa-5a02-a77d-ff6cd47d2d16","2016-01-08","hackernews","title",0,6,3,1
"ADBE","162c2ee9-3002-5685-a301-e60dc07af155","2026-09-10","transcripts","earnings_call",4,6,7,2
"NVDA","0ffef5cc-292b-5dfa-baa4-d69e53244cad","2016-11-10","transcripts","earnings_call",11,4,8,3
"NVDA","06fb76cd-3f3f-5737-86a9-a324ab4cc5cc","2024-08-28","transcripts","earnings_call",12,6,8,2
"TEAM","971a12f2-f2d3-5c16-97e7-33d386795738","2025-01-30","transcripts","earnings_call",9,6,7,2
"INTC","8d613210-f36f-5330-b68c-59f82d72b913","2022-10-27","transcripts","earnings_call",4,6,6,2
"NVDA","8f6f6379-7b1d-5921-9326-d9244d569a8c","2023-11-21","transcripts","earnings_call",19,4,9,3
"ADBE","904058bd-363b-5ec5-9d93-f422ba7c2bfa","2025-06-12","transcripts","earnings_call",25,4,6,2
"ADBE","40428456-3b06-53b3-8d99-aa83f1aeeb76","2024-09-12","transcripts","earnings_call",11,4,7,3
"NVDA","48647bdf-abb0-51b2-94a4-a30cde9761a4","2013-08-08","transcripts","earnings_call",4,6,7,3
"NVDA","858ca96a-d628-59bc-85bd-3b55da35ab19","2024-02-21","transcripts","earnings_call",3,4,8,3
"DELL","3c58ff0b-6cb5-5ded-97f1-e0fbe2bb2e39","2023-06-01","transcripts","earnings_call",1,4,6,2
"MU","581d249e-ed61-5456-9107-18ccdb60991b","2018-09-20","transcripts","earnings_call",4,4,7,3
"NVDA","7facc553-ca88-53bf-9773-e1b6c0c33583","2018-11-15","transcripts","earnings_call",26,4,9,3
"INTC","ea68814a-e352-5421-9d4d-4e9e9320725f","2018-10-25","transcripts","earnings_call",12,6,5,2
"MU","581d249e-ed61-5456-9107-18ccdb60991b","2018-09-20","transcripts","earnings_call",27,4,8,3
"TEAM","a263aff4-f957-563b-bf65-18268688e50e","2026-02-05","transcripts","earnings_call",4,4,8,3
"NVDA","c7c172e1-a172-5d00-b7fb-c37127627933","2018-02-08","transcripts","earnings_call",20,6,7,3
"NVDA","d871fa82-90e8-5219-9121-0d4d9ed1b395","2019-02-14","transcripts","earnings_call",5,6,6,2
"ADBE","d1c0dc6b-4f7e-5be2-bba8-f0277e9351b8","2019-06-18","transcripts","earnings_call",16,6,5,2
"DELL","19ae50a6-97f8-5c8c-944a-8f67754b496a","2025-08-28","transcripts","earnings_call",6,4,8,2
"TEAM","7df08269-605e-55e1-a9b7-69d4308c9cb4","2024-08-01","transcripts","earnings_call",3,4,4,2
"ADBE","67e91365-9214-5e7d-b250-f0373dc8482d","2024-12-11","transcripts","earnings_call",15,6,8,3
"MU","6e835878-d177-5701-b8d4-4f7fe9af9d5e","2023-09-27","transcripts","earnings_call",1,4,8,2
"MU","69442f26-0e1c-5f2c-91a1-9fcc42370775","2026-03-18","transcripts","earnings_call",2,6,9,3
"DELL","6ebc8da9-167f-538b-ae69-4e4015d9bba3","2025-05-29","transcripts","earnings_call",10,4,8,3
"ADBE","162c2ee9-3002-5685-a301-e60dc07af155","2026-09-10","transcripts","earnings_call",12,4,7,3
"NVDA","4324b21a-0300-5afd-ba0d-f585dcf7945e","2021-08-18","transcripts","earnings_call",20,2,6,2
"MU","55fc6f4e-3691-5388-b690-d3b1bf8577ec","2023-06-28","transcripts","earnings_call",17,4,7,3
"INTC","b104832c-9b87-5f77-b04b-e9a7f1e0d0db","2023-10-26","transcripts","earnings_call",34,4,7,2
"INTC","d7cca220-9296-5408-86f7-114ad678db56","2022-04-28","transcripts","earnings_call",5,6,5,2
"INTC","1bb47084-c01f-58d0-bd3c-b97e3b417dfc","2017-04-27","transcripts","earnings_call",2,4,6,2
"DELL","4a84fed5-9078-5307-a218-4d72f9e5fe39","2024-08-29","transcripts","earnings_call",26,4,6,2
"ADBE","162c2ee9-3002-5685-a301-e60dc07af155","2026-09-10","transcripts","earnings_call",15,6,6,2
"INTC","471cb45f-ed1d-55e3-bb83-f37c8097eb98","2022-07-28","transcripts","earnings_call",6,6,7,2
"NVDA","d5485656-a874-5cfe-a894-57bc8b605d8f","2023-08-23","transcripts","earnings_call",4,1,7,2
"TEAM","c3f90c49-cec7-5bc6-a05c-fe34b4e602b8","2025-05-01","transcripts","earnings_call",5,4,6,2
"DELL","f0344c9f-1242-5b96-bcf3-9bfd6bd09a80","2025-09-08","sec_filing","10-Q",113,4,9,2
"MU","451723cb-39ca-55cc-9710-140cdb25b67f","2025-12-17","transcripts","earnings_call",3,4,9,3
"INTC","7d4ec6a4-b500-597f-a4c8-3b1efa1bc7f3","2024-04-25","transcripts","earnings_call",34,6,6,2
"ADBE","904058bd-363b-5ec5-9d93-f422ba7c2bfa","2025-06-12","transcripts","earnings_call",6,4,8,3
"INTC","b104832c-9b87-5f77-b04b-e9a7f1e0d0db","2023-10-26","transcripts","earnings_call",14,4,6,2
"NVDA","baadda96-3068-549f-ac7b-e01d0e814a64","2017-05-09","transcripts","earnings_call",4,1,7,3
"NVDA","402422ab-c575-56c7-86dd-81e39e43f69d","2018-05-10","transcripts","earnings_call",3,4,9,3
"NVDA","0ce0ef4b-c494-5479-ba1f-ff181b8eb3a3","2019-08-15","transcripts","earnings_call",17,2,7,2
"ADBE","5eb56bbc-0304-54ea-b29d-c219e3848641","2017-09-19","transcripts","earnings_call",4,6,5,2
"DELL","6ebc8da9-167f-538b-ae69-4e4015d9bba3","2025-05-29","transcripts","earnings_call",13,6,6,2
"INTC","7550b2b7-834a-5a04-a9ee-6ae8ff1d64da","2025-01-30","transcripts","earnings_call",5,6,6,1
"TEAM","971a12f2-f2d3-5c16-97e7-33d386795738","2025-01-30","transcripts","earnings_call",12,6,6,2
"MU","1bfafdaa-5146-5220-843e-68292e3d56a1","2024-12-18","transcripts","earnings_call",3,6,8,2
"DELL","37ce0629-fbaf-523c-9023-7b37e3fedd7f","2023-08-31","transcripts","earnings_call",25,4,7,2
"NVDA","415ee75f-43bd-5f5f-95b3-8cbb239db82c","2016-08-11","transcripts","earnings_call",36,6,9,3
"ADBE","321f8689-5fe6-5b21-9ebf-b9c9f0bc84e3","2023-09-14","transcripts","earnings_call",3,6,8,3
"TEAM","53af85f8-8cd7-5de8-903f-d3acb61630a7","2021-07-29","transcripts","earnings_call",14,2,4,2
"INTC","54663ae2-6f76-5cee-81af-5934c442015b","2022-01-26","transcripts","earnings_call",6,6,6,2
"NVDA","858ca96a-d628-59bc-85bd-3b55da35ab19","2024-02-21","transcripts","earnings_call",13,4,9,3
"TEAM","dfc2ab13-b7c1-541d-9efb-7d0044375e52","2023-08-03","transcripts","earnings_call",28,4,5,2
"DELL","59876630-dc03-5936-9e10-3a01f2237a8c","2024-11-26","transcripts","earnings_call",22,4,8,2
"INTC","831140a4-e1e1-5273-b581-38829d347f36","2017-01-26","transcripts","earnings_call",3,4,6,2
"TEAM","8b4b4170-64d5-5d17-b9a7-c4aa91b1e551","2021-04-28","transcripts","earnings_call",18,6,6,2
"ADBE","942f47dc-3958-53ed-9b60-761cfb47f9bb","2023-12-13","transcripts","earnings_call",2,6,8,3
"TEAM","20dd13b4-b5e8-5440-affc-18cb009e1933","2026-08-06","transcripts","earnings_call",9,2,8,3
"NVDA","415ee75f-43bd-5f5f-95b3-8cbb239db82c","2016-08-11","transcripts","earnings_call",26,4,7,3
"INTC","d05ce13a-6aa8-519a-8cf7-e6d2f49200cb","2017-10-26","transcripts","earnings_call",5,6,7,3
"TEAM","c3f90c49-cec7-5bc6-a05c-fe34b4e602b8","2025-05-01","transcripts","earnings_call",11,2,7,3
"TEAM","971a12f2-f2d3-5c16-97e7-33d386795738","2025-01-30","transcripts","earnings_call",4,4,6,2
"MU","9732e5a6-bc18-5a15-8ea3-332ee47ec027","2024-06-26","transcripts","earnings_call",19,4,8,3
"TEAM","b9370e80-a22c-5d2a-9579-12449ea83286","2025-08-07","transcripts","earnings_call",23,6,7,2
"NVDA","0c9abdfb-d869-50c4-a8b9-e402d55c5d3c","2015-02-11","transcripts","earnings_call",3,4,8,3
"ADBE","d31de365-34bd-53ca-8251-6a04e423b0e1","2025-12-10","transcripts","earnings_call",13,4,8,3
"INTC","ea0eb5e6-f634-5046-9b46-c10fafccfdb2","2024-10-31","transcripts","earnings_call",3,6,6,2
"DELL","f8d6d3af-390f-5ef9-b5fc-5a221cb823f4","2024-02-29","transcripts","earnings_call",3,4,9,3
"NVDA","193cdeb5-d767-50ff-a13c-3b7daac4bb22","2019-05-16","transcripts","earnings_call",13,4,7,3
"DELL","096ff108-80d1-5a56-a1b4-47c77ec6af79","2026-09-01","transcripts","earnings_call",15,4,9,3
"MU","5d95d7fa-b615-5236-af28-6d0db3773271","2020-09-29","transcripts","earnings_call",2,6,6,3
"INTC","8d8f645f-6188-51ae-991a-16f0f9ce163b","2026-04-23","transcripts","earnings_call",8,4,8,3
"DELL","c9a5ce08-1e96-58b9-b3d9-a070a7fc340e","2022-08-25","transcripts","earnings_call",12,4,7,3
"TEAM","20dd13b4-b5e8-5440-affc-18cb009e1933","2026-08-06","transcripts","earnings_call",11,4,8,3
"ADBE","162c2ee9-3002-5685-a301-e60dc07af155","2026-09-10","transcripts","earnings_call",20,4,8,3
"NVDA","9b445c1c-6105-580d-876a-fd824f81668a","2025-11-19","transcripts","earnings_call",11,4,8,3
"ADBE","4ffc3144-ae3c-5ec9-bd90-c67b9befff92","2018-03-15","transcripts","earnings_call",3,6,5,2
"ADBE","5eb56bbc-0304-54ea-b29d-c219e3848641","2017-09-19","transcripts","earnings_call",24,4,6,2
"NVDA","7facc553-ca88-53bf-9773-e1b6c0c33583","2018-11-15","transcripts","earnings_call",22,4,6,2
"NVDA","858ca96a-d628-59bc-85bd-3b55da35ab19","2024-02-21","transcripts","earnings_call",26,4,8,3
"NVDA","8f6f6379-7b1d-5921-9326-d9244d569a8c","2023-11-21","transcripts","earnings_call",2,5,8,-2
"NVDA","0ffef5cc-292b-5dfa-baa4-d69e53244cad","2016-11-10","transcripts","earnings_call",24,4,9,3
"TEAM","971a12f2-f2d3-5c16-97e7-33d386795738","2025-01-30","transcripts","earnings_call",25,4,5,2
"NVDA","c9d9e804-2e76-52ec-a1f9-c375e19a9fc1","2026-02-25","transcripts","earnings_call",2,4,10,3
"INTC","c807efe2-50e1-589b-a6c2-9ae7c86d4fac","2026-07-23","transcripts","earnings_call",8,6,8,3
"ADBE","5eb56bbc-0304-54ea-b29d-c219e3848641","2017-09-19","transcripts","earnings_call",2,6,5,2
"NVDA","a31adff2-40c5-5520-8cb4-b33ca6b86e3a","2020-05-21","transcripts","earnings_call",10,4,5,2
"TEAM","b9370e80-a22c-5d2a-9579-12449ea83286","2025-08-07","transcripts","earnings_call",8,4,6,2
"NVDA","99c19fe6-36cf-5676-9152-e054550dcefb","2016-02-17","transcripts","earnings_call",5,6,8,3
"INTC","352610bf-3595-51dc-9e11-301d0f158647","2017-07-27","transcripts","earnings_call",3,1,7,2
"MU","2488bcee-887b-5298-bea4-ebb923a4a3c9","2017-06-29","transcripts","earnings_call",8,4,4,1
"NVDA","546dbd88-8b1f-55ad-bf0b-d68ce5b38b94","2019-11-14","transcripts","earnings_call",9,6,8,3
"NVDA","ec94cd8c-ac67-5337-9e9a-56500d600475","2022-08-24","transcripts","earnings_call",12,4,8,1
"NVDA","6499c25a-dc42-5bbb-9e40-cfbcaaeeba1c","2016-05-12","transcripts","earnings_call",24,6,6,2
"TEAM","971a12f2-f2d3-5c16-97e7-33d386795738","2025-01-30","transcripts","earnings_call",21,2,6,2
"MU","e185e36d-b084-5cd1-9afe-e140121320c9","2025-03-20","transcripts","earnings_call",6,4,8,3
"ADBE","67e91365-9214-5e7d-b250-f0373dc8482d","2024-12-11","transcripts","earnings_call",1,4,9,3
"NVDA","415ee75f-43bd-5f5f-95b3-8cbb239db82c","2016-08-11","transcripts","earnings_call",3,6,6,2
"INTC","49fa3c08-601b-518b-b610-f7a7f8102a3a","2024-08-01","transcripts","earnings_call",8,6,8,2
"TEAM","b9370e80-a22c-5d2a-9579-12449ea83286","2025-08-07","transcripts","earnings_call",6,4,6,2
"ADBE","ac4504c5-e22f-57af-8d23-efc72300f168","2025-03-12","transcripts","earnings_call",8,6,7,3
"DELL","37ce0629-fbaf-523c-9023-7b37e3fedd7f","2023-08-31","transcripts","earnings_call",2,4,8,3
"INTC","fe73e653-1a05-5602-a8bb-a53bb21b8468","2019-04-25","transcripts","earnings_call",20,6,7,2
"ADBE","10752d6e-4708-5bae-85c6-00ef20ed1adc","2020-12-10","transcripts","earnings_call",66,6,6,2
"NVDA","806bba5c-f32e-5463-a7e7-92bdacc4bcd1","2024-11-20","transcripts","earnings_call",27,4,9,3
"NVDA","8b0c505a-5d2c-5919-89ea-aea260b6457d","2023-02-22","transcripts","earnings_call",3,1,6,2
"INTC","9229fe39-58e8-5e8b-9b81-61e1e5aab840","2020-01-23","transcripts","earnings_call",5,6,6,2
"DELL","19ae50a6-97f8-5c8c-944a-8f67754b496a","2025-08-28","transcripts","earnings_call",1,4,9,3
"ADBE","33936398-9bed-5574-b096-d8d6e3a44044","2025-09-11","transcripts","earnings_call",11,4,7,3
"MU","451723cb-39ca-55cc-9710-140cdb25b67f","2025-12-17","transcripts","earnings_call",15,4,9,3
"INTC","8d8f645f-6188-51ae-991a-16f0f9ce163b","2026-04-23","transcripts","earnings_call",2,4,9,3
"NVDA","402422ab-c575-56c7-86dd-81e39e43f69d","2018-05-10","transcripts","earnings_call",30,4,8,3
"MU","36d8fe08-ac91-5615-a7a6-3abd355ff707","2024-09-25","transcripts","earnings_call",23,4,9,3
"MU","527745f0-8f26-58f9-9043-f44088f9fc8a","2022-06-30","transcripts","earnings_call",3,4,8,3
"DELL","4a84fed5-9078-5307-a218-4d72f9e5fe39","2024-08-29","transcripts","earnings_call",1,4,9,3
"INTC","4b47f4c1-03f4-5cb8-9f0a-623ee0c09112","2019-01-24","transcripts","earnings_call",7,4,6,2
"INTC","945cc6f2-c4a6-5d16-824b-bcbf89694c7f","2020-07-23","transcripts","earnings_call",2,4,6,2
"MU","3a3d074f-6c4f-5a2c-ac4b-bda58420c19f","2025-09-23","transcripts","earnings_call",2,2,8,3
"DELL","f0344c9f-1242-5b96-bcf3-9bfd6bd09a80","2025-09-08","sec_filing","10-Q",115,4,7,2
"NVDA","267ebe89-d7fd-569e-9999-3d4d30dbcb1f","2022-11-16","transcripts","earnings_call",17,4,8,3
"DELL","224743af-7e0e-53bf-a5bd-c43fb2dfbfad","2026-02-26","transcripts","earnings_call",3,4,8,2
"NVDA","6499c25a-dc42-5bbb-9e40-cfbcaaeeba1c","2016-05-12","transcripts","earnings_call",15,4,9,3
"DELL","8bc1b895-2563-583f-8c4b-0dbe60e1ca3a","2025-11-25","transcripts","earnings_call",5,4,8,3
"TEAM","dfe1484c-8dd9-5ccf-9fed-d5afe3f34f2c","2024-10-31","transcripts","earnings_call",5,2,6,2
"NVDA","27f7059b-86f8-5cc4-b242-c0ac1a37a720","2015-11-05","transcripts","earnings_call",21,4,6,1
"ADBE","33936398-9bed-5574-b096-d8d6e3a44044","2025-09-11","transcripts","earnings_call",2,4,9,3
"INTC","47d18e9e-5340-5380-81b1-c648e52bd08b","2018-07-26","transcripts","earnings_call",17,4,6,2
"ADBE","5310f871-96f6-5a1b-9031-fa9c32b15484","2018-09-13","transcripts","earnings_call",17,6,5,2
"NVDA","a31adff2-40c5-5520-8cb4-b33ca6b86e3a","2020-05-21","transcripts","earnings_call",2,1,9,3
"NVDA","6adb4f91-3774-53dc-a920-a13eedfbf0ad","2025-10-03","hackernews","title",0,5,6,-2
"NVDA","6aee6aa5-0fda-5086-9600-bfa24530993f","2019-10-18","hackernews","title",0,4,4,2
"DELL","53a534ea-6d2f-5471-a921-d44373e02c1e","2026-05-28","transcripts","earnings_call",4,4,7,2
"ADBE","4ffc3144-ae3c-5ec9-bd90-c67b9befff92","2018-03-15","transcripts","earnings_call",13,4,5,2
"TEAM","7df08269-605e-55e1-a9b7-69d4308c9cb4","2024-08-01","transcripts","earnings_call",1,6,6,2
"NVDA","8b0c505a-5d2c-5919-89ea-aea260b6457d","2023-02-22","transcripts","earnings_call",15,4,9,3
"INTC","9837dfd9-0389-5100-88ba-32b379e479ff","2020-10-22","transcripts","earnings_call",3,6,7,2
"TEAM","c3f90c49-cec7-5bc6-a05c-fe34b4e602b8","2025-05-01","transcripts","earnings_call",23,4,7,3
"MU","2d5b6b23-4656-59ea-8f19-6ca1e2d4cc2d","2026-06-24","transcripts","earnings_call",6,4,9,3
"MU","1bfafdaa-5146-5220-843e-68292e3d56a1","2024-12-18","transcripts","earnings_call",7,4,6,2
"NVDA","49eb043b-e92e-58d4-897e-f57564597ee3","2025-02-26","transcripts","earnings_call",4,4,9,3
"MU","55fc6f4e-3691-5388-b690-d3b1bf8577ec","2023-06-28","transcripts","earnings_call",5,6,8,3
"NVDA","baadda96-3068-549f-ac7b-e01d0e814a64","2017-05-09","transcripts","earnings_call",17,6,6,2
"INTC","d05ce13a-6aa8-519a-8cf7-e6d2f49200cb","2017-10-26","transcripts","earnings_call",13,6,4,1
"DELL","59876630-dc03-5936-9e10-3a01f2237a8c","2024-11-26","transcripts","earnings_call",10,2,7,2
"MU","304b4df7-5e34-59f4-abb1-7dac0bd321d7","2018-03-22","transcripts","earnings_call",4,4,7,3
"INTC","ea68814a-e352-5421-9d4d-4e9e9320725f","2018-10-25","transcripts","earnings_call",6,2,6,3
"MU","55fc6f4e-3691-5388-b690-d3b1bf8577ec","2023-06-28","transcripts","earnings_call",19,4,8,3
"TEAM","971a12f2-f2d3-5c16-97e7-33d386795738","2025-01-30","transcripts","earnings_call",26,4,6,3
"ADBE","662c5e90-150b-55f3-a744-4a5538a7d95a","2026-03-12","transcripts","earnings_call",2,4,8,2
"INTC","b104832c-9b87-5f77-b04b-e9a7f1e0d0db","2023-10-26","transcripts","earnings_call",4,1,7,3
"MU","beb63bfd-6134-5405-88e7-3d65c55dd7ad","2023-12-20","transcripts","earnings_call",3,6,9,3
"NVDA","d5485656-a874-5cfe-a894-57bc8b605d8f","2023-08-23","transcripts","earnings_call",29,6,8,3
"ADBE","10752d6e-4708-5bae-85c6-00ef20ed1adc","2020-12-10","transcripts","earnings_call",10,6,6,2
"DELL","4a84fed5-9078-5307-a218-4d72f9e5fe39","2024-08-29","transcripts","earnings_call",23,6,7,3
"INTC","7906ed6e-c489-57ab-bb17-2ede247dd400","2024-01-25","transcripts","earnings_call",5,4,9,3
"PG","938822b8-e97e-58cf-b02e-c13651c550dd","2026-01-22","transcripts","earnings_call",13,6,4,1
"NVDA","d7cdca9a-3bfa-5b60-b07f-82b55941b2ed","2017-02-09","transcripts","earnings_call",4,1,6,2
"NVDA","db33498b-5468-5a32-8c80-adcddc93bd27","2020-11-18","transcripts","earnings_call",6,4,9,3
"MU","69442f26-0e1c-5f2c-91a1-9fcc42370775","2026-03-18","transcripts","earnings_call",24,4,9,3
"NVDA","17d09326-d7ab-5647-bd59-5c79aadfcde1","2017-11-09","transcripts","earnings_call",8,4,9,3
"ADBE","33936398-9bed-5574-b096-d8d6e3a44044","2025-09-11","transcripts","earnings_call",9,6,8,2
"MU","8e36ec0f-f800-561f-a459-b2403c03960f","2022-03-29","transcripts","earnings_call",3,4,6,2
"NVDA","d871fa82-90e8-5219-9121-0d4d9ed1b395","2019-02-14","transcripts","earnings_call",15,6,7,3
"TEAM","dfc2ab13-b7c1-541d-9efb-7d0044375e52","2023-08-03","transcripts","earnings_call",12,4,7,2
"NVDA","acfcc7cd-39e1-534a-b5a6-0118b90f448c","2014-02-12","transcripts","earnings_call",22,4,4,1
"DELL","53a534ea-6d2f-5471-a921-d44373e02c1e","2026-05-28","transcripts","earnings_call",23,6,7,2
"ADBE","5d8826c8-9eb1-5302-a2fa-b2d3a20b8383","2023-06-15","transcripts","earnings_call",5,4,8,3
"ADBE","942f47dc-3958-53ed-9b60-761cfb47f9bb","2023-12-13","transcripts","earnings_call",23,6,6,2
"MU","69442f26-0e1c-5f2c-91a1-9fcc42370775","2026-03-18","transcripts","earnings_call",26,4,9,3
"NVDA","f6334de9-fef4-5b4b-9a12-67ce35e0af82","2026-08-26","transcripts","earnings_call",6,4,8,3
"TEAM","20dd13b4-b5e8-5440-affc-18cb009e1933","2026-08-06","transcripts","earnings_call",6,4,8,3
"TEAM","9f2ba849-64d8-5743-8663-91d1fba37890","2024-04-25","transcripts","earnings_call",26,4,7,3
"ADBE","d31de365-34bd-53ca-8251-6a04e423b0e1","2025-12-10","transcripts","earnings_call",5,6,8,3
"NVDA","267ebe89-d7fd-569e-9999-3d4d30dbcb1f","2022-11-16","transcripts","earnings_call",23,4,6,2
"MU","3a3d074f-6c4f-5a2c-ac4b-bda58420c19f","2025-09-23","transcripts","earnings_call",22,6,8,3
"NVDA","ec94cd8c-ac67-5337-9e9a-56500d600475","2022-08-24","transcripts","earnings_call",5,6,8,3
"MU","581d249e-ed61-5456-9107-18ccdb60991b","2018-09-20","transcripts","earnings_call",26,4,6,2
"DELL","6ebc8da9-167f-538b-ae69-4e4015d9bba3","2025-05-29","transcripts","earnings_call",26,4,8,2
"TEAM","7df08269-605e-55e1-a9b7-69d4308c9cb4","2024-08-01","transcripts","earnings_call",26,6,6,2
"INTC","8d8f645f-6188-51ae-991a-16f0f9ce163b","2026-04-23","transcripts","earnings_call",21,6,7,2
"ADBE","d31de365-34bd-53ca-8251-6a04e423b0e1","2025-12-10","transcripts","earnings_call",24,4,8,3
"NVDA","48647bdf-abb0-51b2-94a4-a30cde9761a4","2013-08-08","transcripts","earnings_call",20,2,6,2
"INTC","54663ae2-6f76-5cee-81af-5934c442015b","2022-01-26","transcripts","earnings_call",8,6,5,2
"ADBE","904058bd-363b-5ec5-9d93-f422ba7c2bfa","2025-06-12","transcripts","earnings_call",2,6,9,3
"INTC","b104832c-9b87-5f77-b04b-e9a7f1e0d0db","2023-10-26","transcripts","earnings_call",9,4,6,2
"MU","e839006a-00e1-55bd-b4b5-19c4e3f6fce2","2019-12-18","transcripts","earnings_call",23,4,6,3
"NVDA","49eb043b-e92e-58d4-897e-f57564597ee3","2025-02-26","transcripts","earnings_call",11,6,9,3
"ADBE","31b72460-defe-5326-a0c0-dc5c73eb134a","2022-03-22","transcripts","earnings_call",6,4,8,3
"INTC","443804eb-ebee-50f4-a36b-161b4371f069","2016-07-20","transcripts","earnings_call",23,4,4,1
"DELL","59876630-dc03-5936-9e10-3a01f2237a8c","2024-11-26","transcripts","earnings_call",19,4,8,2
"ADBE","5d8826c8-9eb1-5302-a2fa-b2d3a20b8383","2023-06-15","transcripts","earnings_call",2,4,8,3
"MU","8fe2aa0d-3fb9-5598-ba80-fb0cf978df9b","2023-03-28","transcripts","earnings_call",4,6,6,2
"TEAM","971a12f2-f2d3-5c16-97e7-33d386795738","2025-01-30","transcripts","earnings_call",23,4,5,2
"TEAM","a263aff4-f957-563b-bf65-18268688e50e","2026-02-05","transcripts","earnings_call",21,4,7,3
"NVDA","267ebe89-d7fd-569e-9999-3d4d30dbcb1f","2022-11-16","transcripts","earnings_call",3,6,8,3
"NVDA","f6334de9-fef4-5b4b-9a12-67ce35e0af82","2026-08-26","transcripts","earnings_call",26,4,8,3
"INTC","443804eb-ebee-50f4-a36b-161b4371f069","2016-07-20","transcripts","earnings_call",2,4,6,2
"MU","55fc6f4e-3691-5388-b690-d3b1bf8577ec","2023-06-28","transcripts","earnings_call",18,4,8,3
"INTC","b57c663f-0f2b-558c-9f1d-ee27845e3748","2025-07-24","transcripts","earnings_call",8,4,6,2
"MU","2d5b6b23-4656-59ea-8f19-6ca1e2d4cc2d","2026-06-24","transcripts","earnings_call",5,6,9,3
"TEAM","8bb65558-0b56-5e53-bb4e-63b773ef84b0","2023-11-02","transcripts","earnings_call",11,6,8,3
"NVDA","267ebe89-d7fd-569e-9999-3d4d30dbcb1f","2022-11-16","transcripts","earnings_call",4,4,6,2
"ADBE","40428456-3b06-53b3-8d99-aa83f1aeeb76","2024-09-12","transcripts","earnings_call",32,4,7,3
"NVDA","8b0c505a-5d2c-5919-89ea-aea260b6457d","2023-02-22","transcripts","earnings_call",17,1,7,3
"INTC","d6cd5bb1-eba4-599e-bc17-c396ae80b00c","2018-01-25","transcripts","earnings_call",16,3,4,0
"INTC","e28a5bf4-606d-5cf2-a721-5e22a3772904","2018-04-26","transcripts","earnings_call",5,4,6,3
"TEAM","0045449f-65f0-5d4e-9b37-aac6d13474c8","2024-02-01","transcripts","earnings_call",6,4,6,2
"DELL","19ae50a6-97f8-5c8c-944a-8f67754b496a","2025-08-28","transcripts","earnings_call",21,4,9,3
"INTC","47d18e9e-5340-5380-81b1-c648e52bd08b","2018-07-26","transcripts","earnings_call",2,4,6,2
"MU","e31f962e-d042-5fa1-82e6-81a08fcacd6d","2022-12-21","transcripts","earnings_call",3,6,7,2
"ADBE","debc0e90-d85d-5d3c-a953-a670b840fc78","2026-06-11","transcripts","earnings_call",27,1,4,1
"INTC","ed5a5e49-bcad-5bd0-8b2e-ebefeb937d94","2025-10-23","transcripts","earnings_call",4,6,7,2
"MU","38856b84-7bbb-53f5-9c63-286c3020a212","2017-12-19","transcripts","earnings_call",3,4,5,2
"MU","36d8fe08-ac91-5615-a7a6-3abd355ff707","2024-09-25","transcripts","earnings_call",7,4,8,3
"NVDA","d871fa82-90e8-5219-9121-0d4d9ed1b395","2019-02-14","transcripts","earnings_call",11,6,7,3
"NVDA","4324b21a-0300-5afd-ba0d-f585dcf7945e","2021-08-18","transcripts","earnings_call",10,4,9,3
"NVDA","402422ab-c575-56c7-86dd-81e39e43f69d","2018-05-10","transcripts","earnings_call",12,4,9,3
"MU","451723cb-39ca-55cc-9710-140cdb25b67f","2025-12-17","transcripts","earnings_call",19,4,9,3
"ADBE","faf1fd16-ea0c-5687-9bd4-967fb878fac7","2023-03-15","transcripts","earnings_call",24,4,8,3
"INTC","9229fe39-58e8-5e8b-9b81-61e1e5aab840","2020-01-23","transcripts","earnings_call",4,6,6,2
"TEAM","c3f90c49-cec7-5bc6-a05c-fe34b4e602b8","2025-05-01","transcripts","earnings_call",22,6,4,0
"NVDA","db33498b-5468-5a32-8c80-adcddc93bd27","2020-11-18","transcripts","earnings_call",20,4,8,3
"ADBE","40428456-3b06-53b3-8d99-aa83f1aeeb76","2024-09-12","transcripts","earnings_call",4,4,8,3
"MU","8fe2aa0d-3fb9-5598-ba80-fb0cf978df9b","2023-03-28","transcripts","earnings_call",5,4,4,1
"INTC","945cc6f2-c4a6-5d16-824b-bcbf89694c7f","2020-07-23","transcripts","earnings_call",4,6,6,2
"DELL","8bc1b895-2563-583f-8c4b-0dbe60e1ca3a","2025-11-25","transcripts","earnings_call",27,4,9,3
"ADBE","d31de365-34bd-53ca-8251-6a04e423b0e1","2025-12-10","transcripts","earnings_call",14,4,8,3
"INTC","319f15e2-a922-5e6f-be0d-1cc598a7031c","2016-10-17","transcripts","earnings_call",13,6,5,0
"INTC","49fa3c08-601b-518b-b610-f7a7f8102a3a","2024-08-01","transcripts","earnings_call",9,6,6,2
"ADBE","904058bd-363b-5ec5-9d93-f422ba7c2bfa","2025-06-12","transcripts","earnings_call",12,4,6,2
"TEAM","9f2ba849-64d8-5743-8663-91d1fba37890","2024-04-25","transcripts","earnings_call",2,4,5,2
"NVDA","a6168ed6-19bf-5a46-b17e-321d5dbf9eaf","2022-02-16","transcripts","earnings_call",6,4,9,3
"TEAM","dfe1484c-8dd9-5ccf-9fed-d5afe3f34f2c","2024-10-31","transcripts","earnings_call",21,4,6,2
"TEAM","e3aa98a0-b8c5-51ae-853f-c8f6b99db0f0","2023-05-04","transcripts","earnings_call",13,4,6,2
"MU","6a77b696-8679-5d56-9d53-3470c22a90c5","2025-06-25","transcripts","earnings_call",3,4,9,3
"DELL","19ae50a6-97f8-5c8c-944a-8f67754b496a","2025-08-28","transcripts","earnings_call",15,4,7,0
"MU","9732e5a6-bc18-5a15-8ea3-332ee47ec027","2024-06-26","transcripts","earnings_call",6,4,8,3
"TEAM","c3f90c49-cec7-5bc6-a05c-fe34b4e602b8","2025-05-01","transcripts","earnings_call",2,6,8,3
"INTC","d7cca220-9296-5408-86f7-114ad678db56","2022-04-28","transcripts","earnings_call",30,6,5,2
"INTC","aedef966-9c45-5f86-816a-f9d5ad7e406e","2026-01-22","transcripts","earnings_call",6,4,7,1
"ADBE","321f8689-5fe6-5b21-9ebf-b9c9f0bc84e3","2023-09-14","transcripts","earnings_call",32,6,6,2
"DELL","53a534ea-6d2f-5471-a921-d44373e02c1e","2026-05-28","transcripts","earnings_call",3,4,10,3
"TEAM","9f2ba849-64d8-5743-8663-91d1fba37890","2024-04-25","transcripts","earnings_call",27,6,6,2
"NVDA","baadda96-3068-549f-ac7b-e01d0e814a64","2017-05-09","transcripts","earnings_call",10,4,7,2
"NVDA","143116e4-d83a-59d4-91ba-f824b8b31769","2019-12-05","hackernews","title",0,6,4,1
"NVDA","138668d2-6540-5956-a23b-6239dfd38b26","2024-02-10","hackernews","title",0,4,8,3
"NVDA","131dc671-5ab6-5f33-9da1-eabb0469a0f7","2025-02-18","hackernews","title",0,6,4,1
"NVDA","193cdeb5-d767-50ff-a13c-3b7daac4bb22","2019-05-16","transcripts","earnings_call",18,4,7,2
"NVDA","193cdeb5-d767-50ff-a13c-3b7daac4bb22","2019-05-16","transcripts","earnings_call",23,6,8,3
"NVDA","a31adff2-40c5-5520-8cb4-b33ca6b86e3a","2020-05-21","transcripts","earnings_call",32,6,7,2
"INTC","b104832c-9b87-5f77-b04b-e9a7f1e0d0db","2023-10-26","transcripts","earnings_call",1,6,5,2
"INTC","ed5a5e49-bcad-5bd0-8b2e-ebefeb937d94","2025-10-23","transcripts","earnings_call",25,1,7,2
"MU","36d8fe08-ac91-5615-a7a6-3abd355ff707","2024-09-25","transcripts","earnings_call",19,4,7,2
"NVDA","267ebe89-d7fd-569e-9999-3d4d30dbcb1f","2022-11-16","transcripts","earnings_call",13,5,6,-2
"NVDA","267ebe89-d7fd-569e-9999-3d4d30dbcb1f","2022-11-16","transcripts","earnings_call",14,5,6,-2
"DELL","8bc1b895-2563-583f-8c4b-0dbe60e1ca3a","2025-11-25","transcripts","earnings_call",13,6,6,2
"NVDA","9b445c1c-6105-580d-876a-fd824f81668a","2025-11-19","transcripts","earnings_call",12,4,9,3
"ADBE","b076f00c-1b13-5fe2-96fb-8bf573a038a9","2024-06-13","transcripts","earnings_call",25,4,8,3
"MU","451723cb-39ca-55cc-9710-140cdb25b67f","2025-12-17","transcripts","earnings_call",22,4,8,3
"NVDA","ec94cd8c-ac67-5337-9e9a-56500d600475","2022-08-24","transcripts","earnings_call",20,4,7,1
"ADBE","33936398-9bed-5574-b096-d8d6e3a44044","2025-09-11","transcripts","earnings_call",4,6,8,3
"DELL","8bc1b895-2563-583f-8c4b-0dbe60e1ca3a","2025-11-25","transcripts","earnings_call",3,4,7,2
"TEAM","a263aff4-f957-563b-bf65-18268688e50e","2026-02-05","transcripts","earnings_call",12,4,8,3
"NVDA","ce5c7c2b-0309-551f-a74b-a808a44f6d11","2021-11-17","transcripts","earnings_call",22,4,9,3
"MU","1bfafdaa-5146-5220-843e-68292e3d56a1","2024-12-18","transcripts","earnings_call",24,4,8,3
"NVDA","49eb043b-e92e-58d4-897e-f57564597ee3","2025-02-26","transcripts","earnings_call",12,4,9,3
"NVDA","ec94cd8c-ac67-5337-9e9a-56500d600475","2022-08-24","transcripts","earnings_call",10,4,8,2
"DELL","096ff108-80d1-5a56-a1b4-47c77ec6af79","2026-09-01","transcripts","earnings_call",23,4,8,3
"INTC","47d18e9e-5340-5380-81b1-c648e52bd08b","2018-07-26","transcripts","earnings_call",6,4,6,2
"DELL","4a84fed5-9078-5307-a218-4d72f9e5fe39","2024-08-29","transcripts","earnings_call",11,4,7,2
"ADBE","d31de365-34bd-53ca-8251-6a04e423b0e1","2025-12-10","transcripts","earnings_call",0,4,8,3
"NVDA","858ca96a-d628-59bc-85bd-3b55da35ab19","2024-02-21","transcripts","earnings_call",18,4,7,2
"DELL","8bc1b895-2563-583f-8c4b-0dbe60e1ca3a","2025-11-25","transcripts","earnings_call",12,4,8,2
"NVDA","a6168ed6-19bf-5a46-b17e-321d5dbf9eaf","2022-02-16","transcripts","earnings_call",23,6,6,1
"INTC","d7cca220-9296-5408-86f7-114ad678db56","2022-04-28","transcripts","earnings_call",26,4,4,1
"ADBE","ac4504c5-e22f-57af-8d23-efc72300f168","2025-03-12","transcripts","earnings_call",13,6,4,1
"NVDA","4324b21a-0300-5afd-ba0d-f585dcf7945e","2021-08-18","transcripts","earnings_call",28,6,7,3
"DELL","f8d6d3af-390f-5ef9-b5fc-5a221cb823f4","2024-02-29","transcripts","earnings_call",18,5,5,-1
"DELL","19ae50a6-97f8-5c8c-944a-8f67754b496a","2025-08-28","transcripts","earnings_call",4,4,9,3
"NVDA","0ce0ef4b-c494-5479-ba1f-ff181b8eb3a3","2019-08-15","transcripts","earnings_call",2,6,6,2
"INTC","8a9d159d-331e-5125-bdf7-7ef8235251b2","2025-04-24","transcripts","earnings_call",24,5,6,-1
"ADBE","debc0e90-d85d-5d3c-a953-a670b840fc78","2026-06-11","transcripts","earnings_call",33,6,6,2
"NVDA","6b20d9a6-5a5f-5a09-a9d2-50c97696d783","2018-02-22","hackernews","title",0,6,3,1
"MU","1bfafdaa-5146-5220-843e-68292e3d56a1","2024-12-18","transcripts","earnings_call",21,4,8,3
"MU","451723cb-39ca-55cc-9710-140cdb25b67f","2025-12-17","transcripts","earnings_call",20,4,9,3
"ADBE","321f8689-5fe6-5b21-9ebf-b9c9f0bc84e3","2023-09-14","transcripts","earnings_call",15,4,8,3
"DELL","37ce0629-fbaf-523c-9023-7b37e3fedd7f","2023-08-31","transcripts","earnings_call",14,4,8,2
"DELL","59876630-dc03-5936-9e10-3a01f2237a8c","2024-11-26","transcripts","earnings_call",28,6,6,2
"NVDA","8f6f6379-7b1d-5921-9326-d9244d569a8c","2023-11-21","transcripts","earnings_call",11,5,8,-2
"NVDA","402422ab-c575-56c7-86dd-81e39e43f69d","2018-05-10","transcripts","earnings_call",29,4,7,3
"NVDA","d5485656-a874-5cfe-a894-57bc8b605d8f","2023-08-23","transcripts","earnings_call",10,4,5,2
"MU","2d5b6b23-4656-59ea-8f19-6ca1e2d4cc2d","2026-06-24","transcripts","earnings_call",19,4,9,3
"NVDA","0ce0ef4b-c494-5479-ba1f-ff181b8eb3a3","2019-08-15","transcripts","earnings_call",8,4,6,2
"DELL","4a84fed5-9078-5307-a218-4d72f9e5fe39","2024-08-29","transcripts","earnings_call",7,2,5,2
"ADBE","c242198b-86af-5e0d-8532-8b10ea1b2bbd","2024-03-14","transcripts","earnings_call",34,4,8,3
"ADBE","67e91365-9214-5e7d-b250-f0373dc8482d","2024-12-11","transcripts","earnings_call",4,4,8,3
"MU","6a77b696-8679-5d56-9d53-3470c22a90c5","2025-06-25","transcripts","earnings_call",12,4,8,3
"ADBE","b076f00c-1b13-5fe2-96fb-8bf573a038a9","2024-06-13","transcripts","earnings_call",12,2,6,2
"MU","55fc6f4e-3691-5388-b690-d3b1bf8577ec","2023-06-28","transcripts","earnings_call",9,2,4,1
"NVDA","c9d9e804-2e76-52ec-a1f9-c375e19a9fc1","2026-02-25","transcripts","earnings_call",18,4,9,3
"ADBE","904058bd-363b-5ec5-9d93-f422ba7c2bfa","2025-06-12","transcripts","earnings_call",33,4,8,3
"NVDA","7facc553-ca88-53bf-9773-e1b6c0c33583","2018-11-15","transcripts","earnings_call",9,4,9,3
"NVDA","8f6f6379-7b1d-5921-9326-d9244d569a8c","2023-11-21","transcripts","earnings_call",24,6,8,3
"TEAM","a263aff4-f957-563b-bf65-18268688e50e","2026-02-05","transcripts","earnings_call",20,4,7,2
"TEAM","b9370e80-a22c-5d2a-9579-12449ea83286","2025-08-07","transcripts","earnings_call",4,4,8,3
"NVDA","d5485656-a874-5cfe-a894-57bc8b605d8f","2023-08-23","transcripts","earnings_call",24,6,8,3
"INTC","7d4ec6a4-b500-597f-a4c8-3b1efa1bc7f3","2024-04-25","transcripts","earnings_call",28,4,6,2
"ADBE","162c2ee9-3002-5685-a301-e60dc07af155","2026-09-10","transcripts","earnings_call",19,4,6,2
"INTC","ed5a5e49-bcad-5bd0-8b2e-ebefeb937d94","2025-10-23","transcripts","earnings_call",23,6,7,1
"NVDA","48647bdf-abb0-51b2-94a4-a30cde9761a4","2013-08-08","transcripts","earnings_call",27,6,4,2
"DELL","53a534ea-6d2f-5471-a921-d44373e02c1e","2026-05-28","transcripts","earnings_call",15,4,7,2
"NVDA","8f6f6379-7b1d-5921-9326-d9244d569a8c","2023-11-21","transcripts","earnings_call",25,4,9,3
"INTC","c807efe2-50e1-589b-a6c2-9ae7c86d4fac","2026-07-23","transcripts","earnings_call",23,4,8,2
"NVDA","d7cdca9a-3bfa-5b60-b07f-82b55941b2ed","2017-02-09","transcripts","earnings_call",6,4,7,2
"ADBE","662c5e90-150b-55f3-a744-4a5538a7d95a","2026-03-12","transcripts","earnings_call",17,4,5,2
"NVDA","f6334de9-fef4-5b4b-9a12-67ce35e0af82","2026-08-26","transcripts","earnings_call",15,4,10,3
"MU","6a77b696-8679-5d56-9d53-3470c22a90c5","2025-06-25","transcripts","earnings_call",22,4,9,2
"DELL","4a84fed5-9078-5307-a218-4d72f9e5fe39","2024-08-29","transcripts","earnings_call",18,6,7,2
"TEAM","7df08269-605e-55e1-a9b7-69d4308c9cb4","2024-08-01","transcripts","earnings_call",6,4,5,2
"MU","9732e5a6-bc18-5a15-8ea3-332ee47ec027","2024-06-26","transcripts","earnings_call",22,4,9,3
"NVDA","a6168ed6-19bf-5a46-b17e-321d5dbf9eaf","2022-02-16","transcripts","earnings_call",14,6,7,3
"INTC","aedef966-9c45-5f86-816a-f9d5ad7e406e","2026-01-22","transcripts","earnings_call",11,4,7,1
"MU","304b4df7-5e34-59f4-abb1-7dac0bd321d7","2018-03-22","transcripts","earnings_call",24,6,6,2
"INTC","8d8f645f-6188-51ae-991a-16f0f9ce163b","2026-04-23","transcripts","earnings_call",14,4,6,2
"NVDA","99c19fe6-36cf-5676-9152-e054550dcefb","2016-02-17","transcripts","earnings_call",11,6,5,2
"TEAM","9f2ba849-64d8-5743-8663-91d1fba37890","2024-04-25","transcripts","earnings_call",3,4,5,2
"MU","6a77b696-8679-5d56-9d53-3470c22a90c5","2025-06-25","transcripts","earnings_call",19,2,5,1
"NVDA","a31adff2-40c5-5520-8cb4-b33ca6b86e3a","2020-05-21","transcripts","earnings_call",15,4,4,2
"INTC","471cb45f-ed1d-55e3-bb83-f37c8097eb98","2022-07-28","transcripts","earnings_call",13,4,5,1
"TEAM","b9370e80-a22c-5d2a-9579-12449ea83286","2025-08-07","transcripts","earnings_call",22,4,6,2
"NVDA","c7c172e1-a172-5d00-b7fb-c37127627933","2018-02-08","transcripts","earnings_call",16,4,6,2
"ADBE","ac4504c5-e22f-57af-8d23-efc72300f168","2025-03-12","transcripts","earnings_call",23,4,7,2
"NVDA","415ee75f-43bd-5f5f-95b3-8cbb239db82c","2016-08-11","transcripts","earnings_call",16,4,8,3
"NVDA","546dbd88-8b1f-55ad-bf0b-d68ce5b38b94","2019-11-14","transcripts","earnings_call",17,6,5,2
"INTC","7906ed6e-c489-57ab-bb17-2ede247dd400","2024-01-25","transcripts","earnings_call",8,6,7,2
"ADBE","d31de365-34bd-53ca-8251-6a04e423b0e1","2025-12-10","transcripts","earnings_call",26,6,7,2
"MU","69442f26-0e1c-5f2c-91a1-9fcc42370775","2026-03-18","transcripts","earnings_call",1,4,10,3
"MU","6e835878-d177-5701-b8d4-4f7fe9af9d5e","2023-09-27","transcripts","earnings_call",20,4,6,2
"DELL","37ce0629-fbaf-523c-9023-7b37e3fedd7f","2023-08-31","transcripts","earnings_call",4,4,6,2
"DELL","6ebc8da9-167f-538b-ae69-4e4015d9bba3","2025-05-29","transcripts","earnings_call",6,4,8,2
"NVDA","4324b21a-0300-5afd-ba0d-f585dcf7945e","2021-08-18","transcripts","earnings_call",8,4,8,3
"ADBE","942f47dc-3958-53ed-9b60-761cfb47f9bb","2023-12-13","transcripts","earnings_call",20,4,8,3
"TEAM","9f2ba849-64d8-5743-8663-91d1fba37890","2024-04-25","transcripts","earnings_call",5,6,4,1
"NVDA","db33498b-5468-5a32-8c80-adcddc93bd27","2020-11-18","transcripts","earnings_call",5,4,7,3
"ADBE","33936398-9bed-5574-b096-d8d6e3a44044","2025-09-11","transcripts","earnings_call",7,6,8,3
"MU","36d8fe08-ac91-5615-a7a6-3abd355ff707","2024-09-25","transcripts","earnings_call",17,4,7,2
"ADBE","40428456-3b06-53b3-8d99-aa83f1aeeb76","2024-09-12","transcripts","earnings_call",1,6,9,3
"DELL","53a534ea-6d2f-5471-a921-d44373e02c1e","2026-05-28","transcripts","earnings_call",22,4,8,3
"INTC","7550b2b7-834a-5a04-a9ee-6ae8ff1d64da","2025-01-30","transcripts","earnings_call",14,6,6,0
"DELL","f0344c9f-1242-5b96-bcf3-9bfd6bd09a80","2025-09-08","sec_filing","10-Q",126,4,9,3
"ADBE","662c5e90-150b-55f3-a744-4a5538a7d95a","2026-03-12","transcripts","earnings_call",18,4,5,1
"MU","36d8fe08-ac91-5615-a7a6-3abd355ff707","2024-09-25","transcripts","earnings_call",16,4,8,3
"INTC","49fa3c08-601b-518b-b610-f7a7f8102a3a","2024-08-01","transcripts","earnings_call",32,2,6,-1
"DELL","59876630-dc03-5936-9e10-3a01f2237a8c","2024-11-26","transcripts","earnings_call",12,6,8,3
"ADBE","b076f00c-1b13-5fe2-96fb-8bf573a038a9","2024-06-13","transcripts","earnings_call",8,6,6,2
"TEAM","dfe1484c-8dd9-5ccf-9fed-d5afe3f34f2c","2024-10-31","transcripts","earnings_call",17,4,5,2
"DELL","19ae50a6-97f8-5c8c-944a-8f67754b496a","2025-08-28","transcripts","earnings_call",8,4,8,2
"DELL","f8d6d3af-390f-5ef9-b5fc-5a221cb823f4","2024-02-29","transcripts","earnings_call",17,4,6,1
"NVDA","402422ab-c575-56c7-86dd-81e39e43f69d","2018-05-10","transcripts","earnings_call",21,4,6,2
"NVDA","415ee75f-43bd-5f5f-95b3-8cbb239db82c","2016-08-11","transcripts","earnings_call",23,6,6,1
"ADBE","5d8826c8-9eb1-5302-a2fa-b2d3a20b8383","2023-06-15","transcripts","earnings_call",15,4,9,3
"ADBE","942f47dc-3958-53ed-9b60-761cfb47f9bb","2023-12-13","transcripts","earnings_call",13,6,5,2
"MU","beb63bfd-6134-5405-88e7-3d65c55dd7ad","2023-12-20","transcripts","earnings_call",16,4,9,3
"MU","e185e36d-b084-5cd1-9afe-e140121320c9","2025-03-20","transcripts","earnings_call",16,4,9,3
"ADBE","662c5e90-150b-55f3-a744-4a5538a7d95a","2026-03-12","transcripts","earnings_call",27,1,6,2
"NVDA","267ebe89-d7fd-569e-9999-3d4d30dbcb1f","2022-11-16","transcripts","earnings_call",1,4,8,3
"DELL","59876630-dc03-5936-9e10-3a01f2237a8c","2024-11-26","transcripts","earnings_call",30,2,7,1
"NVDA","d871fa82-90e8-5219-9121-0d4d9ed1b395","2019-02-14","transcripts","earnings_call",7,4,5,0
"ADBE","321f8689-5fe6-5b21-9ebf-b9c9f0bc84e3","2023-09-14","transcripts","earnings_call",2,6,9,3
"MU","2d5b6b23-4656-59ea-8f19-6ca1e2d4cc2d","2026-06-24","transcripts","earnings_call",21,4,9,3
"MU","1bfafdaa-5146-5220-843e-68292e3d56a1","2024-12-18","transcripts","earnings_call",22,4,8,3
"DELL","525fca10-0bcd-5f70-9c5a-55f9aa4a0794","2023-11-30","transcripts","earnings_call",13,4,7,2
"NVDA","806bba5c-f32e-5463-a7e7-92bdacc4bcd1","2024-11-20","transcripts","earnings_call",11,4,10,2
"ADBE","67e91365-9214-5e7d-b250-f0373dc8482d","2024-12-11","transcripts","earnings_call",13,4,6,2
"ADBE","67e91365-9214-5e7d-b250-f0373dc8482d","2024-12-11","transcripts","earnings_call",28,4,6,2
"DELL","6ebc8da9-167f-538b-ae69-4e4015d9bba3","2025-05-29","transcripts","earnings_call",19,4,6,1
"INTC","7906ed6e-c489-57ab-bb17-2ede247dd400","2024-01-25","transcripts","earnings_call",14,4,6,1
"NVDA","a31adff2-40c5-5520-8cb4-b33ca6b86e3a","2020-05-21","transcripts","earnings_call",37,1,7,2
"NVDA","bf07ccba-bd7c-5053-91e0-9b04160a6102","2020-08-19","transcripts","earnings_call",17,4,9,3
"MU","e185e36d-b084-5cd1-9afe-e140121320c9","2025-03-20","transcripts","earnings_call",12,4,7,2
"MU","69442f26-0e1c-5f2c-91a1-9fcc42370775","2026-03-18","transcripts","earnings_call",25,4,8,2
"DELL","ae9bce55-82c8-5bf3-9031-e58c94ed0587","2018-04-11","hackernews","title",0,1,4,1
"ADBE","40428456-3b06-53b3-8d99-aa83f1aeeb76","2024-09-12","transcripts","earnings_call",20,6,8,3
"DELL","f8d6d3af-390f-5ef9-b5fc-5a221cb823f4","2024-02-29","transcripts","earnings_call",26,4,7,2
"INTC","ea0eb5e6-f634-5046-9b46-c10fafccfdb2","2024-10-31","transcripts","earnings_call",11,4,6,2
"MU","3a3d074f-6c4f-5a2c-ac4b-bda58420c19f","2025-09-23","transcripts","earnings_call",12,4,8,3
"NVDA","415ee75f-43bd-5f5f-95b3-8cbb239db82c","2016-08-11","transcripts","earnings_call",35,6,8,3
"NVDA","415ee75f-43bd-5f5f-95b3-8cbb239db82c","2016-08-11","transcripts","earnings_call",1,4,8,3
"DELL","f8d6d3af-390f-5ef9-b5fc-5a221cb823f4","2024-02-29","transcripts","earnings_call",29,2,6,0
"DELL","59876630-dc03-5936-9e10-3a01f2237a8c","2024-11-26","transcripts","earnings_call",23,6,8,3
"ADBE","debc0e90-d85d-5d3c-a953-a670b840fc78","2026-06-11","transcripts","earnings_call",24,6,7,2
"MU","6a77b696-8679-5d56-9d53-3470c22a90c5","2025-06-25","transcripts","earnings_call",16,4,8,3
"NVDA","6bf0450c-04a7-5832-ac0b-686a035fa77b","2020-10-06","hackernews","title",0,6,3,1
"NVDA","27f7059b-86f8-5cc4-b242-c0ac1a37a720","2015-11-05","transcripts","earnings_call",24,4,5,1
"NVDA","402422ab-c575-56c7-86dd-81e39e43f69d","2018-05-10","transcripts","earnings_call",16,4,8,3
"ADBE","d31de365-34bd-53ca-8251-6a04e423b0e1","2025-12-10","transcripts","earnings_call",25,4,7,2
"ADBE","40428456-3b06-53b3-8d99-aa83f1aeeb76","2024-09-12","transcripts","earnings_call",31,4,5,2
"NVDA","8358ab57-a5d5-5091-b100-15b266c71a29","2021-05-26","transcripts","earnings_call",1,4,9,3
"MU","1bfafdaa-5146-5220-843e-68292e3d56a1","2024-12-18","transcripts","earnings_call",12,6,7,2
"NVDA","27f7059b-86f8-5cc4-b242-c0ac1a37a720","2015-11-05","transcripts","earnings_call",5,4,5,2
"NVDA","0ffef5cc-292b-5dfa-baa4-d69e53244cad","2016-11-10","transcripts","earnings_call",27,6,5,2
"INTC","7d4ec6a4-b500-597f-a4c8-3b1efa1bc7f3","2024-04-25","transcripts","earnings_call",35,6,4,1
"ADBE","ac4504c5-e22f-57af-8d23-efc72300f168","2025-03-12","transcripts","earnings_call",18,6,7,2
"DELL","f8d6d3af-390f-5ef9-b5fc-5a221cb823f4","2024-02-29","transcripts","earnings_call",7,4,7,2
"MU","451723cb-39ca-55cc-9710-140cdb25b67f","2025-12-17","transcripts","earnings_call",14,4,8,2
"ADBE","33936398-9bed-5574-b096-d8d6e3a44044","2025-09-11","transcripts","earnings_call",24,4,8,3
"INTC","54663ae2-6f76-5cee-81af-5934c442015b","2022-01-26","transcripts","earnings_call",12,4,5,1
"NVDA","858ca96a-d628-59bc-85bd-3b55da35ab19","2024-02-21","transcripts","earnings_call",24,5,8,-2
"ADBE","942f47dc-3958-53ed-9b60-761cfb47f9bb","2023-12-13","transcripts","earnings_call",30,4,7,2
"NVDA","9b445c1c-6105-580d-876a-fd824f81668a","2025-11-19","transcripts","earnings_call",15,4,9,3
"NVDA","179d4a6e-fd59-5d6d-91a7-1c3ecb1d3342","2025-08-27","sec_filing","10-Q",55,4,9,3
"NVDA","06fb76cd-3f3f-5737-86a9-a324ab4cc5cc","2024-08-28","transcripts","earnings_call",17,4,9,3
"MU","1bfafdaa-5146-5220-843e-68292e3d56a1","2024-12-18","transcripts","earnings_call",20,4,7,2
"ADBE","ac4504c5-e22f-57af-8d23-efc72300f168","2025-03-12","transcripts","earnings_call",25,4,8,3
"NVDA","806bba5c-f32e-5463-a7e7-92bdacc4bcd1","2024-11-20","transcripts","earnings_call",19,4,9,2
"NVDA","858ca96a-d628-59bc-85bd-3b55da35ab19","2024-02-21","transcripts","earnings_call",20,4,6,2
"NVDA","a31adff2-40c5-5520-8cb4-b33ca6b86e3a","2020-05-21","transcripts","earnings_call",31,1,8,3
"ADBE","c242198b-86af-5e0d-8532-8b10ea1b2bbd","2024-03-14","transcripts","earnings_call",14,6,7,2
"NVDA","415ee75f-43bd-5f5f-95b3-8cbb239db82c","2016-08-11","transcripts","earnings_call",19,6,5,2
"ADBE","3ccf558f-dde7-51ab-bd38-6cbb5faf3290","2021-12-16","transcripts","earnings_call",2,6,7,2
"NVDA","87a4c69c-93ba-5e73-a8b4-afdfab00f060","2021-02-25","transcripts","earnings_call",1,4,8,3
"NVDA","99c19fe6-36cf-5676-9152-e054550dcefb","2016-02-17","transcripts","earnings_call",6,4,8,3
"MU","1bfafdaa-5146-5220-843e-68292e3d56a1","2024-12-18","transcripts","earnings_call",11,2,5,2
"INTC","7906ed6e-c489-57ab-bb17-2ede247dd400","2024-01-25","transcripts","earnings_call",26,4,6,2
"ADBE","ac4504c5-e22f-57af-8d23-efc72300f168","2025-03-12","transcripts","earnings_call",22,4,8,3
"NVDA","415ee75f-43bd-5f5f-95b3-8cbb239db82c","2016-08-11","transcripts","earnings_call",30,4,6,2
"NVDA","8f6f6379-7b1d-5921-9326-d9244d569a8c","2023-11-21","transcripts","earnings_call",18,4,10,3
"NVDA","5d1ac975-ea2d-5ef5-ab0f-c10dcb8f6686","2015-08-06","transcripts","earnings_call",23,4,4,2
"ADBE","d31de365-34bd-53ca-8251-6a04e423b0e1","2025-12-10","transcripts","earnings_call",16,4,7,3
"ADBE","662c5e90-150b-55f3-a744-4a5538a7d95a","2026-03-12","transcripts","earnings_call",31,1,6,1
"ADBE","6beba7cd-e0bc-5995-a645-33711f52a70f","2016-11-21","hackernews","title",0,5,4,-2
"NVDA","0ce0ef4b-c494-5479-ba1f-ff181b8eb3a3","2019-08-15","transcripts","earnings_call",7,4,5,1
"DELL","f171724b-20ad-5c75-91d7-07022256b39f","2025-06-06","hackernews","title",0,6,5,1
"NVDA","f275646d-fde4-551f-b081-c8f239e2f26d","2017-07-31","hackernews","title",0,6,3,1
"DELL","6ebc8da9-167f-538b-ae69-4e4015d9bba3","2025-05-29","transcripts","earnings_call",28,2,4,1
"MU","e185e36d-b084-5cd1-9afe-e140121320c9","2025-03-20","transcripts","earnings_call",19,6,8,2
"MU","18972ad4-afe3-5d27-97ae-a0007e3d0418","2025-12-17","sec_filing","10-Q",99,5,4,-1
"MU","18972ad4-afe3-5d27-97ae-a0007e3d0418","2025-12-17","sec_filing","10-Q",27,5,3,-1
"MU","18972ad4-afe3-5d27-97ae-a0007e3d0418","2025-12-17","sec_filing","10-Q",45,4,3,1
"MU","18972ad4-afe3-5d27-97ae-a0007e3d0418","2025-12-17","sec_filing","10-Q",49,4,10,3
"MU","18972ad4-afe3-5d27-97ae-a0007e3d0418","2025-12-17","sec_filing","10-Q",102,5,4,-1
"NVDA","179d4a6e-fd59-5d6d-91a7-1c3ecb1d3342","2025-08-27","sec_filing","10-Q",88,5,8,-3
"NVDA","179d4a6e-fd59-5d6d-91a7-1c3ecb1d3342","2025-08-27","sec_filing","10-Q",87,5,8,-3
"NVDA","179d4a6e-fd59-5d6d-91a7-1c3ecb1d3342","2025-08-27","sec_filing","10-Q",51,5,8,-2
"NVDA","18d1e472-ed87-510e-bb70-bc5bd40900af","2016-09-13","hackernews","title",0,6,6,2
"NVDA","6c32f89d-e9e8-5751-a8c7-397c2a62395b","2021-10-04","hackernews","title",0,6,3,0
"NVDA","1c2c6dc7-7668-58cf-94e3-b620203a1d2c","2015-05-03","hackernews","title",0,6,3,0
"DELL","f0344c9f-1242-5b96-bcf3-9bfd6bd09a80","2025-09-08","sec_filing","10-Q",142,5,5,-1
"INTC","aedef966-9c45-5f86-816a-f9d5ad7e406e","2026-01-22","transcripts","earnings_call",3,6,8,2
"INTC","aedef966-9c45-5f86-816a-f9d5ad7e406e","2026-01-22","transcripts","earnings_call",8,4,8,2
"NVDA","aef9e71e-7b50-5041-930f-8a31a49a96b8","2026-05-26","hackernews","title",0,5,8,-3
"CAT","afd3897b-b7a4-5ea8-9a6f-def995f2e15e","2020-01-31","transcripts","earnings_call",5,6,5,2
"MU","aed910b7-19df-511c-af23-e0a828a424c5","2020-01-09","hackernews","title",0,6,4,1
"NVDA","aedef1b8-fe47-5b61-880b-694590e1fa26","2022-03-18","sec_filing","10-K",101,4,8,3
"NVDA","aedef1b8-fe47-5b61-880b-694590e1fa26","2022-03-18","sec_filing","10-K",119,6,4,1
"NVDA","e257f444-8b01-587f-82e9-f54a6dc75566","2024-07-14","hackernews","title",0,6,4,1
"INTC","e26f4660-8048-5398-ad28-33e424a8b37a","2026-03-26","hackernews","title",0,6,5,2
"NVDA","9771328c-d3b3-559c-b192-97b2dfd773bc","2020-10-09","hackernews","title",0,6,4,2
"DELL","97a0f60c-6a16-5a1b-9aca-0dc207ff8911","2024-03-05","hackernews","title",0,1,3,1
"NVDA","97aa351c-f5f0-55f9-9fa0-3b3774f61605","2017-02-22","hackernews","title",0,6,6,2
"NVDA","a6c671e3-7282-53f4-b335-b2cdbafdf7e9","2024-10-12","hackernews","title",0,4,8,3
"INTC","a6da7b9c-0913-58bf-9562-266c91b877e6","2018-03-20","hackernews","title",0,6,2,1
"NVDA","e28775e1-42f1-5cac-8c67-dff54f4cf960","2023-04-11","hackernews","title",0,4,5,1
"ADBE","e28f5dc2-a752-55dd-84e2-905e6b7580f4","2024-09-12","hackernews","title",0,6,6,2
"MU","ea7a1917-e85b-56ab-bfc3-1004bf76c813","2023-09-29","hackernews","title",0,4,3,1
"INTC","ea7d5aff-932c-586a-a182-44a09a97beb1","2026-03-26","hackernews","title",0,6,5,2
"MU","f14891e8-a769-55b8-a164-3ed9b28ed5a9","2022-03-30","sec_filing","10-Q",52,6,6,2
"INTC","2df8ac82-1021-5747-aedc-818c9a705594","2023-07-28","hackernews","title",0,6,4,1
"ADBE","03f9b7e6-f952-5c5f-a391-d10f1bf5f54c","2026-03-11","hackernews","title",0,5,5,-2
"NVDA","0406b1c5-2c37-56b9-8b77-8ffcc30e1b2a","2018-12-06","hackernews","title",0,6,5,2
"ADBE","2dfe40b6-9c0d-5acf-b416-4fe5745fce1c","2026-03-13","hackernews","title",0,5,7,-2
"ADBE","2e035dda-841a-5992-9b8c-4d5b996efc9c","2019-08-05","hackernews","title",0,6,4,1
"MU","1bfafdaa-5146-5220-843e-68292e3d56a1","2024-12-18","transcripts","earnings_call",10,4,8,3
"MU","1bfafdaa-5146-5220-843e-68292e3d56a1","2024-12-18","transcripts","earnings_call",6,6,8,2
"NVDA","1e04d7a0-c21e-510f-98a9-bc37ee1924d8","2023-06-27","hackernews","title",0,6,4,1
"NVDA","1c177a7d-20ea-5ce9-8022-242e8bc9fd0d","2024-01-18","hackernews","title",0,4,9,3
"NVDA","42eccd90-f32a-5332-9aa0-9f83659a874e","2023-07-31","hackernews","title",0,4,6,2
"NVDA","1a70b9a3-ae62-519a-b8aa-737ad2325ce7","2023-12-11","hackernews","title",0,1,5,2
"NVDA","1d76242d-4f49-5572-bef1-33c46fa44de1","2018-09-16","hackernews","title",0,6,4,1
"NVDA","152179c9-0c2a-52e0-9b59-14ec400669e0","2024-06-04","hackernews","title",0,5,5,-1
"NVDA","302d8869-e34c-5ab3-b60e-797df196c715","2023-03-21","hackernews","title",0,6,8,3
"MU","3ecb986a-cd5e-59b8-8a69-235e2c9d6ef5","2019-10-24","hackernews","title",0,6,3,0
"INTC","3edb670d-9540-5b01-a1a2-9d5922883b74","2025-03-23","hackernews","title",0,6,3,1
"NVDA","41ed71e2-1d8c-5502-8e1c-b4bfcf1adf0c","2024-03-18","hackernews","title",0,6,8,3
"NVDA","d1a25d9e-e7ef-55b1-aeff-bd8234f09fcc","2024-10-02","hackernews","title",0,6,7,2
"ADBE","3a577b64-f702-505a-937e-398ff12077ab","2024-06-08","hackernews","title",0,5,5,-2
"ADBE","d1b62cd6-b827-502b-b6c1-503ab03b77ac","2025-08-29","hackernews","title",0,2,3,1
"NVDA","9811f680-2c33-5281-9276-b8a9ba66c3eb","2019-04-23","hackernews","title",0,5,6,-2
"MU","df428129-4f64-5ba9-b8da-fb419a11be34","2024-04-18","hackernews","title",0,4,6,3
"MU","df121a39-18b1-53f0-b1ec-c8244dbe59b3","2026-01-17","hackernews","title",0,4,8,3
"NVDA","d1cdba51-27cb-52a1-9fb7-a5c75201c4ae","2016-01-05","hackernews","title",0,6,5,1
"ADBE","df2b5796-1f69-5371-81fe-27958e2ef051","2023-08-10","hackernews","title",0,6,3,0
"NVDA","9c93250c-b9a3-5988-92f8-e9036aada46b","2025-04-11","hackernews","title",0,6,2,1
"NVDA","16c26092-fe96-5d4e-a478-8da23adefa36","2018-07-11","hackernews","title",0,6,3,1
"NVDA","16d7f7b9-9fe8-5add-9a18-c7909be17f71","2016-01-05","hackernews","title",0,6,6,2
"NVDA","16f88d93-83a0-57c8-b37d-a6293c3a93a0","2024-07-23","hackernews","title",0,4,7,2
"INTC","17236b9a-91fb-5901-a166-895cc9ccc983","2016-11-24","hackernews","title",0,4,6,2
"NVDA","1e7d15ea-1677-5d48-b63f-7849983eeb1a","2026-06-01","hackernews","title",0,6,6,2
"NVDA","4283dcad-3b27-5fc1-abe0-0623ba19b3c9","2025-08-14","hackernews","title",0,1,4,2
"NVDA","f286ddca-0792-556e-8317-4b3e0b9306c6","2026-09-17","hackernews","title",0,6,3,1
"NVDA","f2934099-3f90-5be0-a16f-8e9d60b57a3c","2025-01-07","hackernews","title",0,6,8,3
"INTC","f2e839b4-a853-5319-be40-06aa369cc5d9","2016-10-14","hackernews","title",0,6,6,2
"NVDA","24317e99-d0d4-5e9b-8f35-faa9139abaa6","2022-01-07","hackernews","title",0,6,3,1
"ADBE","2a17685d-739d-508b-a604-25bed4559b40","2023-05-23","hackernews","title",0,6,6,0
"NVDA","261ee80c-78ec-5e47-8ccb-de23b128e7e7","2018-10-10","hackernews","title",0,6,6,2
"NVDA","27a41741-8656-5146-8ade-8e85a22d484d","2021-03-05","hackernews","title",0,6,4,1
"ADBE","2739cd8e-5688-5587-b9b4-953ae85484e6","2025-01-12","hackernews","title",0,6,3,-1
"ADBE","24aac953-e618-5794-a40f-37a47366a2a0","2025-06-25","sec_filing","10-Q",57,6,7,2
"NVDA","2c6ae2ee-7e66-5a92-8929-6d0e4b9ea760","2023-02-24","sec_filing","10-K",16,6,6,2
"TEAM","2e3ebdd6-c645-50e4-b6b0-d7694deb9dff","2026-05-01","sec_filing","10-Q",153,5,4,-2
"TEAM","2e3ebdd6-c645-50e4-b6b0-d7694deb9dff","2026-05-01","sec_filing","10-Q",99,5,5,-2
"NVDA","33b069cf-039a-5ee1-afed-9e628d93dcaa","2018-05-08","hackernews","title",0,5,7,-2
"ADBE","3d1b9590-4fe9-5f78-94d1-614fb497b9fa","2024-07-07","hackernews","title",0,5,4,-2
"NVDA","f2fad5e4-23f6-52a7-997e-b6c56c452d4c","2015-11-12","hackernews","title",0,6,5,1
"NVDA","f4815eb5-7bb0-57f2-9b2c-7e8d0c924c7e","2025-02-18","hackernews","title",0,6,3,1
"NVDA","f3559e09-4313-525d-89ed-00e8625799b4","2019-10-18","hackernews","title",0,5,4,-1
"ADBE","f5159fea-2336-5c4f-b7f0-a4acaf9f6cd2","2023-03-21","hackernews","title",0,6,6,2
"NVDA","f50a2f63-1b93-5bd6-baee-29b411555877","2018-01-01","hackernews","title",0,5,6,-2
"MU","f590f431-e8f8-505c-909f-331b77c2245d","2022-10-21","hackernews","title",0,6,3,0
"NVDA","f5b9633d-9795-5fa1-a5ba-609cb8a9d829","2019-09-21","hackernews","title",0,1,5,2
"NVDA","f5675d6a-b316-50ac-819c-7b3c4710e831","2017-09-26","hackernews","title",0,6,4,1
"NVDA","f57f04c7-3bad-5057-8dcc-22ccccf5c51e","2018-09-13","hackernews","title",0,4,6,2
"ADBE","f74959db-a70c-52e4-9735-3c2d7b3255f2","2018-04-03","hackernews","title",0,6,6,2
"INTC","f8c55b0e-389e-552e-b2f8-642ef10dd52c","2018-10-31","hackernews","title",0,1,4,1
"NVDA","f7160abe-a89f-5eea-bc22-c06a5fd40ceb","2016-12-07","hackernews","title",0,5,6,-2
"INTC","f73de496-a4ea-599b-b52d-479fe38c6495","2016-11-21","hackernews","title",0,6,5,1
"NVDA","f6334de9-fef4-5b4b-9a12-67ce35e0af82","2026-08-26","transcripts","earnings_call",13,4,9,3
"DELL","f8d6d3af-390f-5ef9-b5fc-5a221cb823f4","2024-02-29","transcripts","earnings_call",10,4,9,3
"NVDA","f6334de9-fef4-5b4b-9a12-67ce35e0af82","2026-08-26","transcripts","earnings_call",16,1,8,3
"NVDA","f6334de9-fef4-5b4b-9a12-67ce35e0af82","2026-08-26","transcripts","earnings_call",18,4,9,3
"NVDA","f6334de9-fef4-5b4b-9a12-67ce35e0af82","2026-08-26","transcripts","earnings_call",10,4,8,2
"NVDA","f6334de9-fef4-5b4b-9a12-67ce35e0af82","2026-08-26","transcripts","earnings_call",21,4,8,3
"NVDA","f826ed82-fbd9-54fe-80b5-ef9c35c6d995","2026-09-03","hackernews","title",0,1,6,2
"NVDA","f82cfe42-22c4-5bc3-a23d-34217139bf58","2020-06-22","hackernews","title",0,6,6,2
"NVDA","6ca48177-7c34-543b-be84-e0739524c0b8","2016-09-01","hackernews","title",0,5,6,-1
"INTC","f8f6e454-bb3e-505c-9800-5ade316d7c0c","2022-10-28","hackernews","title",0,6,4,1
"NVDA","f9a0a263-e988-57b3-99e8-eb718db2d792","2016-06-02","hackernews","title",0,6,5,2
"NVDA","6c0dce19-3955-59ff-b689-b8536ac11439","2025-02-26","sec_filing","10-K",43,5,4,-1
"ADBE","fae7181a-24b4-5fe8-8b33-99f5d460ad1d","2017-06-29","hackernews","title",0,6,4,1
"NVDA","fd4235d9-8515-5867-bc68-b0344f88156c","2023-04-02","hackernews","title",0,4,7,2
"NVDA","fd94db86-7ba5-57e3-b7a7-aa95e1c64f4d","2019-07-12","hackernews","title",0,6,2,1
"NVDA","fcdf71b2-9c87-5802-ba8d-a5aa5e8595e0","2015-09-27","hackernews","title",0,6,3,1
"NVDA","fcc82b6f-8e31-5135-8b33-032b16693c88","2020-04-23","hackernews","title",0,6,3,1
"NVDA","ffc7fe45-ed97-5176-bc34-80fc7dbbc4e3","2023-05-31","hackernews","title",0,6,6,2
"ADBE","ffd4b393-3a5e-5125-8ff5-b0be50e5b60e","2022-06-16","transcripts","earnings_call",24,6,6,2
"NVDA","6c0dce19-3955-59ff-b689-b8536ac11439","2025-02-26","sec_filing","10-K",19,6,7,2
"NVDA","6c0dce19-3955-59ff-b689-b8536ac11439","2025-02-26","sec_filing","10-K",10,6,9,3
"NVDA","6c0dce19-3955-59ff-b689-b8536ac11439","2025-02-26","sec_filing","10-K",9,6,8,2
"NVDA","6c0dce19-3955-59ff-b689-b8536ac11439","2025-02-26","sec_filing","10-K",8,4,9,3
"NVDA","ff086ccb-6b56-55a5-9e82-36bf71c5c1fe","2015-10-27","hackernews","title",0,3,4,-2
"NVDA","6c0dce19-3955-59ff-b689-b8536ac11439","2025-02-26","sec_filing","10-K",227,4,5,0
"NVDA","6c0dce19-3955-59ff-b689-b8536ac11439","2025-02-26","sec_filing","10-K",15,6,8,3
"NVDA","6c0dce19-3955-59ff-b689-b8536ac11439","2025-02-26","sec_filing","10-K",22,6,7,2
"NVDA","6c0dce19-3955-59ff-b689-b8536ac11439","2025-02-26","sec_filing","10-K",24,2,6,2
"NVDA","6c0dce19-3955-59ff-b689-b8536ac11439","2025-02-26","sec_filing","10-K",27,5,7,-2
"NVDA","6c0dce19-3955-59ff-b689-b8536ac11439","2025-02-26","sec_filing","10-K",35,2,4,2
"NVDA","6c0dce19-3955-59ff-b689-b8536ac11439","2025-02-26","sec_filing","10-K",52,4,7,0
"NVDA","6c0dce19-3955-59ff-b689-b8536ac11439","2025-02-26","sec_filing","10-K",54,5,6,-1
"NVDA","6c0dce19-3955-59ff-b689-b8536ac11439","2025-02-26","sec_filing","10-K",58,5,4,-2
"NVDA","6c0dce19-3955-59ff-b689-b8536ac11439","2025-02-26","sec_filing","10-K",65,5,3,-2
"NVDA","6c0dce19-3955-59ff-b689-b8536ac11439","2025-02-26","sec_filing","10-K",88,5,6,-2
"NVDA","6c0dce19-3955-59ff-b689-b8536ac11439","2025-02-26","sec_filing","10-K",90,5,6,-2
"NVDA","6c0dce19-3955-59ff-b689-b8536ac11439","2025-02-26","sec_filing","10-K",95,5,8,-2
"NVDA","6c0dce19-3955-59ff-b689-b8536ac11439","2025-02-26","sec_filing","10-K",98,5,9,-3
"NVDA","6c0dce19-3955-59ff-b689-b8536ac11439","2025-02-26","sec_filing","10-K",105,5,5,-2
"NVDA","6c0dce19-3955-59ff-b689-b8536ac11439","2025-02-26","sec_filing","10-K",130,6,7,0
"NVDA","6c0dce19-3955-59ff-b689-b8536ac11439","2025-02-26","sec_filing","10-K",143,4,10,3
"NVDA","ffc81270-fe0c-5a8d-9823-749903da911c","2020-08-14","hackernews","title",0,4,5,2
"ADBE","6c9ec436-7141-575a-8416-d7056076dca2","2022-01-21","sec_filing","10-K",65,5,5,-2
"ADBE","6c9ec436-7141-575a-8416-d7056076dca2","2022-01-21","sec_filing","10-K",88,5,3,-1
"NVDA","ffaeb671-975f-54d2-badf-6bd89649c168","2023-11-21","sec_filing","10-Q",104,5,6,-2
"NVDA","ffaeb671-975f-54d2-badf-6bd89649c168","2023-11-21","sec_filing","10-Q",47,6,8,2
"NVDA","ffaeb671-975f-54d2-badf-6bd89649c168","2023-11-21","sec_filing","10-Q",58,4,9,3
"NVDA","ffaeb671-975f-54d2-badf-6bd89649c168","2023-11-21","sec_filing","10-Q",59,4,7,2
"NVDA","ffaeb671-975f-54d2-badf-6bd89649c168","2023-11-21","sec_filing","10-Q",77,5,6,-2
"NVDA","ffaeb671-975f-54d2-badf-6bd89649c168","2023-11-21","sec_filing","10-Q",97,5,9,-3
"NVDA","6cfd1da9-db91-54d7-b4e8-fac99a08b8fe","2024-04-04","hackernews","title",0,4,9,3
"TEAM","eff27e32-b9e2-5c03-b2cb-34e51789cb28","2023-04-19","hackernews","title",0,1,6,2
"TEAM","04fd7a3f-a3e6-5c83-b21c-e19041a19370","2023-04-20","hackernews","title",0,6,6,2
"TEAM","f43d563b-6133-5a94-8fa7-ffc55065254a","2026-09-01","hackernews","title",0,6,4,-2
"TEAM","14571d66-7394-5939-b4d8-08eb4671dac3","2026-04-20","hackernews","title",0,1,5,1
"TEAM","14b2fa66-dfa2-567d-82ec-a6e57cb12eb4","2026-07-16","hackernews","title",0,6,4,0
"TEAM","f3ab157d-c540-5b7f-9cb7-690b90c20315","2026-03-20","hackernews","title",0,5,7,-3
"CAT","29ca4c75-b68e-5979-b3de-67b12d3204de","2026-01-29","transcripts","earnings_call",8,6,4,2
"CAT","29ca4c75-b68e-5979-b3de-67b12d3204de","2026-01-29","transcripts","earnings_call",22,4,6,2
"CAT","3d29a070-2742-5813-b9e6-81d622ddf7f7","2025-08-05","transcripts","earnings_call",6,4,6,2
"CAT","675db5cd-48d7-594a-9dde-a79f2a62d0dd","2023-01-31","transcripts","earnings_call",36,2,5,2
"CAT","10f6b728-d8e0-5d82-b0fc-02eafad5e41d","2026-08-04","transcripts","earnings_call",18,4,9,3
"CAT","10f6b728-d8e0-5d82-b0fc-02eafad5e41d","2026-08-04","transcripts","earnings_call",4,6,6,2
"CAT","10f6b728-d8e0-5d82-b0fc-02eafad5e41d","2026-08-04","transcripts","earnings_call",15,6,6,1
"CAT","f2a25c9d-2c1d-58dd-beda-a8b18349f207","2026-04-30","transcripts","earnings_call",2,4,6,3
"CAT","f2a25c9d-2c1d-58dd-beda-a8b18349f207","2026-04-30","transcripts","earnings_call",5,4,7,3
"CAT","f2a25c9d-2c1d-58dd-beda-a8b18349f207","2026-04-30","transcripts","earnings_call",20,4,7,3
"CAT","f2a25c9d-2c1d-58dd-beda-a8b18349f207","2026-04-30","transcripts","earnings_call",25,4,6,2
"CAT","f2a25c9d-2c1d-58dd-beda-a8b18349f207","2026-04-30","transcripts","earnings_call",32,6,4,0
"CAT","08dfb757-8aa5-5eef-bb7c-65ea050bd58f","2021-07-30","transcripts","earnings_call",5,6,4,2
"CAT","29ca4c75-b68e-5979-b3de-67b12d3204de","2026-01-29","transcripts","earnings_call",4,4,7,3
"CAT","29ca4c75-b68e-5979-b3de-67b12d3204de","2026-01-29","transcripts","earnings_call",6,4,7,3
"CAT","f76c420c-2a3c-5aae-878b-a3e05bfe235e","2025-10-29","transcripts","earnings_call",5,4,4,1
"CAT","f76c420c-2a3c-5aae-878b-a3e05bfe235e","2025-10-29","transcripts","earnings_call",6,4,7,3
"TEAM","401e38db-05e2-5534-81bd-59c14f39024f","2026-01-13","hackernews","title",0,6,6,2
"TEAM","5b35130c-e49e-5ef2-9c85-ded2eab9373b","2023-04-20","hackernews","title",0,6,6,2
"CAT","6c8feb22-7da6-512f-af17-3f50f31cb985","2021-01-29","transcripts","earnings_call",5,6,3,1
"CAT","6c8feb22-7da6-512f-af17-3f50f31cb985","2021-01-29","transcripts","earnings_call",6,4,5,2
"TEAM","77326db2-eadd-5818-b08a-7677afafcf16","2025-12-10","hackernews","title",0,6,6,1
"CAT","7de6506d-5d16-5c25-ac21-87c592651748","2020-10-27","transcripts","earnings_call",5,4,5,2
"CAT","80274f1a-eaf4-5fc0-90bf-114bee1bf686","2024-08-06","transcripts","earnings_call",5,4,5,2
"CAT","80274f1a-eaf4-5fc0-90bf-114bee1bf686","2024-08-06","transcripts","earnings_call",6,4,6,2
"CAT","8143bacc-dc27-5c6c-b3bc-82baf1791216","2023-10-31","transcripts","earnings_call",19,4,6,2
"TEAM","8c0690d3-56a1-5014-9b7b-aa6123185d58","2026-02-19","hackernews","title",0,5,7,-3
"CAT","93206ed9-3a53-5b1a-9230-665add2ef2db","2021-04-29","transcripts","earnings_call",20,6,5,2
"TEAM","9837aba7-c59a-57c3-9ce6-3cab2e3077b1","2026-03-12","hackernews","title",0,3,6,1
"TEAM","bf3503c8-1280-517b-8740-6290054c7c5b","2026-04-23","hackernews","title",0,3,5,-1
"TEAM","d1a6dc15-35d8-5226-8306-95e7012f9468","2026-03-11","hackernews","title",0,3,8,-2
"CAT","f76c420c-2a3c-5aae-878b-a3e05bfe235e","2025-10-29","transcripts","earnings_call",25,6,4,1
"INTC","aedef966-9c45-5f86-816a-f9d5ad7e406e","2026-01-22","transcripts","earnings_call",17,6,6,2
"CAT","f9e2fd64-f69a-565e-8371-8d82a284797b","2025-01-30","transcripts","earnings_call",4,2,5,2
"CAT","f9e2fd64-f69a-565e-8371-8d82a284797b","2025-01-30","transcripts","earnings_call",6,6,4,1
"CAT","f9e2fd64-f69a-565e-8371-8d82a284797b","2025-01-30","transcripts","earnings_call",7,4,7,3
"WM","0e9d3699-7802-5afe-86ca-a6188c7b2da2","2026-01-29","transcripts","earnings_call",24,2,5,2
"ADBE","420cabe7-e6d5-5aab-a755-fd9d206825a8","2024-03-27","sec_filing","10-Q",78,6,6,0
"ADBE","420cabe7-e6d5-5aab-a755-fd9d206825a8","2024-03-27","sec_filing","10-Q",108,5,4,-1
"INTC","438d88e5-00f6-5108-b55f-5c76c9934756","2022-07-28","sec_filing","10-Q",73,4,6,1
"ADBE","42d33172-784b-5827-b671-835086757d0d","2021-09-21","transcripts","earnings_call",5,4,6,3
"ADBE","42d33172-784b-5827-b671-835086757d0d","2021-09-21","transcripts","earnings_call",2,6,5,2
"ADBE","42d33172-784b-5827-b671-835086757d0d","2021-09-21","transcripts","earnings_call",3,6,6,2
"DELL","434ddf54-e998-54d8-b409-d7e05831add1","2025-02-27","transcripts","earnings_call",6,4,8,2
"DELL","434ddf54-e998-54d8-b409-d7e05831add1","2025-02-27","transcripts","earnings_call",12,5,7,1
"DELL","434ddf54-e998-54d8-b409-d7e05831add1","2025-02-27","transcripts","earnings_call",13,4,6,1
"DELL","434ddf54-e998-54d8-b409-d7e05831add1","2025-02-27","transcripts","earnings_call",14,4,5,1
"DELL","434ddf54-e998-54d8-b409-d7e05831add1","2025-02-27","transcripts","earnings_call",8,4,9,2
"DELL","434ddf54-e998-54d8-b409-d7e05831add1","2025-02-27","transcripts","earnings_call",11,4,7,1
"DELL","434ddf54-e998-54d8-b409-d7e05831add1","2025-02-27","transcripts","earnings_call",4,4,8,2
"ADBE","6c9ec436-7141-575a-8416-d7056076dca2","2022-01-21","sec_filing","10-K",21,6,6,2
"NVDA","6c0dce19-3955-59ff-b689-b8536ac11439","2025-02-26","sec_filing","10-K",228,4,10,3
"DELL","0841310c-a8fc-56ff-a765-a54cfe9b8830","2024-05-30","transcripts","earnings_call",4,4,8,2
"DELL","0841310c-a8fc-56ff-a765-a54cfe9b8830","2024-05-30","transcripts","earnings_call",5,4,7,1
"DELL","0841310c-a8fc-56ff-a765-a54cfe9b8830","2024-05-30","transcripts","earnings_call",6,4,7,2
"DELL","0841310c-a8fc-56ff-a765-a54cfe9b8830","2024-05-30","transcripts","earnings_call",7,4,6,2
"DELL","0841310c-a8fc-56ff-a765-a54cfe9b8830","2024-05-30","transcripts","earnings_call",10,2,6,1
"DELL","0841310c-a8fc-56ff-a765-a54cfe9b8830","2024-05-30","transcripts","earnings_call",11,6,8,2
"DELL","0841310c-a8fc-56ff-a765-a54cfe9b8830","2024-05-30","transcripts","earnings_call",12,4,7,1
"DELL","0841310c-a8fc-56ff-a765-a54cfe9b8830","2024-05-30","transcripts","earnings_call",14,4,7,2
"DELL","0841310c-a8fc-56ff-a765-a54cfe9b8830","2024-05-30","transcripts","earnings_call",1,4,9,3
"DELL","0841310c-a8fc-56ff-a765-a54cfe9b8830","2024-05-30","transcripts","earnings_call",2,6,8,2
"DELL","434ddf54-e998-54d8-b409-d7e05831add1","2025-02-27","transcripts","earnings_call",3,4,9,3
"DELL","434ddf54-e998-54d8-b409-d7e05831add1","2025-02-27","transcripts","earnings_call",29,4,8,2
"DELL","434ddf54-e998-54d8-b409-d7e05831add1","2025-02-27","transcripts","earnings_call",2,6,8,3
"ADBE","6c9ec436-7141-575a-8416-d7056076dca2","2022-01-21","sec_filing","10-K",167,6,5,2
"NVDA","6dbf8957-9237-5ca5-9e41-3c2820082955","2025-07-15","hackernews","title",0,5,9,2
"INTC","aedef966-9c45-5f86-816a-f9d5ad7e406e","2026-01-22","transcripts","earnings_call",18,4,6,2
"INTC","c30e2620-f427-5bf5-845c-27fb79494b92","2023-04-27","transcripts","earnings_call",29,6,6,1
"INTC","d7cca220-9296-5408-86f7-114ad678db56","2022-04-28","transcripts","earnings_call",6,6,6,2
"INTC","4dcd674c-7355-5050-a27d-c2d6d36b969a","2023-07-27","transcripts","earnings_call",9,6,6,2
"INTC","4dcd674c-7355-5050-a27d-c2d6d36b969a","2023-07-27","transcripts","earnings_call",22,6,7,2
"INTC","4dcd674c-7355-5050-a27d-c2d6d36b969a","2023-07-27","transcripts","earnings_call",21,4,7,2
"MU","6dc9cdff-931e-55e5-8da6-ded40cfd42a0","2024-12-18","sec_filing","10-Q",52,4,7,2
"MU","6a77b696-8679-5d56-9d53-3470c22a90c5","2025-06-25","transcripts","earnings_call",17,4,8,3
"MU","6a77b696-8679-5d56-9d53-3470c22a90c5","2025-06-25","transcripts","earnings_call",13,4,8,3
"MU","1eaf0324-1c8b-5782-ab53-588734eb2cd0","2024-03-20","transcripts","earnings_call",1,4,9,3
"MU","1eaf0324-1c8b-5782-ab53-588734eb2cd0","2024-03-20","transcripts","earnings_call",2,6,8,2
"MU","1eaf0324-1c8b-5782-ab53-588734eb2cd0","2024-03-20","transcripts","earnings_call",3,4,9,3
"MU","1eaf0324-1c8b-5782-ab53-588734eb2cd0","2024-03-20","transcripts","earnings_call",4,4,9,3
"MU","1eaf0324-1c8b-5782-ab53-588734eb2cd0","2024-03-20","transcripts","earnings_call",5,6,8,3
"MU","1eaf0324-1c8b-5782-ab53-588734eb2cd0","2024-03-20","transcripts","earnings_call",6,4,8,3
"MU","36d8fe08-ac91-5615-a7a6-3abd355ff707","2024-09-25","transcripts","earnings_call",24,4,9,3
"MU","9732e5a6-bc18-5a15-8ea3-332ee47ec027","2024-06-26","transcripts","earnings_call",26,4,8,3
"NVDA","f5473a9d-ae4d-5904-8a2e-717cfcd31019","2025-08-27","transcripts","earnings_call",12,4,10,3
"NVDA","06fb76cd-3f3f-5737-86a9-a324ab4cc5cc","2024-08-28","transcripts","earnings_call",3,6,10,3
"NVDA","9b445c1c-6105-580d-876a-fd824f81668a","2025-11-19","transcripts","earnings_call",1,4,10,3
"NVDA","d5485656-a874-5cfe-a894-57bc8b605d8f","2023-08-23","transcripts","earnings_call",3,4,9,3
"NVDA","938d71bf-3ea3-53ed-b020-7ac48d25f80d","2018-08-16","transcripts","earnings_call",5,4,8,3
"NVDA","05013128-98cc-59e0-a5c2-5fbfd9f99d94","2020-02-13","transcripts","earnings_call",24,6,8,3
"NVDA","1a951e63-fb79-5d40-ba18-09efb2fecddc","2023-05-24","transcripts","earnings_call",3,6,8,3
"NVDA","0ce0ef4b-c494-5479-ba1f-ff181b8eb3a3","2019-08-15","transcripts","earnings_call",24,6,5,2
"NVDA","06fb76cd-3f3f-5737-86a9-a324ab4cc5cc","2024-08-28","transcripts","earnings_call",1,4,10,3
"NVDA","05013128-98cc-59e0-a5c2-5fbfd9f99d94","2020-02-13","transcripts","earnings_call",21,5,4,-2
"NVDA","05013128-98cc-59e0-a5c2-5fbfd9f99d94","2020-02-13","transcripts","earnings_call",22,6,7,3
"NVDA","0ffef5cc-292b-5dfa-baa4-d69e53244cad","2016-11-10","transcripts","earnings_call",22,4,7,3
"NVDA","fb4dfa87-ea47-5e55-a2d0-91c7c13cc43f","2017-08-10","transcripts","earnings_call",6,4,8,2
"NVDA","06fb76cd-3f3f-5737-86a9-a324ab4cc5cc","2024-08-28","transcripts","earnings_call",14,4,6,2
"NVDA","402422ab-c575-56c7-86dd-81e39e43f69d","2018-05-10","transcripts","earnings_call",9,4,6,2
"NVDA","4324b21a-0300-5afd-ba0d-f585dcf7945e","2021-08-18","transcripts","earnings_call",13,4,7,3
"MU","451723cb-39ca-55cc-9710-140cdb25b67f","2025-12-17","transcripts","earnings_call",13,5,1,0
"NVDA","5d1ac975-ea2d-5ef5-ab0f-c10dcb8f6686","2015-08-06","transcripts","earnings_call",18,4,6,2
"ADBE","40428456-3b06-53b3-8d99-aa83f1aeeb76","2024-09-12","transcripts","earnings_call",18,4,7,2
"ADBE","40428456-3b06-53b3-8d99-aa83f1aeeb76","2024-09-12","transcripts","earnings_call",12,4,7,3
"ADBE","40428456-3b06-53b3-8d99-aa83f1aeeb76","2024-09-12","transcripts","earnings_call",24,6,7,2
"ADBE","40428456-3b06-53b3-8d99-aa83f1aeeb76","2024-09-12","transcripts","earnings_call",27,6,7,2
"ADBE","40428456-3b06-53b3-8d99-aa83f1aeeb76","2024-09-12","transcripts","earnings_call",9,6,6,2
"ADBE","40428456-3b06-53b3-8d99-aa83f1aeeb76","2024-09-12","transcripts","earnings_call",15,6,4,1
"ADBE","40428456-3b06-53b3-8d99-aa83f1aeeb76","2024-09-12","transcripts","earnings_call",21,4,8,2
"ADBE","40428456-3b06-53b3-8d99-aa83f1aeeb76","2024-09-12","transcripts","earnings_call",26,6,6,2
"ADBE","40428456-3b06-53b3-8d99-aa83f1aeeb76","2024-09-12","transcripts","earnings_call",29,2,6,2
"ADBE","40c588ed-80cd-54d6-8e88-27b4242d0d0b","2022-09-15","transcripts","earnings_call",27,1,6,2
"NVDA","4131fc5a-c19e-53c1-9732-68ec067db168","2023-08-25","sec_filing","10-Q",42,4,8,2
"NVDA","4131fc5a-c19e-53c1-9732-68ec067db168","2023-08-25","sec_filing","10-Q",45,4,9,3
"NVDA","4131fc5a-c19e-53c1-9732-68ec067db168","2023-08-25","sec_filing","10-Q",47,4,9,3
"NVDA","4131fc5a-c19e-53c1-9732-68ec067db168","2023-08-25","sec_filing","10-Q",48,1,4,2
"NVDA","4131fc5a-c19e-53c1-9732-68ec067db168","2023-08-25","sec_filing","10-Q",50,4,9,3
"NVDA","4131fc5a-c19e-53c1-9732-68ec067db168","2023-08-25","sec_filing","10-Q",87,5,3,-1
"NVDA","4131fc5a-c19e-53c1-9732-68ec067db168","2023-08-25","sec_filing","10-Q",96,5,9,-3
"NVDA","4131fc5a-c19e-53c1-9732-68ec067db168","2023-08-25","sec_filing","10-Q",35,4,4,1
"NVDA","4131fc5a-c19e-53c1-9732-68ec067db168","2023-08-25","sec_filing","10-Q",41,4,9,2
"NVDA","4131fc5a-c19e-53c1-9732-68ec067db168","2023-08-25","sec_filing","10-Q",43,4,8,2
"NVDA","4131fc5a-c19e-53c1-9732-68ec067db168","2023-08-25","sec_filing","10-Q",66,6,6,0
"NVDA","4131fc5a-c19e-53c1-9732-68ec067db168","2023-08-25","sec_filing","10-Q",68,4,8,2
"NVDA","4131fc5a-c19e-53c1-9732-68ec067db168","2023-08-25","sec_filing","10-Q",71,4,8,1
"NVDA","4131fc5a-c19e-53c1-9732-68ec067db168","2023-08-25","sec_filing","10-Q",92,5,9,-3
"NVDA","429d384f-7212-57b7-bb67-412b4b0f4e99","2019-11-06","hackernews","title",0,6,6,2
"INTC","6e1fb8f3-4e4c-5632-8065-7d1243528ff2","2022-05-20","hackernews","title",0,2,4,1
"MU","6e835878-d177-5701-b8d4-4f7fe9af9d5e","2023-09-27","transcripts","earnings_call",16,4,6,2
"MU","6e835878-d177-5701-b8d4-4f7fe9af9d5e","2023-09-27","transcripts","earnings_call",15,4,3,0
"MU","6e835878-d177-5701-b8d4-4f7fe9af9d5e","2023-09-27","transcripts","earnings_call",8,4,8,2
"DELL","6ebc8da9-167f-538b-ae69-4e4015d9bba3","2025-05-29","transcripts","earnings_call",1,4,9,3
"DELL","6ebc8da9-167f-538b-ae69-4e4015d9bba3","2025-05-29","transcripts","earnings_call",4,6,8,3
"DELL","6ebc8da9-167f-538b-ae69-4e4015d9bba3","2025-05-29","transcripts","earnings_call",16,4,7,2
"DELL","6ebc8da9-167f-538b-ae69-4e4015d9bba3","2025-05-29","transcripts","earnings_call",17,4,9,3
"DELL","6ebc8da9-167f-538b-ae69-4e4015d9bba3","2025-05-29","transcripts","earnings_call",22,6,8,3
"DELL","6ebc8da9-167f-538b-ae69-4e4015d9bba3","2025-05-29","transcripts","earnings_call",27,4,7,1
"DELL","6ebc8da9-167f-538b-ae69-4e4015d9bba3","2025-05-29","transcripts","earnings_call",20,4,6,2
"DELL","6ebc8da9-167f-538b-ae69-4e4015d9bba3","2025-05-29","transcripts","earnings_call",24,4,7,1
"PG","6e1ab956-1817-5ad1-9dd8-1c6230330656","2026-08-04","sec_filing","10-K",52,5,2,0
"INTC","6e4b975e-6f70-5da6-ba3d-8b6fe55fff40","2019-07-20","hackernews","title",0,6,4,1
"NVDA","6e5f4ee1-137d-5016-8a3b-c98b47e0baa8","2022-03-22","hackernews","title",0,6,9,3
"NVDA","6e7d9599-64d3-5695-9516-1b755cac0891","2017-02-15","hackernews","title",0,6,3,1
"INTC","aedef966-9c45-5f86-816a-f9d5ad7e406e","2026-01-22","transcripts","earnings_call",30,4,7,2
"PG","6e1ab956-1817-5ad1-9dd8-1c6230330656","2026-08-04","sec_filing","10-K",61,6,4,1
"INTC","6e7bdfc4-2692-5448-b0e1-92968ebd25e4","2026-04-23","sec_filing","10-Q",5,5,3,0
"TEAM","a263aff4-f957-563b-bf65-18268688e50e","2026-02-05","transcripts","earnings_call",23,4,8,3
"TEAM","8bb65558-0b56-5e53-bb4e-63b773ef84b0","2023-11-02","transcripts","earnings_call",10,6,7,2
"TEAM","062f2032-fcdf-5eea-b6b4-8afa6d294315","2026-04-30","transcripts","earnings_call",3,6,6,1
"TEAM","062f2032-fcdf-5eea-b6b4-8afa6d294315","2026-04-30","transcripts","earnings_call",6,4,6,1
"TEAM","062f2032-fcdf-5eea-b6b4-8afa6d294315","2026-04-30","transcripts","earnings_call",7,6,5,1
"TEAM","20dd13b4-b5e8-5440-affc-18cb009e1933","2026-08-06","transcripts","earnings_call",2,4,9,3
"TEAM","20dd13b4-b5e8-5440-affc-18cb009e1933","2026-08-06","transcripts","earnings_call",4,4,6,2
"ADBE","6c9ec436-7141-575a-8416-d7056076dca2","2022-01-21","sec_filing","10-K",17,6,6,2
"ADBE","6c9ec436-7141-575a-8416-d7056076dca2","2022-01-21","sec_filing","10-K",120,4,7,2
"DELL","6ebc8da9-167f-538b-ae69-4e4015d9bba3","2025-05-29","transcripts","earnings_call",2,1,8,3
"DELL","6ebc8da9-167f-538b-ae69-4e4015d9bba3","2025-05-29","transcripts","earnings_call",7,4,6,2
"DELL","6ebc8da9-167f-538b-ae69-4e4015d9bba3","2025-05-29","transcripts","earnings_call",12,4,7,2
"ADBE","36acde72-47bf-5a97-98cb-bd1b3b7d8563","2025-01-13","sec_filing","10-K",38,6,7,2
"ADBE","76f79525-d0c9-5635-af25-9e59a39e0964","2024-01-17","sec_filing","10-K",17,6,5,2
"ADBE","8fcfd31d-bfce-558f-afaa-9fca124a4cab","2023-01-17","sec_filing","10-K",110,4,6,2
"ADBE","07e4ca0b-b8ee-5e41-9728-c48c896ffe2a","2026-01-15","sec_filing","10-K",17,6,6,2
"DELL","acbb66e2-056e-5430-b3df-78127fcc301e","2023-12-08","sec_filing","10-Q",97,6,7,2
"DELL","acbb66e2-056e-5430-b3df-78127fcc301e","2023-12-08","sec_filing","10-Q",96,4,6,2
"DELL","a383d817-a6bf-54a6-8094-71a1947f41b1","2026-03-16","sec_filing","10-K",7,6,7,2
"DELL","a383d817-a6bf-54a6-8094-71a1947f41b1","2026-03-16","sec_filing","10-K",12,2,4,1
"DELL","e71520d1-becb-5a71-a4a2-255302b18e56","2026-06-09","sec_filing","10-Q",65,4,9,2
"DELL","28be960e-e47b-523c-b64f-42f3fecd6fa6","2020-09-04","sec_filing","10-Q",115,6,5,2
"DELL","28be960e-e47b-523c-b64f-42f3fecd6fa6","2020-09-04","sec_filing","10-Q",121,1,4,1
"DELL","e5a3eb29-56c7-565c-991b-d105a0172f85","2025-06-10","sec_filing","10-Q",128,2,5,0
"DELL","9e589a58-bbcf-5f69-9dd6-acc6e4bbefc0","2023-09-12","sec_filing","10-Q",97,6,6,1
"DELL","a22c13ef-3936-577e-8c1d-9036083bcd08","2025-03-25","sec_filing","10-K",94,4,7,2
"DELL","a2e1c147-ad35-5225-a2ab-cfd6d7cf19c5","2026-09-08","sec_filing","10-Q",81,4,8,2
"DELL","a7ab9800-480a-5cea-8bb8-82c58a26f680","2023-06-12","sec_filing","10-Q",87,6,6,1
"DELL","83c6596e-b469-5398-858c-3c6decb4c82e","2024-06-11","sec_filing","10-Q",104,4,8,2
"DELL","6fa09842-500a-5f8f-a42c-1a53b705dfc8","2017-09-08","sec_filing","10-Q",125,1,3,1
"INTC","68f6001f-d7db-59ca-9173-bf5450ef4d08","2024-01-25","sec_filing","10-K",14,1,6,1
"DELL","28be960e-e47b-523c-b64f-42f3fecd6fa6","2020-09-04","sec_filing","10-Q",75,1,2,0
"DELL","f0344c9f-1242-5b96-bcf3-9bfd6bd09a80","2025-09-08","sec_filing","10-Q",91,4,8,2
"DELL","f0344c9f-1242-5b96-bcf3-9bfd6bd09a80","2025-09-08","sec_filing","10-Q",92,4,8,1
"DELL","f0344c9f-1242-5b96-bcf3-9bfd6bd09a80","2025-09-08","sec_filing","10-Q",114,4,8,3
"DELL","f0344c9f-1242-5b96-bcf3-9bfd6bd09a80","2025-09-08","sec_filing","10-Q",117,4,7,2
"DELL","26b2add9-a1d7-5a10-a598-d9eb21d3c8ed","2023-03-30","sec_filing","10-K",99,6,5,1
"INTC","08de8873-ccd7-5ab5-8bf7-8b3ac7a28059","2020-01-23","sec_filing","10-K",72,6,4,1
"NVDA","6c0dce19-3955-59ff-b689-b8536ac11439","2025-02-26","sec_filing","10-K",133,5,8,-2
"NVDA","6c0dce19-3955-59ff-b689-b8536ac11439","2025-02-26","sec_filing","10-K",99,5,8,-2
"NVDA","6c0dce19-3955-59ff-b689-b8536ac11439","2025-02-26","sec_filing","10-K",33,5,4,-1
"NVDA","6c0dce19-3955-59ff-b689-b8536ac11439","2025-02-26","sec_filing","10-K",32,5,9,-3
"NVDA","a420f2c3-69a0-53f5-8244-f45c4c97d86b","2022-08-31","sec_filing","10-Q",80,5,5,-1
"NVDA","a82c94b1-d722-5d79-9a3e-0f0b77289bfa","2022-11-18","sec_filing","10-Q",76,5,4,-1
"NVDA","64145f2b-5d8e-5f42-99f6-74af479f28a6","2014-08-20","sec_filing","10-Q",53,4,3,1
"NVDA","00b65c37-97c9-596f-a1ad-39c17c610279","2026-02-25","sec_filing","10-K",108,5,5,-1
"NVDA","ffaeb671-975f-54d2-badf-6bd89649c168","2023-11-21","sec_filing","10-Q",38,4,6,1
"NVDA","13f004dc-182c-5318-b3af-1f78b304fe6f","2024-02-21","sec_filing","10-K",96,5,8,-3
"NVDA","2c6ae2ee-7e66-5a92-8929-6d0e4b9ea760","2023-02-24","sec_filing","10-K",85,5,4,-1
"NVDA","2c6ae2ee-7e66-5a92-8929-6d0e4b9ea760","2023-02-24","sec_filing","10-K",109,4,8,2
"MU","0e73f08d-279c-5e9f-8fdf-191f5a078d8f","2018-10-15","sec_filing","10-K",4,6,4,1
"NVDA","415ee75f-43bd-5f5f-95b3-8cbb239db82c","2016-08-11","transcripts","earnings_call",13,4,7,3
"NVDA","415ee75f-43bd-5f5f-95b3-8cbb239db82c","2016-08-11","transcripts","earnings_call",2,4,6,2
"NVDA","415ee75f-43bd-5f5f-95b3-8cbb239db82c","2016-08-11","transcripts","earnings_call",5,4,8,3
"NVDA","415ee75f-43bd-5f5f-95b3-8cbb239db82c","2016-08-11","transcripts","earnings_call",6,4,9,3
"NVDA","415ee75f-43bd-5f5f-95b3-8cbb239db82c","2016-08-11","transcripts","earnings_call",17,4,9,3
"NVDA","415ee75f-43bd-5f5f-95b3-8cbb239db82c","2016-08-11","transcripts","earnings_call",4,6,8,3
"NVDA","415ee75f-43bd-5f5f-95b3-8cbb239db82c","2016-08-11","transcripts","earnings_call",7,2,5,1
"NVDA","415ee75f-43bd-5f5f-95b3-8cbb239db82c","2016-08-11","transcripts","earnings_call",11,4,8,3
"NVDA","415ee75f-43bd-5f5f-95b3-8cbb239db82c","2016-08-11","transcripts","earnings_call",12,6,8,3
"MU","71e48957-7f66-5991-9ae4-80ae68a48a1e","2022-09-29","transcripts","earnings_call",2,4,6,2
"NVDA","402422ab-c575-56c7-86dd-81e39e43f69d","2018-05-10","transcripts","earnings_call",1,4,8,3
"NVDA","402422ab-c575-56c7-86dd-81e39e43f69d","2018-05-10","transcripts","earnings_call",4,6,9,3
"NVDA","402422ab-c575-56c7-86dd-81e39e43f69d","2018-05-10","transcripts","earnings_call",13,4,9,3
"NVDA","402422ab-c575-56c7-86dd-81e39e43f69d","2018-05-10","transcripts","earnings_call",17,4,8,3
"NVDA","402422ab-c575-56c7-86dd-81e39e43f69d","2018-05-10","transcripts","earnings_call",24,6,7,3
"NVDA","402422ab-c575-56c7-86dd-81e39e43f69d","2018-05-10","transcripts","earnings_call",25,6,7,3
"NVDA","402422ab-c575-56c7-86dd-81e39e43f69d","2018-05-10","transcripts","earnings_call",2,6,7,3
"NVDA","402422ab-c575-56c7-86dd-81e39e43f69d","2018-05-10","transcripts","earnings_call",20,1,8,3
"NVDA","402422ab-c575-56c7-86dd-81e39e43f69d","2018-05-10","transcripts","earnings_call",18,4,9,3
"NVDA","402422ab-c575-56c7-86dd-81e39e43f69d","2018-05-10","transcripts","earnings_call",15,4,3,1
"MU","40460067-6394-5998-b0eb-74edd360e0cf","2023-06-29","sec_filing","10-Q",105,5,2,0
"INTC","7069b334-1e6f-57d9-ae2e-e86d13056a9f","2023-10-26","sec_filing","10-Q",4,6,3,0
"NVDA","70c07e19-509a-5ae9-83f0-fc22f3445917","2023-02-28","hackernews","title",0,4,3,1
"MU","725c29bb-8fc3-59de-b500-5e14dca2e33a","2026-09-15","hackernews","title",0,6,5,2
"MU","73d3e269-0a8c-5b19-ad64-5df67fdc13ef","2013-03-21","transcripts","earnings_call",2,1,6,2
"NVDA","74dc9dad-6057-5d8e-a779-75756cf445c3","2025-10-04","hackernews","title",0,5,7,-2
"INTC","712511fe-5ea8-5268-abfd-38c47b209278","2017-02-11","hackernews","title",0,6,5,1
"NVDA","4324b21a-0300-5afd-ba0d-f585dcf7945e","2021-08-18","transcripts","earnings_call",3,4,7,3
"TEAM","66ca62af-3f3f-550c-ad56-8d816942b6d0","2026-08-14","sec_filing","10-K",258,3,7,0
"TEAM","66ca62af-3f3f-550c-ad56-8d816942b6d0","2026-08-14","sec_filing","10-K",119,5,2,-1
"TEAM","66ca62af-3f3f-550c-ad56-8d816942b6d0","2026-08-14","sec_filing","10-K",42,5,6,-2
"TEAM","66ca62af-3f3f-550c-ad56-8d816942b6d0","2026-08-14","sec_filing","10-K",33,5,6,-1
"TEAM","66ca62af-3f3f-550c-ad56-8d816942b6d0","2026-08-14","sec_filing","10-K",113,5,4,-2
"TEAM","66ca62af-3f3f-550c-ad56-8d816942b6d0","2026-08-14","sec_filing","10-K",112,5,4,-2
"TEAM","66ca62af-3f3f-550c-ad56-8d816942b6d0","2026-08-14","sec_filing","10-K",68,5,5,-2
"TEAM","66ca62af-3f3f-550c-ad56-8d816942b6d0","2026-08-14","sec_filing","10-K",57,5,5,-2
"PG","15272187-9c85-590a-a67a-c8cac03d46dd","2025-08-04","sec_filing","10-K",21,5,4,-1
"PG","1cf5f6c2-f48d-58cf-ae4b-db3fd22649d8","2024-08-05","sec_filing","10-K",30,5,4,-1
"TEAM","2e3ebdd6-c645-50e4-b6b0-d7694deb9dff","2026-05-01","sec_filing","10-Q",100,5,5,-1
"TEAM","fbb24933-2002-56bf-89d9-e2b289e1c65c","2023-08-18","sec_filing","10-K",70,5,4,-2
"ADBE","420cabe7-e6d5-5aab-a755-fd9d206825a8","2024-03-27","sec_filing","10-Q",50,6,6,2
"ADBE","420cabe7-e6d5-5aab-a755-fd9d206825a8","2024-03-27","sec_filing","10-Q",49,6,8,2
"TEAM","4401663c-04a5-590a-ab60-2e674a14b334","2018-08-30","sec_filing","20-F",103,6,3,0
"ADBE","3ccf558f-dde7-51ab-bd38-6cbb5faf3290","2021-12-16","transcripts","earnings_call",61,4,6,2
"WM","237b1f78-a01e-5815-8c7b-476079b5098e","2025-04-29","sec_filing","10-Q",58,5,2,-1
"WM","13f0e0ba-c5c6-5092-8290-2375dfde9da1","2024-02-13","sec_filing","10-K",108,5,3,-1
"ADBE","601dcb00-6e74-551d-90d2-b548e1ae7897","2021-03-23","transcripts","earnings_call",4,6,6,2
"ADBE","601dcb00-6e74-551d-90d2-b548e1ae7897","2021-03-23","transcripts","earnings_call",5,4,6,2
"ADBE","601dcb00-6e74-551d-90d2-b548e1ae7897","2021-03-23","transcripts","earnings_call",22,6,7,2
"ADBE","601dcb00-6e74-551d-90d2-b548e1ae7897","2021-03-23","transcripts","earnings_call",3,6,7,3
"ADBE","d31de365-34bd-53ca-8251-6a04e423b0e1","2025-12-10","transcripts","earnings_call",21,6,6,2
"ADBE","32b3b02e-99a5-5dcb-9259-45f1485773c8","2016-12-15","transcripts","earnings_call",6,6,6,2
"ADBE","162c2ee9-3002-5685-a301-e60dc07af155","2026-09-10","transcripts","earnings_call",1,6,7,2
"ADBE","162c2ee9-3002-5685-a301-e60dc07af155","2026-09-10","transcripts","earnings_call",2,4,8,3
"ADBE","162c2ee9-3002-5685-a301-e60dc07af155","2026-09-10","transcripts","earnings_call",3,6,7,2
"ADBE","662c5e90-150b-55f3-a744-4a5538a7d95a","2026-03-12","transcripts","earnings_call",15,4,6,2
"ADBE","662c5e90-150b-55f3-a744-4a5538a7d95a","2026-03-12","transcripts","earnings_call",20,4,8,3
"ADBE","662c5e90-150b-55f3-a744-4a5538a7d95a","2026-03-12","transcripts","earnings_call",7,4,9,3
"ADBE","662c5e90-150b-55f3-a744-4a5538a7d95a","2026-03-12","transcripts","earnings_call",13,4,9,3
"ADBE","ac4504c5-e22f-57af-8d23-efc72300f168","2025-03-12","transcripts","earnings_call",3,6,8,3
"ADBE","ac4504c5-e22f-57af-8d23-efc72300f168","2025-03-12","transcripts","earnings_call",1,4,8,3
"ADBE","ac4504c5-e22f-57af-8d23-efc72300f168","2025-03-12","transcripts","earnings_call",5,6,7,3
"ADBE","aec08e29-2bd1-50e0-a94d-402baf72a3d7","2017-03-16","transcripts","earnings_call",6,6,3,1
"ADBE","3ccf558f-dde7-51ab-bd38-6cbb5faf3290","2021-12-16","transcripts","earnings_call",13,6,6,2
"ADBE","3ccf558f-dde7-51ab-bd38-6cbb5faf3290","2021-12-16","transcripts","earnings_call",16,6,6,2
"ADBE","3ccf558f-dde7-51ab-bd38-6cbb5faf3290","2021-12-16","transcripts","earnings_call",17,6,6,2
"ADBE","3ccf558f-dde7-51ab-bd38-6cbb5faf3290","2021-12-16","transcripts","earnings_call",20,6,5,2
"ADBE","3ccf558f-dde7-51ab-bd38-6cbb5faf3290","2021-12-16","transcripts","earnings_call",31,4,4,2
"ADBE","3ccf558f-dde7-51ab-bd38-6cbb5faf3290","2021-12-16","transcripts","earnings_call",33,6,5,2
"ADBE","3ccf558f-dde7-51ab-bd38-6cbb5faf3290","2021-12-16","transcripts","earnings_call",44,6,4,1
"ADBE","3ccf558f-dde7-51ab-bd38-6cbb5faf3290","2021-12-16","transcripts","earnings_call",47,4,5,2
"ADBE","321f8689-5fe6-5b21-9ebf-b9c9f0bc84e3","2023-09-14","transcripts","earnings_call",11,4,6,2
"ADBE","321f8689-5fe6-5b21-9ebf-b9c9f0bc84e3","2023-09-14","transcripts","earnings_call",12,2,6,2
"ADBE","321f8689-5fe6-5b21-9ebf-b9c9f0bc84e3","2023-09-14","transcripts","earnings_call",14,6,7,2
"ADBE","321f8689-5fe6-5b21-9ebf-b9c9f0bc84e3","2023-09-14","transcripts","earnings_call",16,4,8,2
"ADBE","321f8689-5fe6-5b21-9ebf-b9c9f0bc84e3","2023-09-14","transcripts","earnings_call",17,4,7,2
"ADBE","662c5e90-150b-55f3-a744-4a5538a7d95a","2026-03-12","transcripts","earnings_call",8,5,6,-2
"ADBE","662c5e90-150b-55f3-a744-4a5538a7d95a","2026-03-12","transcripts","earnings_call",11,4,8,3
"ADBE","662c5e90-150b-55f3-a744-4a5538a7d95a","2026-03-12","transcripts","earnings_call",19,4,7,3
"ADBE","faf1fd16-ea0c-5687-9bd4-967fb878fac7","2023-03-15","transcripts","earnings_call",3,6,7,3
"ADBE","33936398-9bed-5574-b096-d8d6e3a44044","2025-09-11","transcripts","earnings_call",26,4,7,2
"ADBE","33936398-9bed-5574-b096-d8d6e3a44044","2025-09-11","transcripts","earnings_call",29,2,8,3
"ADBE","33936398-9bed-5574-b096-d8d6e3a44044","2025-09-11","transcripts","earnings_call",31,6,7,2
"ADBE","fe68894e-788c-542f-80d2-40ed0ea89e5b","2022-12-15","transcripts","earnings_call",3,6,6,3
"ADBE","fe68894e-788c-542f-80d2-40ed0ea89e5b","2022-12-15","transcripts","earnings_call",4,6,6,3
"ADBE","fe68894e-788c-542f-80d2-40ed0ea89e5b","2022-12-15","transcripts","earnings_call",18,6,6,2
"ADBE","10752d6e-4708-5bae-85c6-00ef20ed1adc","2020-12-10","transcripts","earnings_call",18,6,8,3
"ADBE","10752d6e-4708-5bae-85c6-00ef20ed1adc","2020-12-10","transcripts","earnings_call",19,6,8,3
"ADBE","10752d6e-4708-5bae-85c6-00ef20ed1adc","2020-12-10","transcripts","earnings_call",20,4,6,2
"ADBE","10752d6e-4708-5bae-85c6-00ef20ed1adc","2020-12-10","transcripts","earnings_call",25,6,6,2
"ADBE","10752d6e-4708-5bae-85c6-00ef20ed1adc","2020-12-10","transcripts","earnings_call",28,4,5,2
"ADBE","10752d6e-4708-5bae-85c6-00ef20ed1adc","2020-12-10","transcripts","earnings_call",70,2,5,2
"ADBE","67e91365-9214-5e7d-b250-f0373dc8482d","2024-12-11","transcripts","earnings_call",17,4,7,2
"ADBE","67e91365-9214-5e7d-b250-f0373dc8482d","2024-12-11","transcripts","earnings_call",26,6,6,2
"ADBE","42d33172-784b-5827-b671-835086757d0d","2021-09-21","transcripts","earnings_call",22,6,6,2
"ADBE","59c6d59f-231f-5abb-98d7-3b1ba568b328","2017-12-14","transcripts","earnings_call",20,4,3,1
"ADBE","59c6d59f-231f-5abb-98d7-3b1ba568b328","2017-12-14","transcripts","earnings_call",5,4,6,2
"ADBE","5d8826c8-9eb1-5302-a2fa-b2d3a20b8383","2023-06-15","transcripts","earnings_call",32,4,7,3
"ADBE","5d8826c8-9eb1-5302-a2fa-b2d3a20b8383","2023-06-15","transcripts","earnings_call",20,4,8,3
"ADBE","5d8826c8-9eb1-5302-a2fa-b2d3a20b8383","2023-06-15","transcripts","earnings_call",21,4,8,3
"ADBE","601dcb00-6e74-551d-90d2-b548e1ae7897","2021-03-23","transcripts","earnings_call",23,4,7,3
"ADBE","76a23d31-611c-5c8b-8b2b-6a0bf0ea4556","2019-12-12","transcripts","earnings_call",2,6,6,2
"ADBE","76a23d31-611c-5c8b-8b2b-6a0bf0ea4556","2019-12-12","transcripts","earnings_call",3,6,5,1
"ADBE","942f47dc-3958-53ed-9b60-761cfb47f9bb","2023-12-13","transcripts","earnings_call",22,6,6,2
"NVDA","aedef1b8-fe47-5b61-880b-694590e1fa26","2022-03-18","sec_filing","10-K",194,4,9,2
"ADBE","cc27bd20-d8d7-52fc-836f-ab77162858f7","2020-09-15","transcripts","earnings_call",32,6,6,2
"ADBE","d1c0dc6b-4f7e-5be2-bba8-f0277e9351b8","2019-06-18","transcripts","earnings_call",6,4,4,2
"ADBE","e67aecc5-e308-5db9-9504-179ccb514b54","2021-06-17","transcripts","earnings_call",5,6,5,2
"ADBE","33936398-9bed-5574-b096-d8d6e3a44044","2025-09-11","transcripts","earnings_call",19,4,7,2
"ADBE","33936398-9bed-5574-b096-d8d6e3a44044","2025-09-11","transcripts","earnings_call",20,4,9,3
"ADBE","33936398-9bed-5574-b096-d8d6e3a44044","2025-09-11","transcripts","earnings_call",21,6,7,2
"ADBE","33936398-9bed-5574-b096-d8d6e3a44044","2025-09-11","transcripts","earnings_call",22,6,7,2
"ADBE","33936398-9bed-5574-b096-d8d6e3a44044","2025-09-11","transcripts","earnings_call",23,4,8,3
"ADBE","33936398-9bed-5574-b096-d8d6e3a44044","2025-09-11","transcripts","earnings_call",25,4,7,2
"ADBE","321f8689-5fe6-5b21-9ebf-b9c9f0bc84e3","2023-09-14","transcripts","earnings_call",1,4,9,3
"ADBE","321f8689-5fe6-5b21-9ebf-b9c9f0bc84e3","2023-09-14","transcripts","earnings_call",4,6,6,2
"ADBE","321f8689-5fe6-5b21-9ebf-b9c9f0bc84e3","2023-09-14","transcripts","earnings_call",6,4,8,3
"ADBE","33936398-9bed-5574-b096-d8d6e3a44044","2025-09-11","transcripts","earnings_call",12,4,9,3
"ADBE","33936398-9bed-5574-b096-d8d6e3a44044","2025-09-11","transcripts","earnings_call",13,4,8,3
"ADBE","33936398-9bed-5574-b096-d8d6e3a44044","2025-09-11","transcripts","earnings_call",14,4,8,3
"ADBE","67e91365-9214-5e7d-b250-f0373dc8482d","2024-12-11","transcripts","earnings_call",11,4,7,3
"ADBE","67e91365-9214-5e7d-b250-f0373dc8482d","2024-12-11","transcripts","earnings_call",9,4,6,2
"ADBE","67e91365-9214-5e7d-b250-f0373dc8482d","2024-12-11","transcripts","earnings_call",8,4,7,3
"ADBE","67e91365-9214-5e7d-b250-f0373dc8482d","2024-12-11","transcripts","earnings_call",6,6,7,3
"ADBE","67e91365-9214-5e7d-b250-f0373dc8482d","2024-12-11","transcripts","earnings_call",30,4,6,3
"ADBE","67e91365-9214-5e7d-b250-f0373dc8482d","2024-12-11","transcripts","earnings_call",32,6,7,3
"ADBE","162c2ee9-3002-5685-a301-e60dc07af155","2026-09-10","transcripts","earnings_call",5,6,8,2
"ADBE","162c2ee9-3002-5685-a301-e60dc07af155","2026-09-10","transcripts","earnings_call",7,4,7,3
"ADBE","162c2ee9-3002-5685-a301-e60dc07af155","2026-09-10","transcripts","earnings_call",8,6,7,2
"ADBE","162c2ee9-3002-5685-a301-e60dc07af155","2026-09-10","transcripts","earnings_call",9,6,6,2
"ADBE","31b72460-defe-5326-a0c0-dc5c73eb134a","2022-03-22","transcripts","earnings_call",3,4,7,3
"ADBE","31b72460-defe-5326-a0c0-dc5c73eb134a","2022-03-22","transcripts","earnings_call",4,4,6,2
"ADBE","3ccf558f-dde7-51ab-bd38-6cbb5faf3290","2021-12-16","transcripts","earnings_call",4,4,6,2
"ADBE","faf1fd16-ea0c-5687-9bd4-967fb878fac7","2023-03-15","transcripts","earnings_call",2,6,6,2
"ADBE","faf1fd16-ea0c-5687-9bd4-967fb878fac7","2023-03-15","transcripts","earnings_call",10,4,5,2
"ADBE","faf1fd16-ea0c-5687-9bd4-967fb878fac7","2023-03-15","transcripts","earnings_call",22,6,8,2
"ADBE","faf1fd16-ea0c-5687-9bd4-967fb878fac7","2023-03-15","transcripts","earnings_call",23,6,8,2
"ADBE","ffd4b393-3a5e-5125-8ff5-b0be50e5b60e","2022-06-16","transcripts","earnings_call",2,6,6,2
"ADBE","ffd4b393-3a5e-5125-8ff5-b0be50e5b60e","2022-06-16","transcripts","earnings_call",18,4,7,2
"ADBE","4ffc3144-ae3c-5ec9-bd90-c67b9befff92","2018-03-15","transcripts","earnings_call",19,6,5,2
"ADBE","4ffc3144-ae3c-5ec9-bd90-c67b9befff92","2018-03-15","transcripts","earnings_call",26,2,5,2
"ADBE","4ffc3144-ae3c-5ec9-bd90-c67b9befff92","2018-03-15","transcripts","earnings_call",15,4,6,2
"ADBE","5310f871-96f6-5a1b-9031-fa9c32b15484","2018-09-13","transcripts","earnings_call",3,6,4,2
"ADBE","5310f871-96f6-5a1b-9031-fa9c32b15484","2018-09-13","transcripts","earnings_call",2,6,5,2
"ADBE","904058bd-363b-5ec5-9d93-f422ba7c2bfa","2025-06-12","transcripts","earnings_call",30,4,7,3
"ADBE","904058bd-363b-5ec5-9d93-f422ba7c2bfa","2025-06-12","transcripts","earnings_call",29,4,8,3
"ADBE","904058bd-363b-5ec5-9d93-f422ba7c2bfa","2025-06-12","transcripts","earnings_call",31,3,6,2
"ADBE","904058bd-363b-5ec5-9d93-f422ba7c2bfa","2025-06-12","transcripts","earnings_call",26,1,5,2
"ADBE","904058bd-363b-5ec5-9d93-f422ba7c2bfa","2025-06-12","transcripts","earnings_call",27,6,6,1
"ADBE","942f47dc-3958-53ed-9b60-761cfb47f9bb","2023-12-13","transcripts","earnings_call",8,4,7,3
"ADBE","942f47dc-3958-53ed-9b60-761cfb47f9bb","2023-12-13","transcripts","earnings_call",16,4,6,1
"ADBE","942f47dc-3958-53ed-9b60-761cfb47f9bb","2023-12-13","transcripts","earnings_call",7,6,8,3
"ADBE","942f47dc-3958-53ed-9b60-761cfb47f9bb","2023-12-13","transcripts","earnings_call",17,4,6,2
"ADBE","a66878ff-597d-54c3-8fed-55d0a6296eaa","2016-09-20","transcripts","earnings_call",2,6,5,2
"ADBE","ac4504c5-e22f-57af-8d23-efc72300f168","2025-03-12","transcripts","earnings_call",19,4,8,3
"ADBE","ac4504c5-e22f-57af-8d23-efc72300f168","2025-03-12","transcripts","earnings_call",20,6,8,3
"ADBE","ac4504c5-e22f-57af-8d23-efc72300f168","2025-03-12","transcripts","earnings_call",6,6,7,3
"ADBE","ac4504c5-e22f-57af-8d23-efc72300f168","2025-03-12","transcripts","earnings_call",9,6,6,2
"ADBE","b076f00c-1b13-5fe2-96fb-8bf573a038a9","2024-06-13","transcripts","earnings_call",3,4,8,3
"ADBE","b076f00c-1b13-5fe2-96fb-8bf573a038a9","2024-06-13","transcripts","earnings_call",1,6,8,3
"ADBE","b076f00c-1b13-5fe2-96fb-8bf573a038a9","2024-06-13","transcripts","earnings_call",33,4,7,2
"ADBE","c242198b-86af-5e0d-8532-8b10ea1b2bbd","2024-03-14","transcripts","earnings_call",24,1,5,2
"ADBE","c242198b-86af-5e0d-8532-8b10ea1b2bbd","2024-03-14","transcripts","earnings_call",22,4,7,3
"ADBE","c242198b-86af-5e0d-8532-8b10ea1b2bbd","2024-03-14","transcripts","earnings_call",18,6,6,2
"ADBE","debc0e90-d85d-5d3c-a953-a670b840fc78","2026-06-11","transcripts","earnings_call",26,1,6,2
"ADBE","debc0e90-d85d-5d3c-a953-a670b840fc78","2026-06-11","transcripts","earnings_call",18,4,9,3
"ADBE","debc0e90-d85d-5d3c-a953-a670b840fc78","2026-06-11","transcripts","earnings_call",21,6,7,2
"ADBE","debc0e90-d85d-5d3c-a953-a670b840fc78","2026-06-11","transcripts","earnings_call",30,4,9,3
"ADBE","ac4504c5-e22f-57af-8d23-efc72300f168","2025-03-12","transcripts","earnings_call",16,6,5,1
"ADBE","662c5e90-150b-55f3-a744-4a5538a7d95a","2026-03-12","transcripts","earnings_call",23,4,8,3
"ADBE","662c5e90-150b-55f3-a744-4a5538a7d95a","2026-03-12","transcripts","earnings_call",26,6,7,2
"ADBE","662c5e90-150b-55f3-a744-4a5538a7d95a","2026-03-12","transcripts","earnings_call",1,6,8,2
"ADBE","662c5e90-150b-55f3-a744-4a5538a7d95a","2026-03-12","transcripts","earnings_call",3,4,8,2
"ADBE","904058bd-363b-5ec5-9d93-f422ba7c2bfa","2025-06-12","transcripts","earnings_call",10,6,8,3
"ADBE","904058bd-363b-5ec5-9d93-f422ba7c2bfa","2025-06-12","transcripts","earnings_call",14,4,8,3
"ADBE","904058bd-363b-5ec5-9d93-f422ba7c2bfa","2025-06-12","transcripts","earnings_call",21,4,8,3
"ADBE","33936398-9bed-5574-b096-d8d6e3a44044","2025-09-11","transcripts","earnings_call",3,4,9,3
"ADBE","ac4504c5-e22f-57af-8d23-efc72300f168","2025-03-12","transcripts","earnings_call",17,4,8,2
"ADBE","162c2ee9-3002-5685-a301-e60dc07af155","2026-09-10","transcripts","earnings_call",24,4,6,1
"ADBE","162c2ee9-3002-5685-a301-e60dc07af155","2026-09-10","transcripts","earnings_call",25,1,6,2
"ADBE","162c2ee9-3002-5685-a301-e60dc07af155","2026-09-10","transcripts","earnings_call",26,6,6,2
"ADBE","162c2ee9-3002-5685-a301-e60dc07af155","2026-09-10","transcripts","earnings_call",27,6,6,2
"ADBE","10752d6e-4708-5bae-85c6-00ef20ed1adc","2020-12-10","transcripts","earnings_call",5,4,5,2
"ADBE","10752d6e-4708-5bae-85c6-00ef20ed1adc","2020-12-10","transcripts","earnings_call",6,6,6,2
"ADBE","10752d6e-4708-5bae-85c6-00ef20ed1adc","2020-12-10","transcripts","earnings_call",13,6,5,2
"ADBE","10752d6e-4708-5bae-85c6-00ef20ed1adc","2020-12-10","transcripts","earnings_call",16,6,6,2
"ADBE","904058bd-363b-5ec5-9d93-f422ba7c2bfa","2025-06-12","transcripts","earnings_call",8,4,9,3
"ADBE","ac4504c5-e22f-57af-8d23-efc72300f168","2025-03-12","transcripts","earnings_call",32,4,6,1
"ADBE","ac4504c5-e22f-57af-8d23-efc72300f168","2025-03-12","transcripts","earnings_call",11,6,6,2
"ADBE","40428456-3b06-53b3-8d99-aa83f1aeeb76","2024-09-12","transcripts","earnings_call",7,6,6,2
"ADBE","40428456-3b06-53b3-8d99-aa83f1aeeb76","2024-09-12","transcripts","earnings_call",8,2,7,3
"ADBE","5d8826c8-9eb1-5302-a2fa-b2d3a20b8383","2023-06-15","transcripts","earnings_call",9,5,6,-1
"ADBE","5d8826c8-9eb1-5302-a2fa-b2d3a20b8383","2023-06-15","transcripts","earnings_call",8,6,7,3
"ADBE","ac4504c5-e22f-57af-8d23-efc72300f168","2025-03-12","transcripts","earnings_call",12,6,6,2
"ADBE","ac4504c5-e22f-57af-8d23-efc72300f168","2025-03-12","transcripts","earnings_call",14,4,7,2
"ADBE","aec08e29-2bd1-50e0-a94d-402baf72a3d7","2017-03-16","transcripts","earnings_call",4,6,6,2
"ADBE","b076f00c-1b13-5fe2-96fb-8bf573a038a9","2024-06-13","transcripts","earnings_call",19,4,7,3
"ADBE","c242198b-86af-5e0d-8532-8b10ea1b2bbd","2024-03-14","transcripts","earnings_call",13,4,6,2
"ADBE","c242198b-86af-5e0d-8532-8b10ea1b2bbd","2024-03-14","transcripts","earnings_call",9,4,5,2
"ADBE","c242198b-86af-5e0d-8532-8b10ea1b2bbd","2024-03-14","transcripts","earnings_call",11,4,6,2
"ADBE","c242198b-86af-5e0d-8532-8b10ea1b2bbd","2024-03-14","transcripts","earnings_call",15,6,6,1
"ADBE","d31de365-34bd-53ca-8251-6a04e423b0e1","2025-12-10","transcripts","earnings_call",10,5,7,0
"ADBE","d31de365-34bd-53ca-8251-6a04e423b0e1","2025-12-10","transcripts","earnings_call",17,6,7,3
"ADBE","d31de365-34bd-53ca-8251-6a04e423b0e1","2025-12-10","transcripts","earnings_call",19,4,8,3
"ADBE","d31de365-34bd-53ca-8251-6a04e423b0e1","2025-12-10","transcripts","earnings_call",1,6,8,3
"ADBE","dae4da18-a0dd-5db6-8ffd-3e3a5a79985e","2017-06-20","transcripts","earnings_call",4,6,7,3
"ADBE","dae4da18-a0dd-5db6-8ffd-3e3a5a79985e","2017-06-20","transcripts","earnings_call",1,4,6,2
"ADBE","dae4da18-a0dd-5db6-8ffd-3e3a5a79985e","2017-06-20","transcripts","earnings_call",2,6,6,2
"ADBE","debc0e90-d85d-5d3c-a953-a670b840fc78","2026-06-11","transcripts","earnings_call",1,4,9,2
"ADBE","debc0e90-d85d-5d3c-a953-a670b840fc78","2026-06-11","transcripts","earnings_call",32,6,6,2
"ADBE","debc0e90-d85d-5d3c-a953-a670b840fc78","2026-06-11","transcripts","earnings_call",13,4,8,3
"ADBE","debc0e90-d85d-5d3c-a953-a670b840fc78","2026-06-11","transcripts","earnings_call",12,6,7,2
"ADBE","debc0e90-d85d-5d3c-a953-a670b840fc78","2026-06-11","transcripts","earnings_call",14,4,8,3
"ADBE","fa8aff35-32ad-59fc-9fc6-26dcb06d9a8e","2019-09-17","transcripts","earnings_call",16,6,6,2
"ADBE","f350c983-75bf-5e4d-a39c-201d2cccba64","2018-12-13","transcripts","earnings_call",3,6,6,2
"ADBE","f350c983-75bf-5e4d-a39c-201d2cccba64","2018-12-13","transcripts","earnings_call",30,4,5,2
"ADBE","162c2ee9-3002-5685-a301-e60dc07af155","2026-09-10","transcripts","earnings_call",14,6,7,2
"ADBE","162c2ee9-3002-5685-a301-e60dc07af155","2026-09-10","transcripts","earnings_call",17,6,6,1
"ADBE","162c2ee9-3002-5685-a301-e60dc07af155","2026-09-10","transcripts","earnings_call",23,6,6,2
"ADBE","321f8689-5fe6-5b21-9ebf-b9c9f0bc84e3","2023-09-14","transcripts","earnings_call",26,6,8,2
"ADBE","321f8689-5fe6-5b21-9ebf-b9c9f0bc84e3","2023-09-14","transcripts","earnings_call",28,4,6,0
"ADBE","321f8689-5fe6-5b21-9ebf-b9c9f0bc84e3","2023-09-14","transcripts","earnings_call",29,6,6,1
"ADBE","321f8689-5fe6-5b21-9ebf-b9c9f0bc84e3","2023-09-14","transcripts","earnings_call",30,2,6,2
"ADBE","321f8689-5fe6-5b21-9ebf-b9c9f0bc84e3","2023-09-14","transcripts","earnings_call",31,2,6,2
"DELL","19ae50a6-97f8-5c8c-944a-8f67754b496a","2025-08-28","transcripts","earnings_call",12,4,6,1
"DELL","19ae50a6-97f8-5c8c-944a-8f67754b496a","2025-08-28","transcripts","earnings_call",13,2,7,1
"DELL","f8d6d3af-390f-5ef9-b5fc-5a221cb823f4","2024-02-29","transcripts","earnings_call",15,6,8,2
"DELL","f8adc36d-c424-5c38-92d4-d3439f0dae8b","2022-05-26","transcripts","earnings_call",11,4,7,3
"DELL","f8adc36d-c424-5c38-92d4-d3439f0dae8b","2022-05-26","transcripts","earnings_call",16,2,4,2
"DELL","f8adc36d-c424-5c38-92d4-d3439f0dae8b","2022-05-26","transcripts","earnings_call",29,4,6,2
"DELL","6ebc8da9-167f-538b-ae69-4e4015d9bba3","2025-05-29","transcripts","earnings_call",21,4,6,2
"DELL","f8d6d3af-390f-5ef9-b5fc-5a221cb823f4","2024-02-29","transcripts","earnings_call",5,4,8,2
"DELL","f8d6d3af-390f-5ef9-b5fc-5a221cb823f4","2024-02-29","transcripts","earnings_call",6,4,8,2
"DELL","f8d6d3af-390f-5ef9-b5fc-5a221cb823f4","2024-02-29","transcripts","earnings_call",1,4,8,3
"DELL","37ce0629-fbaf-523c-9023-7b37e3fedd7f","2023-08-31","transcripts","earnings_call",1,4,7,3
"DELL","37ce0629-fbaf-523c-9023-7b37e3fedd7f","2023-08-31","transcripts","earnings_call",7,4,5,1
"DELL","f8d6d3af-390f-5ef9-b5fc-5a221cb823f4","2024-02-29","transcripts","earnings_call",21,4,8,3
"DELL","f8d6d3af-390f-5ef9-b5fc-5a221cb823f4","2024-02-29","transcripts","earnings_call",23,4,7,2
"DELL","f8d6d3af-390f-5ef9-b5fc-5a221cb823f4","2024-02-29","transcripts","earnings_call",24,4,7,2
"DELL","f8d6d3af-390f-5ef9-b5fc-5a221cb823f4","2024-02-29","transcripts","earnings_call",25,4,5,1
"DELL","f8d6d3af-390f-5ef9-b5fc-5a221cb823f4","2024-02-29","transcripts","earnings_call",27,4,8,1
"DELL","224743af-7e0e-53bf-a5bd-c43fb2dfbfad","2026-02-26","transcripts","earnings_call",30,4,7,2
"DELL","224743af-7e0e-53bf-a5bd-c43fb2dfbfad","2026-02-26","transcripts","earnings_call",1,4,9,3
"DELL","224743af-7e0e-53bf-a5bd-c43fb2dfbfad","2026-02-26","transcripts","earnings_call",2,4,9,3
"DELL","224743af-7e0e-53bf-a5bd-c43fb2dfbfad","2026-02-26","transcripts","earnings_call",4,4,7,1
"DELL","224743af-7e0e-53bf-a5bd-c43fb2dfbfad","2026-02-26","transcripts","earnings_call",5,4,8,3
"DELL","19ae50a6-97f8-5c8c-944a-8f67754b496a","2025-08-28","transcripts","earnings_call",14,4,8,2
"DELL","19ae50a6-97f8-5c8c-944a-8f67754b496a","2025-08-28","transcripts","earnings_call",17,4,7,-1
"DELL","434ddf54-e998-54d8-b409-d7e05831add1","2025-02-27","transcripts","earnings_call",5,4,8,2
"DELL","4a84fed5-9078-5307-a218-4d72f9e5fe39","2024-08-29","transcripts","earnings_call",28,4,8,2
"DELL","525fca10-0bcd-5f70-9c5a-55f9aa4a0794","2023-11-30","transcripts","earnings_call",20,2,7,2
"DELL","525fca10-0bcd-5f70-9c5a-55f9aa4a0794","2023-11-30","transcripts","earnings_call",18,4,8,3
"DELL","53a534ea-6d2f-5471-a921-d44373e02c1e","2026-05-28","transcripts","earnings_call",14,4,7,3
"DELL","59876630-dc03-5936-9e10-3a01f2237a8c","2024-11-26","transcripts","earnings_call",21,6,7,2
"DELL","59876630-dc03-5936-9e10-3a01f2237a8c","2024-11-26","transcripts","earnings_call",20,6,6,1
"DELL","59876630-dc03-5936-9e10-3a01f2237a8c","2024-11-26","transcripts","earnings_call",1,4,8,3
"DELL","59876630-dc03-5936-9e10-3a01f2237a8c","2024-11-26","transcripts","earnings_call",18,6,8,2
"DELL","59876630-dc03-5936-9e10-3a01f2237a8c","2024-11-26","transcripts","earnings_call",26,4,8,2
"DELL","59876630-dc03-5936-9e10-3a01f2237a8c","2024-11-26","transcripts","earnings_call",29,4,6,2
"ADBE","76a23d31-611c-5c8b-8b2b-6a0bf0ea4556","2019-12-12","transcripts","earnings_call",5,4,6,2
"DELL","8bc1b895-2563-583f-8c4b-0dbe60e1ca3a","2025-11-25","transcripts","earnings_call",7,4,8,3
"DELL","8bc1b895-2563-583f-8c4b-0dbe60e1ca3a","2025-11-25","transcripts","earnings_call",6,4,9,3
"ADBE","904058bd-363b-5ec5-9d93-f422ba7c2bfa","2025-06-12","transcripts","earnings_call",24,5,5,0
"ADBE","904058bd-363b-5ec5-9d93-f422ba7c2bfa","2025-06-12","transcripts","earnings_call",22,4,8,3
"ADBE","942f47dc-3958-53ed-9b60-761cfb47f9bb","2023-12-13","transcripts","earnings_call",1,4,6,2
"ADBE","942f47dc-3958-53ed-9b60-761cfb47f9bb","2023-12-13","transcripts","earnings_call",4,6,8,3
"ADBE","c242198b-86af-5e0d-8532-8b10ea1b2bbd","2024-03-14","transcripts","earnings_call",29,6,8,2
"ADBE","c242198b-86af-5e0d-8532-8b10ea1b2bbd","2024-03-14","transcripts","earnings_call",35,4,7,2
"DELL","e73cecf2-8e9a-5175-a25f-8283ab8c9f1e","2023-03-02","transcripts","earnings_call",3,6,6,2
"DELL","19ae50a6-97f8-5c8c-944a-8f67754b496a","2025-08-28","transcripts","earnings_call",19,4,6,1
"DELL","0a4a44ef-b3ce-50f3-a830-d2878a719a15","2021-05-27","transcripts","earnings_call",4,6,6,2
"DELL","224743af-7e0e-53bf-a5bd-c43fb2dfbfad","2026-02-26","transcripts","earnings_call",15,6,9,2
"DELL","224743af-7e0e-53bf-a5bd-c43fb2dfbfad","2026-02-26","transcripts","earnings_call",21,4,9,3
"DELL","224743af-7e0e-53bf-a5bd-c43fb2dfbfad","2026-02-26","transcripts","earnings_call",23,4,8,2
"DELL","224743af-7e0e-53bf-a5bd-c43fb2dfbfad","2026-02-26","transcripts","earnings_call",25,4,9,3
"DELL","0841310c-a8fc-56ff-a765-a54cfe9b8830","2024-05-30","transcripts","earnings_call",16,4,8,2
"DELL","0841310c-a8fc-56ff-a765-a54cfe9b8830","2024-05-30","transcripts","earnings_call",17,4,7,0
"DELL","0841310c-a8fc-56ff-a765-a54cfe9b8830","2024-05-30","transcripts","earnings_call",18,2,5,2
"DELL","0841310c-a8fc-56ff-a765-a54cfe9b8830","2024-05-30","transcripts","earnings_call",21,4,8,3
"DELL","0841310c-a8fc-56ff-a765-a54cfe9b8830","2024-05-30","transcripts","earnings_call",22,4,8,3
"DELL","0841310c-a8fc-56ff-a765-a54cfe9b8830","2024-05-30","transcripts","earnings_call",23,6,7,2
"DELL","0841310c-a8fc-56ff-a765-a54cfe9b8830","2024-05-30","transcripts","earnings_call",25,5,7,-2
"DELL","0841310c-a8fc-56ff-a765-a54cfe9b8830","2024-05-30","transcripts","earnings_call",27,4,6,2
"DELL","0841310c-a8fc-56ff-a765-a54cfe9b8830","2024-05-30","transcripts","earnings_call",28,4,6,2
"DELL","0841310c-a8fc-56ff-a765-a54cfe9b8830","2024-05-30","transcripts","earnings_call",29,4,8,2
"DELL","0841310c-a8fc-56ff-a765-a54cfe9b8830","2024-05-30","transcripts","earnings_call",30,4,7,3
"DELL","224743af-7e0e-53bf-a5bd-c43fb2dfbfad","2026-02-26","transcripts","earnings_call",7,4,9,3
"DELL","224743af-7e0e-53bf-a5bd-c43fb2dfbfad","2026-02-26","transcripts","earnings_call",8,4,10,3
"DELL","224743af-7e0e-53bf-a5bd-c43fb2dfbfad","2026-02-26","transcripts","earnings_call",9,4,9,3
"DELL","224743af-7e0e-53bf-a5bd-c43fb2dfbfad","2026-02-26","transcripts","earnings_call",10,4,9,3
"DELL","224743af-7e0e-53bf-a5bd-c43fb2dfbfad","2026-02-26","transcripts","earnings_call",13,4,8,2
"DELL","37ce0629-fbaf-523c-9023-7b37e3fedd7f","2023-08-31","transcripts","earnings_call",23,4,8,3
"DELL","37ce0629-fbaf-523c-9023-7b37e3fedd7f","2023-08-31","transcripts","earnings_call",24,6,6,2
"DELL","096ff108-80d1-5a56-a1b4-47c77ec6af79","2026-09-01","transcripts","earnings_call",1,4,9,3
"DELL","096ff108-80d1-5a56-a1b4-47c77ec6af79","2026-09-01","transcripts","earnings_call",2,4,9,3
"DELL","096ff108-80d1-5a56-a1b4-47c77ec6af79","2026-09-01","transcripts","earnings_call",5,4,7,3
"DELL","37ce0629-fbaf-523c-9023-7b37e3fedd7f","2023-08-31","transcripts","earnings_call",17,4,6,2
"DELL","37ce0629-fbaf-523c-9023-7b37e3fedd7f","2023-08-31","transcripts","earnings_call",20,4,6,2
"DELL","6ebc8da9-167f-538b-ae69-4e4015d9bba3","2025-05-29","transcripts","earnings_call",8,4,7,2
"DELL","096ff108-80d1-5a56-a1b4-47c77ec6af79","2026-09-01","transcripts","earnings_call",16,4,8,3
"DELL","096ff108-80d1-5a56-a1b4-47c77ec6af79","2026-09-01","transcripts","earnings_call",17,4,8,3
"DELL","096ff108-80d1-5a56-a1b4-47c77ec6af79","2026-09-01","transcripts","earnings_call",18,4,7,3
"DELL","096ff108-80d1-5a56-a1b4-47c77ec6af79","2026-09-01","transcripts","earnings_call",19,5,6,-1
"DELL","096ff108-80d1-5a56-a1b4-47c77ec6af79","2026-09-01","transcripts","earnings_call",22,4,7,3
"DELL","096ff108-80d1-5a56-a1b4-47c77ec6af79","2026-09-01","transcripts","earnings_call",6,4,9,3
"DELL","096ff108-80d1-5a56-a1b4-47c77ec6af79","2026-09-01","transcripts","earnings_call",7,4,10,3
"DELL","096ff108-80d1-5a56-a1b4-47c77ec6af79","2026-09-01","transcripts","earnings_call",9,4,9,3
"DELL","096ff108-80d1-5a56-a1b4-47c77ec6af79","2026-09-01","transcripts","earnings_call",12,4,8,3
"DELL","096ff108-80d1-5a56-a1b4-47c77ec6af79","2026-09-01","transcripts","earnings_call",13,4,8,3
"DELL","096ff108-80d1-5a56-a1b4-47c77ec6af79","2026-09-01","transcripts","earnings_call",14,4,8,3
"DELL","f8d6d3af-390f-5ef9-b5fc-5a221cb823f4","2024-02-29","transcripts","earnings_call",28,6,7,3
"DELL","f8d6d3af-390f-5ef9-b5fc-5a221cb823f4","2024-02-29","transcripts","earnings_call",30,4,7,3
"DELL","3c58ff0b-6cb5-5ded-97f1-e0fbe2bb2e39","2023-06-01","transcripts","earnings_call",2,6,6,2
"DELL","3c58ff0b-6cb5-5ded-97f1-e0fbe2bb2e39","2023-06-01","transcripts","earnings_call",17,6,7,2
"INTC","352610bf-3595-51dc-9e11-301d0f158647","2017-07-27","transcripts","earnings_call",2,4,7,3
"INTC","20d95a81-92a9-56c4-aed5-34a0c00850c0","2023-01-26","transcripts","earnings_call",6,6,7,2
"DELL","434ddf54-e998-54d8-b409-d7e05831add1","2025-02-27","transcripts","earnings_call",15,4,8,2
"DELL","434ddf54-e998-54d8-b409-d7e05831add1","2025-02-27","transcripts","earnings_call",25,4,6,2
"INTC","49fa3c08-601b-518b-b610-f7a7f8102a3a","2024-08-01","transcripts","earnings_call",5,6,6,1
"INTC","49fa3c08-601b-518b-b610-f7a7f8102a3a","2024-08-01","transcripts","earnings_call",26,4,6,1
"DELL","4a84fed5-9078-5307-a218-4d72f9e5fe39","2024-08-29","transcripts","earnings_call",14,4,8,3
"DELL","525fca10-0bcd-5f70-9c5a-55f9aa4a0794","2023-11-30","transcripts","earnings_call",7,4,6,2
"DELL","525fca10-0bcd-5f70-9c5a-55f9aa4a0794","2023-11-30","transcripts","earnings_call",15,4,7,3
"DELL","59876630-dc03-5936-9e10-3a01f2237a8c","2024-11-26","transcripts","earnings_call",16,4,7,2
"DELL","59876630-dc03-5936-9e10-3a01f2237a8c","2024-11-26","transcripts","earnings_call",14,4,7,2
"INTC","831140a4-e1e1-5273-b581-38829d347f36","2017-01-26","transcripts","earnings_call",14,6,5,1
"INTC","8a9d159d-331e-5125-bdf7-7ef8235251b2","2025-04-24","transcripts","earnings_call",5,4,5,1
"DELL","8bc1b895-2563-583f-8c4b-0dbe60e1ca3a","2025-11-25","transcripts","earnings_call",10,4,4,2
"INTC","9837dfd9-0389-5100-88ba-32b379e479ff","2020-10-22","transcripts","earnings_call",2,6,6,2
"INTC","b57c663f-0f2b-558c-9f1d-ee27845e3748","2025-07-24","transcripts","earnings_call",22,6,5,0
"INTC","d7cca220-9296-5408-86f7-114ad678db56","2022-04-28","transcripts","earnings_call",17,4,5,2
"INTC","aedef966-9c45-5f86-816a-f9d5ad7e406e","2026-01-22","transcripts","earnings_call",1,4,9,2
"INTC","ed5a5e49-bcad-5bd0-8b2e-ebefeb937d94","2025-10-23","transcripts","earnings_call",2,4,8,2
"INTC","ed5a5e49-bcad-5bd0-8b2e-ebefeb937d94","2025-10-23","transcripts","earnings_call",3,1,8,3
"INTC","aedef966-9c45-5f86-816a-f9d5ad7e406e","2026-01-22","transcripts","earnings_call",2,6,9,2
"TEAM","af5ef2e1-7597-5232-987a-28237de68b83","2016-04-06","hackernews","title",0,6,2,0
"INTC","0c30d729-cd22-5b29-a850-a54fea3a6d25","2021-01-21","transcripts","earnings_call",5,6,5,1
"INTC","ea68814a-e352-5421-9d4d-4e9e9320725f","2018-10-25","transcripts","earnings_call",2,4,6,2
"INTC","ed5a5e49-bcad-5bd0-8b2e-ebefeb937d94","2025-10-23","transcripts","earnings_call",9,4,8,3
"INTC","ed5a5e49-bcad-5bd0-8b2e-ebefeb937d94","2025-10-23","transcripts","earnings_call",10,1,7,3
"INTC","ed5a5e49-bcad-5bd0-8b2e-ebefeb937d94","2025-10-23","transcripts","earnings_call",12,6,7,2
"INTC","ed5a5e49-bcad-5bd0-8b2e-ebefeb937d94","2025-10-23","transcripts","earnings_call",21,6,6,2
"INTC","21628476-db7a-5a97-92fc-309ee6e17c20","2021-10-21","transcripts","earnings_call",2,4,7,2
"INTC","21628476-db7a-5a97-92fc-309ee6e17c20","2021-10-21","transcripts","earnings_call",7,6,8,3
"INTC","21628476-db7a-5a97-92fc-309ee6e17c20","2021-10-21","transcripts","earnings_call",30,4,6,1
"INTC","0c30d729-cd22-5b29-a850-a54fea3a6d25","2021-01-21","transcripts","earnings_call",14,6,5,1
"INTC","0c30d729-cd22-5b29-a850-a54fea3a6d25","2021-01-21","transcripts","earnings_call",23,3,3,0
"INTC","fe73e653-1a05-5602-a8bb-a53bb21b8468","2019-04-25","transcripts","earnings_call",3,4,5,2
"INTC","fe73e653-1a05-5602-a8bb-a53bb21b8468","2019-04-25","transcripts","earnings_call",4,6,7,3
"INTC","fe73e653-1a05-5602-a8bb-a53bb21b8468","2019-04-25","transcripts","earnings_call",9,4,6,2
"INTC","fe73e653-1a05-5602-a8bb-a53bb21b8468","2019-04-25","transcripts","earnings_call",21,6,6,2
"INTC","ed5a5e49-bcad-5bd0-8b2e-ebefeb937d94","2025-10-23","transcripts","earnings_call",26,6,6,1
"INTC","20a7aed0-a0e4-5549-83f1-c0f67d7cee4b","2021-07-22","transcripts","earnings_call",2,4,6,2
"INTC","20a7aed0-a0e4-5549-83f1-c0f67d7cee4b","2021-07-22","transcripts","earnings_call",3,6,6,2
"INTC","20a7aed0-a0e4-5549-83f1-c0f67d7cee4b","2021-07-22","transcripts","earnings_call",12,1,4,0
"INTC","20a7aed0-a0e4-5549-83f1-c0f67d7cee4b","2021-07-22","transcripts","earnings_call",16,6,6,2
"INTC","b104832c-9b87-5f77-b04b-e9a7f1e0d0db","2023-10-26","transcripts","earnings_call",19,6,6,2
"INTC","352610bf-3595-51dc-9e11-301d0f158647","2017-07-27","transcripts","earnings_call",7,2,4,1
"INTC","352610bf-3595-51dc-9e11-301d0f158647","2017-07-27","transcripts","earnings_call",8,4,6,1
"INTC","471cb45f-ed1d-55e3-bb83-f37c8097eb98","2022-07-28","transcripts","earnings_call",7,6,7,2
"INTC","49fa3c08-601b-518b-b610-f7a7f8102a3a","2024-08-01","transcripts","earnings_call",6,6,9,2
"INTC","7906ed6e-c489-57ab-bb17-2ede247dd400","2024-01-25","transcripts","earnings_call",12,4,6,1
"INTC","7906ed6e-c489-57ab-bb17-2ede247dd400","2024-01-25","transcripts","earnings_call",17,4,6,2
"INTC","7906ed6e-c489-57ab-bb17-2ede247dd400","2024-01-25","transcripts","earnings_call",6,4,8,2
"INTC","7906ed6e-c489-57ab-bb17-2ede247dd400","2024-01-25","transcripts","earnings_call",1,4,6,1
"INTC","7d4ec6a4-b500-597f-a4c8-3b1efa1bc7f3","2024-04-25","transcripts","earnings_call",29,5,6,0
"INTC","7d4ec6a4-b500-597f-a4c8-3b1efa1bc7f3","2024-04-25","transcripts","earnings_call",30,4,7,2
"INTC","7d4ec6a4-b500-597f-a4c8-3b1efa1bc7f3","2024-04-25","transcripts","earnings_call",4,4,7,2
"INTC","7d4ec6a4-b500-597f-a4c8-3b1efa1bc7f3","2024-04-25","transcripts","earnings_call",5,4,8,2
"INTC","831140a4-e1e1-5273-b581-38829d347f36","2017-01-26","transcripts","earnings_call",2,2,3,1
"INTC","8a9d159d-331e-5125-bdf7-7ef8235251b2","2025-04-24","transcripts","earnings_call",7,4,6,1
"INTC","8a9d159d-331e-5125-bdf7-7ef8235251b2","2025-04-24","transcripts","earnings_call",19,3,5,0
"INTC","8d8f645f-6188-51ae-991a-16f0f9ce163b","2026-04-23","transcripts","earnings_call",13,4,8,3
"INTC","8d8f645f-6188-51ae-991a-16f0f9ce163b","2026-04-23","transcripts","earnings_call",25,4,7,3
"INTC","8d8f645f-6188-51ae-991a-16f0f9ce163b","2026-04-23","transcripts","earnings_call",22,4,6,2
"INTC","9229fe39-58e8-5e8b-9b81-61e1e5aab840","2020-01-23","transcripts","earnings_call",2,4,7,3
"INTC","a7d8a921-76cc-5c74-b5de-f167c0ee0769","2019-07-25","transcripts","earnings_call",7,1,6,2
"INTC","a7d8a921-76cc-5c74-b5de-f167c0ee0769","2019-07-25","transcripts","earnings_call",5,6,7,2
"INTC","a7d8a921-76cc-5c74-b5de-f167c0ee0769","2019-07-25","transcripts","earnings_call",2,4,6,1
"INTC","a7d8a921-76cc-5c74-b5de-f167c0ee0769","2019-07-25","transcripts","earnings_call",4,4,7,3
"INTC","b104832c-9b87-5f77-b04b-e9a7f1e0d0db","2023-10-26","transcripts","earnings_call",8,6,8,3
"INTC","b57c663f-0f2b-558c-9f1d-ee27845e3748","2025-07-24","transcripts","earnings_call",6,6,7,1
"INTC","c30e2620-f427-5bf5-845c-27fb79494b92","2023-04-27","transcripts","earnings_call",5,6,7,2
"INTC","c807efe2-50e1-589b-a6c2-9ae7c86d4fac","2026-07-23","transcripts","earnings_call",27,6,6,1
"INTC","d05ce13a-6aa8-519a-8cf7-e6d2f49200cb","2017-10-26","transcripts","earnings_call",27,6,4,1
"INTC","d05ce13a-6aa8-519a-8cf7-e6d2f49200cb","2017-10-26","transcripts","earnings_call",7,2,4,1
"INTC","d6cd5bb1-eba4-599e-bc17-c396ae80b00c","2018-01-25","transcripts","earnings_call",3,6,6,2
"INTC","d6cd5bb1-eba4-599e-bc17-c396ae80b00c","2018-01-25","transcripts","earnings_call",5,6,5,2
"MU","6a77b696-8679-5d56-9d53-3470c22a90c5","2025-06-25","transcripts","earnings_call",2,3,9,3
"MU","6a77b696-8679-5d56-9d53-3470c22a90c5","2025-06-25","transcripts","earnings_call",21,6,7,2
"MU","6a77b696-8679-5d56-9d53-3470c22a90c5","2025-06-25","transcripts","earnings_call",1,4,8,3
"INTC","ea0eb5e6-f634-5046-9b46-c10fafccfdb2","2024-10-31","transcripts","earnings_call",6,6,8,2
"INTC","20d95a81-92a9-56c4-aed5-34a0c00850c0","2023-01-26","transcripts","earnings_call",34,4,6,2
"INTC","20a7aed0-a0e4-5549-83f1-c0f67d7cee4b","2021-07-22","transcripts","earnings_call",1,4,5,2
"MU","71e48957-7f66-5991-9ae4-80ae68a48a1e","2022-09-29","transcripts","earnings_call",4,4,7,2
"MU","36d8fe08-ac91-5615-a7a6-3abd355ff707","2024-09-25","transcripts","earnings_call",25,4,8,3
"MU","1eaf0324-1c8b-5782-ab53-588734eb2cd0","2024-03-20","transcripts","earnings_call",18,4,9,3
"MU","1eaf0324-1c8b-5782-ab53-588734eb2cd0","2024-03-20","transcripts","earnings_call",21,4,7,2
"MU","2d5b6b23-4656-59ea-8f19-6ca1e2d4cc2d","2026-06-24","transcripts","earnings_call",13,4,10,3
"MU","2d5b6b23-4656-59ea-8f19-6ca1e2d4cc2d","2026-06-24","transcripts","earnings_call",18,4,7,2
"MU","2d5b6b23-4656-59ea-8f19-6ca1e2d4cc2d","2026-06-24","transcripts","earnings_call",20,4,9,3
"MU","2d5b6b23-4656-59ea-8f19-6ca1e2d4cc2d","2026-06-24","transcripts","earnings_call",23,4,9,3
"MU","2d5b6b23-4656-59ea-8f19-6ca1e2d4cc2d","2026-06-24","transcripts","earnings_call",1,4,10,3
"MU","2d5b6b23-4656-59ea-8f19-6ca1e2d4cc2d","2026-06-24","transcripts","earnings_call",2,4,9,2
"MU","2d5b6b23-4656-59ea-8f19-6ca1e2d4cc2d","2026-06-24","transcripts","earnings_call",3,1,9,3
"MU","2d5b6b23-4656-59ea-8f19-6ca1e2d4cc2d","2026-06-24","transcripts","earnings_call",7,4,8,3
"MU","1bfafdaa-5146-5220-843e-68292e3d56a1","2024-12-18","transcripts","earnings_call",14,4,6,2
"MU","1bfafdaa-5146-5220-843e-68292e3d56a1","2024-12-18","transcripts","earnings_call",16,4,8,3
"MU","0128ece9-97e8-519c-8004-3f373c2be7b7","2014-01-07","transcripts","earnings_call",16,6,2,0
"MU","3a3d074f-6c4f-5a2c-ac4b-bda58420c19f","2025-09-23","transcripts","earnings_call",4,4,10,3
"MU","3a3d074f-6c4f-5a2c-ac4b-bda58420c19f","2025-09-23","transcripts","earnings_call",6,4,8,3
"MU","3a3d074f-6c4f-5a2c-ac4b-bda58420c19f","2025-09-23","transcripts","earnings_call",7,4,7,3
"MU","3a3d074f-6c4f-5a2c-ac4b-bda58420c19f","2025-09-23","transcripts","earnings_call",8,4,8,3
"MU","3a3d074f-6c4f-5a2c-ac4b-bda58420c19f","2025-09-23","transcripts","earnings_call",9,4,8,3
"MU","ac692729-a73a-597f-bbcf-9b90e9b8f532","2017-09-26","transcripts","earnings_call",15,4,7,3
"INTC","aedef966-9c45-5f86-816a-f9d5ad7e406e","2026-01-22","transcripts","earnings_call",4,1,8,2
"MU","3cdc0333-96c5-5a39-a542-23fbdba1c1bd","2018-06-20","transcripts","earnings_call",6,2,5,2
"MU","3cdc0333-96c5-5a39-a542-23fbdba1c1bd","2018-06-20","transcripts","earnings_call",14,4,8,3
"MU","3cdc0333-96c5-5a39-a542-23fbdba1c1bd","2018-06-20","transcripts","earnings_call",20,4,8,3
"MU","499ba81d-5d21-51f9-a062-87302edce82f","2021-12-20","transcripts","earnings_call",6,4,5,2
"INTC","49fa3c08-601b-518b-b610-f7a7f8102a3a","2024-08-01","transcripts","earnings_call",35,4,6,2
"INTC","4b47f4c1-03f4-5cb8-9f0a-623ee0c09112","2019-01-24","transcripts","earnings_call",3,6,6,2
"INTC","4b47f4c1-03f4-5cb8-9f0a-623ee0c09112","2019-01-24","transcripts","earnings_call",2,6,5,2
"INTC","4dcd674c-7355-5050-a27d-c2d6d36b969a","2023-07-27","transcripts","earnings_call",8,6,5,2
"INTC","4dcd674c-7355-5050-a27d-c2d6d36b969a","2023-07-27","transcripts","earnings_call",27,4,7,3
"INTC","4dcd674c-7355-5050-a27d-c2d6d36b969a","2023-07-27","transcripts","earnings_call",26,6,7,2
"INTC","4dcd674c-7355-5050-a27d-c2d6d36b969a","2023-07-27","transcripts","earnings_call",7,4,8,3
"INTC","54663ae2-6f76-5cee-81af-5934c442015b","2022-01-26","transcripts","earnings_call",7,6,6,2
"MU","55fc6f4e-3691-5388-b690-d3b1bf8577ec","2023-06-28","transcripts","earnings_call",26,6,8,3
"MU","5d95d7fa-b615-5236-af28-6d0db3773271","2020-09-29","transcripts","earnings_call",10,4,4,1
"MU","5d95d7fa-b615-5236-af28-6d0db3773271","2020-09-29","transcripts","earnings_call",3,6,6,2
"MU","5d95d7fa-b615-5236-af28-6d0db3773271","2020-09-29","transcripts","earnings_call",16,4,4,1
"MU","7f171fce-8f68-5a55-98c5-cef8d5c4d69a","2013-06-19","transcripts","earnings_call",13,4,4,1
"INTC","8d8f645f-6188-51ae-991a-16f0f9ce163b","2026-04-23","transcripts","earnings_call",3,6,9,2
"INTC","8d8f645f-6188-51ae-991a-16f0f9ce163b","2026-04-23","transcripts","earnings_call",4,1,7,2
"INTC","8d8f645f-6188-51ae-991a-16f0f9ce163b","2026-04-23","transcripts","earnings_call",10,4,8,3
"MU","8fe2aa0d-3fb9-5598-ba80-fb0cf978df9b","2023-03-28","transcripts","earnings_call",17,4,7,3
"MU","9732e5a6-bc18-5a15-8ea3-332ee47ec027","2024-06-26","transcripts","earnings_call",4,4,10,3
"MU","9732e5a6-bc18-5a15-8ea3-332ee47ec027","2024-06-26","transcripts","earnings_call",7,4,6,2
"MU","9732e5a6-bc18-5a15-8ea3-332ee47ec027","2024-06-26","transcripts","earnings_call",9,4,8,2
"INTC","c807efe2-50e1-589b-a6c2-9ae7c86d4fac","2026-07-23","transcripts","earnings_call",4,1,7,2
"MU","e839006a-00e1-55bd-b4b5-19c4e3f6fce2","2019-12-18","transcripts","earnings_call",29,6,5,1
"MU","34153012-1848-5daf-8cd8-27660069f0eb","2021-09-28","transcripts","earnings_call",2,6,6,2
"MU","34153012-1848-5daf-8cd8-27660069f0eb","2021-09-28","transcripts","earnings_call",3,4,6,2
"MU","ac692729-a73a-597f-bbcf-9b90e9b8f532","2017-09-26","transcripts","earnings_call",16,4,6,2
"MU","1bfafdaa-5146-5220-843e-68292e3d56a1","2024-12-18","transcripts","earnings_call",23,6,7,1
"MU","1bfafdaa-5146-5220-843e-68292e3d56a1","2024-12-18","transcripts","earnings_call",27,4,7,3
"MU","304b4df7-5e34-59f4-abb1-7dac0bd321d7","2018-03-22","transcripts","earnings_call",7,4,5,2
"MU","304b4df7-5e34-59f4-abb1-7dac0bd321d7","2018-03-22","transcripts","earnings_call",8,4,6,3
"MU","304b4df7-5e34-59f4-abb1-7dac0bd321d7","2018-03-22","transcripts","earnings_call",14,4,8,3
"MU","2488bcee-887b-5298-bea4-ebb923a4a3c9","2017-06-29","transcripts","earnings_call",2,4,6,2
"MU","1bfafdaa-5146-5220-843e-68292e3d56a1","2024-12-18","transcripts","earnings_call",1,4,10,3
"MU","1bfafdaa-5146-5220-843e-68292e3d56a1","2024-12-18","transcripts","earnings_call",2,4,9,2
"MU","102e7f36-c78c-5c7a-8381-3b71afa2f465","2016-10-04","transcripts","earnings_call",2,4,5,2
"MU","334e8e6e-3a18-5e73-bf06-8a2b63a6630b","2015-06-25","transcripts","earnings_call",6,4,5,1
"MU","3a3d074f-6c4f-5a2c-ac4b-bda58420c19f","2025-09-23","transcripts","earnings_call",21,6,8,3
"MU","3a3d074f-6c4f-5a2c-ac4b-bda58420c19f","2025-09-23","transcripts","earnings_call",23,4,8,3
"MU","36d8fe08-ac91-5615-a7a6-3abd355ff707","2024-09-25","transcripts","earnings_call",4,4,9,3
"MU","3dc2e535-2c22-5fd3-a713-8070429082f8","2020-06-29","transcripts","earnings_call",4,6,6,2
"MU","3dc2e535-2c22-5fd3-a713-8070429082f8","2020-06-29","transcripts","earnings_call",7,4,3,1
"MU","3dc2e535-2c22-5fd3-a713-8070429082f8","2020-06-29","transcripts","earnings_call",21,4,5,2
"MU","fb0b49e7-e0dc-5e41-9f85-7066632b3657","2021-06-30","transcripts","earnings_call",7,4,6,2
"MU","fb0b49e7-e0dc-5e41-9f85-7066632b3657","2021-06-30","transcripts","earnings_call",13,4,4,2
"MU","69442f26-0e1c-5f2c-91a1-9fcc42370775","2026-03-18","transcripts","earnings_call",3,6,10,3
"MU","69442f26-0e1c-5f2c-91a1-9fcc42370775","2026-03-18","transcripts","earnings_call",6,4,8,3
"MU","6a77b696-8679-5d56-9d53-3470c22a90c5","2025-06-25","transcripts","earnings_call",11,2,6,2
"MU","3cdc0333-96c5-5a39-a542-23fbdba1c1bd","2018-06-20","transcripts","earnings_call",2,4,5,2
"MU","304b4df7-5e34-59f4-abb1-7dac0bd321d7","2018-03-22","transcripts","earnings_call",21,4,8,3
"MU","38856b84-7bbb-53f5-9c63-286c3020a212","2017-12-19","transcripts","earnings_call",2,4,6,2
"MU","38856b84-7bbb-53f5-9c63-286c3020a212","2017-12-19","transcripts","earnings_call",8,4,5,2
"MU","36d8fe08-ac91-5615-a7a6-3abd355ff707","2024-09-25","transcripts","earnings_call",14,4,8,3
"MU","1eaf0324-1c8b-5782-ab53-588734eb2cd0","2024-03-20","transcripts","earnings_call",10,4,6,2
"MU","1eaf0324-1c8b-5782-ab53-588734eb2cd0","2024-03-20","transcripts","earnings_call",13,4,5,2
"MU","1eaf0324-1c8b-5782-ab53-588734eb2cd0","2024-03-20","transcripts","earnings_call",15,4,8,3
"MU","1eaf0324-1c8b-5782-ab53-588734eb2cd0","2024-03-20","transcripts","earnings_call",16,4,8,3
"MU","36d8fe08-ac91-5615-a7a6-3abd355ff707","2024-09-25","transcripts","earnings_call",20,4,9,3
"MU","6a77b696-8679-5d56-9d53-3470c22a90c5","2025-06-25","transcripts","earnings_call",6,6,7,2
"MU","55fc6f4e-3691-5388-b690-d3b1bf8577ec","2023-06-28","transcripts","earnings_call",8,4,7,2
"MU","55fc6f4e-3691-5388-b690-d3b1bf8577ec","2023-06-28","transcripts","earnings_call",12,4,6,3
"MU","55fc6f4e-3691-5388-b690-d3b1bf8577ec","2023-06-28","transcripts","earnings_call",6,6,6,2
"MU","581d249e-ed61-5456-9107-18ccdb60991b","2018-09-20","transcripts","earnings_call",8,4,5,2
"MU","584e2356-d5a6-5710-9f24-b6f0a71345b2","2018-12-18","transcripts","earnings_call",18,2,3,0
"MU","6a77b696-8679-5d56-9d53-3470c22a90c5","2025-06-25","transcripts","earnings_call",7,4,6,2
"MU","6e835878-d177-5701-b8d4-4f7fe9af9d5e","2023-09-27","transcripts","earnings_call",4,4,9,3
"MU","6e835878-d177-5701-b8d4-4f7fe9af9d5e","2023-09-27","transcripts","earnings_call",3,4,9,3
"MU","73378464-2027-578c-9d81-2f71acb600e8","2016-12-21","transcripts","earnings_call",18,4,3,1
"MU","8e36ec0f-f800-561f-a459-b2403c03960f","2022-03-29","transcripts","earnings_call",4,6,6,2
"MU","8e36ec0f-f800-561f-a459-b2403c03960f","2022-03-29","transcripts","earnings_call",15,4,6,2
"MU","9732e5a6-bc18-5a15-8ea3-332ee47ec027","2024-06-26","transcripts","earnings_call",17,4,8,2
"MU","9732e5a6-bc18-5a15-8ea3-332ee47ec027","2024-06-26","transcripts","earnings_call",21,4,8,2
"MU","a24d3d1f-c0ac-5a6c-8ff8-86acae7c9672","2019-09-26","transcripts","earnings_call",26,4,5,2
"MU","beb63bfd-6134-5405-88e7-3d65c55dd7ad","2023-12-20","transcripts","earnings_call",2,4,7,2
"MU","e185e36d-b084-5cd1-9afe-e140121320c9","2025-03-20","transcripts","earnings_call",3,4,9,3
"MU","e185e36d-b084-5cd1-9afe-e140121320c9","2025-03-20","transcripts","earnings_call",2,6,9,3
"MU","e185e36d-b084-5cd1-9afe-e140121320c9","2025-03-20","transcripts","earnings_call",17,4,9,3
"MU","e185e36d-b084-5cd1-9afe-e140121320c9","2025-03-20","transcripts","earnings_call",18,4,9,3
"MU","e839006a-00e1-55bd-b4b5-19c4e3f6fce2","2019-12-18","transcripts","earnings_call",13,4,3,1
"MU","3a3d074f-6c4f-5a2c-ac4b-bda58420c19f","2025-09-23","transcripts","earnings_call",10,4,9,3
"MU","3a3d074f-6c4f-5a2c-ac4b-bda58420c19f","2025-09-23","transcripts","earnings_call",11,4,8,3
"MU","3a3d074f-6c4f-5a2c-ac4b-bda58420c19f","2025-09-23","transcripts","earnings_call",14,4,9,3
"MU","3a3d074f-6c4f-5a2c-ac4b-bda58420c19f","2025-09-23","transcripts","earnings_call",15,4,9,3
"MU","3a3d074f-6c4f-5a2c-ac4b-bda58420c19f","2025-09-23","transcripts","earnings_call",16,6,9,3
"MU","3a3d074f-6c4f-5a2c-ac4b-bda58420c19f","2025-09-23","transcripts","earnings_call",18,4,9,3
"MU","34153012-1848-5daf-8cd8-27660069f0eb","2021-09-28","transcripts","earnings_call",5,4,6,2
"MU","34153012-1848-5daf-8cd8-27660069f0eb","2021-09-28","transcripts","earnings_call",23,4,8,3
"NVDA","aedef1b8-fe47-5b61-880b-694590e1fa26","2022-03-18","sec_filing","10-K",20,4,9,3
"NVDA","aedef1b8-fe47-5b61-880b-694590e1fa26","2022-03-18","sec_filing","10-K",21,6,7,2
"NVDA","27f7059b-86f8-5cc4-b242-c0ac1a37a720","2015-11-05","transcripts","earnings_call",25,6,4,1
"NVDA","27f7059b-86f8-5cc4-b242-c0ac1a37a720","2015-11-05","transcripts","earnings_call",29,4,6,2
"NVDA","27f7059b-86f8-5cc4-b242-c0ac1a37a720","2015-11-05","transcripts","earnings_call",34,4,7,2
"NVDA","27f7059b-86f8-5cc4-b242-c0ac1a37a720","2015-11-05","transcripts","earnings_call",37,6,6,1
"NVDA","27f7059b-86f8-5cc4-b242-c0ac1a37a720","2015-11-05","transcripts","earnings_call",38,6,6,1
"NVDA","27f7059b-86f8-5cc4-b242-c0ac1a37a720","2015-11-05","transcripts","earnings_call",39,4,5,1
"NVDA","0ce0ef4b-c494-5479-ba1f-ff181b8eb3a3","2019-08-15","transcripts","earnings_call",11,4,9,3
"NVDA","0ce0ef4b-c494-5479-ba1f-ff181b8eb3a3","2019-08-15","transcripts","earnings_call",13,4,9,3
"NVDA","0ce0ef4b-c494-5479-ba1f-ff181b8eb3a3","2019-08-15","transcripts","earnings_call",14,6,8,3
"NVDA","0ce0ef4b-c494-5479-ba1f-ff181b8eb3a3","2019-08-15","transcripts","earnings_call",16,4,8,3
"NVDA","0ce0ef4b-c494-5479-ba1f-ff181b8eb3a3","2019-08-15","transcripts","earnings_call",18,4,8,2
"NVDA","aedef1b8-fe47-5b61-880b-694590e1fa26","2022-03-18","sec_filing","10-K",31,5,5,-1
"NVDA","c9d9e804-2e76-52ec-a1f9-c375e19a9fc1","2026-02-25","transcripts","earnings_call",28,4,9,3
"NVDA","c9d9e804-2e76-52ec-a1f9-c375e19a9fc1","2026-02-25","transcripts","earnings_call",29,4,9,3
"NVDA","f6334de9-fef4-5b4b-9a12-67ce35e0af82","2026-08-26","transcripts","earnings_call",1,4,10,3
"NVDA","f6334de9-fef4-5b4b-9a12-67ce35e0af82","2026-08-26","transcripts","earnings_call",2,4,10,3
"NVDA","49eb043b-e92e-58d4-897e-f57564597ee3","2025-02-26","transcripts","earnings_call",20,4,8,2
"NVDA","49eb043b-e92e-58d4-897e-f57564597ee3","2025-02-26","transcripts","earnings_call",14,4,9,3
"NVDA","49eb043b-e92e-58d4-897e-f57564597ee3","2025-02-26","transcripts","earnings_call",15,6,9,3
"NVDA","49eb043b-e92e-58d4-897e-f57564597ee3","2025-02-26","transcripts","earnings_call",16,4,8,2
"NVDA","49eb043b-e92e-58d4-897e-f57564597ee3","2025-02-26","transcripts","earnings_call",18,4,8,2
"MU","581d249e-ed61-5456-9107-18ccdb60991b","2018-09-20","transcripts","earnings_call",17,4,6,2
"NVDA","8358ab57-a5d5-5091-b100-15b266c71a29","2021-05-26","transcripts","earnings_call",24,6,7,2
"NVDA","8358ab57-a5d5-5091-b100-15b266c71a29","2021-05-26","transcripts","earnings_call",25,4,8,3
"NVDA","8358ab57-a5d5-5091-b100-15b266c71a29","2021-05-26","transcripts","earnings_call",26,4,7,3
"NVDA","8358ab57-a5d5-5091-b100-15b266c71a29","2021-05-26","transcripts","earnings_call",27,6,7,2
"NVDA","858ca96a-d628-59bc-85bd-3b55da35ab19","2024-02-21","transcripts","earnings_call",15,4,9,3
"NVDA","858ca96a-d628-59bc-85bd-3b55da35ab19","2024-02-21","transcripts","earnings_call",23,6,7,2
"NVDA","87a4c69c-93ba-5e73-a8b4-afdfab00f060","2021-02-25","transcripts","earnings_call",5,4,7,3
"NVDA","8f6f6379-7b1d-5921-9326-d9244d569a8c","2023-11-21","transcripts","earnings_call",8,4,7,3
"NVDA","8f6f6379-7b1d-5921-9326-d9244d569a8c","2023-11-21","transcripts","earnings_call",6,4,9,3
"NVDA","9b445c1c-6105-580d-876a-fd824f81668a","2025-11-19","transcripts","earnings_call",4,4,9,2
"NVDA","9b445c1c-6105-580d-876a-fd824f81668a","2025-11-19","transcripts","earnings_call",10,4,9,3
"NVDA","9b445c1c-6105-580d-876a-fd824f81668a","2025-11-19","transcripts","earnings_call",6,4,9,3
"NVDA","a31adff2-40c5-5520-8cb4-b33ca6b86e3a","2020-05-21","transcripts","earnings_call",36,4,8,3
"NVDA","a31adff2-40c5-5520-8cb4-b33ca6b86e3a","2020-05-21","transcripts","earnings_call",4,6,6,2
"NVDA","a31adff2-40c5-5520-8cb4-b33ca6b86e3a","2020-05-21","transcripts","earnings_call",5,4,5,2
"NVDA","a31adff2-40c5-5520-8cb4-b33ca6b86e3a","2020-05-21","transcripts","earnings_call",3,4,6,2
"NVDA","a6168ed6-19bf-5a46-b17e-321d5dbf9eaf","2022-02-16","transcripts","earnings_call",10,4,9,3
"NVDA","a6168ed6-19bf-5a46-b17e-321d5dbf9eaf","2022-02-16","transcripts","earnings_call",7,4,8,3
"NVDA","a6168ed6-19bf-5a46-b17e-321d5dbf9eaf","2022-02-16","transcripts","earnings_call",5,4,9,3
"NVDA","a6168ed6-19bf-5a46-b17e-321d5dbf9eaf","2022-02-16","transcripts","earnings_call",26,6,6,2
"NVDA","a6168ed6-19bf-5a46-b17e-321d5dbf9eaf","2022-02-16","transcripts","earnings_call",4,1,7,3
"NVDA","a6168ed6-19bf-5a46-b17e-321d5dbf9eaf","2022-02-16","transcripts","earnings_call",3,6,6,2
"NVDA","f6334de9-fef4-5b4b-9a12-67ce35e0af82","2026-08-26","transcripts","earnings_call",3,6,10,3
"NVDA","0c9abdfb-d869-50c4-a8b9-e402d55c5d3c","2015-02-11","transcripts","earnings_call",4,6,6,2
"NVDA","0c9abdfb-d869-50c4-a8b9-e402d55c5d3c","2015-02-11","transcripts","earnings_call",5,4,6,2
"NVDA","0c9abdfb-d869-50c4-a8b9-e402d55c5d3c","2015-02-11","transcripts","earnings_call",8,6,6,2
"NVDA","0c9abdfb-d869-50c4-a8b9-e402d55c5d3c","2015-02-11","transcripts","earnings_call",9,6,6,2
"NVDA","0c9abdfb-d869-50c4-a8b9-e402d55c5d3c","2015-02-11","transcripts","earnings_call",11,4,6,2
"NVDA","0c9abdfb-d869-50c4-a8b9-e402d55c5d3c","2015-02-11","transcripts","earnings_call",19,6,5,1
"NVDA","0c9abdfb-d869-50c4-a8b9-e402d55c5d3c","2015-02-11","transcripts","earnings_call",21,4,4,1
"NVDA","267ebe89-d7fd-569e-9999-3d4d30dbcb1f","2022-11-16","transcripts","earnings_call",15,4,5,0
"NVDA","267ebe89-d7fd-569e-9999-3d4d30dbcb1f","2022-11-16","transcripts","earnings_call",18,4,8,3
"NVDA","267ebe89-d7fd-569e-9999-3d4d30dbcb1f","2022-11-16","transcripts","earnings_call",19,6,6,2
"NVDA","06fb76cd-3f3f-5737-86a9-a324ab4cc5cc","2024-08-28","transcripts","earnings_call",30,4,9,3
"NVDA","f5615815-1644-5e9c-97ff-e33ccde38594","2014-11-06","transcripts","earnings_call",14,4,6,2
"NVDA","f5615815-1644-5e9c-97ff-e33ccde38594","2014-11-06","transcripts","earnings_call",16,4,6,2
"NVDA","f5615815-1644-5e9c-97ff-e33ccde38594","2014-11-06","transcripts","earnings_call",18,6,5,2
"NVDA","f5615815-1644-5e9c-97ff-e33ccde38594","2014-11-06","transcripts","earnings_call",22,6,4,1
"NVDA","f5615815-1644-5e9c-97ff-e33ccde38594","2014-11-06","transcripts","earnings_call",25,4,6,2
"NVDA","f5615815-1644-5e9c-97ff-e33ccde38594","2014-11-06","transcripts","earnings_call",26,4,7,3
"NVDA","0ffef5cc-292b-5dfa-baa4-d69e53244cad","2016-11-10","transcripts","earnings_call",10,4,8,3
"NVDA","0ffef5cc-292b-5dfa-baa4-d69e53244cad","2016-11-10","transcripts","earnings_call",15,6,7,2
"NVDA","0ffef5cc-292b-5dfa-baa4-d69e53244cad","2016-11-10","transcripts","earnings_call",16,4,9,3
"NVDA","0ffef5cc-292b-5dfa-baa4-d69e53244cad","2016-11-10","transcripts","earnings_call",17,4,9,3
"NVDA","0ffef5cc-292b-5dfa-baa4-d69e53244cad","2016-11-10","transcripts","earnings_call",18,4,9,3
"NVDA","0ffef5cc-292b-5dfa-baa4-d69e53244cad","2016-11-10","transcripts","earnings_call",20,6,8,3
"NVDA","267ebe89-d7fd-569e-9999-3d4d30dbcb1f","2022-11-16","transcripts","earnings_call",6,4,7,3
"NVDA","267ebe89-d7fd-569e-9999-3d4d30dbcb1f","2022-11-16","transcripts","earnings_call",7,4,8,2
"NVDA","267ebe89-d7fd-569e-9999-3d4d30dbcb1f","2022-11-16","transcripts","earnings_call",9,4,9,3
"NVDA","267ebe89-d7fd-569e-9999-3d4d30dbcb1f","2022-11-16","transcripts","earnings_call",10,4,8,3
"NVDA","267ebe89-d7fd-569e-9999-3d4d30dbcb1f","2022-11-16","transcripts","earnings_call",11,1,7,3
"NVDA","193cdeb5-d767-50ff-a13c-3b7daac4bb22","2019-05-16","transcripts","earnings_call",2,4,7,2
"NVDA","193cdeb5-d767-50ff-a13c-3b7daac4bb22","2019-05-16","transcripts","earnings_call",3,1,8,3
"NVDA","193cdeb5-d767-50ff-a13c-3b7daac4bb22","2019-05-16","transcripts","earnings_call",4,1,8,3
"NVDA","193cdeb5-d767-50ff-a13c-3b7daac4bb22","2019-05-16","transcripts","earnings_call",5,4,6,2
"NVDA","49eb043b-e92e-58d4-897e-f57564597ee3","2025-02-26","transcripts","earnings_call",24,4,8,3
"NVDA","49eb043b-e92e-58d4-897e-f57564597ee3","2025-02-26","transcripts","earnings_call",25,4,10,3
"NVDA","49eb043b-e92e-58d4-897e-f57564597ee3","2025-02-26","transcripts","earnings_call",21,4,8,3
"MU","73437f32-0257-5fda-abba-2323661e34e2","2023-01-18","hackernews","title",0,6,4,1
"NVDA","858ca96a-d628-59bc-85bd-3b55da35ab19","2024-02-21","transcripts","earnings_call",4,4,8,3
"NVDA","858ca96a-d628-59bc-85bd-3b55da35ab19","2024-02-21","transcripts","earnings_call",2,4,10,3
"NVDA","87a4c69c-93ba-5e73-a8b4-afdfab00f060","2021-02-25","transcripts","earnings_call",8,1,7,2
"NVDA","87a4c69c-93ba-5e73-a8b4-afdfab00f060","2021-02-25","transcripts","earnings_call",7,4,9,3
"NVDA","87a4c69c-93ba-5e73-a8b4-afdfab00f060","2021-02-25","transcripts","earnings_call",13,4,8,3
"NVDA","8b0c505a-5d2c-5919-89ea-aea260b6457d","2023-02-22","transcripts","earnings_call",19,4,8,3
"NVDA","8b0c505a-5d2c-5919-89ea-aea260b6457d","2023-02-22","transcripts","earnings_call",16,6,8,3
"NVDA","8b0c505a-5d2c-5919-89ea-aea260b6457d","2023-02-22","transcripts","earnings_call",13,6,8,3
"NVDA","8b0c505a-5d2c-5919-89ea-aea260b6457d","2023-02-22","transcripts","earnings_call",18,4,9,3
"NVDA","8b0c505a-5d2c-5919-89ea-aea260b6457d","2023-02-22","transcripts","earnings_call",20,1,7,3
"NVDA","99c19fe6-36cf-5676-9152-e054550dcefb","2016-02-17","transcripts","earnings_call",19,4,8,3
"NVDA","99c19fe6-36cf-5676-9152-e054550dcefb","2016-02-17","transcripts","earnings_call",12,2,6,2
"NVDA","99c19fe6-36cf-5676-9152-e054550dcefb","2016-02-17","transcripts","earnings_call",17,4,7,3
"NVDA","99c19fe6-36cf-5676-9152-e054550dcefb","2016-02-17","transcripts","earnings_call",16,4,8,3
"NVDA","99c19fe6-36cf-5676-9152-e054550dcefb","2016-02-17","transcripts","earnings_call",13,4,8,3
"NVDA","267ebe89-d7fd-569e-9999-3d4d30dbcb1f","2022-11-16","transcripts","earnings_call",2,1,8,3
"NVDA","806bba5c-f32e-5463-a7e7-92bdacc4bcd1","2024-11-20","transcripts","earnings_call",17,4,9,3
"NVDA","f6334de9-fef4-5b4b-9a12-67ce35e0af82","2026-08-26","transcripts","earnings_call",14,6,9,3
"NVDA","f6334de9-fef4-5b4b-9a12-67ce35e0af82","2026-08-26","transcripts","earnings_call",19,1,8,2
"NVDA","806bba5c-f32e-5463-a7e7-92bdacc4bcd1","2024-11-20","transcripts","earnings_call",10,4,9,3
"NVDA","806bba5c-f32e-5463-a7e7-92bdacc4bcd1","2024-11-20","transcripts","earnings_call",9,6,3,0
"NVDA","806bba5c-f32e-5463-a7e7-92bdacc4bcd1","2024-11-20","transcripts","earnings_call",6,4,8,3
"NVDA","8358ab57-a5d5-5091-b100-15b266c71a29","2021-05-26","transcripts","earnings_call",17,6,6,2
"NVDA","06fb76cd-3f3f-5737-86a9-a324ab4cc5cc","2024-08-28","transcripts","earnings_call",5,4,9,3
"NVDA","06fb76cd-3f3f-5737-86a9-a324ab4cc5cc","2024-08-28","transcripts","earnings_call",6,4,8,3
"NVDA","06fb76cd-3f3f-5737-86a9-a324ab4cc5cc","2024-08-28","transcripts","earnings_call",7,4,8,3
"NVDA","06fb76cd-3f3f-5737-86a9-a324ab4cc5cc","2024-08-28","transcripts","earnings_call",8,2,7,1
"NVDA","06fb76cd-3f3f-5737-86a9-a324ab4cc5cc","2024-08-28","transcripts","earnings_call",10,4,9,2
"NVDA","17d09326-d7ab-5647-bd59-5c79aadfcde1","2017-11-09","transcripts","earnings_call",1,4,8,3
"NVDA","17d09326-d7ab-5647-bd59-5c79aadfcde1","2017-11-09","transcripts","earnings_call",2,4,7,3
"NVDA","17d09326-d7ab-5647-bd59-5c79aadfcde1","2017-11-09","transcripts","earnings_call",3,4,9,3
"NVDA","0ffef5cc-292b-5dfa-baa4-d69e53244cad","2016-11-10","transcripts","earnings_call",2,4,8,3
"NVDA","0ffef5cc-292b-5dfa-baa4-d69e53244cad","2016-11-10","transcripts","earnings_call",3,6,8,3
"NVDA","0ffef5cc-292b-5dfa-baa4-d69e53244cad","2016-11-10","transcripts","earnings_call",4,6,8,3
"NVDA","0ffef5cc-292b-5dfa-baa4-d69e53244cad","2016-11-10","transcripts","earnings_call",6,4,7,3
"NVDA","0ffef5cc-292b-5dfa-baa4-d69e53244cad","2016-11-10","transcripts","earnings_call",7,4,8,3
"NVDA","0ffef5cc-292b-5dfa-baa4-d69e53244cad","2016-11-10","transcripts","earnings_call",8,2,7,3
"NVDA","0ffef5cc-292b-5dfa-baa4-d69e53244cad","2016-11-10","transcripts","earnings_call",9,4,9,3
"NVDA","06fb76cd-3f3f-5737-86a9-a324ab4cc5cc","2024-08-28","transcripts","earnings_call",19,4,9,3
"NVDA","06fb76cd-3f3f-5737-86a9-a324ab4cc5cc","2024-08-28","transcripts","earnings_call",20,4,9,3
"NVDA","06fb76cd-3f3f-5737-86a9-a324ab4cc5cc","2024-08-28","transcripts","earnings_call",21,4,9,3
"NVDA","06fb76cd-3f3f-5737-86a9-a324ab4cc5cc","2024-08-28","transcripts","earnings_call",22,4,8,3
"NVDA","4324b21a-0300-5afd-ba0d-f585dcf7945e","2021-08-18","transcripts","earnings_call",29,6,7,2
"NVDA","5d1ac975-ea2d-5ef5-ab0f-c10dcb8f6686","2015-08-06","transcripts","earnings_call",3,6,5,1
"NVDA","5d1ac975-ea2d-5ef5-ab0f-c10dcb8f6686","2015-08-06","transcripts","earnings_call",4,4,5,2
"NVDA","5d1ac975-ea2d-5ef5-ab0f-c10dcb8f6686","2015-08-06","transcripts","earnings_call",5,4,4,1
"NVDA","6499c25a-dc42-5bbb-9e40-cfbcaaeeba1c","2016-05-12","transcripts","earnings_call",4,6,9,3
"NVDA","6499c25a-dc42-5bbb-9e40-cfbcaaeeba1c","2016-05-12","transcripts","earnings_call",3,4,9,3
"NVDA","6499c25a-dc42-5bbb-9e40-cfbcaaeeba1c","2016-05-12","transcripts","earnings_call",28,4,8,3
"NVDA","6499c25a-dc42-5bbb-9e40-cfbcaaeeba1c","2016-05-12","transcripts","earnings_call",1,4,9,3
"NVDA","8358ab57-a5d5-5091-b100-15b266c71a29","2021-05-26","transcripts","earnings_call",22,4,7,2
"NVDA","8358ab57-a5d5-5091-b100-15b266c71a29","2021-05-26","transcripts","earnings_call",15,6,8,3
"NVDA","8358ab57-a5d5-5091-b100-15b266c71a29","2021-05-26","transcripts","earnings_call",16,4,8,3
"NVDA","8b0c505a-5d2c-5919-89ea-aea260b6457d","2023-02-22","transcripts","earnings_call",25,6,8,3
"NVDA","8b0c505a-5d2c-5919-89ea-aea260b6457d","2023-02-22","transcripts","earnings_call",23,4,6,2
"NVDA","8b0c505a-5d2c-5919-89ea-aea260b6457d","2023-02-22","transcripts","earnings_call",21,4,4,2
"NVDA","8b0c505a-5d2c-5919-89ea-aea260b6457d","2023-02-22","transcripts","earnings_call",24,4,7,3
"NVDA","8f6f6379-7b1d-5921-9326-d9244d569a8c","2023-11-21","transcripts","earnings_call",17,6,8,3
"NVDA","8f6f6379-7b1d-5921-9326-d9244d569a8c","2023-11-21","transcripts","earnings_call",16,1,7,2
"NVDA","8f6f6379-7b1d-5921-9326-d9244d569a8c","2023-11-21","transcripts","earnings_call",21,6,7,2
"NVDA","8f6f6379-7b1d-5921-9326-d9244d569a8c","2023-11-21","transcripts","earnings_call",14,4,9,3
"NVDA","99c19fe6-36cf-5676-9152-e054550dcefb","2016-02-17","transcripts","earnings_call",10,6,8,3
"NVDA","d5485656-a874-5cfe-a894-57bc8b605d8f","2023-08-23","transcripts","earnings_call",15,6,7,2
"NVDA","d5485656-a874-5cfe-a894-57bc8b605d8f","2023-08-23","transcripts","earnings_call",14,4,8,3
"NVDA","d5485656-a874-5cfe-a894-57bc8b605d8f","2023-08-23","transcripts","earnings_call",11,6,6,2
"NVDA","d7cdca9a-3bfa-5b60-b07f-82b55941b2ed","2017-02-09","transcripts","earnings_call",27,6,4,1
"NVDA","d7cdca9a-3bfa-5b60-b07f-82b55941b2ed","2017-02-09","transcripts","earnings_call",18,1,7,3
"NVDA","d7cdca9a-3bfa-5b60-b07f-82b55941b2ed","2017-02-09","transcripts","earnings_call",19,4,8,3
"NVDA","db33498b-5468-5a32-8c80-adcddc93bd27","2020-11-18","transcripts","earnings_call",7,4,9,3
"NVDA","db33498b-5468-5a32-8c80-adcddc93bd27","2020-11-18","transcripts","earnings_call",8,4,8,3
"NVDA","db33498b-5468-5a32-8c80-adcddc93bd27","2020-11-18","transcripts","earnings_call",2,4,8,3
"NVDA","db33498b-5468-5a32-8c80-adcddc93bd27","2020-11-18","transcripts","earnings_call",1,4,8,3
"NVDA","06fb76cd-3f3f-5737-86a9-a324ab4cc5cc","2024-08-28","transcripts","earnings_call",24,4,7,3
"NVDA","06fb76cd-3f3f-5737-86a9-a324ab4cc5cc","2024-08-28","transcripts","earnings_call",25,6,9,3
"NVDA","06fb76cd-3f3f-5737-86a9-a324ab4cc5cc","2024-08-28","transcripts","earnings_call",27,6,7,2
"NVDA","06fb76cd-3f3f-5737-86a9-a324ab4cc5cc","2024-08-28","transcripts","earnings_call",28,6,10,3
"NVDA","27f7059b-86f8-5cc4-b242-c0ac1a37a720","2015-11-05","transcripts","earnings_call",3,4,8,3
"NVDA","72ac4563-7025-5e17-97ec-b3f49d3e7c7c","2015-05-07","transcripts","earnings_call",15,4,8,3
"NVDA","72ac4563-7025-5e17-97ec-b3f49d3e7c7c","2015-05-07","transcripts","earnings_call",5,4,7,2
"NVDA","72ac4563-7025-5e17-97ec-b3f49d3e7c7c","2015-05-07","transcripts","earnings_call",2,4,6,2
"NVDA","858ca96a-d628-59bc-85bd-3b55da35ab19","2024-02-21","transcripts","earnings_call",11,4,9,3
"NVDA","05013128-98cc-59e0-a5c2-5fbfd9f99d94","2020-02-13","transcripts","earnings_call",23,6,9,3
"NVDA","05013128-98cc-59e0-a5c2-5fbfd9f99d94","2020-02-13","transcripts","earnings_call",27,4,7,2
"NVDA","05013128-98cc-59e0-a5c2-5fbfd9f99d94","2020-02-13","transcripts","earnings_call",28,4,9,3
"NVDA","193cdeb5-d767-50ff-a13c-3b7daac4bb22","2019-05-16","transcripts","earnings_call",6,4,8,1
"NVDA","193cdeb5-d767-50ff-a13c-3b7daac4bb22","2019-05-16","transcripts","earnings_call",12,4,7,2
"NVDA","193cdeb5-d767-50ff-a13c-3b7daac4bb22","2019-05-16","transcripts","earnings_call",15,1,4,1
"NVDA","193cdeb5-d767-50ff-a13c-3b7daac4bb22","2019-05-16","transcripts","earnings_call",16,1,4,1
"NVDA","193cdeb5-d767-50ff-a13c-3b7daac4bb22","2019-05-16","transcripts","earnings_call",17,4,6,1
"NVDA","17d09326-d7ab-5647-bd59-5c79aadfcde1","2017-11-09","transcripts","earnings_call",4,4,6,3
"NVDA","17d09326-d7ab-5647-bd59-5c79aadfcde1","2017-11-09","transcripts","earnings_call",5,6,7,3
"NVDA","17d09326-d7ab-5647-bd59-5c79aadfcde1","2017-11-09","transcripts","earnings_call",6,4,8,3
"NVDA","17d09326-d7ab-5647-bd59-5c79aadfcde1","2017-11-09","transcripts","earnings_call",7,4,4,1
"NVDA","17d09326-d7ab-5647-bd59-5c79aadfcde1","2017-11-09","transcripts","earnings_call",9,4,9,3
"NVDA","17d09326-d7ab-5647-bd59-5c79aadfcde1","2017-11-09","transcripts","earnings_call",10,4,8,3
"NVDA","48647bdf-abb0-51b2-94a4-a30cde9761a4","2013-08-08","transcripts","earnings_call",21,4,3,0
"NVDA","4b26342b-a204-5eec-9301-16f4134721cb","2012-08-09","transcripts","earnings_call",6,4,4,1
"NVDA","546dbd88-8b1f-55ad-bf0b-d68ce5b38b94","2019-11-14","transcripts","earnings_call",2,4,8,3
"NVDA","5d1ac975-ea2d-5ef5-ab0f-c10dcb8f6686","2015-08-06","transcripts","earnings_call",37,6,4,1
"NVDA","5d1ac975-ea2d-5ef5-ab0f-c10dcb8f6686","2015-08-06","transcripts","earnings_call",35,6,6,2
"NVDA","6499c25a-dc42-5bbb-9e40-cfbcaaeeba1c","2016-05-12","transcripts","earnings_call",9,4,8,3
"NVDA","6499c25a-dc42-5bbb-9e40-cfbcaaeeba1c","2016-05-12","transcripts","earnings_call",8,4,8,3
"NVDA","6499c25a-dc42-5bbb-9e40-cfbcaaeeba1c","2016-05-12","transcripts","earnings_call",5,4,8,3
"NVDA","858ca96a-d628-59bc-85bd-3b55da35ab19","2024-02-21","transcripts","earnings_call",9,4,6,3
"NVDA","858ca96a-d628-59bc-85bd-3b55da35ab19","2024-02-21","transcripts","earnings_call",6,6,10,3
"NVDA","858ca96a-d628-59bc-85bd-3b55da35ab19","2024-02-21","transcripts","earnings_call",7,4,8,3
"NVDA","8f6f6379-7b1d-5921-9326-d9244d569a8c","2023-11-21","transcripts","earnings_call",29,4,9,3
"NVDA","8f6f6379-7b1d-5921-9326-d9244d569a8c","2023-11-21","transcripts","earnings_call",23,4,8,3
"NVDA","8f6f6379-7b1d-5921-9326-d9244d569a8c","2023-11-21","transcripts","earnings_call",22,6,9,3
"NVDA","8f6f6379-7b1d-5921-9326-d9244d569a8c","2023-11-21","transcripts","earnings_call",26,6,7,3
"NVDA","99c19fe6-36cf-5676-9152-e054550dcefb","2016-02-17","transcripts","earnings_call",23,4,8,3
"NVDA","99c19fe6-36cf-5676-9152-e054550dcefb","2016-02-17","transcripts","earnings_call",36,4,7,3
"NVDA","a31adff2-40c5-5520-8cb4-b33ca6b86e3a","2020-05-21","transcripts","earnings_call",13,4,8,3
"NVDA","a31adff2-40c5-5520-8cb4-b33ca6b86e3a","2020-05-21","transcripts","earnings_call",8,6,8,3
"NVDA","a31adff2-40c5-5520-8cb4-b33ca6b86e3a","2020-05-21","transcripts","earnings_call",7,4,9,3
"NVDA","a31adff2-40c5-5520-8cb4-b33ca6b86e3a","2020-05-21","transcripts","earnings_call",16,4,8,3
"NVDA","a6168ed6-19bf-5a46-b17e-321d5dbf9eaf","2022-02-16","transcripts","earnings_call",21,1,7,3
"NVDA","a6168ed6-19bf-5a46-b17e-321d5dbf9eaf","2022-02-16","transcripts","earnings_call",15,4,8,3
"NVDA","a6168ed6-19bf-5a46-b17e-321d5dbf9eaf","2022-02-16","transcripts","earnings_call",19,4,6,2
"NVDA","db33498b-5468-5a32-8c80-adcddc93bd27","2020-11-18","transcripts","earnings_call",16,4,9,3
"NVDA","db33498b-5468-5a32-8c80-adcddc93bd27","2020-11-18","transcripts","earnings_call",18,5,6,1
"NVDA","db33498b-5468-5a32-8c80-adcddc93bd27","2020-11-18","transcripts","earnings_call",14,6,6,2
"NVDA","db33498b-5468-5a32-8c80-adcddc93bd27","2020-11-18","transcripts","earnings_call",13,4,8,3
"NVDA","db33498b-5468-5a32-8c80-adcddc93bd27","2020-11-18","transcripts","earnings_call",12,4,8,3
"NVDA","db33498b-5468-5a32-8c80-adcddc93bd27","2020-11-18","transcripts","earnings_call",10,4,7,2
"NVDA","0ffef5cc-292b-5dfa-baa4-d69e53244cad","2016-11-10","transcripts","earnings_call",1,4,9,3
"NVDA","267ebe89-d7fd-569e-9999-3d4d30dbcb1f","2022-11-16","transcripts","earnings_call",21,4,8,3
"NVDA","267ebe89-d7fd-569e-9999-3d4d30dbcb1f","2022-11-16","transcripts","earnings_call",22,4,7,2
"NVDA","ec94cd8c-ac67-5337-9e9a-56500d600475","2022-08-24","transcripts","earnings_call",1,4,5,-2
"NVDA","ec94cd8c-ac67-5337-9e9a-56500d600475","2022-08-24","transcripts","earnings_call",2,4,5,1
"NVDA","0c9abdfb-d869-50c4-a8b9-e402d55c5d3c","2015-02-11","transcripts","earnings_call",24,4,6,2
"NVDA","0c9abdfb-d869-50c4-a8b9-e402d55c5d3c","2015-02-11","transcripts","earnings_call",25,4,6,3
"NVDA","0c9abdfb-d869-50c4-a8b9-e402d55c5d3c","2015-02-11","transcripts","earnings_call",26,4,6,2
"NVDA","0c9abdfb-d869-50c4-a8b9-e402d55c5d3c","2015-02-11","transcripts","earnings_call",27,4,6,2
"NVDA","05013128-98cc-59e0-a5c2-5fbfd9f99d94","2020-02-13","transcripts","earnings_call",2,6,6,3
"NVDA","05013128-98cc-59e0-a5c2-5fbfd9f99d94","2020-02-13","transcripts","earnings_call",4,4,9,3
"NVDA","05013128-98cc-59e0-a5c2-5fbfd9f99d94","2020-02-13","transcripts","earnings_call",5,4,8,3
"NVDA","05013128-98cc-59e0-a5c2-5fbfd9f99d94","2020-02-13","transcripts","earnings_call",6,6,7,3
"NVDA","05013128-98cc-59e0-a5c2-5fbfd9f99d94","2020-02-13","transcripts","earnings_call",7,4,6,2
"NVDA","17d09326-d7ab-5647-bd59-5c79aadfcde1","2017-11-09","transcripts","earnings_call",23,4,7,3
"NVDA","17d09326-d7ab-5647-bd59-5c79aadfcde1","2017-11-09","transcripts","earnings_call",25,2,6,2
"NVDA","17d09326-d7ab-5647-bd59-5c79aadfcde1","2017-11-09","transcripts","earnings_call",26,4,6,2
"NVDA","17d09326-d7ab-5647-bd59-5c79aadfcde1","2017-11-09","transcripts","earnings_call",27,4,6,3
"NVDA","fb4dfa87-ea47-5e55-a2d0-91c7c13cc43f","2017-08-10","transcripts","earnings_call",21,4,7,3
"NVDA","fb4dfa87-ea47-5e55-a2d0-91c7c13cc43f","2017-08-10","transcripts","earnings_call",22,4,7,3
"NVDA","fb4dfa87-ea47-5e55-a2d0-91c7c13cc43f","2017-08-10","transcripts","earnings_call",24,4,6,2
"NVDA","fb4dfa87-ea47-5e55-a2d0-91c7c13cc43f","2017-08-10","transcripts","earnings_call",26,1,6,2
"NVDA","fb4dfa87-ea47-5e55-a2d0-91c7c13cc43f","2017-08-10","transcripts","earnings_call",27,4,7,3
"NVDA","f5615815-1644-5e9c-97ff-e33ccde38594","2014-11-06","transcripts","earnings_call",4,4,8,3
"NVDA","f5615815-1644-5e9c-97ff-e33ccde38594","2014-11-06","transcripts","earnings_call",7,4,8,3
"NVDA","546dbd88-8b1f-55ad-bf0b-d68ce5b38b94","2019-11-14","transcripts","earnings_call",12,2,6,2
"NVDA","546dbd88-8b1f-55ad-bf0b-d68ce5b38b94","2019-11-14","transcripts","earnings_call",10,4,8,3
"NVDA","8358ab57-a5d5-5091-b100-15b266c71a29","2021-05-26","transcripts","earnings_call",10,1,6,2
"NVDA","8358ab57-a5d5-5091-b100-15b266c71a29","2021-05-26","transcripts","earnings_call",4,4,6,2
"NVDA","8358ab57-a5d5-5091-b100-15b266c71a29","2021-05-26","transcripts","earnings_call",5,4,8,3
"NVDA","8358ab57-a5d5-5091-b100-15b266c71a29","2021-05-26","transcripts","earnings_call",6,4,9,3
"NVDA","858ca96a-d628-59bc-85bd-3b55da35ab19","2024-02-21","transcripts","earnings_call",27,4,9,3
"NVDA","858ca96a-d628-59bc-85bd-3b55da35ab19","2024-02-21","transcripts","earnings_call",25,6,6,2
"NVDA","87a4c69c-93ba-5e73-a8b4-afdfab00f060","2021-02-25","transcripts","earnings_call",21,4,8,3
"NVDA","87a4c69c-93ba-5e73-a8b4-afdfab00f060","2021-02-25","transcripts","earnings_call",26,6,7,2
"NVDA","87a4c69c-93ba-5e73-a8b4-afdfab00f060","2021-02-25","transcripts","earnings_call",22,4,8,3
"NVDA","9b445c1c-6105-580d-876a-fd824f81668a","2025-11-19","transcripts","earnings_call",16,6,9,3
"NVDA","9b445c1c-6105-580d-876a-fd824f81668a","2025-11-19","transcripts","earnings_call",17,4,9,3
"NVDA","9b445c1c-6105-580d-876a-fd824f81668a","2025-11-19","transcripts","earnings_call",22,4,9,3
"NVDA","9b445c1c-6105-580d-876a-fd824f81668a","2025-11-19","transcripts","earnings_call",14,4,10,3
"NVDA","c9d9e804-2e76-52ec-a1f9-c375e19a9fc1","2026-02-25","transcripts","earnings_call",23,4,8,3
"NVDA","c9d9e804-2e76-52ec-a1f9-c375e19a9fc1","2026-02-25","transcripts","earnings_call",10,4,10,3
"NVDA","c9d9e804-2e76-52ec-a1f9-c375e19a9fc1","2026-02-25","transcripts","earnings_call",8,1,9,3
"NVDA","c9d9e804-2e76-52ec-a1f9-c375e19a9fc1","2026-02-25","transcripts","earnings_call",7,2,7,2
"NVDA","d0a9572f-f8c4-5ceb-b2b8-2fc06a5341af","2013-11-07","transcripts","earnings_call",3,4,6,2
"NVDA","dcdb6a6f-27e4-50e1-a597-e16441d1ccd1","2013-05-09","transcripts","earnings_call",1,4,3,1
"NVDA","17d09326-d7ab-5647-bd59-5c79aadfcde1","2017-11-09","transcripts","earnings_call",14,6,9,3
"NVDA","17d09326-d7ab-5647-bd59-5c79aadfcde1","2017-11-09","transcripts","earnings_call",15,6,8,3
"NVDA","17d09326-d7ab-5647-bd59-5c79aadfcde1","2017-11-09","transcripts","earnings_call",16,4,8,2
"NVDA","17d09326-d7ab-5647-bd59-5c79aadfcde1","2017-11-09","transcripts","earnings_call",17,4,7,2
"NVDA","17d09326-d7ab-5647-bd59-5c79aadfcde1","2017-11-09","transcripts","earnings_call",20,5,3,-1
"NVDA","17d09326-d7ab-5647-bd59-5c79aadfcde1","2017-11-09","transcripts","earnings_call",21,4,9,3
"NVDA","0ce0ef4b-c494-5479-ba1f-ff181b8eb3a3","2019-08-15","transcripts","earnings_call",20,4,7,2
"NVDA","0ce0ef4b-c494-5479-ba1f-ff181b8eb3a3","2019-08-15","transcripts","earnings_call",23,6,6,2
"NVDA","0ce0ef4b-c494-5479-ba1f-ff181b8eb3a3","2019-08-15","transcripts","earnings_call",27,4,8,3
"NVDA","fe16bd3a-7a2e-52e0-9d98-d9f63cb83bd5","2026-05-20","transcripts","earnings_call",4,4,10,3
"NVDA","0ce0ef4b-c494-5479-ba1f-ff181b8eb3a3","2019-08-15","transcripts","earnings_call",3,4,6,2
"NVDA","0ce0ef4b-c494-5479-ba1f-ff181b8eb3a3","2019-08-15","transcripts","earnings_call",4,6,8,3
"NVDA","0ce0ef4b-c494-5479-ba1f-ff181b8eb3a3","2019-08-15","transcripts","earnings_call",5,1,6,2
"NVDA","0ce0ef4b-c494-5479-ba1f-ff181b8eb3a3","2019-08-15","transcripts","earnings_call",6,1,7,3
"NVDA","0ce0ef4b-c494-5479-ba1f-ff181b8eb3a3","2019-08-15","transcripts","earnings_call",10,4,8,3
"NVDA","acfcc7cd-39e1-534a-b5a6-0118b90f448c","2014-02-12","transcripts","earnings_call",2,1,7,3
"NVDA","acfcc7cd-39e1-534a-b5a6-0118b90f448c","2014-02-12","transcripts","earnings_call",4,6,8,3
"NVDA","05013128-98cc-59e0-a5c2-5fbfd9f99d94","2020-02-13","transcripts","earnings_call",11,4,8,3
"NVDA","05013128-98cc-59e0-a5c2-5fbfd9f99d94","2020-02-13","transcripts","earnings_call",12,4,8,3
"NVDA","05013128-98cc-59e0-a5c2-5fbfd9f99d94","2020-02-13","transcripts","earnings_call",14,4,7,2
"NVDA","05013128-98cc-59e0-a5c2-5fbfd9f99d94","2020-02-13","transcripts","earnings_call",15,6,8,3
"NVDA","27f7059b-86f8-5cc4-b242-c0ac1a37a720","2015-11-05","transcripts","earnings_call",4,4,6,2
"NVDA","27f7059b-86f8-5cc4-b242-c0ac1a37a720","2015-11-05","transcripts","earnings_call",13,4,7,2
"NVDA","27f7059b-86f8-5cc4-b242-c0ac1a37a720","2015-11-05","transcripts","earnings_call",16,4,7,2
"NVDA","fb4dfa87-ea47-5e55-a2d0-91c7c13cc43f","2017-08-10","transcripts","earnings_call",7,4,10,3
"NVDA","fb4dfa87-ea47-5e55-a2d0-91c7c13cc43f","2017-08-10","transcripts","earnings_call",8,6,9,3
"NVDA","fb4dfa87-ea47-5e55-a2d0-91c7c13cc43f","2017-08-10","transcripts","earnings_call",12,4,9,3
"NVDA","fb4dfa87-ea47-5e55-a2d0-91c7c13cc43f","2017-08-10","transcripts","earnings_call",13,4,9,3
"NVDA","fb4dfa87-ea47-5e55-a2d0-91c7c13cc43f","2017-08-10","transcripts","earnings_call",18,4,10,3
"NVDA","fb4dfa87-ea47-5e55-a2d0-91c7c13cc43f","2017-08-10","transcripts","earnings_call",19,4,9,3
"NVDA","ec94cd8c-ac67-5337-9e9a-56500d600475","2022-08-24","transcripts","earnings_call",21,4,8,3
"NVDA","ec94cd8c-ac67-5337-9e9a-56500d600475","2022-08-24","transcripts","earnings_call",24,4,7,2
"NVDA","ec94cd8c-ac67-5337-9e9a-56500d600475","2022-08-24","transcripts","earnings_call",26,4,9,3
"NVDA","bf07ccba-bd7c-5053-91e0-9b04160a6102","2020-08-19","transcripts","earnings_call",12,4,7,2
"NVDA","193cdeb5-d767-50ff-a13c-3b7daac4bb22","2019-05-16","transcripts","earnings_call",21,1,6,1
"NVDA","4e6dd821-a1f8-54c0-b9c5-255426d83dfd","2014-08-07","transcripts","earnings_call",27,4,7,2
"NVDA","4e6dd821-a1f8-54c0-b9c5-255426d83dfd","2014-08-07","transcripts","earnings_call",21,6,7,2
"NVDA","5d1ac975-ea2d-5ef5-ab0f-c10dcb8f6686","2015-08-06","transcripts","earnings_call",25,4,6,2
"NVDA","8b0c505a-5d2c-5919-89ea-aea260b6457d","2023-02-22","transcripts","earnings_call",1,4,8,2
"NVDA","8f6f6379-7b1d-5921-9326-d9244d569a8c","2023-11-21","transcripts","earnings_call",30,4,10,3
"NVDA","a31adff2-40c5-5520-8cb4-b33ca6b86e3a","2020-05-21","transcripts","earnings_call",26,6,8,2
"NVDA","a31adff2-40c5-5520-8cb4-b33ca6b86e3a","2020-05-21","transcripts","earnings_call",30,4,9,3
"NVDA","a31adff2-40c5-5520-8cb4-b33ca6b86e3a","2020-05-21","transcripts","earnings_call",27,6,9,3
"NVDA","a31adff2-40c5-5520-8cb4-b33ca6b86e3a","2020-05-21","transcripts","earnings_call",29,4,9,3
"NVDA","bf07ccba-bd7c-5053-91e0-9b04160a6102","2020-08-19","transcripts","earnings_call",8,4,8,3
"NVDA","c7c172e1-a172-5d00-b7fb-c37127627933","2018-02-08","transcripts","earnings_call",18,4,9,3
"NVDA","c7c172e1-a172-5d00-b7fb-c37127627933","2018-02-08","transcripts","earnings_call",21,4,7,3
"NVDA","c7c172e1-a172-5d00-b7fb-c37127627933","2018-02-08","transcripts","earnings_call",26,4,7,2
"NVDA","c7c172e1-a172-5d00-b7fb-c37127627933","2018-02-08","transcripts","earnings_call",17,6,8,2
"NVDA","c7c172e1-a172-5d00-b7fb-c37127627933","2018-02-08","transcripts","earnings_call",23,6,6,2
"NVDA","d5485656-a874-5cfe-a894-57bc8b605d8f","2023-08-23","transcripts","earnings_call",5,6,8,3
"NVDA","d5485656-a874-5cfe-a894-57bc8b605d8f","2023-08-23","transcripts","earnings_call",28,4,9,3
"NVDA","d5485656-a874-5cfe-a894-57bc8b605d8f","2023-08-23","transcripts","earnings_call",26,2,6,2
"NVDA","d5485656-a874-5cfe-a894-57bc8b605d8f","2023-08-23","transcripts","earnings_call",2,5,7,-1
"NVDA","d5485656-a874-5cfe-a894-57bc8b605d8f","2023-08-23","transcripts","earnings_call",1,4,10,3
"NVDA","d5485656-a874-5cfe-a894-57bc8b605d8f","2023-08-23","transcripts","earnings_call",27,4,7,3
"NVDA","193cdeb5-d767-50ff-a13c-3b7daac4bb22","2019-05-16","transcripts","earnings_call",22,6,8,2
"NVDA","193cdeb5-d767-50ff-a13c-3b7daac4bb22","2019-05-16","transcripts","earnings_call",26,4,7,2
"NVDA","193cdeb5-d767-50ff-a13c-3b7daac4bb22","2019-05-16","transcripts","earnings_call",28,6,6,1
"NVDA","1f73a6a9-265e-5e5e-bbad-d9e61f0d3c0a","2012-02-15","transcripts","earnings_call",2,4,4,2
"NVDA","acfcc7cd-39e1-534a-b5a6-0118b90f448c","2014-02-12","transcripts","earnings_call",19,6,6,2
"NVDA","0ffef5cc-292b-5dfa-baa4-d69e53244cad","2016-11-10","transcripts","earnings_call",21,4,8,3
"NVDA","0ffef5cc-292b-5dfa-baa4-d69e53244cad","2016-11-10","transcripts","earnings_call",23,6,8,3
"NVDA","0ffef5cc-292b-5dfa-baa4-d69e53244cad","2016-11-10","transcripts","earnings_call",28,6,9,3
"NVDA","8f6f6379-7b1d-5921-9326-d9244d569a8c","2023-11-21","transcripts","earnings_call",1,4,10,3
"NVDA","8f6f6379-7b1d-5921-9326-d9244d569a8c","2023-11-21","transcripts","earnings_call",3,4,8,2
"NVDA","9b445c1c-6105-580d-876a-fd824f81668a","2025-11-19","transcripts","earnings_call",27,4,9,3
"NVDA","9b445c1c-6105-580d-876a-fd824f81668a","2025-11-19","transcripts","earnings_call",28,4,9,3
"NVDA","a31adff2-40c5-5520-8cb4-b33ca6b86e3a","2020-05-21","transcripts","earnings_call",21,4,7,2
"NVDA","fb4dfa87-ea47-5e55-a2d0-91c7c13cc43f","2017-08-10","transcripts","earnings_call",1,4,9,3
"NVDA","fb4dfa87-ea47-5e55-a2d0-91c7c13cc43f","2017-08-10","transcripts","earnings_call",2,6,6,2
"NVDA","fb4dfa87-ea47-5e55-a2d0-91c7c13cc43f","2017-08-10","transcripts","earnings_call",3,6,9,3
"NVDA","f6334de9-fef4-5b4b-9a12-67ce35e0af82","2026-08-26","transcripts","earnings_call",4,6,9,3
"NVDA","f6334de9-fef4-5b4b-9a12-67ce35e0af82","2026-08-26","transcripts","earnings_call",5,4,9,3
"NVDA","f6334de9-fef4-5b4b-9a12-67ce35e0af82","2026-08-26","transcripts","earnings_call",7,1,8,2
"NVDA","f6334de9-fef4-5b4b-9a12-67ce35e0af82","2026-08-26","transcripts","earnings_call",8,1,9,2
"NVDA","f6334de9-fef4-5b4b-9a12-67ce35e0af82","2026-08-26","transcripts","earnings_call",9,4,9,1
"NVDA","f6334de9-fef4-5b4b-9a12-67ce35e0af82","2026-08-26","transcripts","earnings_call",11,2,6,1
"NVDA","f6334de9-fef4-5b4b-9a12-67ce35e0af82","2026-08-26","transcripts","earnings_call",20,4,9,3
"NVDA","f6334de9-fef4-5b4b-9a12-67ce35e0af82","2026-08-26","transcripts","earnings_call",23,4,7,2
"NVDA","4324b21a-0300-5afd-ba0d-f585dcf7945e","2021-08-18","transcripts","earnings_call",18,6,8,3
"NVDA","4324b21a-0300-5afd-ba0d-f585dcf7945e","2021-08-18","transcripts","earnings_call",11,6,8,3
"NVDA","48647bdf-abb0-51b2-94a4-a30cde9761a4","2013-08-08","transcripts","earnings_call",5,4,6,2
"NVDA","48647bdf-abb0-51b2-94a4-a30cde9761a4","2013-08-08","transcripts","earnings_call",18,4,7,2
"NVDA","48647bdf-abb0-51b2-94a4-a30cde9761a4","2013-08-08","transcripts","earnings_call",17,4,5,2
"NVDA","48647bdf-abb0-51b2-94a4-a30cde9761a4","2013-08-08","transcripts","earnings_call",16,6,6,2
"NVDA","49eb043b-e92e-58d4-897e-f57564597ee3","2025-02-26","transcripts","earnings_call",10,6,8,2
"NVDA","49eb043b-e92e-58d4-897e-f57564597ee3","2025-02-26","transcripts","earnings_call",8,2,8,2
"NVDA","4b26342b-a204-5eec-9301-16f4134721cb","2012-08-09","transcripts","earnings_call",23,6,3,1
"NVDA","6499c25a-dc42-5bbb-9e40-cfbcaaeeba1c","2016-05-12","transcripts","earnings_call",25,6,6,2
"NVDA","6499c25a-dc42-5bbb-9e40-cfbcaaeeba1c","2016-05-12","transcripts","earnings_call",26,4,7,3
"NVDA","6499c25a-dc42-5bbb-9e40-cfbcaaeeba1c","2016-05-12","transcripts","earnings_call",19,4,5,2
"NVDA","a31adff2-40c5-5520-8cb4-b33ca6b86e3a","2020-05-21","transcripts","earnings_call",25,6,8,2
"NVDA","a31adff2-40c5-5520-8cb4-b33ca6b86e3a","2020-05-21","transcripts","earnings_call",22,6,6,2
"NVDA","a31adff2-40c5-5520-8cb4-b33ca6b86e3a","2020-05-21","transcripts","earnings_call",18,4,9,3
"NVDA","a31adff2-40c5-5520-8cb4-b33ca6b86e3a","2020-05-21","transcripts","earnings_call",19,4,9,3
"NVDA","a31adff2-40c5-5520-8cb4-b33ca6b86e3a","2020-05-21","transcripts","earnings_call",20,4,8,3
"NVDA","c7c172e1-a172-5d00-b7fb-c37127627933","2018-02-08","transcripts","earnings_call",3,4,9,3
"NVDA","d5485656-a874-5cfe-a894-57bc8b605d8f","2023-08-23","transcripts","earnings_call",22,4,9,3
"NVDA","d5485656-a874-5cfe-a894-57bc8b605d8f","2023-08-23","transcripts","earnings_call",21,4,9,3
"NVDA","d5485656-a874-5cfe-a894-57bc8b605d8f","2023-08-23","transcripts","earnings_call",23,1,8,3
"NVDA","d5485656-a874-5cfe-a894-57bc8b605d8f","2023-08-23","transcripts","earnings_call",19,4,9,3
"NVDA","d7cdca9a-3bfa-5b60-b07f-82b55941b2ed","2017-02-09","transcripts","earnings_call",8,4,8,2
"NVDA","d7cdca9a-3bfa-5b60-b07f-82b55941b2ed","2017-02-09","transcripts","earnings_call",16,4,6,2
"NVDA","d7cdca9a-3bfa-5b60-b07f-82b55941b2ed","2017-02-09","transcripts","earnings_call",10,4,9,3
"NVDA","d7cdca9a-3bfa-5b60-b07f-82b55941b2ed","2017-02-09","transcripts","earnings_call",11,6,8,3
"NVDA","d7cdca9a-3bfa-5b60-b07f-82b55941b2ed","2017-02-09","transcripts","earnings_call",14,4,8,3
"NVDA","db33498b-5468-5a32-8c80-adcddc93bd27","2020-11-18","transcripts","earnings_call",23,6,7,3
"NVDA","db33498b-5468-5a32-8c80-adcddc93bd27","2020-11-18","transcripts","earnings_call",19,4,9,3
"NVDA","db33498b-5468-5a32-8c80-adcddc93bd27","2020-11-18","transcripts","earnings_call",26,6,9,3
"NVDA","db33498b-5468-5a32-8c80-adcddc93bd27","2020-11-18","transcripts","earnings_call",21,4,8,3
"NVDA","db33498b-5468-5a32-8c80-adcddc93bd27","2020-11-18","transcripts","earnings_call",25,6,6,2
"NVDA","db33498b-5468-5a32-8c80-adcddc93bd27","2020-11-18","transcripts","earnings_call",24,4,7,2
"NVDA","ec94cd8c-ac67-5337-9e9a-56500d600475","2022-08-24","transcripts","earnings_call",4,4,8,3
"NVDA","ec94cd8c-ac67-5337-9e9a-56500d600475","2022-08-24","transcripts","earnings_call",11,4,8,2
"NVDA","ec94cd8c-ac67-5337-9e9a-56500d600475","2022-08-24","transcripts","earnings_call",16,6,7,0
"NVDA","06fb76cd-3f3f-5737-86a9-a324ab4cc5cc","2024-08-28","transcripts","earnings_call",11,4,9,3
"NVDA","06fb76cd-3f3f-5737-86a9-a324ab4cc5cc","2024-08-28","transcripts","earnings_call",13,4,9,3
"NVDA","06fb76cd-3f3f-5737-86a9-a324ab4cc5cc","2024-08-28","transcripts","earnings_call",15,4,9,3
"NVDA","06fb76cd-3f3f-5737-86a9-a324ab4cc5cc","2024-08-28","transcripts","earnings_call",16,4,8,3
"NVDA","06fb76cd-3f3f-5737-86a9-a324ab4cc5cc","2024-08-28","transcripts","earnings_call",18,4,9,3
"TEAM","20dd13b4-b5e8-5440-affc-18cb009e1933","2026-08-06","transcripts","earnings_call",12,4,6,2
"TEAM","20dd13b4-b5e8-5440-affc-18cb009e1933","2026-08-06","transcripts","earnings_call",13,4,8,3
"TEAM","20dd13b4-b5e8-5440-affc-18cb009e1933","2026-08-06","transcripts","earnings_call",16,6,8,3
"TEAM","20dd13b4-b5e8-5440-affc-18cb009e1933","2026-08-06","transcripts","earnings_call",10,2,7,3
"ADBE","07e4ca0b-b8ee-5e41-9728-c48c896ffe2a","2026-01-15","sec_filing","10-K",18,6,6,2
"ADBE","07e4ca0b-b8ee-5e41-9728-c48c896ffe2a","2026-01-15","sec_filing","10-K",20,6,8,3
"ADBE","07e4ca0b-b8ee-5e41-9728-c48c896ffe2a","2026-01-15","sec_filing","10-K",21,6,7,2
"ADBE","07e4ca0b-b8ee-5e41-9728-c48c896ffe2a","2026-01-15","sec_filing","10-K",22,6,7,2
"ADBE","07e4ca0b-b8ee-5e41-9728-c48c896ffe2a","2026-01-15","sec_filing","10-K",23,6,6,2
"ADBE","07e4ca0b-b8ee-5e41-9728-c48c896ffe2a","2026-01-15","sec_filing","10-K",24,6,6,2
"ADBE","07e4ca0b-b8ee-5e41-9728-c48c896ffe2a","2026-01-15","sec_filing","10-K",26,6,4,1
"ADBE","6a6bf516-122a-5e2b-b9ad-a9f829f1048b","2022-09-28","sec_filing","10-Q",101,5,5,-2
"NVDA","72ac4563-7025-5e17-97ec-b3f49d3e7c7c","2015-05-07","transcripts","earnings_call",28,6,7,2
"NVDA","72ac4563-7025-5e17-97ec-b3f49d3e7c7c","2015-05-07","transcripts","earnings_call",29,4,8,3
"NVDA","72ac4563-7025-5e17-97ec-b3f49d3e7c7c","2015-05-07","transcripts","earnings_call",3,4,8,3
"NVDA","72ac4563-7025-5e17-97ec-b3f49d3e7c7c","2015-05-07","transcripts","earnings_call",18,4,8,3
"ADBE","76f79525-d0c9-5635-af25-9e59a39e0964","2024-01-17","sec_filing","10-K",10,4,7,2
"ADBE","36acde72-47bf-5a97-98cb-bd1b3b7d8563","2025-01-13","sec_filing","10-K",69,5,5,-2
"ADBE","36acde72-47bf-5a97-98cb-bd1b3b7d8563","2025-01-13","sec_filing","10-K",80,5,4,-1
"ADBE","36acde72-47bf-5a97-98cb-bd1b3b7d8563","2025-01-13","sec_filing","10-K",168,6,6,2
"ADBE","29a93af3-cc2f-5907-8c25-15346aefce77","2026-03-25","sec_filing","10-Q",49,4,8,2
"ADBE","29a93af3-cc2f-5907-8c25-15346aefce77","2026-03-25","sec_filing","10-Q",113,5,5,-2
"ADBE","2428546f-c46a-5715-b20e-d92b839e3466","2022-03-30","sec_filing","10-Q",52,4,6,1
"ADBE","29a93af3-cc2f-5907-8c25-15346aefce77","2026-03-25","sec_filing","10-Q",112,5,3,-1
"ADBE","29a93af3-cc2f-5907-8c25-15346aefce77","2026-03-25","sec_filing","10-Q",52,6,6,2
"ADBE","29a93af3-cc2f-5907-8c25-15346aefce77","2026-03-25","sec_filing","10-Q",99,1,4,-1
"ADBE","042b1b8b-736c-5aaa-9536-a5a06223f3b5","2017-01-20","sec_filing","10-K",15,6,6,2
"ADBE","36acde72-47bf-5a97-98cb-bd1b3b7d8563","2025-01-13","sec_filing","10-K",40,6,6,2
"NVDA","546dbd88-8b1f-55ad-bf0b-d68ce5b38b94","2019-11-14","transcripts","earnings_call",21,4,8,3
"NVDA","546dbd88-8b1f-55ad-bf0b-d68ce5b38b94","2019-11-14","transcripts","earnings_call",16,4,9,3
"NVDA","546dbd88-8b1f-55ad-bf0b-d68ce5b38b94","2019-11-14","transcripts","earnings_call",14,6,9,3
"NVDA","546dbd88-8b1f-55ad-bf0b-d68ce5b38b94","2019-11-14","transcripts","earnings_call",19,4,6,2
"NVDA","546dbd88-8b1f-55ad-bf0b-d68ce5b38b94","2019-11-14","transcripts","earnings_call",22,4,8,2
"ADBE","567a601a-1fbc-5c44-810d-15d42f08b887","2019-06-26","sec_filing","10-Q",95,6,5,1
"NVDA","7facc553-ca88-53bf-9773-e1b6c0c33583","2018-11-15","transcripts","earnings_call",10,6,8,3
"ADBE","81029ff4-fecb-52dd-85ce-d16303e83748","2023-03-29","sec_filing","10-Q",83,5,6,-1
"ADBE","88102f8a-34cb-5b4d-92fe-8a847b6c9a4d","2021-01-15","sec_filing","10-K",43,6,4,2
"ADBE","8a920f3d-33a6-55e2-b566-ffafcf6028f6","2019-01-25","sec_filing","10-K",40,6,6,2
"ADBE","8c0d9753-029a-574b-a5f6-3c4090803969","2026-06-15","sec_filing","10-Q",113,6,5,-1
"ADBE","8c0d9753-029a-574b-a5f6-3c4090803969","2026-06-15","sec_filing","10-Q",110,1,4,-1
"ADBE","8c0d9753-029a-574b-a5f6-3c4090803969","2026-06-15","sec_filing","10-Q",60,6,6,2
"ADBE","8de4fbbc-9a78-5240-a65b-e596f2e29496","2020-01-21","sec_filing","10-K",22,6,5,2
"ADBE","8de4fbbc-9a78-5240-a65b-e596f2e29496","2020-01-21","sec_filing","10-K",45,6,6,2
"ADBE","8de4fbbc-9a78-5240-a65b-e596f2e29496","2020-01-21","sec_filing","10-K",40,6,3,2
"ADBE","8de4fbbc-9a78-5240-a65b-e596f2e29496","2020-01-21","sec_filing","10-K",37,6,3,0
"ADBE","8fcfd31d-bfce-558f-afaa-9fca124a4cab","2023-01-17","sec_filing","10-K",40,6,6,2
"ADBE","ca76717a-8375-5641-be67-d0dcd0150578","2024-06-26","sec_filing","10-Q",90,5,6,-1
"NVDA","d7cdca9a-3bfa-5b60-b07f-82b55941b2ed","2017-02-09","transcripts","earnings_call",3,1,6,2
"NVDA","d7cdca9a-3bfa-5b60-b07f-82b55941b2ed","2017-02-09","transcripts","earnings_call",5,3,6,2
"NVDA","d7cdca9a-3bfa-5b60-b07f-82b55941b2ed","2017-02-09","transcripts","earnings_call",17,6,8,3
"NVDA","d7cdca9a-3bfa-5b60-b07f-82b55941b2ed","2017-02-09","transcripts","earnings_call",2,4,8,3
"ADBE","07e4ca0b-b8ee-5e41-9728-c48c896ffe2a","2026-01-15","sec_filing","10-K",75,5,4,-2
"ADBE","36acde72-47bf-5a97-98cb-bd1b3b7d8563","2025-01-13","sec_filing","10-K",41,6,6,2
"ADBE","36d6aa15-6189-56df-94f1-577f30a9857b","2025-03-26","sec_filing","10-Q",96,1,4,0
"ADBE","24aac953-e618-5794-a40f-37a47366a2a0","2025-06-25","sec_filing","10-Q",54,6,8,3
"ADBE","36d6aa15-6189-56df-94f1-577f30a9857b","2025-03-26","sec_filing","10-Q",80,5,7,-2
"ADBE","36d6aa15-6189-56df-94f1-577f30a9857b","2025-03-26","sec_filing","10-Q",78,5,6,-2
"ADBE","29a93af3-cc2f-5907-8c25-15346aefce77","2026-03-25","sec_filing","10-Q",77,5,6,-2
"ADBE","06ee081a-da0d-5249-940d-669b38f4c8c5","2023-09-27","sec_filing","10-Q",90,5,6,-2
"ADBE","663a017b-c516-5e17-85fe-b3b68484fdb7","2023-06-28","sec_filing","10-Q",88,5,5,-1
"ADBE","36d6aa15-6189-56df-94f1-577f30a9857b","2025-03-26","sec_filing","10-Q",57,4,6,2
"ADBE","6c9ec436-7141-575a-8416-d7056076dca2","2022-01-21","sec_filing","10-K",29,6,5,1
"ADBE","29a93af3-cc2f-5907-8c25-15346aefce77","2026-03-25","sec_filing","10-Q",48,6,7,2
"ADBE","36acde72-47bf-5a97-98cb-bd1b3b7d8563","2025-01-13","sec_filing","10-K",28,6,7,2
"ADBE","29a93af3-cc2f-5907-8c25-15346aefce77","2026-03-25","sec_filing","10-Q",50,6,8,3
"ADBE","07e4ca0b-b8ee-5e41-9728-c48c896ffe2a","2026-01-15","sec_filing","10-K",47,5,3,-1
"ADBE","07e4ca0b-b8ee-5e41-9728-c48c896ffe2a","2026-01-15","sec_filing","10-K",50,3,4,-1
"ADBE","07e4ca0b-b8ee-5e41-9728-c48c896ffe2a","2026-01-15","sec_filing","10-K",54,5,4,-2
"ADBE","07e4ca0b-b8ee-5e41-9728-c48c896ffe2a","2026-01-15","sec_filing","10-K",55,5,4,-2
"ADBE","07e4ca0b-b8ee-5e41-9728-c48c896ffe2a","2026-01-15","sec_filing","10-K",61,1,5,-1
"ADBE","07e4ca0b-b8ee-5e41-9728-c48c896ffe2a","2026-01-15","sec_filing","10-K",65,6,5,0
"ADBE","07e4ca0b-b8ee-5e41-9728-c48c896ffe2a","2026-01-15","sec_filing","10-K",69,5,3,-1
"ADBE","07e4ca0b-b8ee-5e41-9728-c48c896ffe2a","2026-01-15","sec_filing","10-K",76,5,5,-2
"ADBE","07e4ca0b-b8ee-5e41-9728-c48c896ffe2a","2026-01-15","sec_filing","10-K",43,5,5,-2
"ADBE","36acde72-47bf-5a97-98cb-bd1b3b7d8563","2025-01-13","sec_filing","10-K",48,4,5,2
"ADBE","36acde72-47bf-5a97-98cb-bd1b3b7d8563","2025-01-13","sec_filing","10-K",13,4,7,3
"ADBE","36acde72-47bf-5a97-98cb-bd1b3b7d8563","2025-01-13","sec_filing","10-K",20,6,6,2
"ADBE","24aac953-e618-5794-a40f-37a47366a2a0","2025-06-25","sec_filing","10-Q",103,5,4,-1
"ADBE","6c9ec436-7141-575a-8416-d7056076dca2","2022-01-21","sec_filing","10-K",18,6,5,2
"ADBE","29a93af3-cc2f-5907-8c25-15346aefce77","2026-03-25","sec_filing","10-Q",80,5,5,-2
"ADBE","29a93af3-cc2f-5907-8c25-15346aefce77","2026-03-25","sec_filing","10-Q",60,2,4,0
"ADBE","36d6aa15-6189-56df-94f1-577f30a9857b","2025-03-26","sec_filing","10-Q",112,5,5,-2
"ADBE","36acde72-47bf-5a97-98cb-bd1b3b7d8563","2025-01-13","sec_filing","10-K",45,6,6,2
"ADBE","07e4ca0b-b8ee-5e41-9728-c48c896ffe2a","2026-01-15","sec_filing","10-K",27,6,6,1
"ADBE","07e4ca0b-b8ee-5e41-9728-c48c896ffe2a","2026-01-15","sec_filing","10-K",32,6,7,2
"ADBE","07e4ca0b-b8ee-5e41-9728-c48c896ffe2a","2026-01-15","sec_filing","10-K",33,6,5,1
"ADBE","07e4ca0b-b8ee-5e41-9728-c48c896ffe2a","2026-01-15","sec_filing","10-K",38,5,7,-1
"ADBE","07e4ca0b-b8ee-5e41-9728-c48c896ffe2a","2026-01-15","sec_filing","10-K",40,5,7,-2
"ADBE","07e4ca0b-b8ee-5e41-9728-c48c896ffe2a","2026-01-15","sec_filing","10-K",41,5,7,-2
"ADBE","07e4ca0b-b8ee-5e41-9728-c48c896ffe2a","2026-01-15","sec_filing","10-K",42,5,6,-2
"ADBE","07e4ca0b-b8ee-5e41-9728-c48c896ffe2a","2026-01-15","sec_filing","10-K",46,5,5,-2
"ADBE","36acde72-47bf-5a97-98cb-bd1b3b7d8563","2025-01-13","sec_filing","10-K",120,4,8,2
"ADBE","36acde72-47bf-5a97-98cb-bd1b3b7d8563","2025-01-13","sec_filing","10-K",96,5,5,-2
"ADBE","5a6f90f8-32e8-543d-9000-fde4a761254f","2024-09-25","sec_filing","10-Q",60,6,7,3
"ADBE","5a6f90f8-32e8-543d-9000-fde4a761254f","2024-09-25","sec_filing","10-Q",96,5,6,-2
"ADBE","6c9ec436-7141-575a-8416-d7056076dca2","2022-01-21","sec_filing","10-K",30,6,4,1
"ADBE","76f79525-d0c9-5635-af25-9e59a39e0964","2024-01-17","sec_filing","10-K",44,6,6,2
"ADBE","76f79525-d0c9-5635-af25-9e59a39e0964","2024-01-17","sec_filing","10-K",42,6,4,1
"ADBE","88102f8a-34cb-5b4d-92fe-8a847b6c9a4d","2021-01-15","sec_filing","10-K",23,6,6,2
"ADBE","88102f8a-34cb-5b4d-92fe-8a847b6c9a4d","2021-01-15","sec_filing","10-K",29,1,3,0
"ADBE","88102f8a-34cb-5b4d-92fe-8a847b6c9a4d","2021-01-15","sec_filing","10-K",44,6,4,1
"ADBE","88102f8a-34cb-5b4d-92fe-8a847b6c9a4d","2021-01-15","sec_filing","10-K",53,6,6,2
"ADBE","8a920f3d-33a6-55e2-b566-ffafcf6028f6","2019-01-25","sec_filing","10-K",20,6,6,2
"ADBE","8c0d9753-029a-574b-a5f6-3c4090803969","2026-06-15","sec_filing","10-Q",69,2,5,-1
"ADBE","8de4fbbc-9a78-5240-a65b-e596f2e29496","2020-01-21","sec_filing","10-K",51,6,5,2
"ADBE","8de4fbbc-9a78-5240-a65b-e596f2e29496","2020-01-21","sec_filing","10-K",20,6,6,1
"ADBE","8de4fbbc-9a78-5240-a65b-e596f2e29496","2020-01-21","sec_filing","10-K",116,6,5,2
"ADBE","8fcfd31d-bfce-558f-afaa-9fca124a4cab","2023-01-17","sec_filing","10-K",16,6,5,2
"ADBE","8fcfd31d-bfce-558f-afaa-9fca124a4cab","2023-01-17","sec_filing","10-K",107,6,5,2
"ADBE","ca76717a-8375-5641-be67-d0dcd0150578","2024-06-26","sec_filing","10-Q",94,5,6,-2
"ADBE","07e4ca0b-b8ee-5e41-9728-c48c896ffe2a","2026-01-15","sec_filing","10-K",99,4,6,2
"ADBE","07e4ca0b-b8ee-5e41-9728-c48c896ffe2a","2026-01-15","sec_filing","10-K",98,4,8,3
"ADBE","07e4ca0b-b8ee-5e41-9728-c48c896ffe2a","2026-01-15","sec_filing","10-K",97,6,6,2
"ADBE","07e4ca0b-b8ee-5e41-9728-c48c896ffe2a","2026-01-15","sec_filing","10-K",96,6,7,3
"ADBE","07e4ca0b-b8ee-5e41-9728-c48c896ffe2a","2026-01-15","sec_filing","10-K",95,4,5,2
"ADBE","07e4ca0b-b8ee-5e41-9728-c48c896ffe2a","2026-01-15","sec_filing","10-K",4,6,3,0
"ADBE","36acde72-47bf-5a97-98cb-bd1b3b7d8563","2025-01-13","sec_filing","10-K",65,5,6,-2
"ADBE","36acde72-47bf-5a97-98cb-bd1b3b7d8563","2025-01-13","sec_filing","10-K",18,4,7,2
"ADBE","07e4ca0b-b8ee-5e41-9728-c48c896ffe2a","2026-01-15","sec_filing","10-K",44,5,5,-2
"ADBE","07e4ca0b-b8ee-5e41-9728-c48c896ffe2a","2026-01-15","sec_filing","10-K",45,5,6,-2
"ADBE","24aac953-e618-5794-a40f-37a47366a2a0","2025-06-25","sec_filing","10-Q",86,5,6,-2
"ADBE","36d6aa15-6189-56df-94f1-577f30a9857b","2025-03-26","sec_filing","10-Q",79,5,6,-2
"ADBE","29a93af3-cc2f-5907-8c25-15346aefce77","2026-03-25","sec_filing","10-Q",83,5,4,-1
"ADBE","6c9ec436-7141-575a-8416-d7056076dca2","2022-01-21","sec_filing","10-K",20,6,6,2
"ADBE","36acde72-47bf-5a97-98cb-bd1b3b7d8563","2025-01-13","sec_filing","10-K",63,5,6,-2
"ADBE","36acde72-47bf-5a97-98cb-bd1b3b7d8563","2025-01-13","sec_filing","10-K",67,5,6,-2
"ADBE","151c5ba2-202c-5b7f-880d-3f2453dad8ff","2021-06-30","sec_filing","10-Q",96,5,5,-1
"ADBE","36acde72-47bf-5a97-98cb-bd1b3b7d8563","2025-01-13","sec_filing","10-K",64,5,6,-2
"ADBE","6c9ec436-7141-575a-8416-d7056076dca2","2022-01-21","sec_filing","10-K",36,4,7,2
"ADBE","6c9ec436-7141-575a-8416-d7056076dca2","2022-01-21","sec_filing","10-K",37,6,5,2
"ADBE","29a93af3-cc2f-5907-8c25-15346aefce77","2026-03-25","sec_filing","10-Q",51,4,7,3
"ADBE","2428546f-c46a-5715-b20e-d92b839e3466","2022-03-30","sec_filing","10-Q",114,5,4,-1
"ADBE","24aac953-e618-5794-a40f-37a47366a2a0","2025-06-25","sec_filing","10-Q",83,6,6,0
"ADBE","24aac953-e618-5794-a40f-37a47366a2a0","2025-06-25","sec_filing","10-Q",84,6,5,0
"ADBE","24aac953-e618-5794-a40f-37a47366a2a0","2025-06-25","sec_filing","10-Q",119,5,3,-1
"ADBE","24aac953-e618-5794-a40f-37a47366a2a0","2025-06-25","sec_filing","10-Q",85,5,4,-2
"ADBE","24aac953-e618-5794-a40f-37a47366a2a0","2025-06-25","sec_filing","10-Q",88,5,6,-2
"ADBE","24aac953-e618-5794-a40f-37a47366a2a0","2025-06-25","sec_filing","10-Q",89,5,6,-2
"ADBE","24aac953-e618-5794-a40f-37a47366a2a0","2025-06-25","sec_filing","10-Q",91,5,4,-2
"ADBE","36acde72-47bf-5a97-98cb-bd1b3b7d8563","2025-01-13","sec_filing","10-K",25,5,6,-1
"ADBE","36acde72-47bf-5a97-98cb-bd1b3b7d8563","2025-01-13","sec_filing","10-K",8,4,7,3
"ADBE","07e4ca0b-b8ee-5e41-9728-c48c896ffe2a","2026-01-15","sec_filing","10-K",6,6,6,1
"ADBE","07e4ca0b-b8ee-5e41-9728-c48c896ffe2a","2026-01-15","sec_filing","10-K",7,4,7,2
"ADBE","07e4ca0b-b8ee-5e41-9728-c48c896ffe2a","2026-01-15","sec_filing","10-K",8,4,6,1
"ADBE","07e4ca0b-b8ee-5e41-9728-c48c896ffe2a","2026-01-15","sec_filing","10-K",11,6,7,2
"ADBE","07e4ca0b-b8ee-5e41-9728-c48c896ffe2a","2026-01-15","sec_filing","10-K",12,6,8,2
"ADBE","07e4ca0b-b8ee-5e41-9728-c48c896ffe2a","2026-01-15","sec_filing","10-K",13,6,7,2
"ADBE","07e4ca0b-b8ee-5e41-9728-c48c896ffe2a","2026-01-15","sec_filing","10-K",14,5,7,-2
"ADBE","07e4ca0b-b8ee-5e41-9728-c48c896ffe2a","2026-01-15","sec_filing","10-K",16,6,7,2
"ADBE","36acde72-47bf-5a97-98cb-bd1b3b7d8563","2025-01-13","sec_filing","10-K",133,2,6,0
"ADBE","24aac953-e618-5794-a40f-37a47366a2a0","2025-06-25","sec_filing","10-Q",68,2,5,0
"ADBE","24aac953-e618-5794-a40f-37a47366a2a0","2025-06-25","sec_filing","10-Q",107,6,4,0
"ADBE","24aac953-e618-5794-a40f-37a47366a2a0","2025-06-25","sec_filing","10-Q",56,4,7,2
"ADBE","29a93af3-cc2f-5907-8c25-15346aefce77","2026-03-25","sec_filing","10-Q",57,4,6,2
"ADBE","29a93af3-cc2f-5907-8c25-15346aefce77","2026-03-25","sec_filing","10-Q",82,5,6,-2
"ADBE","29a93af3-cc2f-5907-8c25-15346aefce77","2026-03-25","sec_filing","10-Q",93,5,4,-2
"ADBE","29a93af3-cc2f-5907-8c25-15346aefce77","2026-03-25","sec_filing","10-Q",78,5,6,-2
"ADBE","5a6f90f8-32e8-543d-9000-fde4a761254f","2024-09-25","sec_filing","10-Q",119,5,4,-1
"ADBE","76f79525-d0c9-5635-af25-9e59a39e0964","2024-01-17","sec_filing","10-K",65,5,6,-2
"ADBE","76f79525-d0c9-5635-af25-9e59a39e0964","2024-01-17","sec_filing","10-K",38,6,6,2
"ADBE","76f79525-d0c9-5635-af25-9e59a39e0964","2024-01-17","sec_filing","10-K",114,6,6,2
"ADBE","76f79525-d0c9-5635-af25-9e59a39e0964","2024-01-17","sec_filing","10-K",30,6,6,2
"ADBE","76f79525-d0c9-5635-af25-9e59a39e0964","2024-01-17","sec_filing","10-K",7,6,6,2
"ADBE","81029ff4-fecb-52dd-85ce-d16303e83748","2023-03-29","sec_filing","10-Q",105,5,3,-1
"ADBE","88102f8a-34cb-5b4d-92fe-8a847b6c9a4d","2021-01-15","sec_filing","10-K",51,6,5,2
"ADBE","88102f8a-34cb-5b4d-92fe-8a847b6c9a4d","2021-01-15","sec_filing","10-K",26,4,7,2
"ADBE","88102f8a-34cb-5b4d-92fe-8a847b6c9a4d","2021-01-15","sec_filing","10-K",14,4,6,2
"ADBE","88102f8a-34cb-5b4d-92fe-8a847b6c9a4d","2021-01-15","sec_filing","10-K",196,6,5,2
"ADBE","8a920f3d-33a6-55e2-b566-ffafcf6028f6","2019-01-25","sec_filing","10-K",41,6,6,2
"ADBE","8de4fbbc-9a78-5240-a65b-e596f2e29496","2020-01-21","sec_filing","10-K",18,6,5,1
"ADBE","8fcfd31d-bfce-558f-afaa-9fca124a4cab","2023-01-17","sec_filing","10-K",36,6,6,2
"ADBE","8fcfd31d-bfce-558f-afaa-9fca124a4cab","2023-01-17","sec_filing","10-K",7,6,6,2
"ADBE","8fcfd31d-bfce-558f-afaa-9fca124a4cab","2023-01-17","sec_filing","10-K",161,6,4,1
"ADBE","ca76717a-8375-5641-be67-d0dcd0150578","2024-06-26","sec_filing","10-Q",117,5,4,-1
"CAT","25bada2a-1fd3-5cea-b32b-b256c5f67ed9","2025-08-06","sec_filing","10-Q",104,4,3,1
"DELL","26b2add9-a1d7-5a10-a598-d9eb21d3c8ed","2023-03-30","sec_filing","10-K",8,6,5,1
"DELL","26b2add9-a1d7-5a10-a598-d9eb21d3c8ed","2023-03-30","sec_filing","10-K",9,6,5,1
"DELL","26b2add9-a1d7-5a10-a598-d9eb21d3c8ed","2023-03-30","sec_filing","10-K",56,5,3,-1
"INTC","68f6001f-d7db-59ca-9173-bf5450ef4d08","2024-01-25","sec_filing","10-K",5,6,3,0
"INTC","68f6001f-d7db-59ca-9173-bf5450ef4d08","2024-01-25","sec_filing","10-K",255,1,4,0
"INTC","68f6001f-d7db-59ca-9173-bf5450ef4d08","2024-01-25","sec_filing","10-K",17,4,7,2
"DELL","1aaebca9-a840-509e-bac5-8a8e07261676","2021-03-26","sec_filing","10-K",101,1,4,1
"DELL","1aaebca9-a840-509e-bac5-8a8e07261676","2021-03-26","sec_filing","10-K",103,2,2,0
"DELL","f1644843-cd02-578d-9a38-18b35ed59abd","2019-09-09","sec_filing","10-Q",102,1,1,0
"DELL","f1644843-cd02-578d-9a38-18b35ed59abd","2019-09-09","sec_filing","10-Q",120,6,3,1
"DELL","20168329-0d50-5d3d-9a54-07b1036966b0","2018-12-10","sec_filing","10-Q",138,1,3,1
"ADBE","6a6bf516-122a-5e2b-b9ad-a9f829f1048b","2022-09-28","sec_filing","10-Q",125,5,3,-1
"INTC","08de8873-ccd7-5ab5-8bf7-8b3ac7a28059","2020-01-23","sec_filing","10-K",68,6,4,1
"INTC","08de8873-ccd7-5ab5-8bf7-8b3ac7a28059","2020-01-23","sec_filing","10-K",60,6,6,2
"INTC","08de8873-ccd7-5ab5-8bf7-8b3ac7a28059","2020-01-23","sec_filing","10-K",45,4,6,2
"INTC","08de8873-ccd7-5ab5-8bf7-8b3ac7a28059","2020-01-23","sec_filing","10-K",44,6,3,1
"INTC","08de8873-ccd7-5ab5-8bf7-8b3ac7a28059","2020-01-23","sec_filing","10-K",43,6,4,1
"INTC","08de8873-ccd7-5ab5-8bf7-8b3ac7a28059","2020-01-23","sec_filing","10-K",42,6,3,1
"INTC","3391e164-85b0-59bd-9721-1a5b0b83938f","2025-01-31","sec_filing","10-K",116,4,6,1
"INTC","08de8873-ccd7-5ab5-8bf7-8b3ac7a28059","2020-01-23","sec_filing","10-K",11,6,6,2
"INTC","08de8873-ccd7-5ab5-8bf7-8b3ac7a28059","2020-01-23","sec_filing","10-K",7,4,5,2
"INTC","2cae0a09-b50c-5430-a1ca-99edd1790d32","2024-08-01","sec_filing","10-Q",75,4,4,1
"INTC","2d32eae1-b5b5-5684-b425-171b76985d0d","2019-10-24","sec_filing","10-Q",67,4,3,1
"INTC","3391e164-85b0-59bd-9721-1a5b0b83938f","2025-01-31","sec_filing","10-K",184,3,5,1
"INTC","3391e164-85b0-59bd-9721-1a5b0b83938f","2025-01-31","sec_filing","10-K",94,5,6,-2
"INTC","3391e164-85b0-59bd-9721-1a5b0b83938f","2025-01-31","sec_filing","10-K",317,6,1,0
"INTC","3391e164-85b0-59bd-9721-1a5b0b83938f","2025-01-31","sec_filing","10-K",138,5,4,-2
"INTC","3391e164-85b0-59bd-9721-1a5b0b83938f","2025-01-31","sec_filing","10-K",54,6,5,2
"INTC","f04de089-f8bb-569c-a925-80759aca8430","2026-07-23","sec_filing","10-Q",5,5,4,-1
"INTC","3391e164-85b0-59bd-9721-1a5b0b83938f","2025-01-31","sec_filing","10-K",24,6,7,2
"INTC","2cae0a09-b50c-5430-a1ca-99edd1790d32","2024-08-01","sec_filing","10-Q",28,4,6,0
"INTC","08de8873-ccd7-5ab5-8bf7-8b3ac7a28059","2020-01-23","sec_filing","10-K",51,6,5,2
"INTC","42ef4229-150e-5696-8180-ace1c129bc06","2024-04-25","sec_filing","10-Q",20,1,5,0
"CAT","50acd58e-83ef-5dd9-b3df-2b3f4e6b9ff5","2024-05-01","sec_filing","10-Q",82,6,2,1
"INTC","55298621-dcfe-5481-82ae-ba4f9c6bf2f6","2023-01-26","sec_filing","10-K",73,6,5,2
"INTC","55298621-dcfe-5481-82ae-ba4f9c6bf2f6","2023-01-26","sec_filing","10-K",64,4,7,2
"INTC","55298621-dcfe-5481-82ae-ba4f9c6bf2f6","2023-01-26","sec_filing","10-K",53,6,7,2
"INTC","5f26967b-b030-59c1-a40a-efc52330fc30","2018-02-16","sec_filing","10-K",81,4,5,0
"DELL","6af4f693-9840-551c-a330-352d2d7d6379","2020-06-08","sec_filing","10-Q",109,1,3,1
"DELL","6af4f693-9840-551c-a330-352d2d7d6379","2020-06-08","sec_filing","10-Q",104,6,5,1
"DELL","9c3f0c42-0783-5739-92a3-0fa8a9f5415d","2021-09-03","sec_filing","10-Q",120,2,3,1
"DELL","9fc772f2-c925-549d-8063-dcd2d33be980","2024-12-10","sec_filing","10-Q",94,6,6,2
"DELL","9fc772f2-c925-549d-8063-dcd2d33be980","2024-12-10","sec_filing","10-Q",96,4,7,2
"INTC","a0f87f5f-47f1-5127-81c2-44ac0b715920","2025-11-06","sec_filing","10-Q",87,1,8,2
"DELL","a22c13ef-3936-577e-8c1d-9036083bcd08","2025-03-25","sec_filing","10-K",45,5,5,-1
"CAT","a291f509-c7c2-5c4f-85e2-1036bd4d6a8e","2018-05-02","sec_filing","10-Q",138,6,4,1
"DELL","a383d817-a6bf-54a6-8094-71a1947f41b1","2026-03-16","sec_filing","10-K",53,5,4,-2
"INTC","b47fe0e1-ba39-570a-b60b-51d06f31d737","2022-01-26","sec_filing","10-K",132,6,6,0
"INTC","b47fe0e1-ba39-570a-b60b-51d06f31d737","2022-01-26","sec_filing","10-K",133,5,6,-1
"DELL","b75e9e02-9f52-56f0-b589-24f93af288c5","2024-03-25","sec_filing","10-K",100,4,8,2
"DELL","cdfc47fc-a9cc-5c72-a330-4c221ebf96e4","2020-12-07","sec_filing","10-Q",73,1,3,1
"DELL","cdfc47fc-a9cc-5c72-a330-4c221ebf96e4","2020-12-07","sec_filing","10-Q",117,6,4,1
"INTC","cf725de5-8ab8-59c3-839c-04fec97893b9","2025-04-24","sec_filing","10-Q",67,5,6,-2
"INTC","dfee6424-f2c2-5aba-9535-23d0d7776c7c","2017-10-26","sec_filing","10-Q",29,1,6,2
"INTC","e889f488-8522-5343-a15e-b7f7e33c1704","2026-01-22","sec_filing","10-K",36,6,6,1
"INTC","683ff992-6435-5a2a-a955-810ac877a358","2020-07-23","sec_filing","10-Q",10,6,4,1
"INTC","3391e164-85b0-59bd-9721-1a5b0b83938f","2025-01-31","sec_filing","10-K",314,6,2,0
"INTC","3391e164-85b0-59bd-9721-1a5b0b83938f","2025-01-31","sec_filing","10-K",49,4,6,1
"INTC","f04de089-f8bb-569c-a925-80759aca8430","2026-07-23","sec_filing","10-Q",84,4,8,2
"INTC","2d32eae1-b5b5-5684-b425-171b76985d0d","2019-10-24","sec_filing","10-Q",66,4,5,2
"INTC","08de8873-ccd7-5ab5-8bf7-8b3ac7a28059","2020-01-23","sec_filing","10-K",27,6,5,1
"INTC","08de8873-ccd7-5ab5-8bf7-8b3ac7a28059","2020-01-23","sec_filing","10-K",25,6,5,1
"INTC","08de8873-ccd7-5ab5-8bf7-8b3ac7a28059","2020-01-23","sec_filing","10-K",15,6,6,2
"INTC","08de8873-ccd7-5ab5-8bf7-8b3ac7a28059","2020-01-23","sec_filing","10-K",14,6,5,1
"INTC","08de8873-ccd7-5ab5-8bf7-8b3ac7a28059","2020-01-23","sec_filing","10-K",12,1,6,2
"INTC","683ff992-6435-5a2a-a955-810ac877a358","2020-07-23","sec_filing","10-Q",64,4,2,-1
"INTC","3391e164-85b0-59bd-9721-1a5b0b83938f","2025-01-31","sec_filing","10-K",22,6,8,2
"INTC","68f6001f-d7db-59ca-9173-bf5450ef4d08","2024-01-25","sec_filing","10-K",129,6,7,0
"INTC","3391e164-85b0-59bd-9721-1a5b0b83938f","2025-01-31","sec_filing","10-K",111,3,6,0
"INTC","3391e164-85b0-59bd-9721-1a5b0b83938f","2025-01-31","sec_filing","10-K",65,4,7,2
"INTC","68f6001f-d7db-59ca-9173-bf5450ef4d08","2024-01-25","sec_filing","10-K",82,4,7,3
"INTC","08de8873-ccd7-5ab5-8bf7-8b3ac7a28059","2020-01-23","sec_filing","10-K",41,6,6,2
"INTC","3391e164-85b0-59bd-9721-1a5b0b83938f","2025-01-31","sec_filing","10-K",53,6,5,2
"INTC","08de8873-ccd7-5ab5-8bf7-8b3ac7a28059","2020-01-23","sec_filing","10-K",283,6,1,0
"INTC","08de8873-ccd7-5ab5-8bf7-8b3ac7a28059","2020-01-23","sec_filing","10-K",282,6,1,0
"INTC","08de8873-ccd7-5ab5-8bf7-8b3ac7a28059","2020-01-23","sec_filing","10-K",235,1,5,2
"INTC","08de8873-ccd7-5ab5-8bf7-8b3ac7a28059","2020-01-23","sec_filing","10-K",123,5,6,-2
"INTC","08de8873-ccd7-5ab5-8bf7-8b3ac7a28059","2020-01-23","sec_filing","10-K",122,6,4,0
"INTC","08de8873-ccd7-5ab5-8bf7-8b3ac7a28059","2020-01-23","sec_filing","10-K",119,5,6,-2
"INTC","08de8873-ccd7-5ab5-8bf7-8b3ac7a28059","2020-01-23","sec_filing","10-K",76,6,5,2
"INTC","68f6001f-d7db-59ca-9173-bf5450ef4d08","2024-01-25","sec_filing","10-K",152,5,4,-1
"INTC","68f6001f-d7db-59ca-9173-bf5450ef4d08","2024-01-25","sec_filing","10-K",322,6,2,0
"INTC","0eca38bc-1c5d-56cc-8aba-42ca6693b303","2021-10-22","sec_filing","10-Q",75,6,4,1
"INTC","55298621-dcfe-5481-82ae-ba4f9c6bf2f6","2023-01-26","sec_filing","10-K",139,5,6,-2
"INTC","5c1c0077-cc84-5b0d-aa79-23fe8552e1b6","2023-04-27","sec_filing","10-Q",56,4,6,-1
"INTC","68f6001f-d7db-59ca-9173-bf5450ef4d08","2024-01-25","sec_filing","10-K",47,1,2,1
"INTC","6e7bdfc4-2692-5448-b0e1-92968ebd25e4","2026-04-23","sec_filing","10-Q",86,2,6,-1
"INTC","6e7bdfc4-2692-5448-b0e1-92968ebd25e4","2026-04-23","sec_filing","10-Q",4,6,3,0
"INTC","6e7bdfc4-2692-5448-b0e1-92968ebd25e4","2026-04-23","sec_filing","10-Q",42,5,6,-3
"NVDA","72f7445c-c922-5fa6-8d51-90d7becf746c","2018-07-03","hackernews","title",0,6,4,1
"INTC","7b27af06-7691-5a92-b21a-d5d5eac241e0","2022-10-27","sec_filing","10-Q",7,6,3,1
"INTC","9e99f294-c27a-552e-9f0c-2c8abccf5c38","2025-07-24","sec_filing","10-Q",82,6,4,0
"INTC","b4dc29e5-3331-58bc-98fb-598fb0033361","2019-02-01","sec_filing","10-K",114,5,6,-2
"INTC","b4dc29e5-3331-58bc-98fb-598fb0033361","2019-02-01","sec_filing","10-K",228,3,3,0
"INTC","b57aaf11-7678-5b1b-9592-50112859cfb4","2019-04-25","sec_filing","10-Q",55,4,5,2
"INTC","cc21da5f-6f95-5c14-945a-ab8ddc39c674","2018-07-26","sec_filing","10-Q",7,4,3,1
"INTC","e4ddc43e-569a-5b29-ad13-f05a5cabb599","2023-07-27","sec_filing","10-Q",4,6,3,0
"INTC","e889f488-8522-5343-a15e-b7f7e33c1704","2026-01-22","sec_filing","10-K",146,5,6,-1
"INTC","e889f488-8522-5343-a15e-b7f7e33c1704","2026-01-22","sec_filing","10-K",156,5,4,-1
"INTC","e889f488-8522-5343-a15e-b7f7e33c1704","2026-01-22","sec_filing","10-K",17,4,7,2
"INTC","e889f488-8522-5343-a15e-b7f7e33c1704","2026-01-22","sec_filing","10-K",21,4,6,2
"INTC","e889f488-8522-5343-a15e-b7f7e33c1704","2026-01-22","sec_filing","10-K",24,4,7,2
"INTC","e889f488-8522-5343-a15e-b7f7e33c1704","2026-01-22","sec_filing","10-K",87,4,6,1
"INTC","e889f488-8522-5343-a15e-b7f7e33c1704","2026-01-22","sec_filing","10-K",32,6,7,2
"INTC","e889f488-8522-5343-a15e-b7f7e33c1704","2026-01-22","sec_filing","10-K",23,5,7,-2
"INTC","e889f488-8522-5343-a15e-b7f7e33c1704","2026-01-22","sec_filing","10-K",89,2,4,1
"INTC","e889f488-8522-5343-a15e-b7f7e33c1704","2026-01-22","sec_filing","10-K",11,4,8,2
"INTC","01ca85da-1589-5b58-8f3e-6f862f8757af","2017-02-17","sec_filing","10-K",6,6,4,1
"INTC","08de8873-ccd7-5ab5-8bf7-8b3ac7a28059","2020-01-23","sec_filing","10-K",59,6,6,1
"INTC","3391e164-85b0-59bd-9721-1a5b0b83938f","2025-01-31","sec_filing","10-K",126,5,4,-2
"INTC","08de8873-ccd7-5ab5-8bf7-8b3ac7a28059","2020-01-23","sec_filing","10-K",61,6,4,1
"INTC","3391e164-85b0-59bd-9721-1a5b0b83938f","2025-01-31","sec_filing","10-K",47,4,6,2
"INTC","08de8873-ccd7-5ab5-8bf7-8b3ac7a28059","2020-01-23","sec_filing","10-K",47,4,5,2
"INTC","3391e164-85b0-59bd-9721-1a5b0b83938f","2025-01-31","sec_filing","10-K",264,1,3,0
"INTC","3391e164-85b0-59bd-9721-1a5b0b83938f","2025-01-31","sec_filing","10-K",43,4,6,-1
"INTC","3391e164-85b0-59bd-9721-1a5b0b83938f","2025-01-31","sec_filing","10-K",75,5,6,-2
"INTC","dcbd1a51-12fa-5a2b-9267-80ab17ddff40","2024-10-31","sec_filing","10-Q",69,4,2,0
"INTC","dcbd1a51-12fa-5a2b-9267-80ab17ddff40","2024-10-31","sec_filing","10-Q",77,4,6,1
"INTC","f04de089-f8bb-569c-a925-80759aca8430","2026-07-23","sec_filing","10-Q",77,6,6,1
"INTC","68f6001f-d7db-59ca-9173-bf5450ef4d08","2024-01-25","sec_filing","10-K",138,6,6,0
"INTC","68f6001f-d7db-59ca-9173-bf5450ef4d08","2024-01-25","sec_filing","10-K",85,6,6,2
"INTC","6e7bdfc4-2692-5448-b0e1-92968ebd25e4","2026-04-23","sec_filing","10-Q",78,4,7,2
"INTC","7069b334-1e6f-57d9-ae2e-e86d13056a9f","2023-10-26","sec_filing","10-Q",57,6,1,0
"INTC","3391e164-85b0-59bd-9721-1a5b0b83938f","2025-01-31","sec_filing","10-K",96,5,8,-3
"INTC","3391e164-85b0-59bd-9721-1a5b0b83938f","2025-01-31","sec_filing","10-K",102,6,6,-1
"INTC","e4ddc43e-569a-5b29-ad13-f05a5cabb599","2023-07-27","sec_filing","10-Q",61,4,6,-1
"INTC","e889f488-8522-5343-a15e-b7f7e33c1704","2026-01-22","sec_filing","10-K",129,5,8,-3
"INTC","3391e164-85b0-59bd-9721-1a5b0b83938f","2025-01-31","sec_filing","10-K",52,6,8,1
"MU","fd2c01c5-d84c-5d0a-b13a-858112dffa48","2025-10-03","sec_filing","10-K",11,4,9,3
"MU","fd2c01c5-d84c-5d0a-b13a-858112dffa48","2025-10-03","sec_filing","10-K",13,4,6,2
"MU","fd2c01c5-d84c-5d0a-b13a-858112dffa48","2025-10-03","sec_filing","10-K",14,6,9,3
"MU","fd2c01c5-d84c-5d0a-b13a-858112dffa48","2025-10-03","sec_filing","10-K",18,6,7,2
"MU","24c6c1e8-4c8a-59ff-970e-0a03635dec0a","2024-03-21","sec_filing","10-Q",50,4,8,3
"MU","24c6c1e8-4c8a-59ff-970e-0a03635dec0a","2024-03-21","sec_filing","10-Q",94,6,4,0
"MU","24c6c1e8-4c8a-59ff-970e-0a03635dec0a","2024-03-21","sec_filing","10-Q",98,5,3,-2
"MU","24c6c1e8-4c8a-59ff-970e-0a03635dec0a","2024-03-21","sec_filing","10-Q",116,5,3,-2
"MU","eac0b291-81b5-5332-9fef-662a88e51c1d","2020-03-26","sec_filing","10-Q",59,4,6,2
"MU","fd2c01c5-d84c-5d0a-b13a-858112dffa48","2025-10-03","sec_filing","10-K",55,4,8,1
"INTC","4d6bf63a-a3e9-5245-b586-439c3a46fb0a","2021-07-22","sec_filing","10-Q",7,6,4,1
"INTC","55298621-dcfe-5481-82ae-ba4f9c6bf2f6","2023-01-26","sec_filing","10-K",315,6,2,0
"MU","f448a1e2-a958-5794-8c3e-318a89f13c7b","2017-10-26","sec_filing","10-K",11,6,3,0
"MU","e8c55fb4-06bd-500a-8593-ec2b6e5b4616","2013-10-28","sec_filing","10-K",4,6,2,0
"INTC","55298621-dcfe-5481-82ae-ba4f9c6bf2f6","2023-01-26","sec_filing","10-K",18,6,4,1
"INTC","55298621-dcfe-5481-82ae-ba4f9c6bf2f6","2023-01-26","sec_filing","10-K",62,4,6,1
"NVDA","72ac4563-7025-5e17-97ec-b3f49d3e7c7c","2015-05-07","transcripts","earnings_call",20,4,7,2
"NVDA","72ac4563-7025-5e17-97ec-b3f49d3e7c7c","2015-05-07","transcripts","earnings_call",17,4,9,3
"NVDA","72ac4563-7025-5e17-97ec-b3f49d3e7c7c","2015-05-07","transcripts","earnings_call",1,4,6,2
"MU","89fad4ec-160b-5090-bba4-56f33f5333d5","2025-06-25","sec_filing","10-Q",78,5,3,0
"INTC","8f60e02c-bcef-5306-a7b0-30be3576c8df","2021-04-22","sec_filing","10-Q",61,6,4,1
"INTC","e889f488-8522-5343-a15e-b7f7e33c1704","2026-01-22","sec_filing","10-K",296,4,4,0
"INTC","e889f488-8522-5343-a15e-b7f7e33c1704","2026-01-22","sec_filing","10-K",30,6,6,2
"INTC","e889f488-8522-5343-a15e-b7f7e33c1704","2026-01-22","sec_filing","10-K",53,2,6,2
"INTC","e889f488-8522-5343-a15e-b7f7e33c1704","2026-01-22","sec_filing","10-K",65,1,6,2
"INTC","e889f488-8522-5343-a15e-b7f7e33c1704","2026-01-22","sec_filing","10-K",22,4,6,0
"INTC","e889f488-8522-5343-a15e-b7f7e33c1704","2026-01-22","sec_filing","10-K",15,3,8,-2
"INTC","e889f488-8522-5343-a15e-b7f7e33c1704","2026-01-22","sec_filing","10-K",145,4,5,1
"INTC","e889f488-8522-5343-a15e-b7f7e33c1704","2026-01-22","sec_filing","10-K",12,6,7,2
"INTC","e889f488-8522-5343-a15e-b7f7e33c1704","2026-01-22","sec_filing","10-K",6,5,3,0
"INTC","e889f488-8522-5343-a15e-b7f7e33c1704","2026-01-22","sec_filing","10-K",344,1,2,0
"INTC","e889f488-8522-5343-a15e-b7f7e33c1704","2026-01-22","sec_filing","10-K",180,5,7,-2
"MU","fd2c01c5-d84c-5d0a-b13a-858112dffa48","2025-10-03","sec_filing","10-K",61,6,6,0
"MU","fd2c01c5-d84c-5d0a-b13a-858112dffa48","2025-10-03","sec_filing","10-K",62,4,8,1
"MU","fd2c01c5-d84c-5d0a-b13a-858112dffa48","2025-10-03","sec_filing","10-K",79,4,7,0
"MU","fd2c01c5-d84c-5d0a-b13a-858112dffa48","2025-10-03","sec_filing","10-K",84,5,4,-2
"MU","fd2c01c5-d84c-5d0a-b13a-858112dffa48","2025-10-03","sec_filing","10-K",97,5,3,-1
"MU","22afdd6c-069b-52e0-8530-9b4cab83b2bd","2026-03-18","sec_filing","10-Q",115,5,3,-2
"MU","22afdd6c-069b-52e0-8530-9b4cab83b2bd","2026-03-18","sec_filing","10-Q",117,5,2,-1
"MU","0e73f08d-279c-5e9f-8fdf-191f5a078d8f","2018-10-15","sec_filing","10-K",7,4,6,2
"MU","fd2c01c5-d84c-5d0a-b13a-858112dffa48","2025-10-03","sec_filing","10-K",6,4,6,2
"MU","fd2c01c5-d84c-5d0a-b13a-858112dffa48","2025-10-03","sec_filing","10-K",8,4,7,2
"MU","fd2c01c5-d84c-5d0a-b13a-858112dffa48","2025-10-03","sec_filing","10-K",99,5,3,-1
"MU","fd2c01c5-d84c-5d0a-b13a-858112dffa48","2025-10-03","sec_filing","10-K",103,5,6,-2
"MU","fd2c01c5-d84c-5d0a-b13a-858112dffa48","2025-10-03","sec_filing","10-K",121,6,9,3
"MU","fd2c01c5-d84c-5d0a-b13a-858112dffa48","2025-10-03","sec_filing","10-K",128,4,8,2
"MU","fd2c01c5-d84c-5d0a-b13a-858112dffa48","2025-10-03","sec_filing","10-K",130,4,8,3
"MU","fd2c01c5-d84c-5d0a-b13a-858112dffa48","2025-10-03","sec_filing","10-K",133,4,9,3
"MU","fd2c01c5-d84c-5d0a-b13a-858112dffa48","2025-10-03","sec_filing","10-K",134,6,6,1
"MU","fd2c01c5-d84c-5d0a-b13a-858112dffa48","2025-10-03","sec_filing","10-K",165,4,6,2
"MU","fd2c01c5-d84c-5d0a-b13a-858112dffa48","2025-10-03","sec_filing","10-K",218,4,6,2
"MU","0b6b8445-a0bd-565d-bc82-48d2043936ff","2024-10-04","sec_filing","10-K",9,6,7,2
"MU","26dddcfe-6009-5f3b-b9d9-a0130b601087","2024-06-27","sec_filing","10-Q",48,4,4,2
"MU","26dddcfe-6009-5f3b-b9d9-a0130b601087","2024-06-27","sec_filing","10-Q",50,4,3,1
"MU","26dddcfe-6009-5f3b-b9d9-a0130b601087","2024-06-27","sec_filing","10-Q",66,4,7,2
"MU","26dddcfe-6009-5f3b-b9d9-a0130b601087","2024-06-27","sec_filing","10-Q",120,5,4,-2
"MU","6dc9cdff-931e-55e5-8da6-ded40cfd42a0","2024-12-18","sec_filing","10-Q",92,5,4,-2
"MU","6dc9cdff-931e-55e5-8da6-ded40cfd42a0","2024-12-18","sec_filing","10-Q",91,5,4,-2
"MU","6dc9cdff-931e-55e5-8da6-ded40cfd42a0","2024-12-18","sec_filing","10-Q",94,5,5,-1
"MU","6dc9cdff-931e-55e5-8da6-ded40cfd42a0","2024-12-18","sec_filing","10-Q",111,5,4,-1
"MU","6dc9cdff-931e-55e5-8da6-ded40cfd42a0","2024-12-18","sec_filing","10-Q",69,6,6,0
"MU","0b6b8445-a0bd-565d-bc82-48d2043936ff","2024-10-04","sec_filing","10-K",10,6,8,2
"MU","0b6b8445-a0bd-565d-bc82-48d2043936ff","2024-10-04","sec_filing","10-K",11,6,7,2
"MU","0b6b8445-a0bd-565d-bc82-48d2043936ff","2024-10-04","sec_filing","10-K",13,4,9,3
"MU","0b6b8445-a0bd-565d-bc82-48d2043936ff","2024-10-04","sec_filing","10-K",15,4,8,3
"MU","0b6b8445-a0bd-565d-bc82-48d2043936ff","2024-10-04","sec_filing","10-K",16,4,7,3
"MU","0b6b8445-a0bd-565d-bc82-48d2043936ff","2024-10-04","sec_filing","10-K",19,6,6,2
"MU","1080ca21-f3d0-5152-95a8-3480a4656b40","2014-10-27","sec_filing","10-K",5,1,2,0
"MU","3b9e2e98-ce6f-53cf-b5ac-1b11e61fc11c","2023-12-21","sec_filing","10-Q",86,5,2,0
"MU","3b9e2e98-ce6f-53cf-b5ac-1b11e61fc11c","2023-12-21","sec_filing","10-Q",88,5,3,-2
"MU","3b9e2e98-ce6f-53cf-b5ac-1b11e61fc11c","2023-12-21","sec_filing","10-Q",107,5,3,-1
"MU","22afdd6c-069b-52e0-8530-9b4cab83b2bd","2026-03-18","sec_filing","10-Q",5,4,5,1
"MU","22afdd6c-069b-52e0-8530-9b4cab83b2bd","2026-03-18","sec_filing","10-Q",41,4,6,2
"MU","22afdd6c-069b-52e0-8530-9b4cab83b2bd","2026-03-18","sec_filing","10-Q",45,4,6,2
"MU","89fad4ec-160b-5090-bba4-56f33f5333d5","2025-06-25","sec_filing","10-Q",64,4,7,3
"MU","34aba5d0-58da-5781-83dd-b6c84c37e428","2023-03-29","sec_filing","10-Q",51,4,6,2
"MU","34aba5d0-58da-5781-83dd-b6c84c37e428","2023-03-29","sec_filing","10-Q",67,4,6,2
"MU","18972ad4-afe3-5d27-97ae-a0007e3d0418","2025-12-17","sec_filing","10-Q",40,1,1,0
"MU","0719348c-ab5b-5e87-8621-aa1880305d01","2022-12-22","sec_filing","10-Q",71,6,6,0
"MU","15ac65f4-e54a-598d-9ea6-97e87d947742","2022-10-07","sec_filing","10-K",17,4,5,2
"MU","15ac65f4-e54a-598d-9ea6-97e87d947742","2022-10-07","sec_filing","10-K",35,3,2,0
"MU","15ac65f4-e54a-598d-9ea6-97e87d947742","2022-10-07","sec_filing","10-K",70,5,2,0
"MU","4417ad87-1aaa-5be7-b484-3670d65e2f52","2023-10-06","sec_filing","10-K",7,4,6,2
"MU","5c6ea7e9-cae8-5452-8108-0f49a37ec1bb","2025-03-20","sec_filing","10-Q",57,4,8,2
"MU","89fad4ec-160b-5090-bba4-56f33f5333d5","2025-06-25","sec_filing","10-Q",111,5,3,-2
"MU","89fad4ec-160b-5090-bba4-56f33f5333d5","2025-06-25","sec_filing","10-Q",113,5,4,-1
"MU","89fad4ec-160b-5090-bba4-56f33f5333d5","2025-06-25","sec_filing","10-Q",130,5,3,-1
"MU","89fad4ec-160b-5090-bba4-56f33f5333d5","2025-06-25","sec_filing","10-Q",57,4,8,3
"MU","8bf594e4-ead8-50ea-b39c-04103f3bf3c8","2026-06-24","sec_filing","10-Q",83,4,8,0
"MU","8bf594e4-ead8-50ea-b39c-04103f3bf3c8","2026-06-24","sec_filing","10-Q",129,5,6,-2
"MU","8bf594e4-ead8-50ea-b39c-04103f3bf3c8","2026-06-24","sec_filing","10-Q",123,5,2,-1
"MU","8bf594e4-ead8-50ea-b39c-04103f3bf3c8","2026-06-24","sec_filing","10-Q",102,4,8,-1
"MU","8bf594e4-ead8-50ea-b39c-04103f3bf3c8","2026-06-24","sec_filing","10-Q",75,5,7,-1
"MU","931e4100-1cf0-5d4c-ade8-a51efe5af977","2022-01-06","sec_filing","10-Q",3,4,3,1
"MU","931e4100-1cf0-5d4c-ade8-a51efe5af977","2022-01-06","sec_filing","10-Q",4,1,2,0
"MU","18972ad4-afe3-5d27-97ae-a0007e3d0418","2025-12-17","sec_filing","10-Q",114,5,2,-1
"MU","22afdd6c-069b-52e0-8530-9b4cab83b2bd","2026-03-18","sec_filing","10-Q",77,6,6,0
"MU","22afdd6c-069b-52e0-8530-9b4cab83b2bd","2026-03-18","sec_filing","10-Q",102,5,3,-1
"MU","22afdd6c-069b-52e0-8530-9b4cab83b2bd","2026-03-18","sec_filing","10-Q",103,5,3,-1
"MU","244b142e-5fdb-5ac8-a05f-76e7d5bbdbea","2014-07-03","sec_filing","10-Q",85,6,1,0
"MU","244b142e-5fdb-5ac8-a05f-76e7d5bbdbea","2014-07-03","sec_filing","10-Q",151,6,2,0
"MU","0e73f08d-279c-5e9f-8fdf-191f5a078d8f","2018-10-15","sec_filing","10-K",138,4,3,1
"MU","3b9e2e98-ce6f-53cf-b5ac-1b11e61fc11c","2023-12-21","sec_filing","10-Q",40,4,6,2
"MU","3b9e2e98-ce6f-53cf-b5ac-1b11e61fc11c","2023-12-21","sec_filing","10-Q",54,6,8,2
"MU","0b6b8445-a0bd-565d-bc82-48d2043936ff","2024-10-04","sec_filing","10-K",32,6,8,2
"MU","0b6b8445-a0bd-565d-bc82-48d2043936ff","2024-10-04","sec_filing","10-K",49,5,3,0
"MU","0b6b8445-a0bd-565d-bc82-48d2043936ff","2024-10-04","sec_filing","10-K",84,5,4,-1
"MU","0b6b8445-a0bd-565d-bc82-48d2043936ff","2024-10-04","sec_filing","10-K",92,5,3,-1
"MU","0b6b8445-a0bd-565d-bc82-48d2043936ff","2024-10-04","sec_filing","10-K",94,5,2,0
"MU","0b6b8445-a0bd-565d-bc82-48d2043936ff","2024-10-04","sec_filing","10-K",101,5,3,-1
"NVDA","ad70ad5e-d0f5-59eb-8498-6bb500bfaccf","2016-03-16","sec_filing","10-K",7,6,8,3
"NVDA","ad70ad5e-d0f5-59eb-8498-6bb500bfaccf","2016-03-16","sec_filing","10-K",11,6,5,1
"NVDA","00b65c37-97c9-596f-a1ad-39c17c610279","2026-02-25","sec_filing","10-K",89,5,9,-3
"NVDA","ad70ad5e-d0f5-59eb-8498-6bb500bfaccf","2016-03-16","sec_filing","10-K",14,6,4,1
"NVDA","ad70ad5e-d0f5-59eb-8498-6bb500bfaccf","2016-03-16","sec_filing","10-K",20,6,4,1
"NVDA","13f004dc-182c-5318-b3af-1f78b304fe6f","2024-02-21","sec_filing","10-K",66,5,4,-2
"NVDA","13f004dc-182c-5318-b3af-1f78b304fe6f","2024-02-21","sec_filing","10-K",86,5,6,-2
"NVDA","13f004dc-182c-5318-b3af-1f78b304fe6f","2024-02-21","sec_filing","10-K",123,4,9,3
"NVDA","13f004dc-182c-5318-b3af-1f78b304fe6f","2024-02-21","sec_filing","10-K",129,4,10,3
"NVDA","10f51f07-a413-582f-9b0d-1591df796236","2017-08-23","sec_filing","10-Q",41,6,6,1
"NVDA","aedef1b8-fe47-5b61-880b-694590e1fa26","2022-03-18","sec_filing","10-K",8,4,9,3
"NVDA","179d4a6e-fd59-5d6d-91a7-1c3ecb1d3342","2025-08-27","sec_filing","10-Q",59,4,9,-1
"NVDA","179d4a6e-fd59-5d6d-91a7-1c3ecb1d3342","2025-08-27","sec_filing","10-Q",58,4,8,2
"NVDA","aedef1b8-fe47-5b61-880b-694590e1fa26","2022-03-18","sec_filing","10-K",34,3,4,1
"NVDA","29e90363-7c6d-525e-9b13-048ee4970d68","2013-03-12","sec_filing","10-K",24,5,4,-1
"NVDA","13f004dc-182c-5318-b3af-1f78b304fe6f","2024-02-21","sec_filing","10-K",7,4,9,2
"NVDA","13f004dc-182c-5318-b3af-1f78b304fe6f","2024-02-21","sec_filing","10-K",76,5,3,-1
"NVDA","bb7d6cc8-ef6f-5817-9350-04bab2929952","2018-02-28","sec_filing","10-K",70,4,8,3
"NVDA","13f004dc-182c-5318-b3af-1f78b304fe6f","2024-02-21","sec_filing","10-K",85,5,6,-1
"NVDA","6c0dce19-3955-59ff-b689-b8536ac11439","2025-02-26","sec_filing","10-K",87,5,6,-2
"NVDA","1843affa-83ab-5648-a873-11b0c30eeb53","2023-05-26","sec_filing","10-Q",91,5,5,-2
"MU","714b2c2b-7fe2-5ac4-9ecb-852a9a75a1a0","2021-01-08","sec_filing","10-Q",48,6,3,0
"NVDA","0f2aa708-c790-5251-a13c-b3196a31fc06","2024-11-20","sec_filing","10-Q",71,4,8,1
"NVDA","3d4eda31-9fc2-5c41-9060-4ef7b8a79008","2024-08-28","sec_filing","10-Q",92,5,8,-2
"NVDA","4f64c4af-93b4-5cfd-8fe6-968c3c202fc6","2017-03-01","sec_filing","10-K",23,6,5,0
"NVDA","5a5d512e-33c9-571f-a091-5395a1198d20","2014-03-12","sec_filing","10-K",12,6,5,1
"NVDA","64145f2b-5d8e-5f42-99f6-74af479f28a6","2014-08-20","sec_filing","10-Q",54,4,3,1
"NVDA","83cbc14a-2704-5d7e-9567-ddbce33572ed","2026-05-20","sec_filing","10-Q",84,5,8,-2
"NVDA","83cbc14a-2704-5d7e-9567-ddbce33572ed","2026-05-20","sec_filing","10-Q",67,4,7,0
"MU","8621c96b-f690-58b0-b238-f625b3fe0b84","2022-06-30","sec_filing","10-Q",3,6,2,0
"MU","8bf594e4-ead8-50ea-b39c-04103f3bf3c8","2026-06-24","sec_filing","10-Q",41,6,6,1
"NVDA","9ad0a4d1-5355-5447-995c-bff94eb15cf2","2015-03-11","sec_filing","10-K",11,6,7,2
"NVDA","bb7d6cc8-ef6f-5817-9350-04bab2929952","2018-02-28","sec_filing","10-K",20,6,7,2
"NVDA","bb7d6cc8-ef6f-5817-9350-04bab2929952","2018-02-28","sec_filing","10-K",12,6,4,1
"NVDA","c47c1879-47b3-56b0-98e6-40c5bafb2a92","2017-11-21","sec_filing","10-Q",49,6,7,3
"NVDA","c468e666-a298-505b-9a26-045b9128d2bd","2020-02-20","sec_filing","10-K",22,1,3,0
"NVDA","c468e666-a298-505b-9a26-045b9128d2bd","2020-02-20","sec_filing","10-K",15,6,9,3
"NVDA","dd418d07-8f0b-557b-bf12-220b13e39d03","2025-05-28","sec_filing","10-Q",70,4,6,0
"NVDA","e07399d2-87d6-5ff7-b5ea-cd4e7ea190a8","2019-02-21","sec_filing","10-K",18,6,8,2
"NVDA","e07399d2-87d6-5ff7-b5ea-cd4e7ea190a8","2019-02-21","sec_filing","10-K",21,6,7,2
"NVDA","e07399d2-87d6-5ff7-b5ea-cd4e7ea190a8","2019-02-21","sec_filing","10-K",12,4,6,2
"NVDA","10f51f07-a413-582f-9b0d-1591df796236","2017-08-23","sec_filing","10-Q",56,4,6,2
"NVDA","29c22484-f9e5-5b9a-a623-0366882d14cd","2019-08-15","sec_filing","10-Q",51,4,5,2
"NVDA","ad70ad5e-d0f5-59eb-8498-6bb500bfaccf","2016-03-16","sec_filing","10-K",10,6,4,1
"NVDA","ad70ad5e-d0f5-59eb-8498-6bb500bfaccf","2016-03-16","sec_filing","10-K",69,6,6,2
"NVDA","13f004dc-182c-5318-b3af-1f78b304fe6f","2024-02-21","sec_filing","10-K",45,5,6,-2
"NVDA","13f004dc-182c-5318-b3af-1f78b304fe6f","2024-02-21","sec_filing","10-K",24,6,4,0
"NVDA","2c6ae2ee-7e66-5a92-8929-6d0e4b9ea760","2023-02-24","sec_filing","10-K",14,6,9,3
"NVDA","00b65c37-97c9-596f-a1ad-39c17c610279","2026-02-25","sec_filing","10-K",102,5,6,-2
"NVDA","aedef1b8-fe47-5b61-880b-694590e1fa26","2022-03-18","sec_filing","10-K",10,4,7,2
"NVDA","fdca90ae-9ba5-56f0-b06a-e71c4e06e3ed","2019-11-14","sec_filing","10-Q",50,1,6,2
"NVDA","ffaeb671-975f-54d2-badf-6bd89649c168","2023-11-21","sec_filing","10-Q",105,5,6,-2
"NVDA","fa6fc1b3-8cbd-5710-8ddd-051d2233e8ac","2017-05-23","sec_filing","10-Q",45,4,4,1
"NVDA","2c6ae2ee-7e66-5a92-8929-6d0e4b9ea760","2023-02-24","sec_filing","10-K",42,5,4,-1
"NVDA","6c0dce19-3955-59ff-b689-b8536ac11439","2025-02-26","sec_filing","10-K",45,6,6,0
"NVDA","6c0dce19-3955-59ff-b689-b8536ac11439","2025-02-26","sec_filing","10-K",29,5,8,-2
"NVDA","ffaeb671-975f-54d2-badf-6bd89649c168","2023-11-21","sec_filing","10-Q",49,5,8,-2
"NVDA","3d4eda31-9fc2-5c41-9060-4ef7b8a79008","2024-08-28","sec_filing","10-Q",40,4,6,1
"NVDA","3d4eda31-9fc2-5c41-9060-4ef7b8a79008","2024-08-28","sec_filing","10-Q",58,4,9,3
"NVDA","ffaeb671-975f-54d2-badf-6bd89649c168","2023-11-21","sec_filing","10-Q",76,5,6,-1
"NVDA","00b65c37-97c9-596f-a1ad-39c17c610279","2026-02-25","sec_filing","10-K",145,1,7,1
"NVDA","aedef1b8-fe47-5b61-880b-694590e1fa26","2022-03-18","sec_filing","10-K",15,6,8,3
"NVDA","aedef1b8-fe47-5b61-880b-694590e1fa26","2022-03-18","sec_filing","10-K",18,6,6,2
"NVDA","6c0dce19-3955-59ff-b689-b8536ac11439","2025-02-26","sec_filing","10-K",21,6,8,3
"NVDA","7fa530a5-5a2b-5b91-80b9-943418126383","2021-02-26","sec_filing","10-K",21,6,8,2
"NVDA","00b65c37-97c9-596f-a1ad-39c17c610279","2026-02-25","sec_filing","10-K",103,5,6,-2
"NVDA","2c6ae2ee-7e66-5a92-8929-6d0e4b9ea760","2023-02-24","sec_filing","10-K",20,4,9,3
"NVDA","2c6ae2ee-7e66-5a92-8929-6d0e4b9ea760","2023-02-24","sec_filing","10-K",105,2,6,0
"NVDA","aedef1b8-fe47-5b61-880b-694590e1fa26","2022-03-18","sec_filing","10-K",22,6,6,2
"NVDA","452f2855-0328-5fdd-a2d6-cd4793fb1528","2018-08-16","sec_filing","10-Q",46,4,5,2
"NVDA","48b9f120-88e0-5ea5-84c1-e8b2ebfc2c2c","2024-05-29","sec_filing","10-Q",50,4,9,3
"NVDA","4f64c4af-93b4-5cfd-8fe6-968c3c202fc6","2017-03-01","sec_filing","10-K",16,6,6,2
"NVDA","4f64c4af-93b4-5cfd-8fe6-968c3c202fc6","2017-03-01","sec_filing","10-K",84,4,8,3
"NVDA","5a5d512e-33c9-571f-a091-5395a1198d20","2014-03-12","sec_filing","10-K",14,2,3,1
"NVDA","5a5d512e-33c9-571f-a091-5395a1198d20","2014-03-12","sec_filing","10-K",8,6,4,1
"NVDA","7fa530a5-5a2b-5b91-80b9-943418126383","2021-02-26","sec_filing","10-K",32,3,4,1
"NVDA","83cbc14a-2704-5d7e-9567-ddbce33572ed","2026-05-20","sec_filing","10-Q",53,2,7,1
"NVDA","8b98b892-759b-5244-89aa-3470503fab29","2026-08-26","sec_filing","10-Q",45,4,5,1
"NVDA","8b98b892-759b-5244-89aa-3470503fab29","2026-08-26","sec_filing","10-Q",60,5,7,-3
"NVDA","8b98b892-759b-5244-89aa-3470503fab29","2026-08-26","sec_filing","10-Q",91,5,8,-3
"NVDA","8b98b892-759b-5244-89aa-3470503fab29","2026-08-26","sec_filing","10-Q",29,6,4,0
"NVDA","9ad0a4d1-5355-5447-995c-bff94eb15cf2","2015-03-11","sec_filing","10-K",80,4,5,2
"NVDA","9ad0a4d1-5355-5447-995c-bff94eb15cf2","2015-03-11","sec_filing","10-K",10,4,6,2
"NVDA","aedef1b8-fe47-5b61-880b-694590e1fa26","2022-03-18","sec_filing","10-K",80,5,4,-2
"NVDA","bb7d6cc8-ef6f-5817-9350-04bab2929952","2018-02-28","sec_filing","10-K",33,6,6,0
"NVDA","bb7d6cc8-ef6f-5817-9350-04bab2929952","2018-02-28","sec_filing","10-K",21,6,4,1
"NVDA","bb7d6cc8-ef6f-5817-9350-04bab2929952","2018-02-28","sec_filing","10-K",15,4,6,2
"NVDA","bb7d6cc8-ef6f-5817-9350-04bab2929952","2018-02-28","sec_filing","10-K",10,6,6,2
"NVDA","c47c1879-47b3-56b0-98e6-40c5bafb2a92","2017-11-21","sec_filing","10-Q",46,4,5,2
"NVDA","c468e666-a298-505b-9a26-045b9128d2bd","2020-02-20","sec_filing","10-K",9,4,8,3
"NVDA","c468e666-a298-505b-9a26-045b9128d2bd","2020-02-20","sec_filing","10-K",11,6,5,1
"NVDA","c468e666-a298-505b-9a26-045b9128d2bd","2020-02-20","sec_filing","10-K",21,6,7,2
"NVDA","e07399d2-87d6-5ff7-b5ea-cd4e7ea190a8","2019-02-21","sec_filing","10-K",33,6,6,0
"NVDA","e07399d2-87d6-5ff7-b5ea-cd4e7ea190a8","2019-02-21","sec_filing","10-K",13,4,6,2
"NVDA","e0c35d06-f4cf-56d9-84a6-4049fd8c39a6","2025-11-19","sec_filing","10-Q",41,4,9,2
"NVDA","e0c35d06-f4cf-56d9-84a6-4049fd8c39a6","2025-11-19","sec_filing","10-Q",53,5,7,-1
"NVDA","e0c35d06-f4cf-56d9-84a6-4049fd8c39a6","2025-11-19","sec_filing","10-Q",54,4,10,3
"NVDA","13f004dc-182c-5318-b3af-1f78b304fe6f","2024-02-21","sec_filing","10-K",139,4,9,3
"NVDA","fa6fc1b3-8cbd-5710-8ddd-051d2233e8ac","2017-05-23","sec_filing","10-Q",49,4,6,2
"NVDA","6c0dce19-3955-59ff-b689-b8536ac11439","2025-02-26","sec_filing","10-K",145,4,9,3
"NVDA","13f004dc-182c-5318-b3af-1f78b304fe6f","2024-02-21","sec_filing","10-K",49,4,9,3
"NVDA","0f2aa708-c790-5251-a13c-b3196a31fc06","2024-11-20","sec_filing","10-Q",53,4,9,3
"NVDA","6c0dce19-3955-59ff-b689-b8536ac11439","2025-02-26","sec_filing","10-K",226,4,7,2
"NVDA","30c12e12-584a-5efa-93e7-e5e8b01ff7b2","2018-05-22","sec_filing","10-Q",44,4,6,2
"NVDA","3d4eda31-9fc2-5c41-9060-4ef7b8a79008","2024-08-28","sec_filing","10-Q",84,5,5,-1
"NVDA","ffaeb671-975f-54d2-badf-6bd89649c168","2023-11-21","sec_filing","10-Q",78,4,9,1
"NVDA","10f51f07-a413-582f-9b0d-1591df796236","2017-08-23","sec_filing","10-Q",57,2,6,2
"NVDA","30c12e12-584a-5efa-93e7-e5e8b01ff7b2","2018-05-22","sec_filing","10-Q",47,6,6,2
"NVDA","3d4eda31-9fc2-5c41-9060-4ef7b8a79008","2024-08-28","sec_filing","10-Q",49,5,8,-3
"NVDA","10f51f07-a413-582f-9b0d-1591df796236","2017-08-23","sec_filing","10-Q",49,4,7,3
"NVDA","29e90363-7c6d-525e-9b13-048ee4970d68","2013-03-12","sec_filing","10-K",103,6,5,2
"NVDA","13f004dc-182c-5318-b3af-1f78b304fe6f","2024-02-21","sec_filing","10-K",48,4,6,1
"NVDA","6c0dce19-3955-59ff-b689-b8536ac11439","2025-02-26","sec_filing","10-K",46,5,7,-2
"NVDA","3d4eda31-9fc2-5c41-9060-4ef7b8a79008","2024-08-28","sec_filing","10-Q",61,2,8,3
"NVDA","179d4a6e-fd59-5d6d-91a7-1c3ecb1d3342","2025-08-27","sec_filing","10-Q",77,5,6,-2
"NVDA","13f004dc-182c-5318-b3af-1f78b304fe6f","2024-02-21","sec_filing","10-K",122,4,8,2
"NVDA","179d4a6e-fd59-5d6d-91a7-1c3ecb1d3342","2025-08-27","sec_filing","10-Q",56,4,9,3
"NVDA","179d4a6e-fd59-5d6d-91a7-1c3ecb1d3342","2025-08-27","sec_filing","10-Q",49,4,9,1
"NVDA","179d4a6e-fd59-5d6d-91a7-1c3ecb1d3342","2025-08-27","sec_filing","10-Q",78,5,7,-2
"NVDA","3d4eda31-9fc2-5c41-9060-4ef7b8a79008","2024-08-28","sec_filing","10-Q",87,5,7,-2
"NVDA","ffaeb671-975f-54d2-badf-6bd89649c168","2023-11-21","sec_filing","10-Q",46,6,6,0
"NVDA","83cbc14a-2704-5d7e-9567-ddbce33572ed","2026-05-20","sec_filing","10-Q",85,5,8,-3
"NVDA","0f2aa708-c790-5251-a13c-b3196a31fc06","2024-11-20","sec_filing","10-Q",81,5,6,-2
"NVDA","30c12e12-584a-5efa-93e7-e5e8b01ff7b2","2018-05-22","sec_filing","10-Q",49,4,7,3
"NVDA","00b65c37-97c9-596f-a1ad-39c17c610279","2026-02-25","sec_filing","10-K",27,5,8,-2
"NVDA","13f004dc-182c-5318-b3af-1f78b304fe6f","2024-02-21","sec_filing","10-K",131,4,6,2
"NVDA","ffaeb671-975f-54d2-badf-6bd89649c168","2023-11-21","sec_filing","10-Q",31,6,5,0
"NVDA","0f2aa708-c790-5251-a13c-b3196a31fc06","2024-11-20","sec_filing","10-Q",35,1,1,0
"NVDA","0f2aa708-c790-5251-a13c-b3196a31fc06","2024-11-20","sec_filing","10-Q",42,4,8,3
"NVDA","0f2aa708-c790-5251-a13c-b3196a31fc06","2024-11-20","sec_filing","10-Q",47,4,9,2
"NVDA","0f2aa708-c790-5251-a13c-b3196a31fc06","2024-11-20","sec_filing","10-Q",48,6,6,0
"NVDA","fa6fc1b3-8cbd-5710-8ddd-051d2233e8ac","2017-05-23","sec_filing","10-Q",48,6,5,2
"NVDA","179d4a6e-fd59-5d6d-91a7-1c3ecb1d3342","2025-08-27","sec_filing","10-Q",53,4,10,3
"NVDA","3d4eda31-9fc2-5c41-9060-4ef7b8a79008","2024-08-28","sec_filing","10-Q",50,5,8,-2
"NVDA","48b9f120-88e0-5ea5-84c1-e8b2ebfc2c2c","2024-05-29","sec_filing","10-Q",87,5,8,-3
"NVDA","48b9f120-88e0-5ea5-84c1-e8b2ebfc2c2c","2024-05-29","sec_filing","10-Q",43,4,10,3
"NVDA","48b9f120-88e0-5ea5-84c1-e8b2ebfc2c2c","2024-05-29","sec_filing","10-Q",83,5,7,-2
"NVDA","4f64c4af-93b4-5cfd-8fe6-968c3c202fc6","2017-03-01","sec_filing","10-K",19,2,3,0
"NVDA","57065ce8-9a47-5dda-acba-91c6432fdca8","2020-08-19","sec_filing","10-Q",44,4,4,1
"NVDA","83cbc14a-2704-5d7e-9567-ddbce33572ed","2026-05-20","sec_filing","10-Q",86,5,7,-2
"NVDA","83cbc14a-2704-5d7e-9567-ddbce33572ed","2026-05-20","sec_filing","10-Q",79,5,8,-3
"NVDA","8b98b892-759b-5244-89aa-3470503fab29","2026-08-26","sec_filing","10-Q",85,5,7,-2
"NVDA","8b98b892-759b-5244-89aa-3470503fab29","2026-08-26","sec_filing","10-Q",62,4,10,3
"NVDA","8efe5467-d363-5169-8fcd-ec221a07fc09","2021-05-26","sec_filing","10-Q",50,6,6,2
"NVDA","9ad0a4d1-5355-5447-995c-bff94eb15cf2","2015-03-11","sec_filing","10-K",15,6,3,0
"NVDA","a420f2c3-69a0-53f5-8244-f45c4c97d86b","2022-08-31","sec_filing","10-Q",54,4,8,2
"NVDA","a82c94b1-d722-5d79-9a3e-0f0b77289bfa","2022-11-18","sec_filing","10-Q",42,6,6,0
"NVDA","ad70ad5e-d0f5-59eb-8498-6bb500bfaccf","2016-03-16","sec_filing","10-K",86,4,4,1
"NVDA","ad70ad5e-d0f5-59eb-8498-6bb500bfaccf","2016-03-16","sec_filing","10-K",15,4,6,2
"NVDA","aedef1b8-fe47-5b61-880b-694590e1fa26","2022-03-18","sec_filing","10-K",14,6,8,2
"NVDA","c468e666-a298-505b-9a26-045b9128d2bd","2020-02-20","sec_filing","10-K",16,4,8,3
"NVDA","d217f4b1-f391-5895-bf80-d0ce63e17575","2021-11-20","sec_filing","10-Q",56,6,6,2
"NVDA","d217f4b1-f391-5895-bf80-d0ce63e17575","2021-11-20","sec_filing","10-Q",43,4,6,2
"NVDA","d771a7ca-4247-5fb4-985b-4c78bdd15560","2012-03-13","sec_filing","10-K",13,6,6,2
"NVDA","dd418d07-8f0b-557b-bf12-220b13e39d03","2025-05-28","sec_filing","10-Q",36,4,6,1
"NVDA","e07399d2-87d6-5ff7-b5ea-cd4e7ea190a8","2019-02-21","sec_filing","10-K",9,4,8,3
"NVDA","e07399d2-87d6-5ff7-b5ea-cd4e7ea190a8","2019-02-21","sec_filing","10-K",74,4,5,0
"NVDA","e0c35d06-f4cf-56d9-84a6-4049fd8c39a6","2025-11-19","sec_filing","10-Q",92,5,8,-3
"NVDA","e0c35d06-f4cf-56d9-84a6-4049fd8c39a6","2025-11-19","sec_filing","10-Q",100,5,8,-2
"NVDA","30c12e12-584a-5efa-93e7-e5e8b01ff7b2","2018-05-22","sec_filing","10-Q",43,4,7,2
"NVDA","179d4a6e-fd59-5d6d-91a7-1c3ecb1d3342","2025-08-27","sec_filing","10-Q",44,4,9,3
"NVDA","ffaeb671-975f-54d2-badf-6bd89649c168","2023-11-21","sec_filing","10-Q",56,4,9,3
"NVDA","00b65c37-97c9-596f-a1ad-39c17c610279","2026-02-25","sec_filing","10-K",22,6,7,2
"NVDA","13f004dc-182c-5318-b3af-1f78b304fe6f","2024-02-21","sec_filing","10-K",16,6,6,2
"NVDA","2c6ae2ee-7e66-5a92-8929-6d0e4b9ea760","2023-02-24","sec_filing","10-K",12,4,9,3
"NVDA","1843affa-83ab-5648-a873-11b0c30eeb53","2023-05-26","sec_filing","10-Q",82,5,7,-2
"NVDA","29c22484-f9e5-5b9a-a623-0366882d14cd","2019-08-15","sec_filing","10-Q",37,4,5,1
"NVDA","29c22484-f9e5-5b9a-a623-0366882d14cd","2019-08-15","sec_filing","10-Q",45,4,6,1
"NVDA","29c22484-f9e5-5b9a-a623-0366882d14cd","2019-08-15","sec_filing","10-Q",52,4,6,-1
"NVDA","2c6ae2ee-7e66-5a92-8929-6d0e4b9ea760","2023-02-24","sec_filing","10-K",82,5,9,-3
"NVDA","2c6ae2ee-7e66-5a92-8929-6d0e4b9ea760","2023-02-24","sec_filing","10-K",86,5,6,-1
"NVDA","ad70ad5e-d0f5-59eb-8498-6bb500bfaccf","2016-03-16","sec_filing","10-K",87,4,3,1
"NVDA","2c6ae2ee-7e66-5a92-8929-6d0e4b9ea760","2023-02-24","sec_filing","10-K",90,5,3,-1
"NVDA","13f004dc-182c-5318-b3af-1f78b304fe6f","2024-02-21","sec_filing","10-K",126,5,9,-3
"NVDA","13f004dc-182c-5318-b3af-1f78b304fe6f","2024-02-21","sec_filing","10-K",101,5,6,-2
"NVDA","6c0dce19-3955-59ff-b689-b8536ac11439","2025-02-26","sec_filing","10-K",132,5,8,-2
"NVDA","00b65c37-97c9-596f-a1ad-39c17c610279","2026-02-25","sec_filing","10-K",88,5,8,-3
"NVDA","13f004dc-182c-5318-b3af-1f78b304fe6f","2024-02-21","sec_filing","10-K",10,6,9,3
"NVDA","6c0dce19-3955-59ff-b689-b8536ac11439","2025-02-26","sec_filing","10-K",50,4,8,1
"NVDA","6c0dce19-3955-59ff-b689-b8536ac11439","2025-02-26","sec_filing","10-K",97,5,9,-3
"NVDA","6f604f3a-8799-5077-9f12-2124b4535a92","2020-11-18","sec_filing","10-Q",55,4,9,3
"NVDA","29c22484-f9e5-5b9a-a623-0366882d14cd","2019-08-15","sec_filing","10-Q",47,6,7,2
"NVDA","0f2aa708-c790-5251-a13c-b3196a31fc06","2024-11-20","sec_filing","10-Q",91,5,8,-3
"NVDA","3aa3e8f7-8b9e-5a2a-abc4-91dc9778a963","2012-08-22","sec_filing","10-Q",88,5,7,-2
"NVDA","0f2aa708-c790-5251-a13c-b3196a31fc06","2024-11-20","sec_filing","10-Q",72,5,7,0
"NVDA","0f2aa708-c790-5251-a13c-b3196a31fc06","2024-11-20","sec_filing","10-Q",80,5,5,-1
"NVDA","0f2aa708-c790-5251-a13c-b3196a31fc06","2024-11-20","sec_filing","10-Q",82,5,8,-2
"NVDA","0f2aa708-c790-5251-a13c-b3196a31fc06","2024-11-20","sec_filing","10-Q",84,5,9,-3
"NVDA","0f2aa708-c790-5251-a13c-b3196a31fc06","2024-11-20","sec_filing","10-Q",87,5,9,-3
"NVDA","0f2aa708-c790-5251-a13c-b3196a31fc06","2024-11-20","sec_filing","10-Q",89,5,8,-3
"NVDA","13f004dc-182c-5318-b3af-1f78b304fe6f","2024-02-21","sec_filing","10-K",58,5,5,-2
"NVDA","fdca90ae-9ba5-56f0-b06a-e71c4e06e3ed","2019-11-14","sec_filing","10-Q",42,1,3,0
"NVDA","179d4a6e-fd59-5d6d-91a7-1c3ecb1d3342","2025-08-27","sec_filing","10-Q",50,5,8,-2
"NVDA","1843affa-83ab-5648-a873-11b0c30eeb53","2023-05-26","sec_filing","10-Q",37,4,6,1
"NVDA","fa6fc1b3-8cbd-5710-8ddd-051d2233e8ac","2017-05-23","sec_filing","10-Q",46,4,8,3
"NVDA","4131fc5a-c19e-53c1-9732-68ec067db168","2023-08-25","sec_filing","10-Q",52,4,8,3
"NVDA","4131fc5a-c19e-53c1-9732-68ec067db168","2023-08-25","sec_filing","10-Q",95,5,8,-2
"NVDA","48b9f120-88e0-5ea5-84c1-e8b2ebfc2c2c","2024-05-29","sec_filing","10-Q",47,5,8,-2
"NVDA","4f64c4af-93b4-5cfd-8fe6-968c3c202fc6","2017-03-01","sec_filing","10-K",10,6,4,1
"NVDA","4f64c4af-93b4-5cfd-8fe6-968c3c202fc6","2017-03-01","sec_filing","10-K",15,6,8,2
"NVDA","4f64c4af-93b4-5cfd-8fe6-968c3c202fc6","2017-03-01","sec_filing","10-K",67,4,5,2
"NVDA","64d6f21e-3c6a-574f-a02f-11aad0542d7f","2015-05-20","sec_filing","10-Q",35,6,3,0
"NVDA","64d6f21e-3c6a-574f-a02f-11aad0542d7f","2015-05-20","sec_filing","10-Q",36,6,2,0
"NVDA","7fa530a5-5a2b-5b91-80b9-943418126383","2021-02-26","sec_filing","10-K",94,4,9,3
"NVDA","83cbc14a-2704-5d7e-9567-ddbce33572ed","2026-05-20","sec_filing","10-Q",82,5,9,-3
"NVDA","83cbc14a-2704-5d7e-9567-ddbce33572ed","2026-05-20","sec_filing","10-Q",77,5,8,-2
"NVDA","8b98b892-759b-5244-89aa-3470503fab29","2026-08-26","sec_filing","10-Q",84,5,7,-2
"NVDA","8b98b892-759b-5244-89aa-3470503fab29","2026-08-26","sec_filing","10-Q",59,1,8,2
"NVDA","8efe5467-d363-5169-8fcd-ec221a07fc09","2021-05-26","sec_filing","10-Q",41,4,5,1
"NVDA","97e75168-0d6a-526d-8011-9cf9fd20ea6e","2016-08-23","sec_filing","10-Q",50,4,7,3
"NVDA","9ad0a4d1-5355-5447-995c-bff94eb15cf2","2015-03-11","sec_filing","10-K",59,4,5,1
"NVDA","a420f2c3-69a0-53f5-8244-f45c4c97d86b","2022-08-31","sec_filing","10-Q",91,5,3,-1
"NVDA","bb7d6cc8-ef6f-5817-9350-04bab2929952","2018-02-28","sec_filing","10-K",73,6,7,2
"NVDA","dd418d07-8f0b-557b-bf12-220b13e39d03","2025-05-28","sec_filing","10-Q",54,4,7,1
"NVDA","dd418d07-8f0b-557b-bf12-220b13e39d03","2025-05-28","sec_filing","10-Q",83,5,9,-3
"NVDA","e07399d2-87d6-5ff7-b5ea-cd4e7ea190a8","2019-02-21","sec_filing","10-K",10,6,6,1
"NVDA","e07399d2-87d6-5ff7-b5ea-cd4e7ea190a8","2019-02-21","sec_filing","10-K",6,4,8,2
"NVDA","e0c35d06-f4cf-56d9-84a6-4049fd8c39a6","2025-11-19","sec_filing","10-Q",45,4,8,1
"NVDA","13f004dc-182c-5318-b3af-1f78b304fe6f","2024-02-21","sec_filing","10-K",67,5,3,-2
"NVDA","00b65c37-97c9-596f-a1ad-39c17c610279","2026-02-25","sec_filing","10-K",129,4,9,1
"NVDA","00b65c37-97c9-596f-a1ad-39c17c610279","2026-02-25","sec_filing","10-K",14,6,9,3
"NVDA","ad70ad5e-d0f5-59eb-8498-6bb500bfaccf","2016-03-16","sec_filing","10-K",17,4,3,0
"NVDA","13f004dc-182c-5318-b3af-1f78b304fe6f","2024-02-21","sec_filing","10-K",9,6,7,2
"NVDA","ffaeb671-975f-54d2-badf-6bd89649c168","2023-11-21","sec_filing","10-Q",54,4,9,3
"NVDA","fdca90ae-9ba5-56f0-b06a-e71c4e06e3ed","2019-11-14","sec_filing","10-Q",54,6,6,2
"NVDA","0f2aa708-c790-5251-a13c-b3196a31fc06","2024-11-20","sec_filing","10-Q",33,4,9,2
"NVDA","aedef1b8-fe47-5b61-880b-694590e1fa26","2022-03-18","sec_filing","10-K",28,5,5,-1
"NVDA","68860c45-5a25-5694-9d70-c116f5062adc","2018-11-15","sec_filing","10-Q",39,6,5,0
"NVDA","6c0dce19-3955-59ff-b689-b8536ac11439","2025-02-26","sec_filing","10-K",106,5,6,-2
"NVDA","00b65c37-97c9-596f-a1ad-39c17c610279","2026-02-25","sec_filing","10-K",106,5,4,-1
"NVDA","aedef1b8-fe47-5b61-880b-694590e1fa26","2022-03-18","sec_filing","10-K",49,5,6,-2
"NVDA","13f004dc-182c-5318-b3af-1f78b304fe6f","2024-02-21","sec_filing","10-K",12,4,8,3
"NVDA","13f004dc-182c-5318-b3af-1f78b304fe6f","2024-02-21","sec_filing","10-K",26,5,6,-2
"NVDA","179d4a6e-fd59-5d6d-91a7-1c3ecb1d3342","2025-08-27","sec_filing","10-Q",90,5,8,-2
"NVDA","30c12e12-584a-5efa-93e7-e5e8b01ff7b2","2018-05-22","sec_filing","10-Q",45,4,6,2
"NVDA","fdca90ae-9ba5-56f0-b06a-e71c4e06e3ed","2019-11-14","sec_filing","10-Q",51,6,5,1
"NVDA","ffaeb671-975f-54d2-badf-6bd89649c168","2023-11-21","sec_filing","10-Q",106,5,6,-2
"NVDA","b13c800c-a470-5736-921c-7d9b41a171ad","2013-08-21","sec_filing","10-Q",55,6,3,1
"NVDA","fdca90ae-9ba5-56f0-b06a-e71c4e06e3ed","2019-11-14","sec_filing","10-Q",52,6,6,2
"NVDA","6c0dce19-3955-59ff-b689-b8536ac11439","2025-02-26","sec_filing","10-K",12,4,8,3
"NVDA","3d4eda31-9fc2-5c41-9060-4ef7b8a79008","2024-08-28","sec_filing","10-Q",39,6,5,0
"NVDA","3d4eda31-9fc2-5c41-9060-4ef7b8a79008","2024-08-28","sec_filing","10-Q",74,4,7,0
"NVDA","13f004dc-182c-5318-b3af-1f78b304fe6f","2024-02-21","sec_filing","10-K",100,5,6,-2
"NVDA","2c6ae2ee-7e66-5a92-8929-6d0e4b9ea760","2023-02-24","sec_filing","10-K",28,5,6,-1
"NVDA","00b65c37-97c9-596f-a1ad-39c17c610279","2026-02-25","sec_filing","10-K",23,4,8,3
"NVDA","b13c800c-a470-5736-921c-7d9b41a171ad","2013-08-21","sec_filing","10-Q",86,5,5,-1
"NVDA","c47c1879-47b3-56b0-98e6-40c5bafb2a92","2017-11-21","sec_filing","10-Q",56,4,7,2
"NVDA","00b65c37-97c9-596f-a1ad-39c17c610279","2026-02-25","sec_filing","10-K",128,4,10,3
"NVDA","00b65c37-97c9-596f-a1ad-39c17c610279","2026-02-25","sec_filing","10-K",126,5,9,-2
"NVDA","00b65c37-97c9-596f-a1ad-39c17c610279","2026-02-25","sec_filing","10-K",13,4,8,2
"NVDA","00b65c37-97c9-596f-a1ad-39c17c610279","2026-02-25","sec_filing","10-K",32,5,8,-3
"NVDA","00b65c37-97c9-596f-a1ad-39c17c610279","2026-02-25","sec_filing","10-K",224,4,7,1
"NVDA","00b65c37-97c9-596f-a1ad-39c17c610279","2026-02-25","sec_filing","10-K",9,6,8,2
"NVDA","00b65c37-97c9-596f-a1ad-39c17c610279","2026-02-25","sec_filing","10-K",50,6,7,0
"NVDA","00b65c37-97c9-596f-a1ad-39c17c610279","2026-02-25","sec_filing","10-K",19,6,10,3
"NVDA","452f2855-0328-5fdd-a2d6-cd4793fb1528","2018-08-16","sec_filing","10-Q",51,4,6,2
"NVDA","452f2855-0328-5fdd-a2d6-cd4793fb1528","2018-08-16","sec_filing","10-Q",48,6,5,2
"NVDA","48b9f120-88e0-5ea5-84c1-e8b2ebfc2c2c","2024-05-29","sec_filing","10-Q",68,6,8,0
"NVDA","70b70835-b4ba-5298-ab9f-53b4b95b7732","2022-05-27","sec_filing","10-Q",46,6,6,2
"NVDA","7fa530a5-5a2b-5b91-80b9-943418126383","2021-02-26","sec_filing","10-K",7,4,9,2
"NVDA","83cbc14a-2704-5d7e-9567-ddbce33572ed","2026-05-20","sec_filing","10-Q",36,4,8,2
"NVDA","83cbc14a-2704-5d7e-9567-ddbce33572ed","2026-05-20","sec_filing","10-Q",38,4,9,3
"NVDA","877ecd2f-2639-57e6-80e4-48e9a8b0126f","2015-11-18","sec_filing","10-Q",51,6,4,2
"NVDA","8b98b892-759b-5244-89aa-3470503fab29","2026-08-26","sec_filing","10-Q",49,4,8,2
"NVDA","8d2cf62c-3276-5bb1-b4b7-95030265b7e5","2015-08-19","sec_filing","10-Q",38,6,3,0
"NVDA","8efe5467-d363-5169-8fcd-ec221a07fc09","2021-05-26","sec_filing","10-Q",48,4,8,3
"NVDA","8efe5467-d363-5169-8fcd-ec221a07fc09","2021-05-26","sec_filing","10-Q",51,4,6,2
"NVDA","90b395b7-3f9c-5a6c-8b91-0cb34cb8e472","2016-11-22","sec_filing","10-Q",52,4,5,1
"NVDA","97e75168-0d6a-526d-8011-9cf9fd20ea6e","2016-08-23","sec_filing","10-Q",55,4,6,2
"NVDA","a82c94b1-d722-5d79-9a3e-0f0b77289bfa","2022-11-18","sec_filing","10-Q",77,5,5,-1
"NVDA","a82c94b1-d722-5d79-9a3e-0f0b77289bfa","2022-11-18","sec_filing","10-Q",52,4,8,1
"NVDA","c47c1879-47b3-56b0-98e6-40c5bafb2a92","2017-11-21","sec_filing","10-Q",50,1,6,2
"NVDA","d217f4b1-f391-5895-bf80-d0ce63e17575","2021-11-20","sec_filing","10-Q",47,1,6,1
"NVDA","d217f4b1-f391-5895-bf80-d0ce63e17575","2021-11-20","sec_filing","10-Q",57,4,8,3
"NVDA","dd418d07-8f0b-557b-bf12-220b13e39d03","2025-05-28","sec_filing","10-Q",44,4,6,1
"NVDA","dd418d07-8f0b-557b-bf12-220b13e39d03","2025-05-28","sec_filing","10-Q",47,5,7,-1
"NVDA","e0c35d06-f4cf-56d9-84a6-4049fd8c39a6","2025-11-19","sec_filing","10-Q",33,1,7,2
"NVDA","e0c35d06-f4cf-56d9-84a6-4049fd8c39a6","2025-11-19","sec_filing","10-Q",52,5,9,-2
"NVDA","e0c35d06-f4cf-56d9-84a6-4049fd8c39a6","2025-11-19","sec_filing","10-Q",77,4,6,0
"NVDA","00b65c37-97c9-596f-a1ad-39c17c610279","2026-02-25","sec_filing","10-K",43,5,5,-1
"NVDA","00b65c37-97c9-596f-a1ad-39c17c610279","2026-02-25","sec_filing","10-K",17,6,7,2
"NVDA","00b65c37-97c9-596f-a1ad-39c17c610279","2026-02-25","sec_filing","10-K",41,5,6,-1
"NVDA","00b65c37-97c9-596f-a1ad-39c17c610279","2026-02-25","sec_filing","10-K",51,5,6,-2
"NVDA","68860c45-5a25-5694-9d70-c116f5062adc","2018-11-15","sec_filing","10-Q",51,6,6,2
"NVDA","ffaeb671-975f-54d2-badf-6bd89649c168","2023-11-21","sec_filing","10-Q",48,5,7,-2
"NVDA","ad70ad5e-d0f5-59eb-8498-6bb500bfaccf","2016-03-16","sec_filing","10-K",13,6,6,2
"NVDA","13f004dc-182c-5318-b3af-1f78b304fe6f","2024-02-21","sec_filing","10-K",97,5,8,-3
"NVDA","2c6ae2ee-7e66-5a92-8929-6d0e4b9ea760","2023-02-24","sec_filing","10-K",27,5,6,-1
"NVDA","00b65c37-97c9-596f-a1ad-39c17c610279","2026-02-25","sec_filing","10-K",87,5,8,-2
"NVDA","00b65c37-97c9-596f-a1ad-39c17c610279","2026-02-25","sec_filing","10-K",84,5,4,-1
"NVDA","00b65c37-97c9-596f-a1ad-39c17c610279","2026-02-25","sec_filing","10-K",97,5,8,-3
"NVDA","00b65c37-97c9-596f-a1ad-39c17c610279","2026-02-25","sec_filing","10-K",95,5,8,-3
"NVDA","68860c45-5a25-5694-9d70-c116f5062adc","2018-11-15","sec_filing","10-Q",53,4,7,2
"NVDA","0f2aa708-c790-5251-a13c-b3196a31fc06","2024-11-20","sec_filing","10-Q",57,4,10,3
"NVDA","10f51f07-a413-582f-9b0d-1591df796236","2017-08-23","sec_filing","10-Q",53,6,6,2
"NVDA","13f004dc-182c-5318-b3af-1f78b304fe6f","2024-02-21","sec_filing","10-K",44,6,7,0
"NVDA","00b65c37-97c9-596f-a1ad-39c17c610279","2026-02-25","sec_filing","10-K",18,6,7,2
"NVDA","00b65c37-97c9-596f-a1ad-39c17c610279","2026-02-25","sec_filing","10-K",8,4,9,3
"NVDA","3d4eda31-9fc2-5c41-9060-4ef7b8a79008","2024-08-28","sec_filing","10-Q",53,4,10,3
"NVDA","aedef1b8-fe47-5b61-880b-694590e1fa26","2022-03-18","sec_filing","10-K",13,1,7,2
"NVDA","ffaeb671-975f-54d2-badf-6bd89649c168","2023-11-21","sec_filing","10-Q",41,4,8,2
"NVDA","6c0dce19-3955-59ff-b689-b8536ac11439","2025-02-26","sec_filing","10-K",74,5,3,-1
"NVDA","2c6ae2ee-7e66-5a92-8929-6d0e4b9ea760","2023-02-24","sec_filing","10-K",30,5,8,-2
"NVDA","00b65c37-97c9-596f-a1ad-39c17c610279","2026-02-25","sec_filing","10-K",137,4,8,2
"NVDA","00b65c37-97c9-596f-a1ad-39c17c610279","2026-02-25","sec_filing","10-K",138,4,9,-1
"NVDA","2c6ae2ee-7e66-5a92-8929-6d0e4b9ea760","2023-02-24","sec_filing","10-K",107,5,8,-2
"NVDA","13f004dc-182c-5318-b3af-1f78b304fe6f","2024-02-21","sec_filing","10-K",125,4,8,1
"NVDA","00b65c37-97c9-596f-a1ad-39c17c610279","2026-02-25","sec_filing","10-K",15,4,8,2
"NVDA","fa6fc1b3-8cbd-5710-8ddd-051d2233e8ac","2017-05-23","sec_filing","10-Q",44,4,6,1
"NVDA","1843affa-83ab-5648-a873-11b0c30eeb53","2023-05-26","sec_filing","10-Q",68,5,4,-1
"NVDA","48b9f120-88e0-5ea5-84c1-e8b2ebfc2c2c","2024-05-29","sec_filing","10-Q",45,6,7,1
"NVDA","48b9f120-88e0-5ea5-84c1-e8b2ebfc2c2c","2024-05-29","sec_filing","10-Q",80,5,5,-1
"NVDA","4f64c4af-93b4-5cfd-8fe6-968c3c202fc6","2017-03-01","sec_filing","10-K",7,6,7,2
"NVDA","5a5d512e-33c9-571f-a091-5395a1198d20","2014-03-12","sec_filing","10-K",89,1,3,1
"NVDA","5a5d512e-33c9-571f-a091-5395a1198d20","2014-03-12","sec_filing","10-K",7,6,3,1
"NVDA","64145f2b-5d8e-5f42-99f6-74af479f28a6","2014-08-20","sec_filing","10-Q",63,2,2,0
"NVDA","64145f2b-5d8e-5f42-99f6-74af479f28a6","2014-08-20","sec_filing","10-Q",48,6,4,1
"NVDA","6c0dce19-3955-59ff-b689-b8536ac11439","2025-02-26","sec_filing","10-K",17,4,7,2
"NVDA","70b70835-b4ba-5298-ab9f-53b4b95b7732","2022-05-27","sec_filing","10-Q",47,6,5,1
"NVDA","790fbad4-7837-5156-befc-507fccafb4ea","2014-11-19","sec_filing","10-Q",50,6,4,1
"NVDA","877ecd2f-2639-57e6-80e4-48e9a8b0126f","2015-11-18","sec_filing","10-Q",50,6,5,2
"NVDA","8b98b892-759b-5244-89aa-3470503fab29","2026-08-26","sec_filing","10-Q",30,1,6,0
"NVDA","8d2cf62c-3276-5bb1-b4b7-95030265b7e5","2015-08-19","sec_filing","10-Q",45,6,5,2
"NVDA","90b395b7-3f9c-5a6c-8b91-0cb34cb8e472","2016-11-22","sec_filing","10-Q",56,6,6,2
"NVDA","97e75168-0d6a-526d-8011-9cf9fd20ea6e","2016-08-23","sec_filing","10-Q",41,4,3,1
"NVDA","9ad0a4d1-5355-5447-995c-bff94eb15cf2","2015-03-11","sec_filing","10-K",60,4,6,2
"NVDA","bb7d6cc8-ef6f-5817-9350-04bab2929952","2018-02-28","sec_filing","10-K",181,4,5,1
"NVDA","bb7d6cc8-ef6f-5817-9350-04bab2929952","2018-02-28","sec_filing","10-K",9,4,8,3
"NVDA","c47c1879-47b3-56b0-98e6-40c5bafb2a92","2017-11-21","sec_filing","10-Q",54,4,8,3
"NVDA","c47c1879-47b3-56b0-98e6-40c5bafb2a92","2017-11-21","sec_filing","10-Q",51,6,5,2
"NVDA","c468e666-a298-505b-9a26-045b9128d2bd","2020-02-20","sec_filing","10-K",17,6,7,2
"NVDA","d217f4b1-f391-5895-bf80-d0ce63e17575","2021-11-20","sec_filing","10-Q",54,4,6,2
"NVDA","d217f4b1-f391-5895-bf80-d0ce63e17575","2021-11-20","sec_filing","10-Q",55,6,7,2
"NVDA","dd418d07-8f0b-557b-bf12-220b13e39d03","2025-05-28","sec_filing","10-Q",80,5,9,-3
"NVDA","dd418d07-8f0b-557b-bf12-220b13e39d03","2025-05-28","sec_filing","10-Q",75,5,7,-2
"NVDA","e07399d2-87d6-5ff7-b5ea-cd4e7ea190a8","2019-02-21","sec_filing","10-K",40,5,6,-1
"NVDA","e07399d2-87d6-5ff7-b5ea-cd4e7ea190a8","2019-02-21","sec_filing","10-K",17,6,7,2
"NVDA","e0c35d06-f4cf-56d9-84a6-4049fd8c39a6","2025-11-19","sec_filing","10-Q",89,5,6,-2
"NVDA","10f51f07-a413-582f-9b0d-1591df796236","2017-08-23","sec_filing","10-Q",58,4,7,3
"NVDA","ffaeb671-975f-54d2-badf-6bd89649c168","2023-11-21","sec_filing","10-Q",42,4,8,3
"NVDA","2c6ae2ee-7e66-5a92-8929-6d0e4b9ea760","2023-02-24","sec_filing","10-K",89,5,3,-1
"NVDA","1d93d9be-e915-5ae3-8655-4798dd9f5ebc","2016-05-25","sec_filing","10-Q",49,1,3,0
"NVDA","357502b8-18e4-58ad-84b7-e370f45ddb8a","2019-05-16","sec_filing","10-Q",43,4,5,-1
"NVDA","3d4eda31-9fc2-5c41-9060-4ef7b8a79008","2024-08-28","sec_filing","10-Q",47,6,6,-1
"NVDA","2c6ae2ee-7e66-5a92-8929-6d0e4b9ea760","2023-02-24","sec_filing","10-K",104,4,6,2
"NVDA","2c6ae2ee-7e66-5a92-8929-6d0e4b9ea760","2023-02-24","sec_filing","10-K",205,1,4,0
"NVDA","29e90363-7c6d-525e-9b13-048ee4970d68","2013-03-12","sec_filing","10-K",18,5,2,0
"NVDA","29e90363-7c6d-525e-9b13-048ee4970d68","2013-03-12","sec_filing","10-K",11,6,5,1
"NVDA","fa6fc1b3-8cbd-5710-8ddd-051d2233e8ac","2017-05-23","sec_filing","10-Q",39,6,4,1
"NVDA","fa6fc1b3-8cbd-5710-8ddd-051d2233e8ac","2017-05-23","sec_filing","10-Q",41,4,5,1
"NVDA","fa6fc1b3-8cbd-5710-8ddd-051d2233e8ac","2017-05-23","sec_filing","10-Q",51,2,5,2
"NVDA","fdca90ae-9ba5-56f0-b06a-e71c4e06e3ed","2019-11-14","sec_filing","10-Q",47,4,6,2
"NVDA","68860c45-5a25-5694-9d70-c116f5062adc","2018-11-15","sec_filing","10-Q",46,6,6,2
"NVDA","2c6ae2ee-7e66-5a92-8929-6d0e4b9ea760","2023-02-24","sec_filing","10-K",31,5,4,-1
"NVDA","00b65c37-97c9-596f-a1ad-39c17c610279","2026-02-25","sec_filing","10-K",16,6,9,3
"NVDA","13f004dc-182c-5318-b3af-1f78b304fe6f","2024-02-21","sec_filing","10-K",89,5,9,-3
"NVDA","29e90363-7c6d-525e-9b13-048ee4970d68","2013-03-12","sec_filing","10-K",176,6,4,1
"NVDA","13f004dc-182c-5318-b3af-1f78b304fe6f","2024-02-21","sec_filing","10-K",50,4,7,2
"NVDA","2c6ae2ee-7e66-5a92-8929-6d0e4b9ea760","2023-02-24","sec_filing","10-K",46,5,6,-2
"NVDA","68860c45-5a25-5694-9d70-c116f5062adc","2018-11-15","sec_filing","10-Q",49,6,6,2
"NVDA","179d4a6e-fd59-5d6d-91a7-1c3ecb1d3342","2025-08-27","sec_filing","10-Q",48,6,5,0
"NVDA","13f004dc-182c-5318-b3af-1f78b304fe6f","2024-02-21","sec_filing","10-K",15,6,8,3
"NVDA","aedef1b8-fe47-5b61-880b-694590e1fa26","2022-03-18","sec_filing","10-K",72,5,4,-1
"NVDA","00b65c37-97c9-596f-a1ad-39c17c610279","2026-02-25","sec_filing","10-K",64,5,5,-2
"NVDA","0f2aa708-c790-5251-a13c-b3196a31fc06","2024-11-20","sec_filing","10-Q",51,5,8,-3
"NVDA","179d4a6e-fd59-5d6d-91a7-1c3ecb1d3342","2025-08-27","sec_filing","10-Q",91,5,8,-3
"NVDA","3d4eda31-9fc2-5c41-9060-4ef7b8a79008","2024-08-28","sec_filing","10-Q",96,5,8,-3
"NVDA","6c0dce19-3955-59ff-b689-b8536ac11439","2025-02-26","sec_filing","10-K",20,6,9,3
"NVDA","3d4eda31-9fc2-5c41-9060-4ef7b8a79008","2024-08-28","sec_filing","10-Q",46,4,9,2
"NVDA","13f004dc-182c-5318-b3af-1f78b304fe6f","2024-02-21","sec_filing","10-K",88,5,8,-3
"NVDA","6dea71a9-92ed-53e9-88ad-abbe764fd676","2013-05-22","sec_filing","10-Q",51,6,3,0
"NVDA","fdca90ae-9ba5-56f0-b06a-e71c4e06e3ed","2019-11-14","sec_filing","10-Q",48,4,8,1
"NVDA","fdca90ae-9ba5-56f0-b06a-e71c4e06e3ed","2019-11-14","sec_filing","10-Q",49,4,7,1
"NVDA","fdca90ae-9ba5-56f0-b06a-e71c4e06e3ed","2019-11-14","sec_filing","10-Q",53,6,7,2
"NVDA","1d93d9be-e915-5ae3-8655-4798dd9f5ebc","2016-05-25","sec_filing","10-Q",51,4,6,2
"NVDA","48b9f120-88e0-5ea5-84c1-e8b2ebfc2c2c","2024-05-29","sec_filing","10-Q",53,4,10,3
"NVDA","4f64c4af-93b4-5cfd-8fe6-968c3c202fc6","2017-03-01","sec_filing","10-K",70,6,6,2
"NVDA","57065ce8-9a47-5dda-acba-91c6432fdca8","2020-08-19","sec_filing","10-Q",52,6,4,0
"NVDA","57065ce8-9a47-5dda-acba-91c6432fdca8","2020-08-19","sec_filing","10-Q",51,6,5,1
"NVDA","5a5d512e-33c9-571f-a091-5395a1198d20","2014-03-12","sec_filing","10-K",29,5,6,-2
"NVDA","70b70835-b4ba-5298-ab9f-53b4b95b7732","2022-05-27","sec_filing","10-Q",38,5,3,-1
"NVDA","7fa530a5-5a2b-5b91-80b9-943418126383","2021-02-26","sec_filing","10-K",11,1,7,2
"NVDA","83cbc14a-2704-5d7e-9567-ddbce33572ed","2026-05-20","sec_filing","10-Q",44,4,10,2
"NVDA","83cbc14a-2704-5d7e-9567-ddbce33572ed","2026-05-20","sec_filing","10-Q",48,4,10,3
"NVDA","8b98b892-759b-5244-89aa-3470503fab29","2026-08-26","sec_filing","10-Q",46,4,9,3
"NVDA","8b98b892-759b-5244-89aa-3470503fab29","2026-08-26","sec_filing","10-Q",69,3,6,0
"NVDA","8efe5467-d363-5169-8fcd-ec221a07fc09","2021-05-26","sec_filing","10-Q",34,4,7,1
"NVDA","8efe5467-d363-5169-8fcd-ec221a07fc09","2021-05-26","sec_filing","10-Q",47,4,5,2
"NVDA","a420f2c3-69a0-53f5-8244-f45c4c97d86b","2022-08-31","sec_filing","10-Q",99,5,4,-2
"NVDA","a82c94b1-d722-5d79-9a3e-0f0b77289bfa","2022-11-18","sec_filing","10-Q",49,5,9,-3
"NVDA","a82c94b1-d722-5d79-9a3e-0f0b77289bfa","2022-11-18","sec_filing","10-Q",93,5,8,-3
"NVDA","b13c800c-a470-5736-921c-7d9b41a171ad","2013-08-21","sec_filing","10-Q",53,6,3,0
"NVDA","bb7d6cc8-ef6f-5817-9350-04bab2929952","2018-02-28","sec_filing","10-K",25,2,5,1
"NVDA","bb7d6cc8-ef6f-5817-9350-04bab2929952","2018-02-28","sec_filing","10-K",18,6,9,3
"NVDA","d217f4b1-f391-5895-bf80-d0ce63e17575","2021-11-20","sec_filing","10-Q",46,6,6,1
"NVDA","dd418d07-8f0b-557b-bf12-220b13e39d03","2025-05-28","sec_filing","10-Q",50,5,9,-2
"NVDA","e07399d2-87d6-5ff7-b5ea-cd4e7ea190a8","2019-02-21","sec_filing","10-K",15,4,8,3
"NVDA","e0c35d06-f4cf-56d9-84a6-4049fd8c39a6","2025-11-19","sec_filing","10-Q",87,5,5,-2
"NVDA","e07399d2-87d6-5ff7-b5ea-cd4e7ea190a8","2019-02-21","sec_filing","10-K",76,6,8,3
"NVDA","e0c35d06-f4cf-56d9-84a6-4049fd8c39a6","2025-11-19","sec_filing","10-Q",50,4,9,3
"NVDA","68860c45-5a25-5694-9d70-c116f5062adc","2018-11-15","sec_filing","10-Q",50,6,6,2
"NVDA","ad70ad5e-d0f5-59eb-8498-6bb500bfaccf","2016-03-16","sec_filing","10-K",12,4,8,3
"NVDA","179d4a6e-fd59-5d6d-91a7-1c3ecb1d3342","2025-08-27","sec_filing","10-Q",43,4,6,1
"NVDA","29c22484-f9e5-5b9a-a623-0366882d14cd","2019-08-15","sec_filing","10-Q",44,4,6,1
"NVDA","3d4eda31-9fc2-5c41-9060-4ef7b8a79008","2024-08-28","sec_filing","10-Q",48,2,5,-2
"NVDA","2c6ae2ee-7e66-5a92-8929-6d0e4b9ea760","2023-02-24","sec_filing","10-K",18,6,8,3
"NVDA","3d4eda31-9fc2-5c41-9060-4ef7b8a79008","2024-08-28","sec_filing","10-Q",54,6,9,3
"NVDA","3d4eda31-9fc2-5c41-9060-4ef7b8a79008","2024-08-28","sec_filing","10-Q",56,4,7,3
"NVDA","3d4eda31-9fc2-5c41-9060-4ef7b8a79008","2024-08-28","sec_filing","10-Q",94,5,9,-3
"NVDA","00b65c37-97c9-596f-a1ad-39c17c610279","2026-02-25","sec_filing","10-K",101,5,4,-1
"NVDA","00b65c37-97c9-596f-a1ad-39c17c610279","2026-02-25","sec_filing","10-K",107,5,3,-1
"NVDA","2c6ae2ee-7e66-5a92-8929-6d0e4b9ea760","2023-02-24","sec_filing","10-K",7,4,6,2
"NVDA","aedef1b8-fe47-5b61-880b-694590e1fa26","2022-03-18","sec_filing","10-K",94,1,6,-1
"NVDA","3d4eda31-9fc2-5c41-9060-4ef7b8a79008","2024-08-28","sec_filing","10-Q",88,5,7,-2
"NVDA","aedef1b8-fe47-5b61-880b-694590e1fa26","2022-03-18","sec_filing","10-K",33,4,4,2
"NVDA","2c6ae2ee-7e66-5a92-8929-6d0e4b9ea760","2023-02-24","sec_filing","10-K",9,6,8,3
"NVDA","2c6ae2ee-7e66-5a92-8929-6d0e4b9ea760","2023-02-24","sec_filing","10-K",11,6,6,1
"NVDA","ffaeb671-975f-54d2-badf-6bd89649c168","2023-11-21","sec_filing","10-Q",73,4,8,2
"NVDA","1d93d9be-e915-5ae3-8655-4798dd9f5ebc","2016-05-25","sec_filing","10-Q",40,4,4,1
"NVDA","6c0dce19-3955-59ff-b689-b8536ac11439","2025-02-26","sec_filing","10-K",66,5,4,-2
"NVDA","179d4a6e-fd59-5d6d-91a7-1c3ecb1d3342","2025-08-27","sec_filing","10-Q",80,5,9,-3
"NVDA","3d4eda31-9fc2-5c41-9060-4ef7b8a79008","2024-08-28","sec_filing","10-Q",89,5,9,-3
"NVDA","fdca90ae-9ba5-56f0-b06a-e71c4e06e3ed","2019-11-14","sec_filing","10-Q",56,4,6,-1
"NVDA","bb7d6cc8-ef6f-5817-9350-04bab2929952","2018-02-28","sec_filing","10-K",16,6,8,3
"NVDA","0f2aa708-c790-5251-a13c-b3196a31fc06","2024-11-20","sec_filing","10-Q",49,5,9,-3
"NVDA","c47c1879-47b3-56b0-98e6-40c5bafb2a92","2017-11-21","sec_filing","10-Q",47,4,8,3
"NVDA","ffaeb671-975f-54d2-badf-6bd89649c168","2023-11-21","sec_filing","10-Q",93,5,6,-2
"NVDA","1843affa-83ab-5648-a873-11b0c30eeb53","2023-05-26","sec_filing","10-Q",38,6,8,1
"NVDA","3aa3e8f7-8b9e-5a2a-abc4-91dc9778a963","2012-08-22","sec_filing","10-Q",52,6,6,1
"NVDA","ffaeb671-975f-54d2-badf-6bd89649c168","2023-11-21","sec_filing","10-Q",99,5,9,-3
"NVDA","48b9f120-88e0-5ea5-84c1-e8b2ebfc2c2c","2024-05-29","sec_filing","10-Q",72,4,9,0
"NVDA","5a5d512e-33c9-571f-a091-5395a1198d20","2014-03-12","sec_filing","10-K",10,6,6,2
"NVDA","6c0dce19-3955-59ff-b689-b8536ac11439","2025-02-26","sec_filing","10-K",13,4,9,3
"NVDA","6f604f3a-8799-5077-9f12-2124b4535a92","2020-11-18","sec_filing","10-Q",43,4,5,1
"NVDA","7c3fe6f0-b2eb-5ed5-b83e-152b9a3d5155","2013-11-19","sec_filing","10-Q",63,4,5,1
"NVDA","83cbc14a-2704-5d7e-9567-ddbce33572ed","2026-05-20","sec_filing","10-Q",45,5,7,-1
"NVDA","877ecd2f-2639-57e6-80e4-48e9a8b0126f","2015-11-18","sec_filing","10-Q",40,4,5,1
"NVDA","8b98b892-759b-5244-89aa-3470503fab29","2026-08-26","sec_filing","10-Q",55,6,9,1
"NVDA","8b98b892-759b-5244-89aa-3470503fab29","2026-08-26","sec_filing","10-Q",94,5,9,-3
"NVDA","8b98b892-759b-5244-89aa-3470503fab29","2026-08-26","sec_filing","10-Q",35,1,7,1
"NVDA","8b98b892-759b-5244-89aa-3470503fab29","2026-08-26","sec_filing","10-Q",90,5,8,-2
"NVDA","8d2cf62c-3276-5bb1-b4b7-95030265b7e5","2015-08-19","sec_filing","10-Q",37,6,2,0
"NVDA","90b395b7-3f9c-5a6c-8b91-0cb34cb8e472","2016-11-22","sec_filing","10-Q",55,6,5,2
"NVDA","90b395b7-3f9c-5a6c-8b91-0cb34cb8e472","2016-11-22","sec_filing","10-Q",60,4,8,3
"NVDA","97e75168-0d6a-526d-8011-9cf9fd20ea6e","2016-08-23","sec_filing","10-Q",56,4,6,2
"NVDA","a420f2c3-69a0-53f5-8244-f45c4c97d86b","2022-08-31","sec_filing","10-Q",36,4,6,1
"NVDA","a61d18b2-ea5b-5473-8c75-9df8dd2877ac","2014-05-21","sec_filing","10-Q",52,6,4,1
"NVDA","a61d18b2-ea5b-5473-8c75-9df8dd2877ac","2014-05-21","sec_filing","10-Q",46,4,3,0
"NVDA","a82c94b1-d722-5d79-9a3e-0f0b77289bfa","2022-11-18","sec_filing","10-Q",36,4,9,1
"NVDA","a82c94b1-d722-5d79-9a3e-0f0b77289bfa","2022-11-18","sec_filing","10-Q",92,5,9,-3
"NVDA","d217f4b1-f391-5895-bf80-d0ce63e17575","2021-11-20","sec_filing","10-Q",67,6,3,1
"NVDA","dd418d07-8f0b-557b-bf12-220b13e39d03","2025-05-28","sec_filing","10-Q",45,4,10,3
"NVDA","dd65594b-e27d-5f2e-9ba7-23c87bcc6d68","2021-08-20","sec_filing","10-Q",55,4,8,3
"NVDA","dd65594b-e27d-5f2e-9ba7-23c87bcc6d68","2021-08-20","sec_filing","10-Q",39,4,8,2
"NVDA","dd418d07-8f0b-557b-bf12-220b13e39d03","2025-05-28","sec_filing","10-Q",78,5,8,-2
"NVDA","e07399d2-87d6-5ff7-b5ea-cd4e7ea190a8","2019-02-21","sec_filing","10-K",7,4,8,3
"NVDA","e0c35d06-f4cf-56d9-84a6-4049fd8c39a6","2025-11-19","sec_filing","10-Q",88,5,6,-2
"NVDA","e0c35d06-f4cf-56d9-84a6-4049fd8c39a6","2025-11-19","sec_filing","10-Q",97,5,8,-2
"NVDA","e07399d2-87d6-5ff7-b5ea-cd4e7ea190a8","2019-02-21","sec_filing","10-K",180,4,5,1
"NVDA","0f2aa708-c790-5251-a13c-b3196a31fc06","2024-11-20","sec_filing","10-Q",90,5,8,-2
"NVDA","ad70ad5e-d0f5-59eb-8498-6bb500bfaccf","2016-03-16","sec_filing","10-K",6,6,6,2
"TEAM","eb6c5321-e8d8-5586-a77b-28a5de2e0a0f","2025-01-31","sec_filing","10-Q",100,5,4,-1
"TEAM","eb6c5321-e8d8-5586-a77b-28a5de2e0a0f","2025-01-31","sec_filing","10-Q",141,5,3,-1
"TEAM","09e53e56-9655-5b01-9328-be1a2e0f8757","2024-04-26","sec_filing","10-Q",102,6,4,0
"TEAM","2e3ebdd6-c645-50e4-b6b0-d7694deb9dff","2026-05-01","sec_filing","10-Q",98,5,6,-1
"TEAM","2e3ebdd6-c645-50e4-b6b0-d7694deb9dff","2026-05-01","sec_filing","10-Q",179,5,5,-2
"TEAM","2e3ebdd6-c645-50e4-b6b0-d7694deb9dff","2026-05-01","sec_filing","10-Q",185,5,4,-1
"TEAM","f6b704e5-a73c-5e5b-9edf-6540c213efd1","2024-08-16","sec_filing","10-K",73,5,4,-2
"TEAM","f6b704e5-a73c-5e5b-9edf-6540c213efd1","2024-08-16","sec_filing","10-K",80,5,4,-1
"TEAM","f6b704e5-a73c-5e5b-9edf-6540c213efd1","2024-08-16","sec_filing","10-K",84,5,3,-1
"TEAM","f6b704e5-a73c-5e5b-9edf-6540c213efd1","2024-08-16","sec_filing","10-K",88,5,4,-1
"TEAM","f6b704e5-a73c-5e5b-9edf-6540c213efd1","2024-08-16","sec_filing","10-K",89,5,3,-1
"TEAM","f6b704e5-a73c-5e5b-9edf-6540c213efd1","2024-08-16","sec_filing","10-K",115,5,3,-1
"TEAM","f6b704e5-a73c-5e5b-9edf-6540c213efd1","2024-08-16","sec_filing","10-K",134,3,4,-1
"TEAM","f6b704e5-a73c-5e5b-9edf-6540c213efd1","2024-08-16","sec_filing","10-K",10,6,8,3
"TEAM","f6b704e5-a73c-5e5b-9edf-6540c213efd1","2024-08-16","sec_filing","10-K",24,5,3,-1
"TEAM","f6b704e5-a73c-5e5b-9edf-6540c213efd1","2024-08-16","sec_filing","10-K",32,5,4,-1
"TEAM","f6b704e5-a73c-5e5b-9edf-6540c213efd1","2024-08-16","sec_filing","10-K",34,6,5,0
"TEAM","f6b704e5-a73c-5e5b-9edf-6540c213efd1","2024-08-16","sec_filing","10-K",38,5,5,-2
"TEAM","f6b704e5-a73c-5e5b-9edf-6540c213efd1","2024-08-16","sec_filing","10-K",40,6,3,0
"TEAM","f6b704e5-a73c-5e5b-9edf-6540c213efd1","2024-08-16","sec_filing","10-K",41,6,4,-1
"TEAM","f6b704e5-a73c-5e5b-9edf-6540c213efd1","2024-08-16","sec_filing","10-K",42,6,6,-1
"TEAM","f6b704e5-a73c-5e5b-9edf-6540c213efd1","2024-08-16","sec_filing","10-K",45,5,4,-2
"TEAM","f6b704e5-a73c-5e5b-9edf-6540c213efd1","2024-08-16","sec_filing","10-K",51,6,5,0
"TEAM","09e53e56-9655-5b01-9328-be1a2e0f8757","2024-04-26","sec_filing","10-Q",139,5,4,-1
"TEAM","2e3ebdd6-c645-50e4-b6b0-d7694deb9dff","2026-05-01","sec_filing","10-Q",112,5,3,0
"TEAM","2e3ebdd6-c645-50e4-b6b0-d7694deb9dff","2026-05-01","sec_filing","10-Q",114,6,6,-1
"TEAM","eb6c5321-e8d8-5586-a77b-28a5de2e0a0f","2025-01-31","sec_filing","10-Q",47,6,6,2
"TEAM","eb6c5321-e8d8-5586-a77b-28a5de2e0a0f","2025-01-31","sec_filing","10-Q",58,6,5,1
"TEAM","fbb24933-2002-56bf-89d9-e2b289e1c65c","2023-08-18","sec_filing","10-K",23,5,2,0
"TEAM","fbb24933-2002-56bf-89d9-e2b289e1c65c","2023-08-18","sec_filing","10-K",135,3,4,-1
"NVDA","6f604f3a-8799-5077-9f12-2124b4535a92","2020-11-18","sec_filing","10-Q",62,4,6,2
"NVDA","4131fc5a-c19e-53c1-9732-68ec067db168","2023-08-25","sec_filing","10-Q",89,5,8,-2
"NVDA","48b9f120-88e0-5ea5-84c1-e8b2ebfc2c2c","2024-05-29","sec_filing","10-Q",54,4,9,3
"NVDA","64145f2b-5d8e-5f42-99f6-74af479f28a6","2014-08-20","sec_filing","10-Q",49,6,4,2
"TEAM","642dd329-c2f9-500a-87db-db76515798dd","2024-02-02","sec_filing","10-Q",139,6,6,-1
"TEAM","642dd329-c2f9-500a-87db-db76515798dd","2024-02-02","sec_filing","10-Q",203,3,4,-1
"NVDA","790fbad4-7837-5156-befc-507fccafb4ea","2014-11-19","sec_filing","10-Q",51,6,4,2
"NVDA","83cbc14a-2704-5d7e-9567-ddbce33572ed","2026-05-20","sec_filing","10-Q",37,4,8,2
"NVDA","8b98b892-759b-5244-89aa-3470503fab29","2026-08-26","sec_filing","10-Q",96,5,8,-2
"NVDA","8efe5467-d363-5169-8fcd-ec221a07fc09","2021-05-26","sec_filing","10-Q",12,1,5,0
"TEAM","935b548e-a872-5c60-9f81-abdf52ac4495","2025-10-31","sec_filing","10-Q",92,6,5,0
"TEAM","935b548e-a872-5c60-9f81-abdf52ac4495","2025-10-31","sec_filing","10-Q",79,5,5,-1
"TEAM","935b548e-a872-5c60-9f81-abdf52ac4495","2025-10-31","sec_filing","10-Q",54,2,4,0
"TEAM","935b548e-a872-5c60-9f81-abdf52ac4495","2025-10-31","sec_filing","10-Q",101,5,3,0
"TEAM","935b548e-a872-5c60-9f81-abdf52ac4495","2025-10-31","sec_filing","10-Q",163,5,4,-1
"TEAM","9d07dd95-3fa0-5b73-8843-f846303eb38a","2023-05-05","sec_filing","10-Q",183,5,4,-2
"NVDA","a61d18b2-ea5b-5473-8c75-9df8dd2877ac","2014-05-21","sec_filing","10-Q",56,4,4,2
"NVDA","a82c94b1-d722-5d79-9a3e-0f0b77289bfa","2022-11-18","sec_filing","10-Q",87,5,4,-1
"NVDA","a82c94b1-d722-5d79-9a3e-0f0b77289bfa","2022-11-18","sec_filing","10-Q",56,4,7,1
"NVDA","c47c1879-47b3-56b0-98e6-40c5bafb2a92","2017-11-21","sec_filing","10-Q",38,4,5,2
"TEAM","d9c907c9-e12c-50e1-9f28-2bfdc2488752","2025-05-02","sec_filing","10-Q",151,5,4,-2
"TEAM","d9c907c9-e12c-50e1-9f28-2bfdc2488752","2025-05-02","sec_filing","10-Q",108,6,4,0
"NVDA","dd418d07-8f0b-557b-bf12-220b13e39d03","2025-05-28","sec_filing","10-Q",49,4,7,2
"TEAM","e23fad02-d262-5319-85d5-99c856d576f9","2024-11-01","sec_filing","10-Q",136,5,3,-1
"TEAM","e23fad02-d262-5319-85d5-99c856d576f9","2024-11-01","sec_filing","10-Q",88,5,6,-2
"INTC","68f6001f-d7db-59ca-9173-bf5450ef4d08","2024-01-25","sec_filing","10-K",33,6,8,3
"NVDA","6c0dce19-3955-59ff-b689-b8536ac11439","2025-02-26","sec_filing","10-K",230,4,9,3
"ADBE","321f8689-5fe6-5b21-9ebf-b9c9f0bc84e3","2023-09-14","transcripts","earnings_call",18,6,8,3
"ADBE","321f8689-5fe6-5b21-9ebf-b9c9f0bc84e3","2023-09-14","transcripts","earnings_call",19,4,8,3
"ADBE","321f8689-5fe6-5b21-9ebf-b9c9f0bc84e3","2023-09-14","transcripts","earnings_call",21,6,7,2
"ADBE","321f8689-5fe6-5b21-9ebf-b9c9f0bc84e3","2023-09-14","transcripts","earnings_call",22,6,6,2
"ADBE","321f8689-5fe6-5b21-9ebf-b9c9f0bc84e3","2023-09-14","transcripts","earnings_call",23,6,7,2
"ADBE","321f8689-5fe6-5b21-9ebf-b9c9f0bc84e3","2023-09-14","transcripts","earnings_call",24,4,7,2
"ADBE","321f8689-5fe6-5b21-9ebf-b9c9f0bc84e3","2023-09-14","transcripts","earnings_call",25,4,6,1
"DELL","4a84fed5-9078-5307-a218-4d72f9e5fe39","2024-08-29","transcripts","earnings_call",4,3,6,1
"INTC","55298621-dcfe-5481-82ae-ba4f9c6bf2f6","2023-01-26","sec_filing","10-K",248,4,6,1
"INTC","55298621-dcfe-5481-82ae-ba4f9c6bf2f6","2023-01-26","sec_filing","10-K",78,6,6,1
"ADBE","76f79525-d0c9-5635-af25-9e59a39e0964","2024-01-17","sec_filing","10-K",32,6,8,2
"ADBE","8de4fbbc-9a78-5240-a65b-e596f2e29496","2020-01-21","sec_filing","10-K",11,6,6,2
"ADBE","8de4fbbc-9a78-5240-a65b-e596f2e29496","2020-01-21","sec_filing","10-K",46,6,5,1
"NVDA","e07399d2-87d6-5ff7-b5ea-cd4e7ea190a8","2019-02-21","sec_filing","10-K",87,4,3,1
"ADBE","36acde72-47bf-5a97-98cb-bd1b3b7d8563","2025-01-13","sec_filing","10-K",123,6,7,2
"ADBE","36acde72-47bf-5a97-98cb-bd1b3b7d8563","2025-01-13","sec_filing","10-K",24,6,6,1
"ADBE","36acde72-47bf-5a97-98cb-bd1b3b7d8563","2025-01-13","sec_filing","10-K",5,4,7,2
"ADBE","904058bd-363b-5ec5-9d93-f422ba7c2bfa","2025-06-12","transcripts","earnings_call",3,6,9,3
"ADBE","8fcfd31d-bfce-558f-afaa-9fca124a4cab","2023-01-17","sec_filing","10-K",35,6,6,2
"NVDA","ced4ab13-26ba-5d31-b9cb-034dd8c77805","2013-02-13","transcripts","earnings_call",16,6,3,1
"NVDA","00b65c37-97c9-596f-a1ad-39c17c610279","2026-02-25","sec_filing","10-K",96,5,8,-3
"NVDA","13f004dc-182c-5318-b3af-1f78b304fe6f","2024-02-21","sec_filing","10-K",13,4,9,3
"DELL","40c92011-465b-5510-83eb-45c7a4ff9ce1","2018-06-12","sec_filing","10-Q",118,1,3,1
"NVDA","4324b21a-0300-5afd-ba0d-f585dcf7945e","2021-08-18","transcripts","earnings_call",23,4,7,3
"NVDA","4324b21a-0300-5afd-ba0d-f585dcf7945e","2021-08-18","transcripts","earnings_call",5,4,9,3
"NVDA","4324b21a-0300-5afd-ba0d-f585dcf7945e","2021-08-18","transcripts","earnings_call",6,6,7,3
"NVDA","4324b21a-0300-5afd-ba0d-f585dcf7945e","2021-08-18","transcripts","earnings_call",1,4,9,3
"NVDA","4324b21a-0300-5afd-ba0d-f585dcf7945e","2021-08-18","transcripts","earnings_call",24,4,8,3
"MU","43b08bf7-9e27-55e8-8ac5-19fa45e3a311","2021-01-07","transcripts","earnings_call",17,4,6,2
"MU","43b08bf7-9e27-55e8-8ac5-19fa45e3a311","2021-01-07","transcripts","earnings_call",24,4,6,2
"MU","43b08bf7-9e27-55e8-8ac5-19fa45e3a311","2021-01-07","transcripts","earnings_call",1,4,5,2
"MU","43b08bf7-9e27-55e8-8ac5-19fa45e3a311","2021-01-07","transcripts","earnings_call",16,4,6,2
"INTC","438d88e5-00f6-5108-b55f-5c76c9934756","2022-07-28","sec_filing","10-Q",7,4,5,1
"INTC","443804eb-ebee-50f4-a36b-161b4371f069","2016-07-20","transcripts","earnings_call",25,4,6,2
"MU","451723cb-39ca-55cc-9710-140cdb25b67f","2025-12-17","transcripts","earnings_call",5,6,8,3
"MU","451723cb-39ca-55cc-9710-140cdb25b67f","2025-12-17","transcripts","earnings_call",6,4,9,3
"MU","451723cb-39ca-55cc-9710-140cdb25b67f","2025-12-17","transcripts","earnings_call",11,4,9,3
"MU","451723cb-39ca-55cc-9710-140cdb25b67f","2025-12-17","transcripts","earnings_call",23,2,8,3
"MU","451723cb-39ca-55cc-9710-140cdb25b67f","2025-12-17","transcripts","earnings_call",21,4,9,3
"MU","451723cb-39ca-55cc-9710-140cdb25b67f","2025-12-17","transcripts","earnings_call",25,4,9,3
"MU","451723cb-39ca-55cc-9710-140cdb25b67f","2025-12-17","transcripts","earnings_call",26,4,8,2
"NVDA","49eb043b-e92e-58d4-897e-f57564597ee3","2025-02-26","transcripts","earnings_call",2,4,9,3
"NVDA","49eb043b-e92e-58d4-897e-f57564597ee3","2025-02-26","transcripts","earnings_call",1,4,9,3
"INTC","471cb45f-ed1d-55e3-bb83-f37c8097eb98","2022-07-28","transcripts","earnings_call",8,4,6,2
"INTC","471cb45f-ed1d-55e3-bb83-f37c8097eb98","2022-07-28","transcripts","earnings_call",20,4,6,1
"INTC","47d18e9e-5340-5380-81b1-c648e52bd08b","2018-07-26","transcripts","earnings_call",1,4,6,2
"INTC","49fa3c08-601b-518b-b610-f7a7f8102a3a","2024-08-01","transcripts","earnings_call",21,4,6,1
"INTC","49fa3c08-601b-518b-b610-f7a7f8102a3a","2024-08-01","transcripts","earnings_call",7,6,9,3
"INTC","49fa3c08-601b-518b-b610-f7a7f8102a3a","2024-08-01","transcripts","earnings_call",25,4,6,1
"DELL","4a84fed5-9078-5307-a218-4d72f9e5fe39","2024-08-29","transcripts","earnings_call",13,4,8,3
"DELL","4a84fed5-9078-5307-a218-4d72f9e5fe39","2024-08-29","transcripts","earnings_call",8,4,6,1
"NVDA","48b9f120-88e0-5ea5-84c1-e8b2ebfc2c2c","2024-05-29","sec_filing","10-Q",66,5,6,0
"NVDA","48b9f120-88e0-5ea5-84c1-e8b2ebfc2c2c","2024-05-29","sec_filing","10-Q",88,5,7,-3
"NVDA","48b9f120-88e0-5ea5-84c1-e8b2ebfc2c2c","2024-05-29","sec_filing","10-Q",92,5,9,-3
"NVDA","48b9f120-88e0-5ea5-84c1-e8b2ebfc2c2c","2024-05-29","sec_filing","10-Q",84,5,9,-3
"NVDA","48b9f120-88e0-5ea5-84c1-e8b2ebfc2c2c","2024-05-29","sec_filing","10-Q",46,5,9,-2
"NVDA","48b9f120-88e0-5ea5-84c1-e8b2ebfc2c2c","2024-05-29","sec_filing","10-Q",38,4,9,2
"NVDA","48b9f120-88e0-5ea5-84c1-e8b2ebfc2c2c","2024-05-29","sec_filing","10-Q",29,1,7,1
"NVDA","48b9f120-88e0-5ea5-84c1-e8b2ebfc2c2c","2024-05-29","sec_filing","10-Q",82,5,7,-2
"NVDA","4bb81810-1e65-55f1-ac9e-67bab08e62fc","2017-12-08","hackernews","title",0,6,5,2
"ADBE","4ae4df50-83ae-5b5c-84ad-5adbb39d021a","2018-01-22","sec_filing","10-K",18,6,6,2
"NVDA","4c80309d-28f8-5aa3-9b1b-795a37d35c47","2015-09-19","hackernews","title",0,6,2,1
"CAT","4c789560-a4db-5046-ab85-36abcc67a1b7","2024-02-05","transcripts","earnings_call",4,2,4,2
"INTC","4dcd674c-7355-5050-a27d-c2d6d36b969a","2023-07-27","transcripts","earnings_call",16,4,7,2
"INTC","4dcd674c-7355-5050-a27d-c2d6d36b969a","2023-07-27","transcripts","earnings_call",5,6,7,2
"INTC","4dcd674c-7355-5050-a27d-c2d6d36b969a","2023-07-27","transcripts","earnings_call",4,6,7,3
"INTC","4dcd674c-7355-5050-a27d-c2d6d36b969a","2023-07-27","transcripts","earnings_call",3,6,6,2
"INTC","4dcd674c-7355-5050-a27d-c2d6d36b969a","2023-07-27","transcripts","earnings_call",30,6,6,2
"INTC","4dcd674c-7355-5050-a27d-c2d6d36b969a","2023-07-27","transcripts","earnings_call",28,6,7,3
"ADBE","4e2b06c0-b5a5-5f63-b635-25aeeddbb239","2015-04-10","hackernews","title",0,6,4,1
"MU","4e2c91b1-072f-5831-960e-f4b24aefeada","2024-02-26","hackernews","title",0,6,8,3
"INTC","4dd0cec5-157e-5853-b3a8-c58e38214cd6","2026-02-04","hackernews","title",0,6,6,1
"ADBE","4dda5bd0-9340-53e7-ad08-cd48e77e92f0","2024-07-30","hackernews","title",0,5,6,-2
"NVDA","4f64c4af-93b4-5cfd-8fe6-968c3c202fc6","2017-03-01","sec_filing","10-K",12,4,9,3
"NVDA","4f64c4af-93b4-5cfd-8fe6-968c3c202fc6","2017-03-01","sec_filing","10-K",13,4,8,3
"NVDA","503578ac-103e-5a36-af1c-0506b87638fc","2017-01-05","hackernews","title",0,1,5,2
"NVDA","50b165cd-b558-547b-8ca1-52872456a8f1","2026-01-08","hackernews","title",0,6,10,3
"DELL","525fca10-0bcd-5f70-9c5a-55f9aa4a0794","2023-11-30","transcripts","earnings_call",3,1,6,2
"DELL","525fca10-0bcd-5f70-9c5a-55f9aa4a0794","2023-11-30","transcripts","earnings_call",28,4,6,2
"DELL","525fca10-0bcd-5f70-9c5a-55f9aa4a0794","2023-11-30","transcripts","earnings_call",30,2,4,0
"DELL","5166692b-6110-5fba-98dc-233e29dfe106","2025-12-09","sec_filing","10-Q",92,4,9,2
"DELL","5166692b-6110-5fba-98dc-233e29dfe106","2025-12-09","sec_filing","10-Q",94,4,8,2
"DELL","5166692b-6110-5fba-98dc-233e29dfe106","2025-12-09","sec_filing","10-Q",115,4,8,2
"ADBE","5310f871-96f6-5a1b-9031-fa9c32b15484","2018-09-13","transcripts","earnings_call",4,6,4,2
"DELL","53a534ea-6d2f-5471-a921-d44373e02c1e","2026-05-28","transcripts","earnings_call",12,4,6,2
"DELL","53a534ea-6d2f-5471-a921-d44373e02c1e","2026-05-28","transcripts","earnings_call",10,4,6,2
"DELL","53a534ea-6d2f-5471-a921-d44373e02c1e","2026-05-28","transcripts","earnings_call",5,4,6,2
"DELL","53a534ea-6d2f-5471-a921-d44373e02c1e","2026-05-28","transcripts","earnings_call",1,6,9,3
"DELL","53a534ea-6d2f-5471-a921-d44373e02c1e","2026-05-28","transcripts","earnings_call",2,6,9,3
"NVDA","546dbd88-8b1f-55ad-bf0b-d68ce5b38b94","2019-11-14","transcripts","earnings_call",8,4,8,3
"NVDA","546dbd88-8b1f-55ad-bf0b-d68ce5b38b94","2019-11-14","transcripts","earnings_call",4,6,7,3
"NVDA","546dbd88-8b1f-55ad-bf0b-d68ce5b38b94","2019-11-14","transcripts","earnings_call",13,4,8,3
"NVDA","546dbd88-8b1f-55ad-bf0b-d68ce5b38b94","2019-11-14","transcripts","earnings_call",5,4,6,2
"NVDA","546dbd88-8b1f-55ad-bf0b-d68ce5b38b94","2019-11-14","transcripts","earnings_call",7,4,8,3
"NVDA","57065ce8-9a47-5dda-acba-91c6432fdca8","2020-08-19","sec_filing","10-Q",54,4,6,2
"NVDA","5aa4bca7-c608-56e2-b635-9553620e7778","2021-01-14","hackernews","title",0,4,3,1
"INTC","55298621-dcfe-5481-82ae-ba4f9c6bf2f6","2023-01-26","sec_filing","10-K",81,5,6,-1
"INTC","55298621-dcfe-5481-82ae-ba4f9c6bf2f6","2023-01-26","sec_filing","10-K",17,4,6,2
"INTC","55298621-dcfe-5481-82ae-ba4f9c6bf2f6","2023-01-26","sec_filing","10-K",32,6,7,2
"INTC","55298621-dcfe-5481-82ae-ba4f9c6bf2f6","2023-01-26","sec_filing","10-K",122,6,5,2
"MU","584e2356-d5a6-5710-9f24-b6f0a71345b2","2018-12-18","transcripts","earnings_call",23,4,6,2
"NVDA","58b091ea-c76d-5f1d-a3ea-afbf891d6b34","2018-08-17","hackernews","title",0,4,3,1
"ADBE","5a6f90f8-32e8-543d-9000-fde4a761254f","2024-09-25","sec_filing","10-Q",58,6,6,2
"ADBE","5a6f90f8-32e8-543d-9000-fde4a761254f","2024-09-25","sec_filing","10-Q",61,4,6,2
"MU","5c6ea7e9-cae8-5452-8108-0f49a37ec1bb","2025-03-20","sec_filing","10-Q",105,5,3,-1
"MU","5c6ea7e9-cae8-5452-8108-0f49a37ec1bb","2025-03-20","sec_filing","10-Q",120,5,6,-2
"MU","5c6ea7e9-cae8-5452-8108-0f49a37ec1bb","2025-03-20","sec_filing","10-Q",99,4,6,1
"MU","5c6ea7e9-cae8-5452-8108-0f49a37ec1bb","2025-03-20","sec_filing","10-Q",115,5,3,-1
"MU","5c6ea7e9-cae8-5452-8108-0f49a37ec1bb","2025-03-20","sec_filing","10-Q",66,6,7,2
"NVDA","5cff7410-7cd6-5fc2-a433-7d4bad0d9f5c","2021-02-18","hackernews","title",0,6,3,0
"NVDA","5d1ac975-ea2d-5ef5-ab0f-c10dcb8f6686","2015-08-06","transcripts","earnings_call",8,4,6,2
"NVDA","5d1ac975-ea2d-5ef5-ab0f-c10dcb8f6686","2015-08-06","transcripts","earnings_call",26,4,7,3
"NVDA","5d1ac975-ea2d-5ef5-ab0f-c10dcb8f6686","2015-08-06","transcripts","earnings_call",24,4,3,1
"ADBE","5d8826c8-9eb1-5302-a2fa-b2d3a20b8383","2023-06-15","transcripts","earnings_call",17,6,8,3
"ADBE","5d8826c8-9eb1-5302-a2fa-b2d3a20b8383","2023-06-15","transcripts","earnings_call",22,2,7,1
"ADBE","5d8826c8-9eb1-5302-a2fa-b2d3a20b8383","2023-06-15","transcripts","earnings_call",3,6,9,3
"ADBE","5d8826c8-9eb1-5302-a2fa-b2d3a20b8383","2023-06-15","transcripts","earnings_call",28,4,7,3
"ADBE","5d8826c8-9eb1-5302-a2fa-b2d3a20b8383","2023-06-15","transcripts","earnings_call",29,6,8,3
"ADBE","5d8826c8-9eb1-5302-a2fa-b2d3a20b8383","2023-06-15","transcripts","earnings_call",26,4,7,3
"ADBE","5d8826c8-9eb1-5302-a2fa-b2d3a20b8383","2023-06-15","transcripts","earnings_call",16,4,9,3
"ADBE","5d8826c8-9eb1-5302-a2fa-b2d3a20b8383","2023-06-15","transcripts","earnings_call",1,6,9,3
"NVDA","6499c25a-dc42-5bbb-9e40-cfbcaaeeba1c","2016-05-12","transcripts","earnings_call",20,2,5,2
"NVDA","6499c25a-dc42-5bbb-9e40-cfbcaaeeba1c","2016-05-12","transcripts","earnings_call",21,4,8,3
"NVDA","6499c25a-dc42-5bbb-9e40-cfbcaaeeba1c","2016-05-12","transcripts","earnings_call",22,6,8,3
"NVDA","6499c25a-dc42-5bbb-9e40-cfbcaaeeba1c","2016-05-12","transcripts","earnings_call",23,4,6,2
"NVDA","6499c25a-dc42-5bbb-9e40-cfbcaaeeba1c","2016-05-12","transcripts","earnings_call",29,6,6,2
"NVDA","6499c25a-dc42-5bbb-9e40-cfbcaaeeba1c","2016-05-12","transcripts","earnings_call",10,4,8,3
"CAT","64fb6d3b-38c0-5c8d-8ea7-6b6c5bb958be","2025-04-30","transcripts","earnings_call",28,4,7,2
"INTC","7550b2b7-834a-5a04-a9ee-6ae8ff1d64da","2025-01-30","transcripts","earnings_call",20,6,7,1
"INTC","7550b2b7-834a-5a04-a9ee-6ae8ff1d64da","2025-01-30","transcripts","earnings_call",4,5,7,-1
"INTC","7550b2b7-834a-5a04-a9ee-6ae8ff1d64da","2025-01-30","transcripts","earnings_call",7,4,8,2
"INTC","7550b2b7-834a-5a04-a9ee-6ae8ff1d64da","2025-01-30","transcripts","earnings_call",2,4,7,2
"INTC","7550b2b7-834a-5a04-a9ee-6ae8ff1d64da","2025-01-30","transcripts","earnings_call",13,6,6,0
"TEAM","759d30fa-79d0-5b18-b1b0-bf553adc8914","2024-01-22","hackernews","title",0,5,5,-2
"INTC","76fba070-999a-5168-acf6-a466563f3fb7","2020-07-27","hackernews","title",0,6,5,-1
"DELL","769483ae-b14b-57ca-9eec-ad405de9f2de","2021-08-26","transcripts","earnings_call",2,4,6,2
"NVDA","785ecee6-38eb-580a-890f-004b66cb96dd","2021-04-12","hackernews","title",0,6,7,2
"ADBE","76f79525-d0c9-5635-af25-9e59a39e0964","2024-01-17","sec_filing","10-K",14,4,8,3
"ADBE","76f79525-d0c9-5635-af25-9e59a39e0964","2024-01-17","sec_filing","10-K",8,6,6,2
"ADBE","76f79525-d0c9-5635-af25-9e59a39e0964","2024-01-17","sec_filing","10-K",113,6,9,3
"ADBE","76f79525-d0c9-5635-af25-9e59a39e0964","2024-01-17","sec_filing","10-K",111,6,5,1
"ADBE","76f79525-d0c9-5635-af25-9e59a39e0964","2024-01-17","sec_filing","10-K",91,5,4,-2
"ADBE","76f79525-d0c9-5635-af25-9e59a39e0964","2024-01-17","sec_filing","10-K",64,5,7,-2
"ADBE","76f79525-d0c9-5635-af25-9e59a39e0964","2024-01-17","sec_filing","10-K",59,5,6,-2
"ADBE","76f79525-d0c9-5635-af25-9e59a39e0964","2024-01-17","sec_filing","10-K",49,6,5,1
"ADBE","76f79525-d0c9-5635-af25-9e59a39e0964","2024-01-17","sec_filing","10-K",31,6,7,2
"ADBE","76f79525-d0c9-5635-af25-9e59a39e0964","2024-01-17","sec_filing","10-K",26,4,6,1
"ADBE","76f79525-d0c9-5635-af25-9e59a39e0964","2024-01-17","sec_filing","10-K",25,4,6,2
"ADBE","76f79525-d0c9-5635-af25-9e59a39e0964","2024-01-17","sec_filing","10-K",20,6,7,2
"ADBE","76f79525-d0c9-5635-af25-9e59a39e0964","2024-01-17","sec_filing","10-K",16,6,6,2
"NVDA","7991db15-99eb-503a-8be5-08c0981a8f4a","2019-12-03","hackernews","title",0,6,3,1
"NVDA","799a9d62-d197-5402-861b-d679f1d95e99","2020-09-17","hackernews","title",0,6,2,1
"NVDA","7a3a3013-888b-537b-b5b8-4f124c94f24c","2012-05-11","transcripts","earnings_call",4,4,3,1
"INTC","7906ed6e-c489-57ab-bb17-2ede247dd400","2024-01-25","transcripts","earnings_call",15,4,4,1
"INTC","7906ed6e-c489-57ab-bb17-2ede247dd400","2024-01-25","transcripts","earnings_call",13,4,5,1
"INTC","7906ed6e-c489-57ab-bb17-2ede247dd400","2024-01-25","transcripts","earnings_call",24,6,6,2
"NVDA","7a81a94e-d68c-56af-91ca-0521f3bfd894","2020-02-13","hackernews","title",0,4,9,3
"PG","7abd3dc2-f3b9-5e9f-bc81-36b964d6a5de","2017-07-27","transcripts","earnings_call",14,4,4,2
"NVDA","790fbad4-7837-5156-befc-507fccafb4ea","2014-11-19","sec_filing","10-Q",52,6,4,1
"NVDA","7c41171b-0f5d-53e5-8057-2ed4c1bb6d5a","2023-02-23","hackernews","title",0,4,9,3
"NVDA","806bba5c-f32e-5463-a7e7-92bdacc4bcd1","2024-11-20","transcripts","earnings_call",25,4,7,1
"NVDA","806bba5c-f32e-5463-a7e7-92bdacc4bcd1","2024-11-20","transcripts","earnings_call",23,4,8,2
"NVDA","7c3dac3d-eff3-5683-aeb6-0848c5b1fdb3","2022-11-18","hackernews","title",0,6,8,2
"INTC","7d4ec6a4-b500-597f-a4c8-3b1efa1bc7f3","2024-04-25","transcripts","earnings_call",19,6,6,2
"INTC","7d4ec6a4-b500-597f-a4c8-3b1efa1bc7f3","2024-04-25","transcripts","earnings_call",12,4,7,2
"INTC","7d4ec6a4-b500-597f-a4c8-3b1efa1bc7f3","2024-04-25","transcripts","earnings_call",10,2,6,2
"INTC","7d4ec6a4-b500-597f-a4c8-3b1efa1bc7f3","2024-04-25","transcripts","earnings_call",2,6,6,2
"INTC","7d4ec6a4-b500-597f-a4c8-3b1efa1bc7f3","2024-04-25","transcripts","earnings_call",14,4,7,3
"INTC","7d4ec6a4-b500-597f-a4c8-3b1efa1bc7f3","2024-04-25","transcripts","earnings_call",17,4,7,3
"INTC","7d4ec6a4-b500-597f-a4c8-3b1efa1bc7f3","2024-04-25","transcripts","earnings_call",25,4,6,2
"INTC","7d4ec6a4-b500-597f-a4c8-3b1efa1bc7f3","2024-04-25","transcripts","earnings_call",27,4,7,3
"NVDA","7c3fe6f0-b2eb-5ed5-b83e-152b9a3d5155","2013-11-19","sec_filing","10-Q",90,5,5,-1
"DELL","7d2c5140-50a2-5390-9b99-500265975c1b","2024-09-10","sec_filing","10-Q",139,4,6,1
"TEAM","7df08269-605e-55e1-a9b7-69d4308c9cb4","2024-08-01","transcripts","earnings_call",10,6,5,1
"NVDA","7fa530a5-5a2b-5b91-80b9-943418126383","2021-02-26","sec_filing","10-K",8,6,9,3
"NVDA","7fa530a5-5a2b-5b91-80b9-943418126383","2021-02-26","sec_filing","10-K",24,6,7,2
"NVDA","7fa530a5-5a2b-5b91-80b9-943418126383","2021-02-26","sec_filing","10-K",49,5,5,-1
"NVDA","7fa530a5-5a2b-5b91-80b9-943418126383","2021-02-26","sec_filing","10-K",82,5,4,-2
"NVDA","7facc553-ca88-53bf-9773-e1b6c0c33583","2018-11-15","transcripts","earnings_call",27,6,9,3
"NVDA","7facc553-ca88-53bf-9773-e1b6c0c33583","2018-11-15","transcripts","earnings_call",23,6,9,3
"NVDA","7facc553-ca88-53bf-9773-e1b6c0c33583","2018-11-15","transcripts","earnings_call",5,6,8,3
"NVDA","7facc553-ca88-53bf-9773-e1b6c0c33583","2018-11-15","transcripts","earnings_call",6,6,7,3
"NVDA","7facc553-ca88-53bf-9773-e1b6c0c33583","2018-11-15","transcripts","earnings_call",19,4,6,-1
"NVDA","7facc553-ca88-53bf-9773-e1b6c0c33583","2018-11-15","transcripts","earnings_call",20,4,9,3
"NVDA","7facc553-ca88-53bf-9773-e1b6c0c33583","2018-11-15","transcripts","earnings_call",21,4,8,2
"NVDA","7facc553-ca88-53bf-9773-e1b6c0c33583","2018-11-15","transcripts","earnings_call",24,6,8,3
"NVDA","7facc553-ca88-53bf-9773-e1b6c0c33583","2018-11-15","transcripts","earnings_call",28,4,8,2
"NVDA","7facc553-ca88-53bf-9773-e1b6c0c33583","2018-11-15","transcripts","earnings_call",4,6,8,3
"NVDA","7fa530a5-5a2b-5b91-80b9-943418126383","2021-02-26","sec_filing","10-K",9,4,7,2
"NVDA","7fa530a5-5a2b-5b91-80b9-943418126383","2021-02-26","sec_filing","10-K",14,6,7,3
"NVDA","7fa530a5-5a2b-5b91-80b9-943418126383","2021-02-26","sec_filing","10-K",16,4,8,2
"NVDA","7fa530a5-5a2b-5b91-80b9-943418126383","2021-02-26","sec_filing","10-K",18,6,8,2
"NVDA","7fa530a5-5a2b-5b91-80b9-943418126383","2021-02-26","sec_filing","10-K",22,6,10,3
"NVDA","7fa530a5-5a2b-5b91-80b9-943418126383","2021-02-26","sec_filing","10-K",39,5,6,-1
"NVDA","7fa530a5-5a2b-5b91-80b9-943418126383","2021-02-26","sec_filing","10-K",103,6,9,3
"NVDA","7fa530a5-5a2b-5b91-80b9-943418126383","2021-02-26","sec_filing","10-K",167,1,6,1
"NVDA","806bba5c-f32e-5463-a7e7-92bdacc4bcd1","2024-11-20","transcripts","earnings_call",14,6,8,2
"NVDA","806bba5c-f32e-5463-a7e7-92bdacc4bcd1","2024-11-20","transcripts","earnings_call",5,4,8,2
"NVDA","806bba5c-f32e-5463-a7e7-92bdacc4bcd1","2024-11-20","transcripts","earnings_call",3,4,10,3
"NVDA","806bba5c-f32e-5463-a7e7-92bdacc4bcd1","2024-11-20","transcripts","earnings_call",4,4,9,3
"NVDA","806bba5c-f32e-5463-a7e7-92bdacc4bcd1","2024-11-20","transcripts","earnings_call",8,4,8,2
"NVDA","806bba5c-f32e-5463-a7e7-92bdacc4bcd1","2024-11-20","transcripts","earnings_call",13,4,9,2
"NVDA","806bba5c-f32e-5463-a7e7-92bdacc4bcd1","2024-11-20","transcripts","earnings_call",18,4,8,3
"NVDA","806bba5c-f32e-5463-a7e7-92bdacc4bcd1","2024-11-20","transcripts","earnings_call",20,4,8,2
"NVDA","806bba5c-f32e-5463-a7e7-92bdacc4bcd1","2024-11-20","transcripts","earnings_call",1,4,10,3
"NVDA","806bba5c-f32e-5463-a7e7-92bdacc4bcd1","2024-11-20","transcripts","earnings_call",2,4,10,3
"NVDA","7fa530a5-5a2b-5b91-80b9-943418126383","2021-02-26","sec_filing","10-K",201,6,8,1
"NVDA","8358ab57-a5d5-5091-b100-15b266c71a29","2021-05-26","transcripts","earnings_call",7,6,8,3
"NVDA","8358ab57-a5d5-5091-b100-15b266c71a29","2021-05-26","transcripts","earnings_call",8,6,8,3
"NVDA","83cbc14a-2704-5d7e-9567-ddbce33572ed","2026-05-20","sec_filing","10-Q",52,4,6,2
"NVDA","83cbc14a-2704-5d7e-9567-ddbce33572ed","2026-05-20","sec_filing","10-Q",70,6,8,0
"NVDA","83cbc14a-2704-5d7e-9567-ddbce33572ed","2026-05-20","sec_filing","10-Q",74,5,5,-1
"NVDA","83cbc14a-2704-5d7e-9567-ddbce33572ed","2026-05-20","sec_filing","10-Q",78,5,7,-2
"NVDA","83cbc14a-2704-5d7e-9567-ddbce33572ed","2026-05-20","sec_filing","10-Q",90,5,8,-2
"NVDA","83cbc14a-2704-5d7e-9567-ddbce33572ed","2026-05-20","sec_filing","10-Q",35,4,3,1
"NVDA","83cbc14a-2704-5d7e-9567-ddbce33572ed","2026-05-20","sec_filing","10-Q",71,5,6,-2
"NVDA","83cbc14a-2704-5d7e-9567-ddbce33572ed","2026-05-20","sec_filing","10-Q",76,5,6,-2
"NVDA","83cbc14a-2704-5d7e-9567-ddbce33572ed","2026-05-20","sec_filing","10-Q",83,5,9,-2
"NVDA","862e5eee-297b-5e48-916b-950376aa36ad","2022-10-25","hackernews","title",0,5,4,-2
"NVDA","aedef1b8-fe47-5b61-880b-694590e1fa26","2022-03-18","sec_filing","10-K",99,4,6,2
"NVDA","aedef1b8-fe47-5b61-880b-694590e1fa26","2022-03-18","sec_filing","10-K",100,4,9,3
"DELL","83c6596e-b469-5398-858c-3c6decb4c82e","2024-06-11","sec_filing","10-Q",102,4,8,2
"DELL","83c6596e-b469-5398-858c-3c6decb4c82e","2024-06-11","sec_filing","10-Q",73,4,5,1
"NVDA","858ca96a-d628-59bc-85bd-3b55da35ab19","2024-02-21","transcripts","earnings_call",5,5,7,-2
"NVDA","858ca96a-d628-59bc-85bd-3b55da35ab19","2024-02-21","transcripts","earnings_call",8,4,7,3
"NVDA","858ca96a-d628-59bc-85bd-3b55da35ab19","2024-02-21","transcripts","earnings_call",14,4,8,3
"NVDA","858ca96a-d628-59bc-85bd-3b55da35ab19","2024-02-21","transcripts","earnings_call",1,4,10,3
"NVDA","aedef1b8-fe47-5b61-880b-694590e1fa26","2022-03-18","sec_filing","10-K",76,5,4,-1
"NVDA","aedef1b8-fe47-5b61-880b-694590e1fa26","2022-03-18","sec_filing","10-K",75,5,8,-3
"NVDA","aedef1b8-fe47-5b61-880b-694590e1fa26","2022-03-18","sec_filing","10-K",56,5,3,-1
"NVDA","86b1c64f-eba1-5eb4-8fe4-2ac4ce1d406d","2026-02-27","hackernews","title",0,4,7,2
"NVDA","873d032e-6ed0-5531-8c17-f0725726e814","2017-10-29","hackernews","title",0,4,4,1
"NVDA","87a4c69c-93ba-5e73-a8b4-afdfab00f060","2021-02-25","transcripts","earnings_call",24,6,8,2
"NVDA","87a4c69c-93ba-5e73-a8b4-afdfab00f060","2021-02-25","transcripts","earnings_call",12,4,9,3
"NVDA","87a4c69c-93ba-5e73-a8b4-afdfab00f060","2021-02-25","transcripts","earnings_call",15,6,8,3
"NVDA","87a4c69c-93ba-5e73-a8b4-afdfab00f060","2021-02-25","transcripts","earnings_call",9,1,7,2
"TEAM","8a70658a-4569-5ce8-a1b7-889433e452c9","2026-02-06","sec_filing","10-Q",184,5,3,-1
"TEAM","8a70658a-4569-5ce8-a1b7-889433e452c9","2026-02-06","sec_filing","10-Q",32,1,6,1
"NVDA","88689740-f6a5-5345-b5b8-7cc21e9b6af5","2026-07-14","hackernews","title",0,5,6,-2
"MU","891ad6c9-b75d-5527-866a-7aaba8be2da4","2026-05-28","hackernews","title",0,4,9,3
"NVDA","891b443a-6c36-5674-96a1-b5c792b26264","2024-12-18","hackernews","title",0,1,5,2
"ADBE","88102f8a-34cb-5b4d-92fe-8a847b6c9a4d","2021-01-15","sec_filing","10-K",25,6,3,0
"NVDA","8995d4f1-d87b-5eaf-9ca9-2c49e6e982b1","2019-06-13","hackernews","title",0,6,4,1
"NVDA","89aa12fc-2c91-572c-9051-4849fd14745d","2023-08-01","hackernews","title",0,4,8,2
"MU","89fad4ec-160b-5090-bba4-56f33f5333d5","2025-06-25","sec_filing","10-Q",60,4,8,3
"MU","89fad4ec-160b-5090-bba4-56f33f5333d5","2025-06-25","sec_filing","10-Q",62,4,8,3
"MU","89fad4ec-160b-5090-bba4-56f33f5333d5","2025-06-25","sec_filing","10-Q",65,3,6,1
"MU","89fad4ec-160b-5090-bba4-56f33f5333d5","2025-06-25","sec_filing","10-Q",70,6,8,3
"MU","89fad4ec-160b-5090-bba4-56f33f5333d5","2025-06-25","sec_filing","10-Q",108,5,2,0
"MU","89fad4ec-160b-5090-bba4-56f33f5333d5","2025-06-25","sec_filing","10-Q",121,5,3,-1
"MU","89fad4ec-160b-5090-bba4-56f33f5333d5","2025-06-25","sec_filing","10-Q",126,5,5,-2
"NVDA","89bd0583-0579-53c0-b833-4c631d6ce558","2023-11-24","hackernews","title",0,4,6,2
"INTC","8a9d159d-331e-5125-bdf7-7ef8235251b2","2025-04-24","transcripts","earnings_call",31,6,6,1
"INTC","8a9d159d-331e-5125-bdf7-7ef8235251b2","2025-04-24","transcripts","earnings_call",23,4,6,2
"INTC","8a9d159d-331e-5125-bdf7-7ef8235251b2","2025-04-24","transcripts","earnings_call",4,6,7,1
"TEAM","8a70658a-4569-5ce8-a1b7-889433e452c9","2026-02-06","sec_filing","10-Q",97,5,6,-1
"TEAM","8a70658a-4569-5ce8-a1b7-889433e452c9","2026-02-06","sec_filing","10-Q",105,5,6,-2
"TEAM","8a70658a-4569-5ce8-a1b7-889433e452c9","2026-02-06","sec_filing","10-Q",120,6,2,0
"TEAM","8a70658a-4569-5ce8-a1b7-889433e452c9","2026-02-06","sec_filing","10-Q",152,5,4,-2
"TEAM","8a70658a-4569-5ce8-a1b7-889433e452c9","2026-02-06","sec_filing","10-Q",57,6,6,1
"MU","89fad4ec-160b-5090-bba4-56f33f5333d5","2025-06-25","sec_filing","10-Q",3,4,7,2
"DELL","8bc1b895-2563-583f-8c4b-0dbe60e1ca3a","2025-11-25","transcripts","earnings_call",17,4,9,2
"DELL","8bc1b895-2563-583f-8c4b-0dbe60e1ca3a","2025-11-25","transcripts","earnings_call",4,4,8,3
"DELL","8bc1b895-2563-583f-8c4b-0dbe60e1ca3a","2025-11-25","transcripts","earnings_call",9,4,6,1
"DELL","8bc1b895-2563-583f-8c4b-0dbe60e1ca3a","2025-11-25","transcripts","earnings_call",14,4,8,2
"DELL","8bc1b895-2563-583f-8c4b-0dbe60e1ca3a","2025-11-25","transcripts","earnings_call",15,4,9,3
"ADBE","8c0d9753-029a-574b-a5f6-3c4090803969","2026-06-15","sec_filing","10-Q",124,5,4,-1
"ADBE","8c0d9753-029a-574b-a5f6-3c4090803969","2026-06-15","sec_filing","10-Q",117,5,3,-1
"TEAM","8a70658a-4569-5ce8-a1b7-889433e452c9","2026-02-06","sec_filing","10-Q",121,6,2,0
"TEAM","8a70658a-4569-5ce8-a1b7-889433e452c9","2026-02-06","sec_filing","10-Q",151,5,5,-2
"NVDA","8b0c505a-5d2c-5919-89ea-aea260b6457d","2023-02-22","transcripts","earnings_call",5,4,5,2
"NVDA","8b0c505a-5d2c-5919-89ea-aea260b6457d","2023-02-22","transcripts","earnings_call",12,6,8,3
"NVDA","8b0c505a-5d2c-5919-89ea-aea260b6457d","2023-02-22","transcripts","earnings_call",22,4,7,3
"NVDA","8b0c505a-5d2c-5919-89ea-aea260b6457d","2023-02-22","transcripts","earnings_call",2,4,9,3
"NVDA","8b0c505a-5d2c-5919-89ea-aea260b6457d","2023-02-22","transcripts","earnings_call",7,4,7,3
"NVDA","8b0c505a-5d2c-5919-89ea-aea260b6457d","2023-02-22","transcripts","earnings_call",26,6,8,3
"NVDA","8b98b892-759b-5244-89aa-3470503fab29","2026-08-26","sec_filing","10-Q",86,5,7,-2
"NVDA","8b98b892-759b-5244-89aa-3470503fab29","2026-08-26","sec_filing","10-Q",92,5,9,-3
"NVDA","8b98b892-759b-5244-89aa-3470503fab29","2026-08-26","sec_filing","10-Q",93,5,8,-2
"NVDA","8b98b892-759b-5244-89aa-3470503fab29","2026-08-26","sec_filing","10-Q",99,5,8,-3
"TEAM","8bb65558-0b56-5e53-bb4e-63b773ef84b0","2023-11-02","transcripts","earnings_call",12,6,7,2
"MU","8bf594e4-ead8-50ea-b39c-04103f3bf3c8","2026-06-24","sec_filing","10-Q",109,5,3,-1
"MU","8bf594e4-ead8-50ea-b39c-04103f3bf3c8","2026-06-24","sec_filing","10-Q",107,5,2,0
"MU","8bf594e4-ead8-50ea-b39c-04103f3bf3c8","2026-06-24","sec_filing","10-Q",64,2,4,1
"MU","8bf594e4-ead8-50ea-b39c-04103f3bf3c8","2026-06-24","sec_filing","10-Q",69,5,4,-1
"MU","8bf594e4-ead8-50ea-b39c-04103f3bf3c8","2026-06-24","sec_filing","10-Q",114,5,4,-1
"INTC","8d613210-f36f-5330-b68c-59f82d72b913","2022-10-27","transcripts","earnings_call",31,4,5,1
"ADBE","8c0d9753-029a-574b-a5f6-3c4090803969","2026-06-15","sec_filing","10-Q",123,5,3,-1
"ADBE","8c0d9753-029a-574b-a5f6-3c4090803969","2026-06-15","sec_filing","10-Q",106,5,6,-2
"ADBE","8c0d9753-029a-574b-a5f6-3c4090803969","2026-06-15","sec_filing","10-Q",104,5,6,-2
"INTC","8d8f645f-6188-51ae-991a-16f0f9ce163b","2026-04-23","transcripts","earnings_call",5,4,9,3
"NVDA","8e586bb3-d2ec-5a8e-bb9a-edc191314e80","2025-08-11","hackernews","title",0,5,8,-2
"MU","8f145923-6fec-564f-bce1-3f151a07233e","2023-06-29","hackernews","title",0,6,5,2
"NVDA","8f6f6379-7b1d-5921-9326-d9244d569a8c","2023-11-21","transcripts","earnings_call",12,4,8,3
"NVDA","8f6f6379-7b1d-5921-9326-d9244d569a8c","2023-11-21","transcripts","earnings_call",5,6,10,3
"NVDA","8d66a653-72c9-5751-b9ab-39d6a8ab39ee","2019-02-09","hackernews","title",0,6,3,1
"MU","8e36ec0f-f800-561f-a459-b2403c03960f","2022-03-29","transcripts","earnings_call",16,4,6,2
"ADBE","8de4fbbc-9a78-5240-a65b-e596f2e29496","2020-01-21","sec_filing","10-K",15,6,5,2
"ADBE","8de4fbbc-9a78-5240-a65b-e596f2e29496","2020-01-21","sec_filing","10-K",87,5,5,-2
"ADBE","904058bd-363b-5ec5-9d93-f422ba7c2bfa","2025-06-12","transcripts","earnings_call",1,6,8,3
"ADBE","904058bd-363b-5ec5-9d93-f422ba7c2bfa","2025-06-12","transcripts","earnings_call",13,4,8,3
"ADBE","904058bd-363b-5ec5-9d93-f422ba7c2bfa","2025-06-12","transcripts","earnings_call",23,4,7,2
"ADBE","904058bd-363b-5ec5-9d93-f422ba7c2bfa","2025-06-12","transcripts","earnings_call",16,4,8,3
"ADBE","904058bd-363b-5ec5-9d93-f422ba7c2bfa","2025-06-12","transcripts","earnings_call",9,4,8,3
"NVDA","90b395b7-3f9c-5a6c-8b91-0cb34cb8e472","2016-11-22","sec_filing","10-Q",44,4,3,1
"PG","938822b8-e97e-58cf-b02e-c13651c550dd","2026-01-22","transcripts","earnings_call",8,2,5,2
"INTC","9229fe39-58e8-5e8b-9b81-61e1e5aab840","2020-01-23","transcripts","earnings_call",6,6,5,2
"INTC","9229fe39-58e8-5e8b-9b81-61e1e5aab840","2020-01-23","transcripts","earnings_call",3,1,7,3
"CAT","937470d2-61b2-5b15-96dc-206ba9bbb3e7","2023-04-27","transcripts","earnings_call",31,2,4,1
"CAT","937470d2-61b2-5b15-96dc-206ba9bbb3e7","2023-04-27","transcripts","earnings_call",33,4,6,2
"NVDA","938d71bf-3ea3-53ed-b020-7ac48d25f80d","2018-08-16","transcripts","earnings_call",6,1,6,3
"NVDA","938d71bf-3ea3-53ed-b020-7ac48d25f80d","2018-08-16","transcripts","earnings_call",24,4,7,3
"NVDA","938d71bf-3ea3-53ed-b020-7ac48d25f80d","2018-08-16","transcripts","earnings_call",21,4,8,3
"NVDA","938d71bf-3ea3-53ed-b020-7ac48d25f80d","2018-08-16","transcripts","earnings_call",26,6,6,2
"NVDA","938d71bf-3ea3-53ed-b020-7ac48d25f80d","2018-08-16","transcripts","earnings_call",18,6,8,3
"NVDA","938d71bf-3ea3-53ed-b020-7ac48d25f80d","2018-08-16","transcripts","earnings_call",20,6,9,3
"NVDA","938d71bf-3ea3-53ed-b020-7ac48d25f80d","2018-08-16","transcripts","earnings_call",3,4,9,3
"NVDA","938d71bf-3ea3-53ed-b020-7ac48d25f80d","2018-08-16","transcripts","earnings_call",4,6,8,3
"NVDA","938d71bf-3ea3-53ed-b020-7ac48d25f80d","2018-08-16","transcripts","earnings_call",7,6,6,3
"NVDA","938d71bf-3ea3-53ed-b020-7ac48d25f80d","2018-08-16","transcripts","earnings_call",10,6,5,2
"NVDA","938d71bf-3ea3-53ed-b020-7ac48d25f80d","2018-08-16","transcripts","earnings_call",14,4,8,3
"NVDA","938d71bf-3ea3-53ed-b020-7ac48d25f80d","2018-08-16","transcripts","earnings_call",16,4,8,3
"NVDA","938d71bf-3ea3-53ed-b020-7ac48d25f80d","2018-08-16","transcripts","earnings_call",17,6,7,3
"ADBE","942f47dc-3958-53ed-9b60-761cfb47f9bb","2023-12-13","transcripts","earnings_call",5,4,7,3
"ADBE","942f47dc-3958-53ed-9b60-761cfb47f9bb","2023-12-13","transcripts","earnings_call",27,4,6,2
"ADBE","942f47dc-3958-53ed-9b60-761cfb47f9bb","2023-12-13","transcripts","earnings_call",28,4,4,1
"ADBE","942f47dc-3958-53ed-9b60-761cfb47f9bb","2023-12-13","transcripts","earnings_call",32,4,7,3
"ADBE","942f47dc-3958-53ed-9b60-761cfb47f9bb","2023-12-13","transcripts","earnings_call",26,4,6,2
"PG","938822b8-e97e-58cf-b02e-c13651c550dd","2026-01-22","transcripts","earnings_call",6,6,5,2
"ADBE","964c25ae-fe8b-5128-bcd8-87f3405cae00","2018-06-22","hackernews","title",0,6,4,1
"TEAM","95e53630-85fd-554a-8ef6-24709faae917","2025-10-30","transcripts","earnings_call",6,4,8,3
"TEAM","95e53630-85fd-554a-8ef6-24709faae917","2025-10-30","transcripts","earnings_call",23,4,7,3
"TEAM","95e53630-85fd-554a-8ef6-24709faae917","2025-10-30","transcripts","earnings_call",10,6,7,3
"TEAM","935b548e-a872-5c60-9f81-abdf52ac4495","2025-10-31","sec_filing","10-Q",28,6,2,0
"TEAM","935b548e-a872-5c60-9f81-abdf52ac4495","2025-10-31","sec_filing","10-Q",138,4,5,0
"NVDA","961b921d-3db3-546f-9052-11e04eea1dd7","2016-04-10","hackernews","title",0,6,8,3
"MU","96495464-e6da-5fa7-ac4f-e55615da7bfd","2018-07-30","hackernews","title",0,6,3,1
"INTC","9837dfd9-0389-5100-88ba-32b379e479ff","2020-10-22","transcripts","earnings_call",27,4,4,2
"TEAM","971a12f2-f2d3-5c16-97e7-33d386795738","2025-01-30","transcripts","earnings_call",5,6,8,3
"MU","9732e5a6-bc18-5a15-8ea3-332ee47ec027","2024-06-26","transcripts","earnings_call",3,4,8,3
"MU","9732e5a6-bc18-5a15-8ea3-332ee47ec027","2024-06-26","transcripts","earnings_call",12,4,7,2
"MU","9732e5a6-bc18-5a15-8ea3-332ee47ec027","2024-06-26","transcripts","earnings_call",13,4,6,2
"MU","9732e5a6-bc18-5a15-8ea3-332ee47ec027","2024-06-26","transcripts","earnings_call",14,4,8,3
"MU","9732e5a6-bc18-5a15-8ea3-332ee47ec027","2024-06-26","transcripts","earnings_call",20,4,8,3
"MU","9732e5a6-bc18-5a15-8ea3-332ee47ec027","2024-06-26","transcripts","earnings_call",11,4,3,1
"MU","9732e5a6-bc18-5a15-8ea3-332ee47ec027","2024-06-26","transcripts","earnings_call",5,6,9,3
"MU","9732e5a6-bc18-5a15-8ea3-332ee47ec027","2024-06-26","transcripts","earnings_call",18,4,8,3
"DELL","9bdfb81a-cb83-57f1-9c82-7a3ee9910829","2025-11-20","hackernews","title",0,6,4,1
"NVDA","9bebd510-b6f5-5b89-be68-ed180ab54920","2026-03-05","hackernews","title",0,5,6,-2
"NVDA","9bf92034-7a4b-5968-84ab-4e770ae0b59f","2026-08-27","hackernews","title",0,1,8,2
"NVDA","99c2ed8f-f553-5087-ba8f-8abd5f78aa05","2025-07-15","hackernews","title",0,4,8,3
"NVDA","9a65c304-bda4-54ce-947a-8bd72cb76572","2023-06-14","hackernews","title",0,4,6,2
"NVDA","99c19fe6-36cf-5676-9152-e054550dcefb","2016-02-17","transcripts","earnings_call",3,4,9,3
"NVDA","99c19fe6-36cf-5676-9152-e054550dcefb","2016-02-17","transcripts","earnings_call",21,6,8,3
"NVDA","9a9a0f06-3d21-54ef-95e1-d60c4bac1d09","2016-11-12","hackernews","title",0,4,5,2
"NVDA","9b445c1c-6105-580d-876a-fd824f81668a","2025-11-19","transcripts","earnings_call",9,4,8,3
"NVDA","9b445c1c-6105-580d-876a-fd824f81668a","2025-11-19","transcripts","earnings_call",2,4,9,3
"NVDA","9b445c1c-6105-580d-876a-fd824f81668a","2025-11-19","transcripts","earnings_call",19,1,9,3
"MU","9cfa715e-27a7-51b4-9133-473aa1a78375","2026-08-25","hackernews","title",0,5,7,-2
"TEAM","9f2ba849-64d8-5743-8663-91d1fba37890","2024-04-25","transcripts","earnings_call",9,6,6,2
"INTC","a0f87f5f-47f1-5127-81c2-44ac0b715920","2025-11-06","sec_filing","10-Q",4,6,3,0
"DELL","a383d817-a6bf-54a6-8094-71a1947f41b1","2026-03-16","sec_filing","10-K",118,2,7,1
"DELL","a383d817-a6bf-54a6-8094-71a1947f41b1","2026-03-16","sec_filing","10-K",8,6,9,3
"DELL","a383d817-a6bf-54a6-8094-71a1947f41b1","2026-03-16","sec_filing","10-K",39,5,6,-2
"DELL","9fc772f2-c925-549d-8063-dcd2d33be980","2024-12-10","sec_filing","10-Q",98,4,6,2
"DELL","9fc772f2-c925-549d-8063-dcd2d33be980","2024-12-10","sec_filing","10-Q",93,4,6,2
"TEAM","a263aff4-f957-563b-bf65-18268688e50e","2026-02-05","transcripts","earnings_call",18,4,8,3
"TEAM","a263aff4-f957-563b-bf65-18268688e50e","2026-02-05","transcripts","earnings_call",10,6,6,2
"TEAM","a263aff4-f957-563b-bf65-18268688e50e","2026-02-05","transcripts","earnings_call",11,4,7,2
"NVDA","a31adff2-40c5-5520-8cb4-b33ca6b86e3a","2020-05-21","transcripts","earnings_call",34,4,8,3
"NVDA","a31adff2-40c5-5520-8cb4-b33ca6b86e3a","2020-05-21","transcripts","earnings_call",1,4,6,1
"NVDA","a31adff2-40c5-5520-8cb4-b33ca6b86e3a","2020-05-21","transcripts","earnings_call",24,5,4,0
"NVDA","a31adff2-40c5-5520-8cb4-b33ca6b86e3a","2020-05-21","transcripts","earnings_call",35,4,9,3
"NVDA","a31adff2-40c5-5520-8cb4-b33ca6b86e3a","2020-05-21","transcripts","earnings_call",41,6,9,3
"NVDA","a31adff2-40c5-5520-8cb4-b33ca6b86e3a","2020-05-21","transcripts","earnings_call",42,1,8,3
"NVDA","a31adff2-40c5-5520-8cb4-b33ca6b86e3a","2020-05-21","transcripts","earnings_call",43,6,9,3
"NVDA","a31adff2-40c5-5520-8cb4-b33ca6b86e3a","2020-05-21","transcripts","earnings_call",6,6,6,2
"INTC","a0f87f5f-47f1-5127-81c2-44ac0b715920","2025-11-06","sec_filing","10-Q",101,4,3,1
"DELL","a22c13ef-3936-577e-8c1d-9036083bcd08","2025-03-25","sec_filing","10-K",48,5,5,-2
"DELL","a22c13ef-3936-577e-8c1d-9036083bcd08","2025-03-25","sec_filing","10-K",100,4,8,1
"DELL","a2e1c147-ad35-5225-a2ab-cfd6d7cf19c5","2026-09-08","sec_filing","10-Q",79,5,7,-1
"DELL","a2e1c147-ad35-5225-a2ab-cfd6d7cf19c5","2026-09-08","sec_filing","10-Q",75,4,8,2
"DELL","a2e1c147-ad35-5225-a2ab-cfd6d7cf19c5","2026-09-08","sec_filing","10-Q",78,4,9,3
"DELL","a2e1c147-ad35-5225-a2ab-cfd6d7cf19c5","2026-09-08","sec_filing","10-Q",111,4,9,3
"DELL","a22c13ef-3936-577e-8c1d-9036083bcd08","2025-03-25","sec_filing","10-K",44,5,5,-1
"DELL","a22c13ef-3936-577e-8c1d-9036083bcd08","2025-03-25","sec_filing","10-K",57,5,3,-1
"DELL","a22c13ef-3936-577e-8c1d-9036083bcd08","2025-03-25","sec_filing","10-K",95,4,7,2
"DELL","a22c13ef-3936-577e-8c1d-9036083bcd08","2025-03-25","sec_filing","10-K",98,4,7,1
"DELL","a22c13ef-3936-577e-8c1d-9036083bcd08","2025-03-25","sec_filing","10-K",119,4,6,2
"DELL","a22c13ef-3936-577e-8c1d-9036083bcd08","2025-03-25","sec_filing","10-K",121,4,6,2
"DELL","a22c13ef-3936-577e-8c1d-9036083bcd08","2025-03-25","sec_filing","10-K",135,4,7,2
"DELL","a22c13ef-3936-577e-8c1d-9036083bcd08","2025-03-25","sec_filing","10-K",152,4,6,1
"DELL","a22c13ef-3936-577e-8c1d-9036083bcd08","2025-03-25","sec_filing","10-K",153,4,6,1
"CAT","a291f509-c7c2-5c4f-85e2-1036bd4d6a8e","2018-05-02","sec_filing","10-Q",70,6,4,1
"DELL","a383d817-a6bf-54a6-8094-71a1947f41b1","2026-03-16","sec_filing","10-K",47,5,4,-2
"DELL","a383d817-a6bf-54a6-8094-71a1947f41b1","2026-03-16","sec_filing","10-K",95,4,9,3
"DELL","a383d817-a6bf-54a6-8094-71a1947f41b1","2026-03-16","sec_filing","10-K",129,4,9,2
"DELL","a22c13ef-3936-577e-8c1d-9036083bcd08","2025-03-25","sec_filing","10-K",294,4,5,1
"NVDA","b035db6b-9975-584b-a20e-df2443718373","2025-05-08","hackernews","title",0,4,4,1
"NVDA","a82c94b1-d722-5d79-9a3e-0f0b77289bfa","2022-11-18","sec_filing","10-Q",90,5,8,-2
"NVDA","a82c94b1-d722-5d79-9a3e-0f0b77289bfa","2022-11-18","sec_filing","10-Q",75,4,5,0
"NVDA","aedef1b8-fe47-5b61-880b-694590e1fa26","2022-03-18","sec_filing","10-K",41,6,6,0
"NVDA","aedef1b8-fe47-5b61-880b-694590e1fa26","2022-03-18","sec_filing","10-K",29,5,6,-1
"NVDA","aedef1b8-fe47-5b61-880b-694590e1fa26","2022-03-18","sec_filing","10-K",24,2,4,1
"NVDA","aedef1b8-fe47-5b61-880b-694590e1fa26","2022-03-18","sec_filing","10-K",19,6,7,2
"NVDA","aedef1b8-fe47-5b61-880b-694590e1fa26","2022-03-18","sec_filing","10-K",17,6,6,2
"NVDA","aedef1b8-fe47-5b61-880b-694590e1fa26","2022-03-18","sec_filing","10-K",12,6,8,3
"NVDA","aedef1b8-fe47-5b61-880b-694590e1fa26","2022-03-18","sec_filing","10-K",11,4,7,3
"NVDA","aedef1b8-fe47-5b61-880b-694590e1fa26","2022-03-18","sec_filing","10-K",7,4,9,3
"NVDA","a82c94b1-d722-5d79-9a3e-0f0b77289bfa","2022-11-18","sec_filing","10-Q",54,6,9,3
"ADBE","b076f00c-1b13-5fe2-96fb-8bf573a038a9","2024-06-13","transcripts","earnings_call",11,4,7,3
"ADBE","b076f00c-1b13-5fe2-96fb-8bf573a038a9","2024-06-13","transcripts","earnings_call",20,4,8,3
"ADBE","b076f00c-1b13-5fe2-96fb-8bf573a038a9","2024-06-13","transcripts","earnings_call",5,6,8,3
"ADBE","b076f00c-1b13-5fe2-96fb-8bf573a038a9","2024-06-13","transcripts","earnings_call",10,4,8,3
"ADBE","b076f00c-1b13-5fe2-96fb-8bf573a038a9","2024-06-13","transcripts","earnings_call",28,4,6,2
"ADBE","b076f00c-1b13-5fe2-96fb-8bf573a038a9","2024-06-13","transcripts","earnings_call",30,4,7,2
"ADBE","b076f00c-1b13-5fe2-96fb-8bf573a038a9","2024-06-13","transcripts","earnings_call",31,6,6,2
"ADBE","b076f00c-1b13-5fe2-96fb-8bf573a038a9","2024-06-13","transcripts","earnings_call",2,6,8,3
"ADBE","b076f00c-1b13-5fe2-96fb-8bf573a038a9","2024-06-13","transcripts","earnings_call",6,4,9,3
"ADBE","b076f00c-1b13-5fe2-96fb-8bf573a038a9","2024-06-13","transcripts","earnings_call",7,6,7,3
"ADBE","b076f00c-1b13-5fe2-96fb-8bf573a038a9","2024-06-13","transcripts","earnings_call",14,4,8,3
"ADBE","b076f00c-1b13-5fe2-96fb-8bf573a038a9","2024-06-13","transcripts","earnings_call",16,6,8,2
"ADBE","b076f00c-1b13-5fe2-96fb-8bf573a038a9","2024-06-13","transcripts","earnings_call",18,4,6,2
"ADBE","b076f00c-1b13-5fe2-96fb-8bf573a038a9","2024-06-13","transcripts","earnings_call",21,4,8,3
"ADBE","b076f00c-1b13-5fe2-96fb-8bf573a038a9","2024-06-13","transcripts","earnings_call",22,4,7,2
"ADBE","b076f00c-1b13-5fe2-96fb-8bf573a038a9","2024-06-13","transcripts","earnings_call",24,4,6,2
"ADBE","b076f00c-1b13-5fe2-96fb-8bf573a038a9","2024-06-13","transcripts","earnings_call",26,4,8,3
"INTC","b104832c-9b87-5f77-b04b-e9a7f1e0d0db","2023-10-26","transcripts","earnings_call",10,3,5,1
"INTC","b104832c-9b87-5f77-b04b-e9a7f1e0d0db","2023-10-26","transcripts","earnings_call",35,6,8,3
"INTC","b104832c-9b87-5f77-b04b-e9a7f1e0d0db","2023-10-26","transcripts","earnings_call",30,4,8,2
"INTC","b104832c-9b87-5f77-b04b-e9a7f1e0d0db","2023-10-26","transcripts","earnings_call",6,4,8,3
"INTC","b104832c-9b87-5f77-b04b-e9a7f1e0d0db","2023-10-26","transcripts","earnings_call",5,6,8,3
"INTC","b104832c-9b87-5f77-b04b-e9a7f1e0d0db","2023-10-26","transcripts","earnings_call",20,4,7,3
"INTC","b104832c-9b87-5f77-b04b-e9a7f1e0d0db","2023-10-26","transcripts","earnings_call",23,5,6,-1
"INTC","b104832c-9b87-5f77-b04b-e9a7f1e0d0db","2023-10-26","transcripts","earnings_call",24,1,7,3
"INTC","b104832c-9b87-5f77-b04b-e9a7f1e0d0db","2023-10-26","transcripts","earnings_call",26,1,7,3
"INTC","b104832c-9b87-5f77-b04b-e9a7f1e0d0db","2023-10-26","transcripts","earnings_call",27,4,6,2
"NVDA","aedef1b8-fe47-5b61-880b-694590e1fa26","2022-03-18","sec_filing","10-K",110,4,8,3
"ADBE","b14b46d8-365e-5d37-80cc-3c0149facbd4","2017-01-15","hackernews","title",0,6,4,0
"NVDA","b13c800c-a470-5736-921c-7d9b41a171ad","2013-08-21","sec_filing","10-Q",60,4,4,1
"NVDA","b1bf78cc-3b79-5904-b32e-46e9a86a7fd0","2024-02-15","hackernews","title",0,6,3,1
"NVDA","b2691109-090d-5526-a54e-3f7db0099812","2018-01-08","hackernews","title",0,4,7,3
"NVDA","b4523989-ad55-5508-aa71-fe1314b61d21","2024-11-02","hackernews","title",0,4,8,3
"INTC","b47fe0e1-ba39-570a-b60b-51d06f31d737","2022-01-26","sec_filing","10-K",40,4,2,1
"INTC","b47fe0e1-ba39-570a-b60b-51d06f31d737","2022-01-26","sec_filing","10-K",66,4,6,2
"INTC","b416b004-bb36-5af0-9c64-1d1b71ab1023","2021-01-22","sec_filing","10-K",297,1,1,0
"INTC","b416b004-bb36-5af0-9c64-1d1b71ab1023","2021-01-22","sec_filing","10-K",130,6,6,0
"INTC","b416b004-bb36-5af0-9c64-1d1b71ab1023","2021-01-22","sec_filing","10-K",81,4,5,1
"INTC","b416b004-bb36-5af0-9c64-1d1b71ab1023","2021-01-22","sec_filing","10-K",70,6,5,1
"INTC","b416b004-bb36-5af0-9c64-1d1b71ab1023","2021-01-22","sec_filing","10-K",63,4,4,1
"MU","b47bf12e-5cad-5ea1-9286-2040b88893c8","2026-04-29","hackernews","title",0,6,3,0
"INTC","b416b004-bb36-5af0-9c64-1d1b71ab1023","2021-01-22","sec_filing","10-K",51,6,5,1
"INTC","b416b004-bb36-5af0-9c64-1d1b71ab1023","2021-01-22","sec_filing","10-K",30,6,3,1
"INTC","b416b004-bb36-5af0-9c64-1d1b71ab1023","2021-01-22","sec_filing","10-K",29,6,5,1
"INTC","b416b004-bb36-5af0-9c64-1d1b71ab1023","2021-01-22","sec_filing","10-K",28,6,6,2
"INTC","b416b004-bb36-5af0-9c64-1d1b71ab1023","2021-01-22","sec_filing","10-K",17,6,4,1
"INTC","b416b004-bb36-5af0-9c64-1d1b71ab1023","2021-01-22","sec_filing","10-K",16,6,7,2
"INTC","b416b004-bb36-5af0-9c64-1d1b71ab1023","2021-01-22","sec_filing","10-K",11,6,5,1
"INTC","b416b004-bb36-5af0-9c64-1d1b71ab1023","2021-01-22","sec_filing","10-K",27,6,6,2
"INTC","b416b004-bb36-5af0-9c64-1d1b71ab1023","2021-01-22","sec_filing","10-K",43,6,2,1
"INTC","b416b004-bb36-5af0-9c64-1d1b71ab1023","2021-01-22","sec_filing","10-K",57,4,6,2
"INTC","b416b004-bb36-5af0-9c64-1d1b71ab1023","2021-01-22","sec_filing","10-K",61,6,4,2
"INTC","b416b004-bb36-5af0-9c64-1d1b71ab1023","2021-01-22","sec_filing","10-K",72,6,5,2
"INTC","b47fe0e1-ba39-570a-b60b-51d06f31d737","2022-01-26","sec_filing","10-K",76,6,5,2
"INTC","b47fe0e1-ba39-570a-b60b-51d06f31d737","2022-01-26","sec_filing","10-K",77,6,5,1
"INTC","b47fe0e1-ba39-570a-b60b-51d06f31d737","2022-01-26","sec_filing","10-K",87,4,4,1
"INTC","b47fe0e1-ba39-570a-b60b-51d06f31d737","2022-01-26","sec_filing","10-K",127,5,6,-2
"INTC","b47fe0e1-ba39-570a-b60b-51d06f31d737","2022-01-26","sec_filing","10-K",130,6,6,0
"INTC","b47fe0e1-ba39-570a-b60b-51d06f31d737","2022-01-26","sec_filing","10-K",186,6,6,1
"INTC","b4dc29e5-3331-58bc-98fb-598fb0033361","2019-02-01","sec_filing","10-K",12,6,5,1
"INTC","b4dc29e5-3331-58bc-98fb-598fb0033361","2019-02-01","sec_filing","10-K",14,6,5,1
"INTC","b4dc29e5-3331-58bc-98fb-598fb0033361","2019-02-01","sec_filing","10-K",16,4,6,2
"INTC","b4dc29e5-3331-58bc-98fb-598fb0033361","2019-02-01","sec_filing","10-K",25,6,5,1
"INTC","b4dc29e5-3331-58bc-98fb-598fb0033361","2019-02-01","sec_filing","10-K",27,6,4,1
"INTC","b4dc29e5-3331-58bc-98fb-598fb0033361","2019-02-01","sec_filing","10-K",55,6,4,1
"INTC","b4dc29e5-3331-58bc-98fb-598fb0033361","2019-02-01","sec_filing","10-K",60,4,4,2
"INTC","b4dc29e5-3331-58bc-98fb-598fb0033361","2019-02-01","sec_filing","10-K",64,4,5,2
"INTC","b4dc29e5-3331-58bc-98fb-598fb0033361","2019-02-01","sec_filing","10-K",66,6,3,1
"INTC","b4dc29e5-3331-58bc-98fb-598fb0033361","2019-02-01","sec_filing","10-K",9,4,5,2
"INTC","b4dc29e5-3331-58bc-98fb-598fb0033361","2019-02-01","sec_filing","10-K",17,4,6,1
"NVDA","b541e9de-5d2f-50d2-b6f9-4c235f5cb88b","2024-03-04","hackernews","title",0,5,6,-1
"INTC","b416b004-bb36-5af0-9c64-1d1b71ab1023","2021-01-22","sec_filing","10-K",294,6,1,0
"INTC","b416b004-bb36-5af0-9c64-1d1b71ab1023","2021-01-22","sec_filing","10-K",133,5,6,-1
"INTC","b416b004-bb36-5af0-9c64-1d1b71ab1023","2021-01-22","sec_filing","10-K",82,6,5,2
"INTC","b47fe0e1-ba39-570a-b60b-51d06f31d737","2022-01-26","sec_filing","10-K",11,6,6,2
"INTC","b47fe0e1-ba39-570a-b60b-51d06f31d737","2022-01-26","sec_filing","10-K",12,6,5,1
"INTC","b47fe0e1-ba39-570a-b60b-51d06f31d737","2022-01-26","sec_filing","10-K",13,6,6,2
"INTC","b47fe0e1-ba39-570a-b60b-51d06f31d737","2022-01-26","sec_filing","10-K",307,6,2,0
"INTC","b47fe0e1-ba39-570a-b60b-51d06f31d737","2022-01-26","sec_filing","10-K",20,1,4,2
"INTC","b47fe0e1-ba39-570a-b60b-51d06f31d737","2022-01-26","sec_filing","10-K",24,6,6,2
"INTC","b47fe0e1-ba39-570a-b60b-51d06f31d737","2022-01-26","sec_filing","10-K",49,6,5,1
"INTC","b47fe0e1-ba39-570a-b60b-51d06f31d737","2022-01-26","sec_filing","10-K",60,6,4,1
"INTC","b47fe0e1-ba39-570a-b60b-51d06f31d737","2022-01-26","sec_filing","10-K",61,4,6,1
"INTC","b47fe0e1-ba39-570a-b60b-51d06f31d737","2022-01-26","sec_filing","10-K",69,4,5,2
"INTC","b47fe0e1-ba39-570a-b60b-51d06f31d737","2022-01-26","sec_filing","10-K",72,6,4,1
"INTC","b47fe0e1-ba39-570a-b60b-51d06f31d737","2022-01-26","sec_filing","10-K",74,4,5,1
"INTC","b47fe0e1-ba39-570a-b60b-51d06f31d737","2022-01-26","sec_filing","10-K",75,6,5,2
"INTC","b47fe0e1-ba39-570a-b60b-51d06f31d737","2022-01-26","sec_filing","10-K",78,6,4,1
"INTC","b47fe0e1-ba39-570a-b60b-51d06f31d737","2022-01-26","sec_filing","10-K",85,6,4,1
"INTC","b4dc29e5-3331-58bc-98fb-598fb0033361","2019-02-01","sec_filing","10-K",19,6,4,1
"INTC","b4dc29e5-3331-58bc-98fb-598fb0033361","2019-02-01","sec_filing","10-K",26,6,6,1
"INTC","b4dc29e5-3331-58bc-98fb-598fb0033361","2019-02-01","sec_filing","10-K",35,6,2,0
"INTC","b4dc29e5-3331-58bc-98fb-598fb0033361","2019-02-01","sec_filing","10-K",44,6,3,0
"INTC","b4dc29e5-3331-58bc-98fb-598fb0033361","2019-02-01","sec_filing","10-K",61,4,6,2
"INTC","b4dc29e5-3331-58bc-98fb-598fb0033361","2019-02-01","sec_filing","10-K",62,4,4,1
"INTC","b4dc29e5-3331-58bc-98fb-598fb0033361","2019-02-01","sec_filing","10-K",100,5,6,-2
"INTC","b4dc29e5-3331-58bc-98fb-598fb0033361","2019-02-01","sec_filing","10-K",101,5,6,-1
"INTC","b4dc29e5-3331-58bc-98fb-598fb0033361","2019-02-01","sec_filing","10-K",113,6,5,0
"INTC","b4dc29e5-3331-58bc-98fb-598fb0033361","2019-02-01","sec_filing","10-K",225,1,6,2
"NVDA","b54bd4dc-e3d0-5e13-986d-fd7aacb90fd8","2024-05-17","hackernews","title",0,6,3,1
"INTC","b47fe0e1-ba39-570a-b60b-51d06f31d737","2022-01-26","sec_filing","10-K",157,5,3,-1
"INTC","b47fe0e1-ba39-570a-b60b-51d06f31d737","2022-01-26","sec_filing","10-K",161,5,2,-1
"INTC","b57c663f-0f2b-558c-9f1d-ee27845e3748","2025-07-24","transcripts","earnings_call",7,1,5,1
"INTC","b57c663f-0f2b-558c-9f1d-ee27845e3748","2025-07-24","transcripts","earnings_call",21,6,6,1
"INTC","b57c663f-0f2b-558c-9f1d-ee27845e3748","2025-07-24","transcripts","earnings_call",23,6,5,0
"INTC","b6cbc880-4bb0-5c5c-bae8-cc830e9e3826","2016-08-16","hackernews","title",0,6,4,-1
"NVDA","b6241ce5-4697-5422-8a40-ca5cd694f4a6","2022-10-14","hackernews","title",0,5,4,-2
"CAT","b5501356-7b2e-5738-9074-438f7777076b","2023-08-02","sec_filing","10-Q",97,6,2,0
"CAT","b5501356-7b2e-5738-9074-438f7777076b","2023-08-02","sec_filing","10-Q",53,6,3,1
"INTC","b6c1e6e5-4650-5e0f-88fc-c12e3a89fe6d","2021-04-06","hackernews","title",0,4,6,2
"NVDA","b782e38a-cfdc-50ac-9062-09ee6d669a9a","2022-06-30","hackernews","title",0,6,4,1
"INTC","b61f86e2-c1a9-50f3-b2dd-adf9c2635067","2016-08-17","hackernews","title",0,6,3,1
"NVDA","b7307197-fc09-5343-a438-ac205c0cc122","2015-02-05","hackernews","title",0,6,4,1
"NVDA","b787d5d4-6f4f-5b8e-86c2-86232215a05f","2019-03-19","hackernews","title",0,6,3,1
"ADBE","b7c8c258-626f-5cf5-8557-b29918aeb5f7","2024-05-01","hackernews","title",0,5,4,-1
"NVDA","b737c8b0-d14b-5745-9aaa-7a932365ed41","2024-05-22","hackernews","title",0,4,10,3
"DELL","b75e9e02-9f52-56f0-b589-24f93af288c5","2024-03-25","sec_filing","10-K",98,4,8,2
"DELL","b75e9e02-9f52-56f0-b589-24f93af288c5","2024-03-25","sec_filing","10-K",102,4,7,2
"DELL","b75e9e02-9f52-56f0-b589-24f93af288c5","2024-03-25","sec_filing","10-K",306,6,5,1
"NVDA","b88df370-480a-538b-93eb-8fab0a600ed7","2023-11-13","hackernews","title",0,4,7,2
"NVDA","b8a51796-8f25-5f03-8fd7-caa5b349b171","2024-01-20","hackernews","title",0,4,4,2
"NVDA","b9186af5-38dc-5df1-ad7b-b902474c1e16","2017-11-10","hackernews","title",0,1,5,1
"TEAM","b9370e80-a22c-5d2a-9579-12449ea83286","2025-08-07","transcripts","earnings_call",5,2,7,3
"NVDA","b9a2768b-1038-5e88-a33f-63795ad6dacf","2017-07-28","hackernews","title",0,4,4,2
"INTC","ba9124e3-8d14-5f10-9f0a-1cecea9dbc48","2021-07-26","hackernews","title",0,1,7,2
"NVDA","c468e666-a298-505b-9a26-045b9128d2bd","2020-02-20","sec_filing","10-K",14,4,8,3
"INTC","b9bbc5d6-b25c-59c0-861e-2840916c70e7","2025-11-13","hackernews","title",0,3,5,-1
"NVDA","baadda96-3068-549f-ac7b-e01d0e814a64","2017-05-09","transcripts","earnings_call",18,4,6,2
"NVDA","baadda96-3068-549f-ac7b-e01d0e814a64","2017-05-09","transcripts","earnings_call",19,4,8,3
"NVDA","baadda96-3068-549f-ac7b-e01d0e814a64","2017-05-09","transcripts","earnings_call",21,6,6,2
"NVDA","baadda96-3068-549f-ac7b-e01d0e814a64","2017-05-09","transcripts","earnings_call",7,4,8,3
"NVDA","baadda96-3068-549f-ac7b-e01d0e814a64","2017-05-09","transcripts","earnings_call",22,4,6,2
"NVDA","baadda96-3068-549f-ac7b-e01d0e814a64","2017-05-09","transcripts","earnings_call",23,4,6,2
"NVDA","baadda96-3068-549f-ac7b-e01d0e814a64","2017-05-09","transcripts","earnings_call",25,6,7,2
"NVDA","baadda96-3068-549f-ac7b-e01d0e814a64","2017-05-09","transcripts","earnings_call",26,6,5,2
"NVDA","baadda96-3068-549f-ac7b-e01d0e814a64","2017-05-09","transcripts","earnings_call",27,4,8,3
"NVDA","baadda96-3068-549f-ac7b-e01d0e814a64","2017-05-09","transcripts","earnings_call",14,4,8,3
"NVDA","baadda96-3068-549f-ac7b-e01d0e814a64","2017-05-09","transcripts","earnings_call",1,4,9,3
"NVDA","baadda96-3068-549f-ac7b-e01d0e814a64","2017-05-09","transcripts","earnings_call",5,6,6,2
"NVDA","baadda96-3068-549f-ac7b-e01d0e814a64","2017-05-09","transcripts","earnings_call",6,4,7,2
"NVDA","baadda96-3068-549f-ac7b-e01d0e814a64","2017-05-09","transcripts","earnings_call",8,4,8,3
"NVDA","baadda96-3068-549f-ac7b-e01d0e814a64","2017-05-09","transcripts","earnings_call",11,4,6,1
"NVDA","baadda96-3068-549f-ac7b-e01d0e814a64","2017-05-09","transcripts","earnings_call",3,4,9,3
"TEAM","b9370e80-a22c-5d2a-9579-12449ea83286","2025-08-07","transcripts","earnings_call",14,2,7,3
"TEAM","b9370e80-a22c-5d2a-9579-12449ea83286","2025-08-07","transcripts","earnings_call",24,4,7,2
"TEAM","b9370e80-a22c-5d2a-9579-12449ea83286","2025-08-07","transcripts","earnings_call",13,6,8,3
"INTC","bb06284a-e639-5f32-a9b0-ac3dd96dd806","2017-01-03","hackernews","title",0,6,4,1
"MU","bb5d3c55-af08-58ca-bb8f-ef7e183f01c7","2024-05-13","hackernews","title",0,6,3,1
"NVDA","bb876161-3c34-5520-8bf6-d942d20fa71b","2024-08-04","hackernews","title",0,5,7,-2
"INTC","bbbd4438-71bc-5091-a839-1c81b5f1fa51","2026-08-25","hackernews","title",0,6,6,2
"MU","baf829fa-39ef-5199-88d0-4fe8aeb31c5c","2020-03-25","transcripts","earnings_call",8,4,4,2
"ADBE","bb5aef7d-d99f-5639-841b-44188f435b0f","2025-09-24","sec_filing","10-Q",106,5,4,-1
"ADBE","bb5aef7d-d99f-5639-841b-44188f435b0f","2025-09-24","sec_filing","10-Q",95,5,3,-2
"ADBE","bb5aef7d-d99f-5639-841b-44188f435b0f","2025-09-24","sec_filing","10-Q",89,5,5,-2
"ADBE","bb5aef7d-d99f-5639-841b-44188f435b0f","2025-09-24","sec_filing","10-Q",87,6,5,0
"ADBE","bb5aef7d-d99f-5639-841b-44188f435b0f","2025-09-24","sec_filing","10-Q",69,6,5,0
"ADBE","bb5aef7d-d99f-5639-841b-44188f435b0f","2025-09-24","sec_filing","10-Q",68,2,3,0
"ADBE","bb5aef7d-d99f-5639-841b-44188f435b0f","2025-09-24","sec_filing","10-Q",122,5,5,-2
"NVDA","bc122d35-42e0-5440-8b43-adea5a56b50c","2024-12-18","hackernews","title",0,1,4,1
"NVDA","bc53e1b5-07a9-5a4e-b961-d107d170c414","2015-01-05","hackernews","title",0,6,6,2
"DELL","bd086583-4386-5e22-ab16-8655a2abd487","2023-11-29","hackernews","title",0,1,5,2
"ADBE","bb5aef7d-d99f-5639-841b-44188f435b0f","2025-09-24","sec_filing","10-Q",94,5,5,-1
"ADBE","bb5aef7d-d99f-5639-841b-44188f435b0f","2025-09-24","sec_filing","10-Q",92,5,7,-2
"ADBE","bb5aef7d-d99f-5639-841b-44188f435b0f","2025-09-24","sec_filing","10-Q",86,6,6,0
"ADBE","bb5aef7d-d99f-5639-841b-44188f435b0f","2025-09-24","sec_filing","10-Q",58,4,8,3
"ADBE","bb5aef7d-d99f-5639-841b-44188f435b0f","2025-09-24","sec_filing","10-Q",57,6,7,2
"ADBE","bb5aef7d-d99f-5639-841b-44188f435b0f","2025-09-24","sec_filing","10-Q",54,4,7,2
"ADBE","bb5aef7d-d99f-5639-841b-44188f435b0f","2025-09-24","sec_filing","10-Q",90,5,6,-2
"INTC","bdc27b99-3a00-510f-b5a8-5225ff488a4d","2024-04-22","hackernews","title",0,4,7,2
"NVDA","bb7d6cc8-ef6f-5817-9350-04bab2929952","2018-02-28","sec_filing","10-K",14,4,8,3
"NVDA","bb7d6cc8-ef6f-5817-9350-04bab2929952","2018-02-28","sec_filing","10-K",8,4,6,2
"NVDA","bb7d6cc8-ef6f-5817-9350-04bab2929952","2018-02-28","sec_filing","10-K",69,4,8,2
"CAT","be03cf6b-ac80-546b-9fd4-80918bec14e6","2017-05-03","sec_filing","10-Q",130,6,3,0
"DELL","bd827e97-b439-5990-a7a9-fb13a7bb5be7","2026-05-21","hackernews","title",0,4,8,3
"INTC","be6358ab-1bb1-576d-a7a0-f2efcd46f920","2023-04-12","hackernews","title",0,1,6,2
"MU","beb63bfd-6134-5405-88e7-3d65c55dd7ad","2023-12-20","transcripts","earnings_call",14,4,7,3
"MU","beb63bfd-6134-5405-88e7-3d65c55dd7ad","2023-12-20","transcripts","earnings_call",15,4,9,3
"MU","beb63bfd-6134-5405-88e7-3d65c55dd7ad","2023-12-20","transcripts","earnings_call",13,4,6,2
"MU","beb63bfd-6134-5405-88e7-3d65c55dd7ad","2023-12-20","transcripts","earnings_call",17,4,9,3
"MU","beb63bfd-6134-5405-88e7-3d65c55dd7ad","2023-12-20","transcripts","earnings_call",10,4,6,2
"MU","beb63bfd-6134-5405-88e7-3d65c55dd7ad","2023-12-20","transcripts","earnings_call",6,4,7,3
"MU","beb63bfd-6134-5405-88e7-3d65c55dd7ad","2023-12-20","transcripts","earnings_call",5,4,8,3
"MU","beb63bfd-6134-5405-88e7-3d65c55dd7ad","2023-12-20","transcripts","earnings_call",4,6,9,3
"MU","beb63bfd-6134-5405-88e7-3d65c55dd7ad","2023-12-20","transcripts","earnings_call",23,4,9,3
"MU","beb63bfd-6134-5405-88e7-3d65c55dd7ad","2023-12-20","transcripts","earnings_call",24,4,8,3
"MU","beb63bfd-6134-5405-88e7-3d65c55dd7ad","2023-12-20","transcripts","earnings_call",25,4,7,2
"INTC","bee771a9-70d6-5ed6-89ca-88b4f1e66514","2024-01-20","hackernews","title",0,6,6,2
"NVDA","bf07ccba-bd7c-5053-91e0-9b04160a6102","2020-08-19","transcripts","earnings_call",27,4,9,3
"NVDA","bf07ccba-bd7c-5053-91e0-9b04160a6102","2020-08-19","transcripts","earnings_call",26,6,8,2
"NVDA","bf07ccba-bd7c-5053-91e0-9b04160a6102","2020-08-19","transcripts","earnings_call",23,2,8,3
"NVDA","bf07ccba-bd7c-5053-91e0-9b04160a6102","2020-08-19","transcripts","earnings_call",22,4,9,3
"NVDA","bf07ccba-bd7c-5053-91e0-9b04160a6102","2020-08-19","transcripts","earnings_call",21,4,9,3
"NVDA","bf07ccba-bd7c-5053-91e0-9b04160a6102","2020-08-19","transcripts","earnings_call",15,6,5,2
"NVDA","bf07ccba-bd7c-5053-91e0-9b04160a6102","2020-08-19","transcripts","earnings_call",6,4,9,3
"NVDA","bf07ccba-bd7c-5053-91e0-9b04160a6102","2020-08-19","transcripts","earnings_call",5,4,9,3
"NVDA","bf07ccba-bd7c-5053-91e0-9b04160a6102","2020-08-19","transcripts","earnings_call",2,6,6,2
"NVDA","bf07ccba-bd7c-5053-91e0-9b04160a6102","2020-08-19","transcripts","earnings_call",16,4,7,3
"NVDA","bf07ccba-bd7c-5053-91e0-9b04160a6102","2020-08-19","transcripts","earnings_call",13,6,7,2
"NVDA","bf07ccba-bd7c-5053-91e0-9b04160a6102","2020-08-19","transcripts","earnings_call",11,4,8,3
"NVDA","bf07ccba-bd7c-5053-91e0-9b04160a6102","2020-08-19","transcripts","earnings_call",7,6,8,3
"NVDA","bf07ccba-bd7c-5053-91e0-9b04160a6102","2020-08-19","transcripts","earnings_call",4,1,6,2
"NVDA","bf07ccba-bd7c-5053-91e0-9b04160a6102","2020-08-19","transcripts","earnings_call",24,4,9,2
"DELL","bf363b17-547f-5b7d-96eb-a20d0d849d7e","2023-10-31","hackernews","title",0,1,5,2
"NVDA","bf32a1b6-0ba5-54ed-bd31-c87be7f2aef3","2026-02-21","hackernews","title",0,6,6,2
"INTC","c0226f8e-7629-5b7d-b136-06d6f20630aa","2026-07-23","hackernews","title",0,5,7,-3
"INTC","be0486b8-cacb-52b8-bb39-314193bbf4b8","2025-12-29","hackernews","title",0,1,8,3
"NVDA","be83a510-7a6a-5fa4-b975-6a41f71a98d6","2018-06-21","hackernews","title",0,5,6,-2
"INTC","bf9c5d12-77fa-5ed9-8688-ccbd62f4adeb","2017-02-26","hackernews","title",0,5,7,-2
"ADBE","c095c4bb-09e2-5c69-b998-31150abd5926","2021-03-31","sec_filing","10-Q",88,5,5,-1
"CAT","be03cf6b-ac80-546b-9fd4-80918bec14e6","2017-05-03","sec_filing","10-Q",65,6,4,1
"INTC","bf452548-2cc8-5c35-8ee0-1e3cb88eb9dc","2018-11-06","hackernews","title",0,4,5,1
"NVDA","c01e0f01-250d-5fee-ba00-48aaa94223ec","2019-02-11","hackernews","title",0,6,4,0
"MU","c083fa7f-3cd1-57f9-b929-615e3cba315b","2020-06-24","hackernews","title",0,4,6,1
"INTC","c0a74a82-aa2b-5a0c-a4ec-547097ffdbc2","2019-07-17","hackernews","title",0,6,6,1
"NVDA","c195e331-c1c8-59b5-9b60-d5f278e4fee5","2018-08-20","hackernews","title",0,6,6,2
"MU","c25d2496-2575-56a7-8f6e-cddce7ee692f","2021-03-31","transcripts","earnings_call",6,4,6,2
"MU","c25d2496-2575-56a7-8f6e-cddce7ee692f","2021-03-31","transcripts","earnings_call",24,4,6,2
"MU","c25d2496-2575-56a7-8f6e-cddce7ee692f","2021-03-31","transcripts","earnings_call",1,4,5,2
"DELL","c1ff84fc-6750-5e94-9921-e20db544e697","2026-05-30","hackernews","title",0,4,9,3
"ADBE","c2af2df9-1793-5287-adfc-23fa06585ddb","2023-07-27","hackernews","title",0,3,5,-2
"ADBE","c2dc94d1-1578-5a30-b0f9-47830030a2e6","2024-02-13","hackernews","title",0,4,6,0
"MU","c0cf0e38-92ed-545e-95a1-dfa3f5775e2a","2014-04-03","transcripts","earnings_call",11,4,4,1
"MU","c3fd3eb6-edfb-5564-b7ad-3380e56541fa","2023-09-28","hackernews","title",0,6,4,1
"INTC","c3fe8bb8-1f69-5439-8484-df2efdb44b65","2023-12-16","hackernews","title",0,6,5,2
"NVDA","c194b56b-0152-52e2-9bb4-8ed22b9de85a","2022-08-17","hackernews","title",0,6,3,1
"ADBE","c1fade81-144f-5dab-a291-18c69c113c6a","2016-12-02","hackernews","title",0,6,4,0
"ADBE","c242198b-86af-5e0d-8532-8b10ea1b2bbd","2024-03-14","transcripts","earnings_call",1,4,8,3
"ADBE","c242198b-86af-5e0d-8532-8b10ea1b2bbd","2024-03-14","transcripts","earnings_call",36,4,8,3
"ADBE","c242198b-86af-5e0d-8532-8b10ea1b2bbd","2024-03-14","transcripts","earnings_call",32,4,8,3
"ADBE","c242198b-86af-5e0d-8532-8b10ea1b2bbd","2024-03-14","transcripts","earnings_call",21,4,7,2
"ADBE","c242198b-86af-5e0d-8532-8b10ea1b2bbd","2024-03-14","transcripts","earnings_call",19,4,7,2
"ADBE","c242198b-86af-5e0d-8532-8b10ea1b2bbd","2024-03-14","transcripts","earnings_call",17,4,8,3
"ADBE","c242198b-86af-5e0d-8532-8b10ea1b2bbd","2024-03-14","transcripts","earnings_call",3,6,8,3
"ADBE","c242198b-86af-5e0d-8532-8b10ea1b2bbd","2024-03-14","transcripts","earnings_call",2,4,8,3
"ADBE","c242198b-86af-5e0d-8532-8b10ea1b2bbd","2024-03-14","transcripts","earnings_call",4,6,8,3
"ADBE","c242198b-86af-5e0d-8532-8b10ea1b2bbd","2024-03-14","transcripts","earnings_call",5,6,7,3
"ADBE","c242198b-86af-5e0d-8532-8b10ea1b2bbd","2024-03-14","transcripts","earnings_call",7,6,7,3
"ADBE","c242198b-86af-5e0d-8532-8b10ea1b2bbd","2024-03-14","transcripts","earnings_call",12,4,4,1
"ADBE","c242198b-86af-5e0d-8532-8b10ea1b2bbd","2024-03-14","transcripts","earnings_call",23,6,6,1
"ADBE","c242198b-86af-5e0d-8532-8b10ea1b2bbd","2024-03-14","transcripts","earnings_call",25,6,6,2
"ADBE","c242198b-86af-5e0d-8532-8b10ea1b2bbd","2024-03-14","transcripts","earnings_call",30,3,5,1
"ADBE","c242198b-86af-5e0d-8532-8b10ea1b2bbd","2024-03-14","transcripts","earnings_call",31,5,6,0
"ADBE","c242198b-86af-5e0d-8532-8b10ea1b2bbd","2024-03-14","transcripts","earnings_call",33,6,8,3
"NVDA","c25f7d02-a2ba-509b-84ee-a6424fbece5f","2022-11-20","hackernews","title",0,6,6,2
"NVDA","c2c4cdc6-ff3b-595f-9aa3-35f81ad6a741","2024-04-24","hackernews","title",0,1,5,2
"NVDA","c2e63ea5-b085-5d94-9497-d887ea14f4aa","2024-08-05","hackernews","title",0,5,4,-2
"INTC","c30e2620-f427-5bf5-845c-27fb79494b92","2023-04-27","transcripts","earnings_call",32,4,5,1
"INTC","c30e2620-f427-5bf5-845c-27fb79494b92","2023-04-27","transcripts","earnings_call",13,4,6,2
"INTC","c30e2620-f427-5bf5-845c-27fb79494b92","2023-04-27","transcripts","earnings_call",4,6,6,2
"INTC","c30e2620-f427-5bf5-845c-27fb79494b92","2023-04-27","transcripts","earnings_call",6,6,6,2
"MU","c25d2496-2575-56a7-8f6e-cddce7ee692f","2021-03-31","transcripts","earnings_call",25,6,7,3
"MU","c25d2496-2575-56a7-8f6e-cddce7ee692f","2021-03-31","transcripts","earnings_call",22,2,4,1
"MU","c25d2496-2575-56a7-8f6e-cddce7ee692f","2021-03-31","transcripts","earnings_call",4,4,6,2
"ADBE","c3074f6e-49b0-5ab3-a715-fab87811d2dd","2021-03-13","hackernews","title",0,6,4,2
"INTC","c30e2620-f427-5bf5-845c-27fb79494b92","2023-04-27","transcripts","earnings_call",28,4,4,0
"INTC","c30e2620-f427-5bf5-845c-27fb79494b92","2023-04-27","transcripts","earnings_call",22,6,3,0
"INTC","c30e2620-f427-5bf5-845c-27fb79494b92","2023-04-27","transcripts","earnings_call",21,4,6,2
"INTC","c30e2620-f427-5bf5-845c-27fb79494b92","2023-04-27","transcripts","earnings_call",17,4,5,2
"INTC","c30e2620-f427-5bf5-845c-27fb79494b92","2023-04-27","transcripts","earnings_call",9,6,6,1
"INTC","c38a9035-95d4-5d07-8f37-0dab1b0d8057","2021-03-30","hackernews","title",0,4,7,2
"INTC","c39482db-ae40-52c0-b894-eef4c4f78b9d","2016-09-06","hackernews","title",0,1,5,2
"TEAM","c3f90c49-cec7-5bc6-a05c-fe34b4e602b8","2025-05-01","transcripts","earnings_call",3,4,7,2
"TEAM","c3f90c49-cec7-5bc6-a05c-fe34b4e602b8","2025-05-01","transcripts","earnings_call",10,2,7,3
"NVDA","c468e666-a298-505b-9a26-045b9128d2bd","2020-02-20","sec_filing","10-K",82,4,4,1
"NVDA","c468e666-a298-505b-9a26-045b9128d2bd","2020-02-20","sec_filing","10-K",37,5,6,-2
"NVDA","c468e666-a298-505b-9a26-045b9128d2bd","2020-02-20","sec_filing","10-K",27,5,6,-1
"NVDA","c468e666-a298-505b-9a26-045b9128d2bd","2020-02-20","sec_filing","10-K",7,6,10,3
"NVDA","c468e666-a298-505b-9a26-045b9128d2bd","2020-02-20","sec_filing","10-K",70,4,6,2
"NVDA","c468e666-a298-505b-9a26-045b9128d2bd","2020-02-20","sec_filing","10-K",13,6,6,2
"NVDA","c468e666-a298-505b-9a26-045b9128d2bd","2020-02-20","sec_filing","10-K",165,4,6,2
"NVDA","c62ad616-18cf-5262-a2ec-e7d848fae985","2020-10-22","hackernews","title",0,6,2,0
"NVDA","c7743cd1-b226-5689-8f6b-354d4c2ed533","2017-12-08","hackernews","title",0,6,5,1
"NVDA","c8503b40-2752-5534-b501-d3adeca97067","2024-05-16","hackernews","title",0,4,3,0
"MU","c6e2f580-a19f-5f10-8e66-33a0c98dd996","2018-08-15","hackernews","title",0,4,7,2
"NVDA","c7c172e1-a172-5d00-b7fb-c37127627933","2018-02-08","transcripts","earnings_call",10,4,5,2
"NVDA","c7c172e1-a172-5d00-b7fb-c37127627933","2018-02-08","transcripts","earnings_call",11,4,8,3
"NVDA","c7c172e1-a172-5d00-b7fb-c37127627933","2018-02-08","transcripts","earnings_call",13,4,8,3
"NVDA","c7c172e1-a172-5d00-b7fb-c37127627933","2018-02-08","transcripts","earnings_call",27,4,7,3
"NVDA","c7c172e1-a172-5d00-b7fb-c37127627933","2018-02-08","transcripts","earnings_call",4,4,8,3
"NVDA","c7c172e1-a172-5d00-b7fb-c37127627933","2018-02-08","transcripts","earnings_call",24,6,5,2
"NVDA","c7c172e1-a172-5d00-b7fb-c37127627933","2018-02-08","transcripts","earnings_call",14,4,8,3
"INTC","c807efe2-50e1-589b-a6c2-9ae7c86d4fac","2026-07-23","transcripts","earnings_call",7,4,9,3
"INTC","c807efe2-50e1-589b-a6c2-9ae7c86d4fac","2026-07-23","transcripts","earnings_call",3,6,8,3
"INTC","c807efe2-50e1-589b-a6c2-9ae7c86d4fac","2026-07-23","transcripts","earnings_call",11,4,8,2
"INTC","c807efe2-50e1-589b-a6c2-9ae7c86d4fac","2026-07-23","transcripts","earnings_call",12,4,7,2
"INTC","c8f7d2b5-5298-538d-8f6d-8b97424a4a1a","2019-10-24","transcripts","earnings_call",4,4,8,3
"NVDA","c99789fc-d804-58b3-b5e3-3cce09c91e4e","2017-11-24","hackernews","title",0,6,4,1
"NVDA","c9d9e804-2e76-52ec-a1f9-c375e19a9fc1","2026-02-25","transcripts","earnings_call",30,4,9,3
"INTC","c637ec12-c299-5acb-a69f-ffa47a66fa09","2016-06-01","hackernews","title",0,1,3,1
"INTC","c7e46d6c-e5d3-5d5d-956e-d49e9814c267","2022-04-28","sec_filing","10-Q",19,1,3,0
"INTC","c7e46d6c-e5d3-5d5d-956e-d49e9814c267","2022-04-28","sec_filing","10-Q",68,4,6,2
"TEAM","c6bc98fe-00c5-533f-929d-b7747a12ee65","2023-11-03","sec_filing","10-Q",122,5,4,-2
"TEAM","c6bc98fe-00c5-533f-929d-b7747a12ee65","2023-11-03","sec_filing","10-Q",186,3,3,-1
"INTC","c7e46d6c-e5d3-5d5d-956e-d49e9814c267","2022-04-28","sec_filing","10-Q",70,4,5,2
"NVDA","c873cdea-ccbf-5e1b-b6d3-94fe1af5effe","2024-05-30","hackernews","title",0,5,6,-2
"CAT","c88d5eab-7b9d-5f51-b5be-f508db198112","2026-08-05","sec_filing","10-Q",140,6,3,0
"NVDA","c94a36ea-7769-5c4e-b325-4c51f92041b9","2018-12-16","hackernews","title",0,4,5,2
"ADBE","ca76717a-8375-5641-be67-d0dcd0150578","2024-06-26","sec_filing","10-Q",58,6,7,2
"ADBE","ca76717a-8375-5641-be67-d0dcd0150578","2024-06-26","sec_filing","10-Q",87,6,8,0
"ADBE","ca76717a-8375-5641-be67-d0dcd0150578","2024-06-26","sec_filing","10-Q",110,3,4,-1
"ADBE","ca76717a-8375-5641-be67-d0dcd0150578","2024-06-26","sec_filing","10-Q",121,5,5,-2
"NVDA","cb381fe3-0bd4-526d-a60e-301261d6c50d","2015-10-26","hackernews","title",0,3,3,-1
"DELL","cb6ebcfe-fe28-5a83-b2ba-1b4877c175dc","2016-07-26","hackernews","title",0,6,5,2
"INTC","cce30934-6f43-5613-99ef-33d72570cc20","2018-12-12","hackernews","title",0,6,4,1
"NVDA","cd1634ea-3f91-5942-87d9-34301980acf3","2017-05-03","hackernews","title",0,6,3,1
"NVDA","cd714079-bb09-575e-935f-c986b5317431","2016-09-01","hackernews","title",0,6,5,2
"PG","cd76b77b-52f5-53e8-bd1c-e04e0a54eedf","2024-01-23","transcripts","earnings_call",6,2,5,2
"NVDA","cb840498-88c4-5120-b2a2-0e5fd52f3d5c","2023-03-25","hackernews","title",0,4,6,2
"NVDA","cbcf4c3f-cb0b-53fb-9254-6b75cb7c81b3","2018-05-11","hackernews","title",0,4,6,2
"NVDA","cc18ee1e-8f31-5847-be38-f0260f69dcc0","2020-05-14","hackernews","title",0,6,6,1
"ADBE","cc27bd20-d8d7-52fc-836f-ab77162858f7","2020-09-15","transcripts","earnings_call",4,6,6,2
"NVDA","c9f75ebd-30a7-5c13-be10-4a99273173d9","2022-10-15","hackernews","title",0,4,4,1
"NVDA","ccb3f0f9-03d9-5a6a-a0b5-a04b6574f478","2026-07-02","hackernews","title",0,1,6,1
"MU","cd884995-2699-5d79-ad22-d42b0248346d","2023-05-26","hackernews","title",0,5,8,-3
"NVDA","c9d9e804-2e76-52ec-a1f9-c375e19a9fc1","2026-02-25","transcripts","earnings_call",22,4,8,3
"NVDA","c9d9e804-2e76-52ec-a1f9-c375e19a9fc1","2026-02-25","transcripts","earnings_call",19,4,9,3
"NVDA","c9d9e804-2e76-52ec-a1f9-c375e19a9fc1","2026-02-25","transcripts","earnings_call",17,4,8,2
"NVDA","c9d9e804-2e76-52ec-a1f9-c375e19a9fc1","2026-02-25","transcripts","earnings_call",16,1,6,2
"NVDA","c9d9e804-2e76-52ec-a1f9-c375e19a9fc1","2026-02-25","transcripts","earnings_call",14,4,9,3
"NVDA","c9d9e804-2e76-52ec-a1f9-c375e19a9fc1","2026-02-25","transcripts","earnings_call",13,4,9,3
"NVDA","c9d9e804-2e76-52ec-a1f9-c375e19a9fc1","2026-02-25","transcripts","earnings_call",3,4,9,3
"NVDA","c9d9e804-2e76-52ec-a1f9-c375e19a9fc1","2026-02-25","transcripts","earnings_call",1,4,10,3
"NVDA","c9d9e804-2e76-52ec-a1f9-c375e19a9fc1","2026-02-25","transcripts","earnings_call",6,6,8,3
"NVDA","c9d9e804-2e76-52ec-a1f9-c375e19a9fc1","2026-02-25","transcripts","earnings_call",11,1,9,3
"NVDA","c9d9e804-2e76-52ec-a1f9-c375e19a9fc1","2026-02-25","transcripts","earnings_call",12,6,9,3
"NVDA","c9d9e804-2e76-52ec-a1f9-c375e19a9fc1","2026-02-25","transcripts","earnings_call",15,6,8,3
"NVDA","c9d9e804-2e76-52ec-a1f9-c375e19a9fc1","2026-02-25","transcripts","earnings_call",20,4,9,3
"NVDA","c9d9e804-2e76-52ec-a1f9-c375e19a9fc1","2026-02-25","transcripts","earnings_call",24,4,8,3
"NVDA","c9d9e804-2e76-52ec-a1f9-c375e19a9fc1","2026-02-25","transcripts","earnings_call",25,6,7,2
"NVDA","c9d9e804-2e76-52ec-a1f9-c375e19a9fc1","2026-02-25","transcripts","earnings_call",27,4,9,3
"NVDA","c9d9e804-2e76-52ec-a1f9-c375e19a9fc1","2026-02-25","transcripts","earnings_call",5,6,9,3
"NVDA","c9d9e804-2e76-52ec-a1f9-c375e19a9fc1","2026-02-25","transcripts","earnings_call",9,1,10,3
"NVDA","cac85175-f281-55e3-86ab-6a814d8739fc","2026-09-07","hackernews","title",0,4,6,2
"NVDA","cb66a7c6-205a-5358-af27-c895064d7764","2026-02-18","hackernews","title",0,1,3,1
"ADBE","ca76717a-8375-5641-be67-d0dcd0150578","2024-06-26","sec_filing","10-Q",93,5,7,-2
"ADBE","ca76717a-8375-5641-be67-d0dcd0150578","2024-06-26","sec_filing","10-Q",89,5,6,-1
"ADBE","ca76717a-8375-5641-be67-d0dcd0150578","2024-06-26","sec_filing","10-Q",56,6,8,2
"ADBE","ca76717a-8375-5641-be67-d0dcd0150578","2024-06-26","sec_filing","10-Q",57,6,6,2
"INTC","cc5f85f1-14a0-5e0c-8ede-29501145fa3b","2021-04-22","transcripts","earnings_call",3,4,8,3
"INTC","cc5f85f1-14a0-5e0c-8ede-29501145fa3b","2021-04-22","transcripts","earnings_call",4,4,6,2
"INTC","cc5f85f1-14a0-5e0c-8ede-29501145fa3b","2021-04-22","transcripts","earnings_call",14,4,7,2
"INTC","cc5f85f1-14a0-5e0c-8ede-29501145fa3b","2021-04-22","transcripts","earnings_call",27,6,5,2
"INTC","cc5f85f1-14a0-5e0c-8ede-29501145fa3b","2021-04-22","transcripts","earnings_call",29,6,5,2
"NVDA","cd9fb7aa-18b8-54f0-a656-75f50d87626e","2022-05-25","transcripts","earnings_call",5,6,9,3
"NVDA","ce5c7c2b-0309-551f-a74b-a808a44f6d11","2021-11-17","transcripts","earnings_call",16,6,7,2
"NVDA","ce5c7c2b-0309-551f-a74b-a808a44f6d11","2021-11-17","transcripts","earnings_call",15,6,6,2
"NVDA","ce5c7c2b-0309-551f-a74b-a808a44f6d11","2021-11-17","transcripts","earnings_call",3,4,9,3
"NVDA","ce5c7c2b-0309-551f-a74b-a808a44f6d11","2021-11-17","transcripts","earnings_call",2,4,6,2
"DELL","ce892999-1701-5b53-ba61-27bad93ae0dc","2026-05-30","hackernews","title",0,4,6,2
"NVDA","cecfb270-77c6-59f5-a9cd-d1c18fda356e","2023-07-03","hackernews","title",0,2,4,1
"NVDA","ced4ab13-26ba-5d31-b9cb-034dd8c77805","2013-02-13","transcripts","earnings_call",6,4,3,1
"NVDA","ced4ab13-26ba-5d31-b9cb-034dd8c77805","2013-02-13","transcripts","earnings_call",4,4,5,2
"NVDA","ced4ab13-26ba-5d31-b9cb-034dd8c77805","2013-02-13","transcripts","earnings_call",26,6,3,1
"NVDA","cf313f38-4573-575f-93ff-4f7d5cfb17c9","2026-04-04","hackernews","title",0,6,3,1
"NVDA","ce5c7c2b-0309-551f-a74b-a808a44f6d11","2021-11-17","transcripts","earnings_call",13,6,6,2
"NVDA","ce5c7c2b-0309-551f-a74b-a808a44f6d11","2021-11-17","transcripts","earnings_call",27,4,9,3
"NVDA","ce5c7c2b-0309-551f-a74b-a808a44f6d11","2021-11-17","transcripts","earnings_call",26,4,8,2
"NVDA","ce5c7c2b-0309-551f-a74b-a808a44f6d11","2021-11-17","transcripts","earnings_call",25,6,7,3
"NVDA","ce5c7c2b-0309-551f-a74b-a808a44f6d11","2021-11-17","transcripts","earnings_call",21,4,8,3
"NVDA","ce5c7c2b-0309-551f-a74b-a808a44f6d11","2021-11-17","transcripts","earnings_call",23,4,9,3
"NVDA","ce5c7c2b-0309-551f-a74b-a808a44f6d11","2021-11-17","transcripts","earnings_call",24,6,8,3
"NVDA","ce5c7c2b-0309-551f-a74b-a808a44f6d11","2021-11-17","transcripts","earnings_call",18,4,8,3
"NVDA","ce5c7c2b-0309-551f-a74b-a808a44f6d11","2021-11-17","transcripts","earnings_call",20,6,7,3
"NVDA","ce5c7c2b-0309-551f-a74b-a808a44f6d11","2021-11-17","transcripts","earnings_call",17,4,7,3
"NVDA","ce5c7c2b-0309-551f-a74b-a808a44f6d11","2021-11-17","transcripts","earnings_call",14,6,4,1
"NVDA","ce5c7c2b-0309-551f-a74b-a808a44f6d11","2021-11-17","transcripts","earnings_call",12,6,6,2
"NVDA","ce5c7c2b-0309-551f-a74b-a808a44f6d11","2021-11-17","transcripts","earnings_call",8,1,6,0
"NVDA","ce5c7c2b-0309-551f-a74b-a808a44f6d11","2021-11-17","transcripts","earnings_call",6,6,7,3
"NVDA","ce5c7c2b-0309-551f-a74b-a808a44f6d11","2021-11-17","transcripts","earnings_call",5,6,8,3
"NVDA","ce5c7c2b-0309-551f-a74b-a808a44f6d11","2021-11-17","transcripts","earnings_call",1,4,6,2
"NVDA","d03bed22-6302-5429-823f-0cfa7b083137","2022-04-20","hackernews","title",0,6,3,1
"MU","d2c34d9b-48dc-5a0c-961e-1ab61915d2f4","2019-10-17","sec_filing","10-K",6,4,6,3
"NVDA","d217f4b1-f391-5895-bf80-d0ce63e17575","2021-11-20","sec_filing","10-Q",40,4,7,1
"NVDA","d217f4b1-f391-5895-bf80-d0ce63e17575","2021-11-20","sec_filing","10-Q",75,5,5,-1
"NVDA","d217f4b1-f391-5895-bf80-d0ce63e17575","2021-11-20","sec_filing","10-Q",89,5,3,-1
"NVDA","d0b37e29-1e61-5394-a21a-28a750ec8f86","2024-01-07","hackernews","title",0,6,4,1
"NVDA","d0c4d916-9206-57de-8a1a-70480b0bab5f","2024-07-17","hackernews","title",0,5,3,-1
"ADBE","d1c0dc6b-4f7e-5be2-bba8-f0277e9351b8","2019-06-18","transcripts","earnings_call",24,6,5,2
"NVDA","d2ee748a-3ffc-56ce-8bb6-bac5d2820e18","2024-07-17","hackernews","title",0,6,3,1
"ADBE","d31de365-34bd-53ca-8251-6a04e423b0e1","2025-12-10","transcripts","earnings_call",2,6,8,3
"ADBE","d31de365-34bd-53ca-8251-6a04e423b0e1","2025-12-10","transcripts","earnings_call",4,6,8,3
"ADBE","d31de365-34bd-53ca-8251-6a04e423b0e1","2025-12-10","transcripts","earnings_call",22,1,6,2
"ADBE","d31de365-34bd-53ca-8251-6a04e423b0e1","2025-12-10","transcripts","earnings_call",20,2,6,2
"ADBE","d31de365-34bd-53ca-8251-6a04e423b0e1","2025-12-10","transcripts","earnings_call",23,4,8,3
"ADBE","d31de365-34bd-53ca-8251-6a04e423b0e1","2025-12-10","transcripts","earnings_call",27,4,7,2
"ADBE","d31de365-34bd-53ca-8251-6a04e423b0e1","2025-12-10","transcripts","earnings_call",31,4,7,3
"ADBE","d31de365-34bd-53ca-8251-6a04e423b0e1","2025-12-10","transcripts","earnings_call",7,6,8,3
"ADBE","d31de365-34bd-53ca-8251-6a04e423b0e1","2025-12-10","transcripts","earnings_call",8,6,8,3
"ADBE","d31de365-34bd-53ca-8251-6a04e423b0e1","2025-12-10","transcripts","earnings_call",11,4,7,3
"MU","d2c34d9b-48dc-5a0c-961e-1ab61915d2f4","2019-10-17","sec_filing","10-K",26,6,4,0
"MU","d2c34d9b-48dc-5a0c-961e-1ab61915d2f4","2019-10-17","sec_filing","10-K",140,4,3,1
"DELL","d51c1da1-e71e-5f67-821b-25874ebb3939","2022-10-07","hackernews","title",0,6,2,0
"NVDA","d5485656-a874-5cfe-a894-57bc8b605d8f","2023-08-23","transcripts","earnings_call",6,4,8,3
"MU","d573162c-76e5-5dc7-b333-2af20f13b56a","2020-10-19","sec_filing","10-K",18,4,6,3
"NVDA","d7cdca9a-3bfa-5b60-b07f-82b55941b2ed","2017-02-09","transcripts","earnings_call",1,4,9,3
"NVDA","d7cdca9a-3bfa-5b60-b07f-82b55941b2ed","2017-02-09","transcripts","earnings_call",15,6,7,2
"NVDA","d7cdca9a-3bfa-5b60-b07f-82b55941b2ed","2017-02-09","transcripts","earnings_call",24,6,7,3
"NVDA","d7cdca9a-3bfa-5b60-b07f-82b55941b2ed","2017-02-09","transcripts","earnings_call",25,6,6,3
"DELL","d6edfa1c-50b9-5859-9250-4d5a526c7c65","2024-03-01","hackernews","title",0,4,9,3
"NVDA","dd65594b-e27d-5f2e-9ba7-23c87bcc6d68","2021-08-20","sec_filing","10-Q",53,6,8,3
"NVDA","dd65594b-e27d-5f2e-9ba7-23c87bcc6d68","2021-08-20","sec_filing","10-Q",19,1,7,2
"NVDA","dd65594b-e27d-5f2e-9ba7-23c87bcc6d68","2021-08-20","sec_filing","10-Q",42,4,7,2
"NVDA","dd65594b-e27d-5f2e-9ba7-23c87bcc6d68","2021-08-20","sec_filing","10-Q",56,4,6,2
"NVDA","d871fa82-90e8-5219-9121-0d4d9ed1b395","2019-02-14","transcripts","earnings_call",17,4,6,2
"NVDA","d871fa82-90e8-5219-9121-0d4d9ed1b395","2019-02-14","transcripts","earnings_call",20,4,7,2
"NVDA","d871fa82-90e8-5219-9121-0d4d9ed1b395","2019-02-14","transcripts","earnings_call",21,6,7,2
"NVDA","d871fa82-90e8-5219-9121-0d4d9ed1b395","2019-02-14","transcripts","earnings_call",22,6,7,2
"NVDA","d871fa82-90e8-5219-9121-0d4d9ed1b395","2019-02-14","transcripts","earnings_call",23,6,5,1
"NVDA","d871fa82-90e8-5219-9121-0d4d9ed1b395","2019-02-14","transcripts","earnings_call",25,2,5,1
"NVDA","d871fa82-90e8-5219-9121-0d4d9ed1b395","2019-02-14","transcripts","earnings_call",29,4,3,1
"NVDA","d871fa82-90e8-5219-9121-0d4d9ed1b395","2019-02-14","transcripts","earnings_call",26,4,7,1
"NVDA","d871fa82-90e8-5219-9121-0d4d9ed1b395","2019-02-14","transcripts","earnings_call",27,4,8,2
"TEAM","d9c907c9-e12c-50e1-9f28-2bfdc2488752","2025-05-02","sec_filing","10-Q",178,5,3,-1
"TEAM","d9c907c9-e12c-50e1-9f28-2bfdc2488752","2025-05-02","sec_filing","10-Q",103,5,4,-2
"TEAM","d9c907c9-e12c-50e1-9f28-2bfdc2488752","2025-05-02","sec_filing","10-Q",102,5,4,-2
"TEAM","d9c907c9-e12c-50e1-9f28-2bfdc2488752","2025-05-02","sec_filing","10-Q",100,3,4,-1
"TEAM","d9c907c9-e12c-50e1-9f28-2bfdc2488752","2025-05-02","sec_filing","10-Q",98,5,5,-1
"INTC","d7cca220-9296-5408-86f7-114ad678db56","2022-04-28","transcripts","earnings_call",11,4,6,2
"INTC","d7cca220-9296-5408-86f7-114ad678db56","2022-04-28","transcripts","earnings_call",18,4,4,1
"MU","d8bdf3cc-cc6b-5a9b-b7d9-5c6e794115c9","2022-02-15","hackernews","title",0,6,4,1
"NVDA","db33498b-5468-5a32-8c80-adcddc93bd27","2020-11-18","transcripts","earnings_call",22,4,6,1
"NVDA","db33498b-5468-5a32-8c80-adcddc93bd27","2020-11-18","transcripts","earnings_call",15,6,8,3
"TEAM","da600cdc-f0ef-5a33-ab24-140b037e995c","2025-08-15","sec_filing","10-K",110,5,5,-2
"TEAM","da600cdc-f0ef-5a33-ab24-140b037e995c","2025-08-15","sec_filing","10-K",13,6,8,2
"TEAM","da600cdc-f0ef-5a33-ab24-140b037e995c","2025-08-15","sec_filing","10-K",40,5,7,-2
"TEAM","da600cdc-f0ef-5a33-ab24-140b037e995c","2025-08-15","sec_filing","10-K",47,6,6,0
"TEAM","da600cdc-f0ef-5a33-ab24-140b037e995c","2025-08-15","sec_filing","10-K",69,5,3,-1
"MU","d9b485f9-cdf7-5416-8613-f81a6d530162","2015-04-10","sec_filing","10-Q",63,1,2,0
"TEAM","d9c907c9-e12c-50e1-9f28-2bfdc2488752","2025-05-02","sec_filing","10-Q",60,6,4,0
"TEAM","d9c907c9-e12c-50e1-9f28-2bfdc2488752","2025-05-02","sec_filing","10-Q",89,5,4,-1
"TEAM","d9c907c9-e12c-50e1-9f28-2bfdc2488752","2025-05-02","sec_filing","10-Q",95,5,6,-2
"TEAM","d9c907c9-e12c-50e1-9f28-2bfdc2488752","2025-05-02","sec_filing","10-Q",105,5,6,-2
"TEAM","d9c907c9-e12c-50e1-9f28-2bfdc2488752","2025-05-02","sec_filing","10-Q",119,6,3,0
"TEAM","d9c907c9-e12c-50e1-9f28-2bfdc2488752","2025-05-02","sec_filing","10-Q",134,5,4,-2
"TEAM","d9c907c9-e12c-50e1-9f28-2bfdc2488752","2025-05-02","sec_filing","10-Q",141,5,4,-2
"TEAM","da600cdc-f0ef-5a33-ab24-140b037e995c","2025-08-15","sec_filing","10-K",68,5,4,-2
"TEAM","da600cdc-f0ef-5a33-ab24-140b037e995c","2025-08-15","sec_filing","10-K",42,5,6,-2
"TEAM","da600cdc-f0ef-5a33-ab24-140b037e995c","2025-08-15","sec_filing","10-K",8,6,6,2
"NVDA","dd418d07-8f0b-557b-bf12-220b13e39d03","2025-05-28","sec_filing","10-Q",72,6,6,0
"NVDA","dd418d07-8f0b-557b-bf12-220b13e39d03","2025-05-28","sec_filing","10-Q",79,5,7,-2
"NVDA","dd418d07-8f0b-557b-bf12-220b13e39d03","2025-05-28","sec_filing","10-Q",84,5,9,-3
"NVDA","dd418d07-8f0b-557b-bf12-220b13e39d03","2025-05-28","sec_filing","10-Q",89,5,7,-2
"INTC","dcbd1a51-12fa-5a2b-9267-80ab17ddff40","2024-10-31","sec_filing","10-Q",27,4,5,0
"INTC","dcbd1a51-12fa-5a2b-9267-80ab17ddff40","2024-10-31","sec_filing","10-Q",10,6,6,2
"NVDA","dd418d07-8f0b-557b-bf12-220b13e39d03","2025-05-28","sec_filing","10-Q",87,5,7,-2
"NVDA","dd418d07-8f0b-557b-bf12-220b13e39d03","2025-05-28","sec_filing","10-Q",86,5,9,-3
"NVDA","dd418d07-8f0b-557b-bf12-220b13e39d03","2025-05-28","sec_filing","10-Q",85,5,8,-2
"NVDA","dd418d07-8f0b-557b-bf12-220b13e39d03","2025-05-28","sec_filing","10-Q",77,5,6,-2
"NVDA","dd418d07-8f0b-557b-bf12-220b13e39d03","2025-05-28","sec_filing","10-Q",76,5,5,-2
"NVDA","dd418d07-8f0b-557b-bf12-220b13e39d03","2025-05-28","sec_filing","10-Q",74,5,4,-1
"NVDA","dd418d07-8f0b-557b-bf12-220b13e39d03","2025-05-28","sec_filing","10-Q",51,4,7,1
"NVDA","dd418d07-8f0b-557b-bf12-220b13e39d03","2025-05-28","sec_filing","10-Q",40,4,9,3
"ADBE","debc0e90-d85d-5d3c-a953-a670b840fc78","2026-06-11","transcripts","earnings_call",11,1,7,2
"ADBE","debc0e90-d85d-5d3c-a953-a670b840fc78","2026-06-11","transcripts","earnings_call",9,6,8,3
"ADBE","debc0e90-d85d-5d3c-a953-a670b840fc78","2026-06-11","transcripts","earnings_call",17,4,5,1
"ADBE","debc0e90-d85d-5d3c-a953-a670b840fc78","2026-06-11","transcripts","earnings_call",31,4,7,2
"ADBE","debc0e90-d85d-5d3c-a953-a670b840fc78","2026-06-11","transcripts","earnings_call",34,4,7,2
"WM","deab7534-211f-580d-b97a-68fee6262736","2026-04-29","transcripts","earnings_call",22,2,6,3
"WM","deab7534-211f-580d-b97a-68fee6262736","2026-04-29","transcripts","earnings_call",20,2,6,3
"WM","deab7534-211f-580d-b97a-68fee6262736","2026-04-29","transcripts","earnings_call",32,2,7,3
"WM","deab7534-211f-580d-b97a-68fee6262736","2026-04-29","transcripts","earnings_call",37,2,5,2
"ADBE","debc0e90-d85d-5d3c-a953-a670b840fc78","2026-06-11","transcripts","earnings_call",3,6,8,1
"ADBE","debc0e90-d85d-5d3c-a953-a670b840fc78","2026-06-11","transcripts","earnings_call",8,4,8,2
"TEAM","dfe1484c-8dd9-5ccf-9fed-d5afe3f34f2c","2024-10-31","transcripts","earnings_call",2,6,8,3
"TEAM","dfe1484c-8dd9-5ccf-9fed-d5afe3f34f2c","2024-10-31","transcripts","earnings_call",4,4,8,3
"MU","e0896526-a41d-549a-81ac-589603209b6c","2026-05-14","hackernews","title",0,4,7,3
"TEAM","dfc2ab13-b7c1-541d-9efb-7d0044375e52","2023-08-03","transcripts","earnings_call",2,6,7,3
"TEAM","dfc2ab13-b7c1-541d-9efb-7d0044375e52","2023-08-03","transcripts","earnings_call",10,4,8,3
"NVDA","e07399d2-87d6-5ff7-b5ea-cd4e7ea190a8","2019-02-21","sec_filing","10-K",14,4,8,3
"NVDA","e07399d2-87d6-5ff7-b5ea-cd4e7ea190a8","2019-02-21","sec_filing","10-K",16,6,6,2
"NVDA","e07399d2-87d6-5ff7-b5ea-cd4e7ea190a8","2019-02-21","sec_filing","10-K",22,6,4,1
"NVDA","e07399d2-87d6-5ff7-b5ea-cd4e7ea190a8","2019-02-21","sec_filing","10-K",23,2,5,2
"NVDA","e07399d2-87d6-5ff7-b5ea-cd4e7ea190a8","2019-02-21","sec_filing","10-K",75,6,6,2
"NVDA","e07399d2-87d6-5ff7-b5ea-cd4e7ea190a8","2019-02-21","sec_filing","10-K",91,4,6,2
"NVDA","e07399d2-87d6-5ff7-b5ea-cd4e7ea190a8","2019-02-21","sec_filing","10-K",90,4,6,2
"NVDA","e0c35d06-f4cf-56d9-84a6-4049fd8c39a6","2025-11-19","sec_filing","10-Q",74,4,7,0
"NVDA","e0c35d06-f4cf-56d9-84a6-4049fd8c39a6","2025-11-19","sec_filing","10-Q",80,5,4,-1
"NVDA","e0c35d06-f4cf-56d9-84a6-4049fd8c39a6","2025-11-19","sec_filing","10-Q",90,5,8,-2
"NVDA","e0c35d06-f4cf-56d9-84a6-4049fd8c39a6","2025-11-19","sec_filing","10-Q",101,5,7,-2
"NVDA","e0c35d06-f4cf-56d9-84a6-4049fd8c39a6","2025-11-19","sec_filing","10-Q",91,5,7,-2
"NVDA","e0c35d06-f4cf-56d9-84a6-4049fd8c39a6","2025-11-19","sec_filing","10-Q",95,5,9,-2
"NVDA","e0c35d06-f4cf-56d9-84a6-4049fd8c39a6","2025-11-19","sec_filing","10-Q",99,5,8,-2
"NVDA","e0c35d06-f4cf-56d9-84a6-4049fd8c39a6","2025-11-19","sec_filing","10-Q",103,5,6,-2
"NVDA","e0c35d06-f4cf-56d9-84a6-4049fd8c39a6","2025-11-19","sec_filing","10-Q",37,5,3,-2
"NVDA","e0c35d06-f4cf-56d9-84a6-4049fd8c39a6","2025-11-19","sec_filing","10-Q",51,4,8,1
"NVDA","e0c35d06-f4cf-56d9-84a6-4049fd8c39a6","2025-11-19","sec_filing","10-Q",55,4,9,3
"MU","e185e36d-b084-5cd1-9afe-e140121320c9","2025-03-20","transcripts","earnings_call",22,4,9,3
"MU","e185e36d-b084-5cd1-9afe-e140121320c9","2025-03-20","transcripts","earnings_call",4,6,9,3
"MU","e185e36d-b084-5cd1-9afe-e140121320c9","2025-03-20","transcripts","earnings_call",7,6,7,3
"MU","e185e36d-b084-5cd1-9afe-e140121320c9","2025-03-20","transcripts","earnings_call",1,4,9,3
"MU","e185e36d-b084-5cd1-9afe-e140121320c9","2025-03-20","transcripts","earnings_call",20,4,8,2
"MU","e185e36d-b084-5cd1-9afe-e140121320c9","2025-03-20","transcripts","earnings_call",14,4,6,2
"TEAM","e23fad02-d262-5319-85d5-99c856d576f9","2024-11-01","sec_filing","10-Q",86,6,5,0
"NVDA","e3cbec45-83c3-54eb-beb5-e305af0d58b0","2023-11-28","hackernews","title",0,4,9,3
"NVDA","e6c139c4-bf32-5d74-b6eb-15e45a270621","2015-01-08","hackernews","title",0,6,5,2
"TEAM","e3aa98a0-b8c5-51ae-853f-c8f6b99db0f0","2023-05-04","transcripts","earnings_call",14,4,6,2
"MU","e32d54f5-39eb-5d3a-b908-2e46e1921ba8","2018-05-03","hackernews","title",0,6,2,0
"NVDA","e547cf37-f6c8-56f5-a06f-9469db25b27c","2022-12-06","hackernews","title",0,6,6,0
"DELL","e71520d1-becb-5a71-a4a2-255302b18e56","2026-06-09","sec_filing","10-Q",105,4,9,3
"INTC","e889f488-8522-5343-a15e-b7f7e33c1704","2026-01-22","sec_filing","10-K",35,6,4,1
"INTC","e889f488-8522-5343-a15e-b7f7e33c1704","2026-01-22","sec_filing","10-K",34,6,6,2
