"ticker","content_id","published_date","type","sub_type","total_chunks"
"TEAM","0003c49f-3422-5689-b625-9dbfe93eaaf5","2015-05-22","hackernews","title","1"
"WM","001d79fb-0c40-5a91-883d-2ef8d36fb7ce","2017-07-26","sec_filing","10-Q","112"
"DELL","0020caac-bd17-5c3c-8c8f-ff783d26352d","2015-04-09","hackernews","title","1"
"INTC","003d2a4b-217c-5624-92b5-94c1c6f076a7","2017-02-27","hackernews","title","1"
"ADBE","0043a1d0-a8b1-5971-800c-65b080691a08","2023-02-25","hackernews","title","1"
"TEAM","0045449f-65f0-5d4e-9b37-aac6d13474c8","2024-02-01","transcripts","earnings_call","28"
"NVDA","00499c57-da85-5c93-8fba-19b7eb05a969","2023-05-26","hackernews","title","1"
"NVDA","005cac55-8998-570a-b5a0-5cd5a186bd94","2023-05-29","hackernews","title","1"
"ADBE","006af554-114b-580d-96ca-737b9888db84","2015-03-26","hackernews","title","1"
"NVDA","0070ebeb-8d38-56ce-8a03-162a972dc3df","2021-06-26","hackernews","title","1"
"INTC","00745688-5702-5f49-af55-c2c824f5eadd","2018-09-29","hackernews","title","1"
"TEAM","0082b3bd-fe6b-5c76-9aa5-2e424ec66a33","2023-06-27","hackernews","title","1"
"MU","008bffeb-7f2a-5f03-a9e6-832e462698f8","2025-10-26","hackernews","title","1"
"ADBE","00922bce-4d58-532e-a58f-1891a46ce8d5","2023-08-17","hackernews","title","1"
"TEAM","00afe0dc-07d8-5d85-bd4f-8aa0a4b70748","2017-02-28","hackernews","title","1"
"NVDA","00b65c37-97c9-596f-a1ad-39c17c610279","2026-02-25","sec_filing","10-K","234"
"PG","00ba552c-744c-55a5-a472-5704b5393ad6","2014-08-08","sec_filing","10-K","224"
"NVDA","00d08158-528d-5a85-a9d7-f42e69e3c18e","2020-03-03","hackernews","title","1"
"NVDA","00d4b8ca-1f14-50fa-95a7-b25694c1622b","2025-03-18","hackernews","title","1"
"TEAM","00d63c6d-5d27-50c0-9e3d-04004c14f38f","2026-06-15","hackernews","title","1"
"INTC","00d8fc65-50a5-5b93-b89f-d022333c9f1d","2022-11-12","hackernews","title","1"
"INTC","00dae18c-8c34-56b6-b849-773764fa0678","2020-10-25","hackernews","title","1"
"INTC","00e1a1a4-55b8-567a-bbf8-b86657e19da3","2017-05-14","hackernews","title","1"
"ADBE","00e6b115-a9ec-5d2f-ab1c-218218c88c18","2017-04-05","hackernews","title","1"
"INTC","00f6b92d-14da-561c-82ed-d6e37be871f9","2020-01-10","hackernews","title","1"
"INTC","00f70526-cfd4-5ef0-8729-13d614e79035","2026-02-24","hackernews","title","1"
"TEAM","01038316-0c8d-5045-be47-785034b7f936","2026-04-15","hackernews","title","1"
"INTC","010d3ffe-70fd-5df4-979a-b56c6eda8b89","2024-01-25","hackernews","title","1"
"ADBE","0110ece6-6a2e-5963-a414-c4c7f3abe937","2018-05-25","hackernews","title","1"
"TEAM","01169bc0-5337-5a25-bf87-9fe0ddc17ef9","2016-07-29","sec_filing","6-K","2"
"DELL","0118d246-f7d3-55ee-839e-4ef751cd0ce0","2020-02-18","hackernews","title","1"
"PG","011cfa31-143d-53ad-9a46-28e6920346f6","2019-10-22","sec_filing","10-Q","76"
"ADBE","01238d66-6ecb-5b0f-92a5-a796042c77c5","2024-12-13","hackernews","title","1"
"MU","0128ece9-97e8-519c-8004-3f373c2be7b7","2014-01-07","transcripts","earnings_call","33"
"NVDA","01315954-a6a6-5742-acdb-83cf133de7d3","2018-08-14","hackernews","title","1"
"DELL","013f7edc-ee4a-54f5-903d-aa2567ab3c04","2023-05-28","hackernews","title","1"
"NVDA","01428bfd-d7f6-579c-92d4-e806a10a5a17","2016-08-04","hackernews","title","1"
"TEAM","01459e74-8128-5aba-89b6-beb4f501d0b5","2025-11-26","hackernews","title","1"
"INTC","0146bd3d-7aea-59f3-8baf-b3b1c16be5c0","2026-02-04","hackernews","title","1"
"NVDA","014e80cb-7fbc-5bd1-80b9-dc84f38729ec","2026-08-11","hackernews","title","1"
"NVDA","0158ee16-e36e-59fb-9be5-533fc816ffc5","2023-10-29","hackernews","title","1"
"NVDA","015ccea9-87af-5719-914a-a6b22962335b","2023-09-25","hackernews","title","1"
"INTC","0162b327-64ee-5f63-b39e-04c28ec388a2","2025-01-10","hackernews","title","1"
"INTC","0168e25f-6aee-5032-b96e-458a6ebb5dd8","2016-11-29","hackernews","title","1"
"NVDA","0169d825-72ab-5be7-93c2-06d984cf08fb","2024-06-14","hackernews","title","1"
"INTC","0177dd2c-92f6-5f7f-afc4-8fa1ceb65777","2019-06-22","hackernews","title","1"
"DELL","01786fe6-2434-5c81-b049-394b71bd0ac9","2026-07-20","hackernews","title","1"
"ADBE","01787276-bdd1-56da-a2f3-771b720b1b74","2019-06-15","hackernews","title","1"
"ADBE","017b4598-a210-5fee-8b30-29db23aa82d9","2020-09-03","hackernews","title","1"
"NVDA","018175f1-f3a4-5556-9295-b500857f7fe7","2017-03-01","hackernews","title","1"
"ADBE","0182485c-1cc6-5ea6-b036-111fd01363c1","2023-11-07","hackernews","title","1"
"MU","0186546b-c391-5b15-9d73-1dcc1a3ba5a9","2019-03-21","sec_filing","10-Q","134"
"MU","0187467b-f676-55de-a989-048ff1eb9738","2021-02-24","hackernews","title","1"
"INTC","0187c127-b9ca-57dd-85d2-311eab92294a","2023-07-04","hackernews","title","1"
"NVDA","018ab98e-b9a8-55f6-81ee-d1d1cb0863a9","2020-06-23","hackernews","title","1"
"TEAM","018f8df2-c1b3-591b-b634-b38086ae9c39","2016-09-13","hackernews","title","1"
"TEAM","01a0beaf-a399-5f20-9a54-a7b05dd2fdd2","2019-03-05","hackernews","title","1"
"ADBE","01ba1c1a-c043-58d8-89e2-53adb6423ff4","2026-05-26","hackernews","title","1"
"INTC","01ca85da-1589-5b58-8f3e-6f862f8757af","2017-02-17","sec_filing","10-K","271"
"ADBE","01cef0df-f540-5b23-9f66-d7dba344b525","2017-08-31","hackernews","title","1"
"DELL","01d231bf-919c-5198-82b0-9375ff042292","2018-02-09","hackernews","title","1"
"NVDA","01d4ed63-b60e-503e-a7c3-e33ceaa10bf4","2021-01-11","hackernews","title","1"
"TEAM","01de1ad6-fba5-58e8-ba86-ed82e3d3bb25","2023-11-01","hackernews","title","1"
"INTC","0201b3b3-17f5-52f2-a606-9168c869158e","2018-01-03","hackernews","title","1"
"ADBE","0208968c-605a-52f9-8672-01573fb7fd96","2022-09-19","hackernews","title","1"
"ADBE","0210bdc9-ea4f-5366-82d9-338ac21ea47d","2020-08-10","hackernews","title","1"
"TEAM","02269bfd-e36b-5396-bee4-66ef3edc221a","2020-08-27","hackernews","title","1"
"NVDA","02375bb1-83ae-5669-8a72-87a6acfb7b23","2017-11-21","hackernews","title","1"
"NVDA","0239e5e6-6cd5-5895-93e3-3934532c9b49","2018-05-18","hackernews","title","1"
"NVDA","023f8195-c6fa-5638-b0b1-7bd20111c830","2020-05-31","hackernews","title","1"
"INTC","0241d017-1e0b-5b84-a1fe-2b620e707060","2017-02-08","hackernews","title","1"
"INTC","02445d02-bc24-5954-9400-24b2d71f695e","2020-04-14","hackernews","title","1"
"NVDA","02472458-1757-5b47-96e3-2e0380065b5d","2017-07-19","hackernews","title","1"
"INTC","0249f732-55d4-531b-b363-746bb12a88cf","2026-04-10","hackernews","title","1"
"NVDA","024c423e-0ffe-5c82-8589-aefcb5230f32","2020-05-21","sec_filing","10-Q","69"
"ADBE","02602dff-61bb-5ec7-9497-77439ee84de0","2020-11-29","hackernews","title","1"
"TEAM","0265db2a-66a6-532c-a8c9-24a24b17500c","2024-02-09","hackernews","title","1"
"TEAM","02755ca1-c22e-5ddd-92b2-a7d8e7850cd1","2023-08-16","hackernews","title","1"
"INTC","0285b99b-1e92-5b97-9e50-ea917d28c39f","2017-01-03","hackernews","title","1"
"ADBE","0286820a-376e-5bfb-ad13-d82a3c1ca879","2017-11-20","hackernews","title","1"
"NVDA","0286cf1e-43c5-5cbf-beee-393750d1ead7","2018-11-15","hackernews","title","1"
"DELL","0288cdc0-c12a-510a-b06e-4b310c3ad6b1","2019-04-29","hackernews","title","1"
"NVDA","029ac212-0e54-570d-89a2-f47f544e3822","2019-07-10","hackernews","title","1"
"INTC","029bd473-d196-5feb-90d6-ac315ebbc549","2022-10-16","hackernews","title","1"
"INTC","02c193ee-6712-5c77-bf09-71aab44e4a4d","2020-02-09","hackernews","title","1"
"INTC","02d248b5-9faa-55d2-9123-46a4a89bf28f","2015-08-19","hackernews","title","1"
"NVDA","02d447e6-1025-5e02-a58e-6cfbb9b23b7a","2021-11-16","hackernews","title","1"
"NVDA","02e21f4b-026f-5de0-a372-ba1f2432cc80","2016-06-20","hackernews","title","1"
"MU","02ec6418-fd1d-52e2-b275-d4060ae12380","2021-07-01","hackernews","title","1"
"TEAM","02f2c92b-3a1c-5938-9073-1c31518890d1","2018-01-19","hackernews","title","1"
"INTC","02ffe4f8-9ad7-5877-8c3a-10fcddf19c74","2021-04-30","hackernews","title","1"
"TEAM","030f3f21-7250-51d6-8ef1-7c942c4460a3","2020-07-27","hackernews","title","1"
"INTC","0321f3d0-3521-57f0-9d18-9885a68d3528","2020-09-07","hackernews","title","1"
"MU","032a61aa-5ecd-59ee-9e3c-a89bd60b7521","2024-01-07","hackernews","title","1"
"NVDA","033c320d-458c-5843-a591-985a8ebdee5e","2022-10-18","hackernews","title","1"
"ADBE","0342569c-6bc0-57e0-b335-aa0f239a3dc4","2020-10-24","hackernews","title","1"
"DELL","0351796b-d9b4-51b1-850c-abdd0ebb0334","2022-11-21","transcripts","earnings_call","32"
"ADBE","037fccca-e21c-54fd-b8c1-8a998c2180b7","2019-11-06","hackernews","title","1"
"ADBE","038ba82c-3fe0-5a63-a949-a8d4355bea39","2026-07-22","hackernews","title","1"
"NVDA","038bebc7-cc9f-521e-94dc-1854a5cf0ced","2021-01-12","hackernews","title","1"
"MU","039348ee-24ff-5ed2-8845-1ef1e93e5203","2022-10-04","hackernews","title","1"
"NVDA","03a7de5d-09c7-5f73-9c86-ff0583f5473e","2024-02-23","hackernews","title","1"
"ADBE","03af81a4-a287-5780-81e0-b9d0708fb6f2","2019-09-17","hackernews","title","1"
"NVDA","03b378f7-326c-5774-bd56-e8a2b45f7ee9","2023-01-22","hackernews","title","1"
"TEAM","03bd5f19-5c90-5ba7-a8ef-0194f39eb7af","2022-05-03","hackernews","title","1"
"DELL","03c17d54-71e7-5151-8b78-7d7e3bfa59d1","2022-11-18","hackernews","title","1"
"MU","03ca8708-403f-5f05-aa65-97cca6fde938","2018-05-02","hackernews","title","1"
"ADBE","03ce358c-4197-5387-b9c3-3037861da877","2024-06-17","hackernews","title","1"
"NVDA","03df7323-5992-50a3-b79c-0136181a8fae","2020-03-14","hackernews","title","1"
"DELL","03e790fc-6897-5d59-85d1-bca11b412557","2026-07-15","hackernews","title","1"
"MU","03ea347c-d909-5a79-bbc4-0a356e6ac2f2","2014-09-25","transcripts","earnings_call","32"
"DELL","03f1c62f-740d-5346-862a-38f1b0762e34","2026-01-16","hackernews","title","1"
"ADBE","03f9b7e6-f952-5c5f-a391-d10f1bf5f54c","2026-03-11","hackernews","title","1"
"ADBE","03fe6ab0-9aec-572f-88ff-a8430a376ace","2016-12-04","hackernews","title","1"
"INTC","0405dc9a-30e2-5e77-9a26-d0dc85d49f62","2016-06-25","hackernews","title","1"
"NVDA","0406b1c5-2c37-56b9-8b77-8ffcc30e1b2a","2018-12-06","hackernews","title","1"
"NVDA","04081899-33dd-5171-8f79-6a0d7fc5ac8c","2020-11-03","hackernews","title","1"
"TEAM","04222618-bd45-576c-ac91-eb7346abc22f","2015-06-27","hackernews","title","1"
"INTC","042afd08-3dd9-5079-a45b-19b2885c9bd7","2024-10-15","hackernews","title","1"
"ADBE","042b1b8b-736c-5aaa-9536-a5a06223f3b5","2017-01-20","sec_filing","10-K","279"
"INTC","043005aa-6634-594c-bd48-6022c40574e2","2023-08-16","hackernews","title","1"
"MU","0431e36a-433c-57ab-9232-624263fa65f2","2026-09-08","hackernews","title","1"
"DELL","043e0b5d-67d9-5536-b78f-38471b3622ab","2023-05-24","hackernews","title","1"
"ADBE","04447dea-83ef-5355-b805-5b8e07266128","2021-11-03","hackernews","title","1"
"NVDA","044dceb0-9a1f-5cfd-b56f-55d8cc8a9edc","2025-01-07","hackernews","title","1"
"INTC","04585d01-ae06-5982-b907-769cbe98ae87","2023-12-31","hackernews","title","1"
"DELL","045ac252-5e61-5ced-aaad-4a470ee1083c","2021-09-17","hackernews","title","1"
"MU","0473976e-330d-57f3-a116-bc464fa79204","2015-07-29","hackernews","title","1"
"MU","047659ca-7b64-5706-a843-57106ab90ad9","2019-10-27","hackernews","title","1"
"INTC","047b543a-40cc-5af3-b2e1-2d61fb01fe3e","2023-06-15","hackernews","title","1"
"INTC","049913aa-19ae-5598-ad29-e665d6401f77","2019-06-21","hackernews","title","1"
"NVDA","04a70f05-8138-56ad-a5a8-5e57fcb560f0","2021-11-23","hackernews","title","1"
"INTC","04a810d3-1509-57b7-8d6b-c00666958545","2020-08-31","hackernews","title","1"
"WM","04b9483a-391a-5419-bbf3-a13374a6b8d6","2023-07-26","sec_filing","10-Q","100"
"MU","04c5c068-56e0-5801-89e1-404ca927ccf1","2026-06-24","hackernews","title","1"
"INTC","04dafa94-f0d3-5f8e-979c-4311e6ce203d","2015-09-12","hackernews","title","1"
"ADBE","04f45f91-4fdc-57ea-a8b3-cf0fb5be288f","2020-05-21","hackernews","title","1"
"TEAM","04f88060-df28-53e4-8b1a-1095115f8515","2025-11-25","hackernews","title","1"
"TEAM","04f8eb03-17f8-50a9-ade3-26f60f3f2097","2017-01-09","hackernews","title","1"
"TEAM","04fb6c6b-a30c-5f93-ba4c-cda8ff0b61c1","2019-04-22","hackernews","title","1"
"TEAM","04fd7a3f-a3e6-5c83-b21c-e19041a19370","2023-04-20","hackernews","title","1"
"NVDA","05013128-98cc-59e0-a5c2-5fbfd9f99d94","2020-02-13","transcripts","earnings_call","29"
"INTC","0524f959-396d-526b-990d-21eefacc1261","2020-04-30","hackernews","title","1"
"ADBE","0529dd66-7eeb-5cca-a019-5921cc571dcd","2017-02-06","hackernews","title","1"
"ADBE","05401318-77f0-50d3-bc49-69a29b3c9526","2016-01-19","hackernews","title","1"
"TEAM","055020d8-8379-5ef0-811b-d19cd730767c","2025-08-01","hackernews","title","1"
"ADBE","05598dfd-5319-5cb9-a7da-d75a1d0fb2ef","2021-10-22","hackernews","title","1"
"ADBE","0573e5d2-a588-5c14-8179-be0782a415f6","2019-03-13","hackernews","title","1"
"TEAM","057ceca6-86ef-5cb4-bae6-a7988bcd002d","2020-08-25","hackernews","title","1"
"INTC","057db6a5-65ec-597a-ba35-9e17af15f02e","2022-01-18","hackernews","title","1"
"TEAM","057f07d3-0c70-50ca-82ec-e79cc57f301f","2015-04-21","hackernews","title","1"
"DELL","0586b512-484f-59e6-ac91-174b9df8dfb9","2026-07-27","hackernews","title","1"
"TEAM","059511e2-7115-53e9-97b8-09301f1c6129","2026-02-19","hackernews","title","1"
"ADBE","059fb898-fe41-55e7-acb5-6a7c47a45dc0","2026-06-27","hackernews","title","1"
"NVDA","05a67ea5-b47d-562a-a266-096dcb7b3dc9","2025-12-01","hackernews","title","1"
"WM","05b154a0-1957-5803-9a41-4615294ff76e","2022-10-26","sec_filing","10-Q","111"
"INTC","05c1741c-19a3-5147-ada3-564c68268068","2023-12-24","hackernews","title","1"
"DELL","05db2abc-af3a-5645-81c7-80ac367cb6d2","2015-12-08","hackernews","title","1"
"ADBE","05fa42b5-66a6-5663-ac0d-e4994da30e15","2015-07-08","hackernews","title","1"
"ADBE","05ff16b8-fa60-5008-bff2-0ee3bdb82305","2016-07-14","hackernews","title","1"
"INTC","0610eab7-de01-5efa-a44e-b9440b33acce","2019-03-29","hackernews","title","1"
"DELL","061301f0-44bf-56e6-b592-8e076f757538","2017-01-08","hackernews","title","1"
"TEAM","062f2032-fcdf-5eea-b6b4-8afa6d294315","2026-04-30","transcripts","earnings_call","23"
"NVDA","0637aa4b-8a55-5bf6-aeb6-23f336450379","2023-07-01","hackernews","title","1"
"MU","06413f8a-2a9a-542f-8460-a9d70f40112c","2023-06-21","hackernews","title","1"
"ADBE","0642055f-403b-53bb-a063-c4e09673dcfa","2015-10-15","hackernews","title","1"
"DELL","064fd2b3-97ef-582e-b19e-2332868172ec","2019-01-23","hackernews","title","1"
"NVDA","065beb64-8bd1-5475-80d8-9b0c1f703dfe","2020-01-13","hackernews","title","1"
"ADBE","06615276-0dbb-5ed4-b8fc-f6c388f37701","2016-12-08","hackernews","title","1"
"TEAM","067e2f0d-a221-5077-b08e-1817eb604ee1","2017-10-20","hackernews","title","1"
"ADBE","0682d37a-79e7-5ae7-bbce-6d0d29f63c62","2023-06-20","hackernews","title","1"
"TEAM","06a4a658-81af-533f-801f-369f10a7c251","2017-09-07","hackernews","title","1"
"DELL","06a4bc5e-a1c1-5c0e-b864-06c1c72167f6","2024-10-09","hackernews","title","1"
"INTC","06aebed8-4b66-5fa5-b55d-b47191acce38","2020-01-17","hackernews","title","1"
"NVDA","06afd9e3-0977-58fe-89ba-f1a10c7d0ca5","2019-04-22","hackernews","title","1"
"NVDA","06b9aa4e-dd85-508b-b095-f3c328621ed4","2017-04-06","hackernews","title","1"
"DELL","06c5c63c-fa2b-5e2b-956f-5c87638a3185","2021-05-28","hackernews","title","1"
"TEAM","06d66331-ac7a-5aff-b6fc-0fee915c278c","2021-09-20","hackernews","title","1"
"INTC","06d83ecb-d050-59ad-be33-f668466896eb","2021-09-14","hackernews","title","1"
"DELL","06dbcd9f-234e-5c7a-9703-5f649638c834","2013-06-03","sec_filing","10-K/A","116"
"INTC","06dfe2cd-fb97-58bb-9e3d-8ae768fbe3f3","2015-01-18","hackernews","title","1"
"CAT","06e8646f-46f2-57a9-9f20-113ff9ec18df","2018-10-31","sec_filing","10-Q","234"
"ADBE","06ee081a-da0d-5249-940d-669b38f4c8c5","2023-09-27","sec_filing","10-Q","137"
"NVDA","06fb76cd-3f3f-5737-86a9-a324ab4cc5cc","2024-08-28","transcripts","earnings_call","31"
"NVDA","0705acd7-d60f-5f12-8a14-536306e7cd25","2017-05-10","hackernews","title","1"
"ADBE","0715ce63-a727-5fed-9561-1767a12e8f9b","2017-07-25","hackernews","title","1"
"NVDA","07181eec-ea32-55ad-90d3-5873700f79eb","2021-04-21","hackernews","title","1"
"MU","0719348c-ab5b-5e87-8621-aa1880305d01","2022-12-22","sec_filing","10-Q","120"
"ADBE","071c13e0-c1b5-5eb1-b39c-7379fb4fc874","2021-04-18","hackernews","title","1"
"NVDA","07327083-ddc3-546d-a3ff-800e5bd6d1f2","2015-05-06","hackernews","title","1"
"CAT","0734a80f-1259-5fcf-beae-dd2609d5ec49","2024-04-08","hackernews","title","1"
"INTC","073c6120-64f9-5ba6-9e3f-0adef0aae1aa","2023-03-05","hackernews","title","1"
"ADBE","07553de0-c0c7-55cd-b35d-92c7b3b798c9","2016-08-22","hackernews","title","1"
"ADBE","07555eb4-9f24-5f90-a6a7-06c182309a47","2023-04-13","hackernews","title","1"
"NVDA","0763428d-a00c-550b-b273-f82f0fc95cef","2021-12-07","hackernews","title","1"
"NVDA","0769b39a-3609-525d-b76f-36a8856ac213","2015-08-20","hackernews","title","1"
"ADBE","076e4e96-03b8-5842-a293-d45bc9d6d6fd","2019-06-08","hackernews","title","1"
"DELL","077885e7-ccfd-570d-a933-8f0f5ee81e46","2025-01-06","hackernews","title","1"
"NVDA","07911ad9-3ab4-5618-922d-6196f8700550","2025-03-18","hackernews","title","1"
"INTC","07aa28d3-4e35-5507-9b00-04dcbb027131","2022-02-19","hackernews","title","1"
"DELL","07b810ac-98af-5ae6-8d73-e9bbf0e2aacc","2018-12-08","hackernews","title","1"
"NVDA","07c8f504-e1a7-5638-bfb9-cee6ff44a2c0","2023-10-01","hackernews","title","1"
"DELL","07cb0f15-f52c-522c-b307-2fdfd7efaafc","2025-09-04","hackernews","title","1"
"ADBE","07e4ca0b-b8ee-5e41-9728-c48c896ffe2a","2026-01-15","sec_filing","10-K","231"
"TEAM","07f71c2c-5565-5c97-bd71-0802dffc75f4","2016-10-31","sec_filing","6-K","1"
"DELL","07fb6a97-bf0c-547e-9f92-b74f15e764dc","2024-09-07","hackernews","title","1"
"NVDA","08006f8a-d56e-5fc5-acdf-d15bba077be5","2019-11-16","hackernews","title","1"
"DELL","0804e33d-120d-51f6-a66c-ae8e0e84c834","2025-04-14","hackernews","title","1"
"ADBE","08105aef-140a-5cd5-9a4b-1cf10de15f67","2026-07-02","hackernews","title","1"
"INTC","081a4e0b-3d85-5caa-8065-c750cbd76b0d","2016-10-31","sec_filing","10-Q","129"
"DELL","08228bf2-57ef-5156-a6c7-3aeed5735e7e","2024-12-13","hackernews","title","1"
"ADBE","0826bf86-8dd0-5f3d-8542-a3d1607326af","2021-07-26","hackernews","title","1"
"ADBE","082a6059-ccb4-541a-8f48-7317e448691b","2017-06-29","hackernews","title","1"
"MU","0836a754-1310-5bdc-b8e4-20926fd8bef5","2022-01-11","hackernews","title","1"
"NVDA","083c8961-3699-5fad-9f26-31478c711fb5","2019-09-20","hackernews","title","1"
"INTC","083d7969-cd87-5ffb-8380-d66fd72b7d0c","2022-01-07","hackernews","title","1"
"DELL","0841310c-a8fc-56ff-a765-a54cfe9b8830","2024-05-30","transcripts","earnings_call","31"
"MU","08447bea-bd91-5c60-8a2f-05cb5c3375bc","2026-05-27","hackernews","title","1"
"ADBE","0850afc2-d4f8-5a4a-996b-f1e162131a22","2017-08-11","hackernews","title","1"
"NVDA","085edfb3-c578-5172-a262-9a33a363e03d","2026-07-11","hackernews","title","1"
"NVDA","086ee1e8-29fd-5afa-91fd-6405b6792da0","2016-03-21","hackernews","title","1"
"INTC","08758c5d-faa8-56c1-a512-32e204613e9d","2025-01-25","hackernews","title","1"
"TEAM","087ae469-15e4-5351-aa3d-0aef7a7f09c2","2020-01-21","hackernews","title","1"
"TEAM","08a043f9-f385-57fe-bb23-109887a8a793","2024-02-22","hackernews","title","1"
"NVDA","08abd55f-bab9-50b5-9c40-4b7105569d8a","2023-10-18","hackernews","title","1"
"NVDA","08b6defd-ee58-5973-b36a-8951ef1e4632","2022-07-28","hackernews","title","1"
"INTC","08bc2cf4-5001-5100-afde-2dc6f56e2ad9","2018-02-05","hackernews","title","1"
"INTC","08c68487-328d-5607-bcad-cba15f18d663","2019-05-14","hackernews","title","1"
"INTC","08cfbb31-fc6b-54b9-a196-421473c96f65","2020-12-14","hackernews","title","1"
"ADBE","08d51639-76dc-56d6-b8b4-6a95d16f14e3","2017-07-30","hackernews","title","1"
"DELL","08dbaa54-97c2-5e2a-896a-82e124080b67","2017-09-01","hackernews","title","1"
"INTC","08de8873-ccd7-5ab5-8bf7-8b3ac7a28059","2020-01-23","sec_filing","10-K","303"
"INTC","08df12a9-67c8-5a7a-9b25-0435e7e1f964","2016-10-29","hackernews","title","1"
"CAT","08dfb757-8aa5-5eef-bb7c-65ea050bd58f","2021-07-30","transcripts","earnings_call","31"
"DELL","08e54595-d1ec-529d-9474-40f6311e8b62","2016-01-20","hackernews","title","1"
"MU","08e694d6-5968-5e9c-a5b5-31d18bcb74cc","2015-07-30","hackernews","title","1"
"INTC","08e8adf3-afff-5076-98ef-5ddf30186418","2019-05-26","hackernews","title","1"
"INTC","08ec9f01-ef4b-5ad3-82ff-28182893360b","2022-10-05","hackernews","title","1"
"ADBE","08f397d4-773c-5d7f-acc6-987a35b1e297","2019-08-11","hackernews","title","1"
"INTC","090074a1-d2df-5bd8-a7fb-74a066f05185","2025-07-20","hackernews","title","1"
"MU","090892bd-ffef-5457-9d53-c113a7086d91","2017-03-28","sec_filing","10-Q","122"
"NVDA","09118f35-4e18-5472-9939-643e04f7a946","2024-08-08","hackernews","title","1"
"NVDA","0917709b-750e-5d25-b139-ba3edc28a2c9","2021-04-12","hackernews","title","1"
"NVDA","091b5055-fcab-5432-bd42-a3b85032a45a","2020-08-18","hackernews","title","1"
"INTC","0920bba2-0cf7-55f8-bbde-e00b01338565","2021-12-08","hackernews","title","1"
"NVDA","094322fc-4a3f-5872-a1c0-13740a32a19a","2021-10-12","hackernews","title","1"
"INTC","094e85de-459f-5e54-9d24-bc04d6a0deb1","2020-05-21","hackernews","title","1"
"ADBE","09546387-f94d-5aba-9afd-809a0c6c3af7","2022-11-03","hackernews","title","1"
"INTC","0956cf65-6df4-5845-a331-dedcafc3407d","2016-02-08","hackernews","title","1"
"NVDA","095d4df1-c850-5056-bcfb-debcca10d0bd","2020-03-11","hackernews","title","1"
"DELL","096ff108-80d1-5a56-a1b4-47c77ec6af79","2026-09-01","transcripts","earnings_call","25"
"ADBE","09afe69b-00e0-5dbd-813d-363472fca464","2025-08-22","hackernews","title","1"
"NVDA","09b649cd-0c10-5b2b-8742-dca1ec31ca78","2025-02-10","hackernews","title","1"
"TEAM","09c47321-842f-5fb7-b21b-96ff14647b32","2022-11-04","hackernews","title","1"
"WM","09c5dea7-6f0c-50c6-9ab9-6910e630405d","2021-04-03","hackernews","title","1"
"INTC","09e1a4e1-58b4-5207-bfa8-1073ac66178a","2023-04-27","hackernews","title","1"
"TEAM","09e53e56-9655-5b01-9328-be1a2e0f8757","2024-04-26","sec_filing","10-Q","211"
"ADBE","09e8d1fc-09a8-5e0f-a0cc-ebff8a4a632b","2024-06-13","hackernews","title","1"
"INTC","0a0a0e09-edd1-5dcd-b2b6-ed1c32edb12b","2026-03-03","hackernews","title","1"
"ADBE","0a0e2f41-0f31-5b6b-aeaf-2d584ff736b7","2018-05-21","hackernews","title","1"
"PG","0a1a3909-5578-547d-b6c5-7b331f0fa5ab","2015-01-27","sec_filing","10-Q","104"
"ADBE","0a1ac1d1-ef91-5022-8219-fac540f671c4","2016-07-31","hackernews","title","1"
"DELL","0a1dc300-f4a8-5c4c-96bb-ee79c53ab5b0","2021-10-13","hackernews","title","1"
"TEAM","0a20911b-26e7-560c-891d-93140430aa3e","2023-02-06","hackernews","title","1"
"ADBE","0a23a7cc-6e47-5b6a-8716-39d790336c6a","2018-02-23","hackernews","title","1"
"TEAM","0a247b31-fb21-5993-92c6-ad99fbbfa202","2019-09-23","hackernews","title","1"
"ADBE","0a24e036-e674-56f6-8cfc-933fa6bcc6ed","2024-05-13","hackernews","title","1"
"ADBE","0a28b7b5-61f4-5ec1-a355-eaa911a1e27f","2026-01-18","hackernews","title","1"
"NVDA","0a29eb2c-aec6-54c4-b7ac-38d0f175603f","2017-07-12","hackernews","title","1"
"NVDA","0a2a4487-a53d-5165-8674-5e6bf0e47c32","2020-04-28","hackernews","title","1"
"NVDA","0a34dbab-95ef-5072-b368-38633c5b2545","2021-03-30","hackernews","title","1"
"DELL","0a3667bd-7ff8-5656-894f-ef491ba173d5","2018-01-04","hackernews","title","1"
"NVDA","0a3de23a-0c60-5939-806e-881538b3ffa5","2018-09-21","hackernews","title","1"
"DELL","0a4a44ef-b3ce-50f3-a830-d2878a719a15","2021-05-27","transcripts","earnings_call","29"
"NVDA","0a4e7bd4-8448-528f-b22b-83ed25477684","2020-04-07","hackernews","title","1"
"DELL","0a60dd20-5d0f-5ed6-84aa-6f8d17a96969","2016-06-01","hackernews","title","1"
"DELL","0a649772-9189-5fc8-ae2a-95949293f43d","2021-03-18","hackernews","title","1"
"CAT","0a6f2097-f07b-5442-af76-f53633a47480","2016-02-16","sec_filing","10-K","384"
"DELL","0a7b8397-2ff2-59a1-a8de-2959dbfe0c8e","2020-11-19","hackernews","title","1"
"DELL","0a904753-97b5-5f43-acc6-b50ca6124cbd","2020-06-23","hackernews","title","1"
"DELL","0a93804e-2957-5333-9521-6583676de147","2018-01-26","hackernews","title","1"
"INTC","0ada1c57-8aec-59b7-b521-114474ccb30c","2021-01-04","hackernews","title","1"
"DELL","0b01172a-e10b-5caf-bbc4-5096e81d9948","2016-10-28","hackernews","title","1"
"NVDA","0b144593-cde5-5f37-9cdb-c9c30f5aebb4","2023-06-02","hackernews","title","1"
"TEAM","0b151ad4-dad2-50c0-a635-31218edc0a54","2016-05-11","hackernews","title","1"
"INTC","0b158d5e-856f-5b99-8852-d786c9b6ae7e","2024-02-23","hackernews","title","1"
"NVDA","0b2615ef-ff88-55ad-a93c-5adbe36f1d0c","2025-07-07","hackernews","title","1"
"NVDA","0b26f632-2e4d-5276-aa57-4028fa60cbbb","2021-10-11","hackernews","title","1"
"MU","0b27febb-b33a-55d5-b69a-1a0ea8704df8","2022-07-29","hackernews","title","1"
"ADBE","0b4de03c-bded-5968-9feb-d5aa85744804","2019-08-09","hackernews","title","1"
"MU","0b6b8445-a0bd-565d-bc82-48d2043936ff","2024-10-04","sec_filing","10-K","227"
"DELL","0b6eb17f-5a24-5d2e-a7ed-a3303c842736","2024-12-14","hackernews","title","1"
"TEAM","0b90a9b8-525f-5c74-821d-149969dbfce9","2022-11-03","transcripts","earnings_call","31"
"CAT","0b93967f-e59e-5a50-8fd7-5f91e127bf72","2026-05-06","sec_filing","10-Q","148"
"TEAM","0b947e94-78a9-5b18-aae7-d9f1922c3a10","2024-06-14","hackernews","title","1"
"INTC","0bb30d6e-0550-5e8b-9551-cce4bcc64a28","2021-01-14","hackernews","title","1"
"INTC","0bc1d716-8b30-5eaa-801f-79144ee110c4","2023-08-07","hackernews","title","1"
"INTC","0bc33444-e0a5-5e78-984e-3867212c28ef","2017-10-02","hackernews","title","1"
"INTC","0bc58ef5-0274-536c-b17a-e60d6fb7969e","2024-12-03","hackernews","title","1"
"MU","0bcbd140-f8c3-5cd7-8ba7-fce4c96b54b4","2024-07-22","hackernews","title","1"
"DELL","0bf0b12e-f105-553c-ba3b-8f27574140de","2023-06-06","hackernews","title","1"
"TEAM","0bfa2f91-fec6-5558-9fc7-231ed03f0204","2021-06-01","hackernews","title","1"
"TEAM","0c1bee8d-6c34-5a23-9bfb-b8ed91363e72","2015-06-10","hackernews","title","1"
"INTC","0c30d729-cd22-5b29-a850-a54fea3a6d25","2021-01-21","transcripts","earnings_call","32"
"NVDA","0c3bcbd8-0c5f-5c31-a436-d877cb58a57d","2023-03-23","hackernews","title","1"
"INTC","0c4def0e-8e59-5663-af81-8fc1f27c86ad","2025-08-26","hackernews","title","1"
"TEAM","0c509c6e-bccd-5199-9cad-c016a65b254d","2020-03-04","hackernews","title","1"
"ADBE","0c79e198-6731-54ef-9cba-a6f140ec666e","2023-11-30","hackernews","title","1"
"INTC","0c7ba68b-1cf0-5c73-8107-342a1efe46e9","2018-09-25","hackernews","title","1"
"DELL","0c7cfce4-cb5b-54d0-8a0e-e5eab26040fe","2026-01-07","hackernews","title","1"
"DELL","0c85e7fc-eca1-5b84-bc28-fdc7e1fd5028","2025-11-28","hackernews","title","1"
"CAT","0c903e3b-88ab-5241-8721-eef3e9b34a95","2016-08-28","hackernews","title","1"
"NVDA","0c9abdfb-d869-50c4-a8b9-e402d55c5d3c","2015-02-11","transcripts","earnings_call","33"
"INTC","0c9bc3c7-53c5-5a85-8cc7-2e5a8dee0450","2018-03-03","hackernews","title","1"
"ADBE","0ca76caf-db2c-5517-a413-3698af609595","2015-01-07","hackernews","title","1"
"INTC","0ca94f40-03f7-5f5f-920e-4342d4dfebf4","2026-06-11","hackernews","title","1"
"NVDA","0cb2314e-16be-5330-8545-ddfbb205680b","2021-01-24","hackernews","title","1"
"TEAM","0cb99764-3cc3-5224-a456-ddd463eb1146","2015-09-23","hackernews","title","1"
"INTC","0cbb7067-6739-5d49-bd3a-1a342c490cd4","2024-11-01","hackernews","title","1"
"NVDA","0cc94726-1d3e-5626-a202-37111dcd83cf","2019-05-30","hackernews","title","1"
"INTC","0cce3e8c-eece-5520-be64-522b5326cfdb","2026-09-18","hackernews","title","1"
"DELL","0cd08eaa-de70-56d2-a2f3-b12ab2fe5e66","2016-01-08","hackernews","title","1"
"ADBE","0cd40c40-c417-5a55-abda-9a3f0fa2080e","2024-10-17","hackernews","title","1"
"NVDA","0cdf4aa9-29b8-531c-bc3a-2f1adca19fce","2020-03-06","hackernews","title","1"
"NVDA","0ce0ef4b-c494-5479-ba1f-ff181b8eb3a3","2019-08-15","transcripts","earnings_call","28"
"MU","0ce0f681-9b84-58d1-9d17-81d4e68512aa","2018-06-28","hackernews","title","1"
"ADBE","0ce4f671-7ea8-5e9f-bc65-d4414183d96f","2021-06-08","hackernews","title","1"
"NVDA","0ce957ee-1b4c-5565-be6e-a4337276d845","2023-05-13","hackernews","title","1"
"DELL","0cf4988f-3e40-5f1c-989b-e4a52d1b6dc9","2017-12-02","hackernews","title","1"
"NVDA","0cf9de55-533a-53fb-a5b3-49e5d82129a8","2024-09-08","hackernews","title","1"
"NVDA","0cfe20e3-057e-5e6d-b9e7-b3b9d1087a39","2021-06-25","hackernews","title","1"
"NVDA","0d00a532-38b7-579b-8807-1c92c0743a84","2024-12-17","hackernews","title","1"
"INTC","0d0b9a9b-50c9-5a1c-87b9-6b45ab717a98","2016-08-13","hackernews","title","1"
"NVDA","0d1097d4-001a-561a-a114-52b7c280a834","2017-04-03","hackernews","title","1"
"NVDA","0d113363-2b54-53cb-a492-4bbba6766240","2016-07-24","hackernews","title","1"
"ADBE","0d121935-1cfa-5279-a7f7-80fcb74f3677","2020-11-13","hackernews","title","1"
"TEAM","0d1ac758-92b8-5633-9327-39a5c1fac825","2021-10-13","hackernews","title","1"
"INTC","0d2fdef0-2c02-58bb-be3c-7f393975406a","2023-11-05","hackernews","title","1"
"TEAM","0d38b331-0dc1-558c-9a56-346ae9d27a75","2022-10-03","hackernews","title","1"
"TEAM","0d473e4e-d4ca-559d-a8f1-113e443c11ab","2020-12-02","hackernews","title","1"
"ADBE","0d65aab6-2259-5abe-9473-77801e91e59c","2022-11-01","hackernews","title","1"
"MU","0d8cb46f-7e80-5b96-bde3-76db3a7c9a74","2021-07-01","hackernews","title","1"
"INTC","0da74235-dec2-5c19-ba81-7356a1151fbd","2024-07-13","hackernews","title","1"
"TEAM","0da9e978-84da-500a-bf50-60956de96946","2023-08-15","hackernews","title","1"
"MU","0db23ad8-ad52-518a-8a5f-cc727afe5bb4","2026-06-29","hackernews","title","1"
"ADBE","0db38a30-211b-5ee8-8b75-be41b2e1d96f","2026-09-08","hackernews","title","1"
"ADBE","0dbcba69-8846-5f54-9592-84acae4c79e3","2018-01-25","hackernews","title","1"
"INTC","0dc04d99-1101-557d-8e2c-b060ac23865a","2015-12-18","hackernews","title","1"
"TEAM","0dc09f34-80fd-584b-af5b-a67de98d6e2e","2023-08-10","hackernews","title","1"
"TEAM","0dc796f5-4f2f-587f-a6a9-d79bc6cdd6fe","2016-08-04","transcripts","earnings_call","30"
"INTC","0dd681bc-e669-5952-b043-03c1e869b08b","2025-09-10","hackernews","title","1"
"ADBE","0dd76ff9-fbb7-5363-b2c9-bf43dbff8fd3","2019-01-23","hackernews","title","1"
"NVDA","0dda150c-7353-598b-87be-b87992edbd9a","2015-12-13","hackernews","title","1"
"MU","0dff9fbc-fd98-5c93-9d56-55bf225574c4","2021-04-01","sec_filing","10-Q","133"
"DELL","0e132aca-d450-50e9-9e42-40a704aeddee","2019-08-03","hackernews","title","1"
"ADBE","0e1a60c9-4e8b-5430-bba6-255e54eed992","2023-12-18","hackernews","title","1"
"INTC","0e2cd53b-5633-5ffb-bc63-bd3c9232ac4f","2018-07-22","hackernews","title","1"
"NVDA","0e36296e-5af4-55d7-ac3d-5000fbf456b5","2023-03-21","hackernews","title","1"
"NVDA","0e3a1f69-6715-52d7-a17e-f755e27e2018","2016-01-13","hackernews","title","1"
"DELL","0e3ff18b-9b74-5a35-880f-dca246b4b531","2023-06-08","hackernews","title","1"
"NVDA","0e46291c-e219-576e-b85c-9b31b3787b2d","2019-08-14","hackernews","title","1"
"NVDA","0e47a659-6cd8-5023-bf6b-5965c8fdeb38","2025-11-26","hackernews","title","1"
"ADBE","0e5baaf2-8c5a-59ba-8839-762be847176c","2019-01-23","hackernews","title","1"
"INTC","0e5fbc66-c691-5d2b-b37a-dcc8161180c4","2023-11-29","hackernews","title","1"
"INTC","0e63d24b-9ebc-5008-870b-dc66c8fa249f","2018-01-28","hackernews","title","1"
"PG","0e69e904-b918-5b16-9407-e61d4896d4f3","2018-10-19","sec_filing","10-Q","74"
"DELL","0e6cd441-d85a-52af-8298-e5268e9761a7","2020-05-21","hackernews","title","1"
"MU","0e73f08d-279c-5e9f-8fdf-191f5a078d8f","2018-10-15","sec_filing","10-K","236"
"INTC","0e773254-ce90-5936-95b3-ef31dd78b579","2019-12-01","hackernews","title","1"
"ADBE","0e7becb0-f027-5573-a1f5-8ed94ea4a5d2","2024-03-21","hackernews","title","1"
"TEAM","0e80f7e2-5aec-5e81-8f5b-e2ba670eb2d6","2018-04-27","sec_filing","6-K","8"
"INTC","0e87223e-8b59-510b-8f41-2a0532298acb","2024-10-02","hackernews","title","1"
"TEAM","0e8d3412-6835-5476-8c7c-4e2fa712010b","2026-08-05","hackernews","title","1"
"NVDA","0e90fb2f-ead4-57e6-bfa4-48afd9fc93c9","2017-09-24","hackernews","title","1"
"DELL","0e915962-293b-5a8a-9871-9616f50b9a51","2017-01-02","hackernews","title","1"
"WM","0e9d3699-7802-5afe-86ca-a6188c7b2da2","2026-01-29","transcripts","earnings_call","48"
"INTC","0ea88027-fec4-569f-b926-87e838e0c649","2019-02-23","hackernews","title","1"
"TEAM","0ebb5152-9303-5a1b-b7b1-90d8f7e84f2e","2024-08-03","hackernews","title","1"
"INTC","0ec1189e-5e17-5018-9082-fe13d6509435","2017-09-20","hackernews","title","1"
"INTC","0eca38bc-1c5d-56cc-8aba-42ca6693b303","2021-10-22","sec_filing","10-Q","103"
"INTC","0ed7ac68-c283-5949-bf03-ea491173193c","2016-06-10","hackernews","title","1"
"INTC","0f1ab9fd-b229-552d-9e16-130debb7e617","2025-12-09","hackernews","title","1"
"TEAM","0f1cbd87-0b2d-5b59-a53f-6b1a617be0af","2026-03-12","hackernews","title","1"
"NVDA","0f2aa708-c790-5251-a13c-b3196a31fc06","2024-11-20","sec_filing","10-Q","98"
"ADBE","0f2dbfa6-3ed2-5656-be39-e62124285770","2017-09-27","hackernews","title","1"
"ADBE","0f4191c7-5eb9-5457-8040-1db2e6671ff6","2020-12-10","hackernews","title","1"
"NVDA","0f48b256-ea5c-53b4-bfbc-fdbcfe987778","2019-11-19","hackernews","title","1"
"WM","0f59b698-daf7-5a08-a062-5c1e9746e865","2013-07-30","transcripts","earnings_call","36"
"WM","0f5ccdb6-9bf6-5404-adf3-ebf047189ffe","2016-11-15","hackernews","title","1"
"INTC","0f5ea196-7bf4-505f-9001-67c212c04222","2024-02-21","hackernews","title","1"
"MU","0f620560-11c7-5678-9686-b13a655dd0cc","2018-04-25","hackernews","title","1"
"DELL","0f72c685-f1d7-5aea-9ed5-1b81d68df020","2024-06-19","hackernews","title","1"
"NVDA","0f7cc520-977d-562c-bd39-c68b514e77cb","2017-03-02","hackernews","title","1"
"ADBE","0f94dedd-54d5-5a97-b32a-553735511281","2022-04-12","hackernews","title","1"
"ADBE","0f95c478-657b-53df-9490-59e6f2dad089","2015-09-04","hackernews","title","1"
"ADBE","0fae9bff-22eb-5873-b195-d5a0bdafa5e4","2021-01-12","hackernews","title","1"
"TEAM","0fc28f49-b9ac-55d1-8dd3-5ac559b90488","2023-10-12","hackernews","title","1"
"ADBE","0fd8c83e-1bfe-5612-ad47-bb277de461a8","2026-01-16","hackernews","title","1"
"ADBE","0fd93e79-3155-5cb1-a81d-fc1302c19b7a","2022-07-21","hackernews","title","1"
"ADBE","0fe140b4-69ea-515b-ae3d-1e5747a35cf0","2022-03-16","hackernews","title","1"
"INTC","0fe4360c-177e-5f92-8768-d65051a50446","2021-01-21","hackernews","title","1"
"ADBE","0ffcf607-e838-5fbb-bb87-e26a401c046d","2018-06-09","hackernews","title","1"
"NVDA","0ffef5cc-292b-5dfa-baa4-d69e53244cad","2016-11-10","transcripts","earnings_call","29"
"ADBE","0fff1107-c5ab-52b5-abd5-4329abb4ec2a","2021-06-26","hackernews","title","1"
"INTC","100184fd-bada-5364-84b4-9645cfdbd01e","2021-06-28","hackernews","title","1"
"NVDA","1001bdeb-c562-5c70-9902-12f92a28f453","2020-01-19","hackernews","title","1"
"NVDA","10092430-8ca8-5e97-88ab-958c7b658404","2020-05-06","hackernews","title","1"
"DELL","100c70b8-232c-54ef-bb45-9c617ca632f0","2015-10-12","hackernews","title","1"
"NVDA","100e429a-a61a-5fa0-a277-0642cc464901","2018-06-01","hackernews","title","1"
"CAT","1011e0bb-2f52-5fd9-b516-0c84f83d4d03","2014-02-18","sec_filing","10-K","92"
"INTC","10172f93-54a5-5ad5-a11e-9843f8418848","2021-10-27","hackernews","title","1"
"MU","102e7f36-c78c-5c7a-8381-3b71afa2f465","2016-10-04","transcripts","earnings_call","32"
"DELL","10365338-2d42-56b7-ab9a-a3ecac6031fb","2018-02-07","hackernews","title","1"
"INTC","1040b935-4d79-5263-9d64-d0dc00b903e2","2021-05-17","hackernews","title","1"
"TEAM","1042d545-0d44-5ed6-a5fd-9bee5201506b","2017-07-04","hackernews","title","1"
"CAT","104f4ae5-628c-5698-8fe0-3473592cfa53","2017-05-19","hackernews","title","1"
"ADBE","10514cf7-5e3f-519a-85e1-528b8040a75d","2020-08-15","hackernews","title","1"
"TEAM","10536f2c-6c88-5299-8ea8-d8333fb1411b","2026-07-22","hackernews","title","1"
"TEAM","1054497c-ac53-584d-a709-a52031f3438e","2015-08-22","hackernews","title","1"
"INTC","10585cf1-5809-5cd9-868f-bfcecf8f7cb9","2020-11-23","hackernews","title","1"
"ADBE","105c4a30-a9fc-5fef-af80-3e61beadcca3","2023-06-20","hackernews","title","1"
"TEAM","105edcaa-c849-5b02-81cb-5ec56e735c60","2017-09-22","sec_filing","6-K","2"
"ADBE","10752d6e-4708-5bae-85c6-00ef20ed1adc","2020-12-10","transcripts","earnings_call","74"
"MU","1080ca21-f3d0-5152-95a8-3480a4656b40","2014-10-27","sec_filing","10-K","283"
"INTC","108353df-59c1-5071-8337-b28fc312bf0f","2020-10-22","hackernews","title","1"
"NVDA","10980fc5-2f0f-5c67-8214-fe5093de3c7c","2024-09-24","hackernews","title","1"
"DELL","10994f0a-36e3-5cca-8b9f-2b922dc7587e","2025-10-14","hackernews","title","1"
"MU","109a3d1c-2e8e-5978-a1fe-1c341ebf916a","2018-03-23","sec_filing","10-Q","121"
"NVDA","10b6778b-4161-59ca-85d1-eada1d7caf6b","2017-10-27","hackernews","title","1"
"WM","10d0f52f-b463-520f-add8-91b7c532eb87","2013-07-30","sec_filing","10-Q","124"
"DELL","10d10141-b3f2-5ed3-a22e-d75c5e958abd","2022-02-24","hackernews","title","1"
"NVDA","10d905b9-b381-5014-b0dc-d560825553aa","2017-12-22","hackernews","title","1"
"INTC","10eac4fd-22d6-5134-8998-5cacf20b9201","2024-09-22","hackernews","title","1"
"NVDA","10f51f07-a413-582f-9b0d-1591df796236","2017-08-23","sec_filing","10-Q","74"
"CAT","10f6b728-d8e0-5d82-b0fc-02eafad5e41d","2026-08-04","transcripts","earnings_call","32"
"NVDA","10f8c243-ec7d-55e8-9784-397a47d7069a","2016-12-22","hackernews","title","1"
"ADBE","10fc7650-5f84-57c1-a012-bb398b3832c1","2020-06-20","hackernews","title","1"
"NVDA","110868a2-6de8-5517-95b4-f1c8b9a89213","2022-07-23","hackernews","title","1"
"INTC","110a03c8-620a-50a3-8f7f-82694a088ba1","2024-06-07","hackernews","title","1"
"TEAM","1119375c-fec2-5b47-b625-74de1681bb29","2022-12-13","hackernews","title","1"
"MU","111df07b-38f1-5304-9ab8-ff9c28c5e3e9","2018-11-28","hackernews","title","1"
"DELL","11222119-7c04-5bca-926a-f393606b7f8a","2023-02-08","hackernews","title","1"
"ADBE","11257a59-8da2-5fa0-bb20-7f28410b19cb","2026-02-03","hackernews","title","1"
"NVDA","112732cd-fcef-57fd-a625-1c9667930a39","2022-02-02","hackernews","title","1"
"INTC","11280101-73ae-5a86-84c0-a5d00d1349ac","2021-10-05","hackernews","title","1"
"DELL","1128d242-3d3f-50e6-a8f0-2542ff1ba799","2019-02-07","hackernews","title","1"
"NVDA","112ef6b1-5dda-5bd4-8924-03fd06c5045b","2026-03-15","hackernews","title","1"
"ADBE","1135bba1-d20e-570e-9d7e-2d540f01d78d","2017-02-01","hackernews","title","1"
"INTC","1138b651-5e18-55b1-98d0-811b9e516e17","2016-03-16","hackernews","title","1"
"INTC","113afe43-266c-59bd-8232-08d5e7301bad","2022-07-25","hackernews","title","1"
"NVDA","116c81d6-f59b-57ee-927f-0c9a1dae5b04","2019-06-24","hackernews","title","1"
"TEAM","116ff85f-719b-5765-bf12-60b83b294ff0","2016-06-30","hackernews","title","1"
"ADBE","1176ed24-c1ee-50aa-b16b-a4e7997b2e51","2018-11-14","hackernews","title","1"
"INTC","117b203d-50c2-5402-8ae9-ee14367dfbcd","2015-12-30","hackernews","title","1"
"CAT","118fc331-d1a3-53ec-a517-591a3ebfaaf8","2022-01-28","transcripts","earnings_call","37"
"INTC","11b1ea29-ee9a-566c-a3d0-8b629ed06bdf","2019-02-26","hackernews","title","1"
"TEAM","11b5c567-ee74-5f75-b559-ca6317b978a6","2026-03-22","hackernews","title","1"
"CAT","11c5506a-2a54-5967-829b-d15c92381e65","2022-06-15","hackernews","title","1"
"INTC","11d68d85-f532-5159-a86e-254a611b195a","2016-03-21","hackernews","title","1"
"INTC","11da2a22-27cc-58ab-b5cc-9aeaebb8881c","2016-04-30","hackernews","title","1"
"INTC","11dd0fb4-22af-5072-8761-485d9fab183d","2025-06-24","hackernews","title","1"
"ADBE","11ea9262-14b7-5b7d-a5aa-bc3c3f260411","2019-06-12","hackernews","title","1"
"INTC","11fc0185-aa1e-55e3-be6d-35bcd7e793e8","2017-11-06","hackernews","title","1"
"TEAM","120470c9-aa4d-58be-adce-5350f6236c0f","2018-09-24","hackernews","title","1"
"INTC","1204a6d1-4a63-5434-aa83-fae9caaea4c4","2022-04-07","hackernews","title","1"
"ADBE","120face2-e2a3-5fee-add7-d973af3ae669","2026-07-21","hackernews","title","1"
"CAT","12141274-8b8b-5ce7-a789-7c3ea957c282","2022-02-16","sec_filing","10-K","321"
"ADBE","1214fa0b-91f4-5293-b652-9eb48df6f98a","2015-05-28","hackernews","title","1"
"INTC","1219aa17-a3bd-59a6-9df8-c773936ae76c","2021-03-05","hackernews","title","1"
"DELL","1225e8dd-cf1c-57e4-b46a-e7da85bbca99","2024-06-04","hackernews","title","1"
"DELL","122b5926-7088-5f9c-b1d5-b80a21d80072","2015-07-13","hackernews","title","1"
"NVDA","122d4f7b-9dda-5fab-918d-9dc9f8bb8dd5","2018-03-27","hackernews","title","1"
"NVDA","123c08e0-b399-5c36-be89-77b555ec43dd","2016-11-11","hackernews","title","1"
"ADBE","124ecb50-543a-567e-9221-97e74bb9c92a","2015-07-11","hackernews","title","1"
"DELL","125640dd-59b6-5a3c-a0b4-f8904c085028","2020-06-24","hackernews","title","1"
"MU","125df1ac-35c9-5c08-9e4d-9ab7e9900dfd","2016-05-18","hackernews","title","1"
"NVDA","1281ecb1-b7b5-5290-a523-66f2792dec92","2021-07-28","hackernews","title","1"
"INTC","1286f554-f3ba-5422-9cc2-1a741a43fd2c","2022-01-21","hackernews","title","1"
"ADBE","128a5370-24b5-533f-ba97-c8c692d37a69","2016-05-23","hackernews","title","1"
"NVDA","128fa22a-0811-5f14-ad69-5ec43f7c7853","2020-08-24","hackernews","title","1"
"INTC","1297f64e-27be-54c2-acba-7efd78625a51","2025-05-29","hackernews","title","1"
"ADBE","129f5119-3d27-5cca-a114-1cab2a7f2f86","2017-04-02","hackernews","title","1"
"TEAM","12a3eba9-aa51-5e3a-a0bb-f8974c51250f","2017-12-19","hackernews","title","1"
"ADBE","12a7183e-7e28-57da-a344-f8ec9518a4bb","2022-01-25","hackernews","title","1"
"INTC","12b7e32f-a5b1-52a9-911b-4f9f77796dbc","2018-11-08","hackernews","title","1"
"NVDA","12b83b0f-942d-5fd0-8cc7-ec1dcf2b740c","2019-10-24","hackernews","title","1"
"INTC","12b9e59e-5122-5d41-8bd3-7a5662751105","2024-06-04","hackernews","title","1"
"INTC","12e60500-00fe-5882-bf9d-cb34008de2e8","2016-04-20","hackernews","title","1"
"MU","12e6eaf8-65f7-5085-a2f8-825534423dfc","2025-03-25","hackernews","title","1"
"ADBE","13000448-815c-59a9-a542-cc6c91e270e4","2017-11-01","hackernews","title","1"
"ADBE","1300532f-7450-5a96-bd8e-835620e0994f","2021-02-11","hackernews","title","1"
"ADBE","13029c9e-3a20-529c-9e73-5e3c4669a08d","2015-10-05","hackernews","title","1"
"NVDA","131dc671-5ab6-5f33-9da1-eabb0469a0f7","2025-02-18","hackernews","title","1"
"DELL","1328c53e-ea9e-5a79-976f-307fb268a2ef","2020-06-24","hackernews","title","1"
"INTC","132acabd-b8c0-5149-a69a-7f08df754bd7","2017-05-01","hackernews","title","1"
"INTC","1332a428-d32b-57ae-a996-576e2230e026","2018-05-17","hackernews","title","1"
"TEAM","134405a1-878f-5bb6-affd-76fe926ab0c5","2017-09-07","hackernews","title","1"
"INTC","13514c22-7f21-5e55-8dfe-ca80788e3b3a","2019-03-06","hackernews","title","1"
"NVDA","1358dd35-7af5-502c-b071-12dca9ee7e76","2017-09-29","hackernews","title","1"
"ADBE","1360c47a-1b0b-5d5b-a5dd-2d0c22a8c0b0","2016-11-11","hackernews","title","1"
"INTC","138014ad-58ae-5d46-aa03-619eea5c25d5","2016-04-22","hackernews","title","1"
"DELL","1383822e-c5da-5268-9993-b36025103703","2018-11-16","hackernews","title","1"
"NVDA","138668d2-6540-5956-a23b-6239dfd38b26","2024-02-10","hackernews","title","1"
"DELL","138a2a40-46fe-5783-9bf2-5efd3b041feb","2015-04-15","hackernews","title","1"
"INTC","138ef74f-d1c8-56b3-ad13-68c4d1873eb3","2017-05-03","hackernews","title","1"
"INTC","13921307-59b9-5bc2-8432-18322dd9aab9","2018-02-25","hackernews","title","1"
"DELL","139e05d3-77a8-50fb-974a-a2cc1b05d06b","2019-06-26","hackernews","title","1"
"WM","139f6385-dc59-550c-bf3f-cc2df1f64566","2017-04-26","transcripts","earnings_call","37"
"TEAM","13c8acee-3ef9-5074-9a27-02395eeec606","2016-10-27","transcripts","earnings_call","22"
"PG","13cb5afd-592a-57e6-a7ff-42e3dc7e1968","2016-04-26","sec_filing","10-Q","92"
"INTC","13d4f4f5-593f-5e05-b210-5e52128f60f3","2020-06-12","hackernews","title","1"
"MU","13d7ee8b-ee1c-51f6-a938-76f10973fa43","2023-04-01","hackernews","title","1"
"MU","13e1a4a7-5fd0-565c-a077-36bfb9735d27","2021-06-03","hackernews","title","1"
"WM","13eac0b9-10f8-559c-8f18-10b150935913","2026-07-29","transcripts","earnings_call","37"
"NVDA","13f004dc-182c-5318-b3af-1f78b304fe6f","2024-02-21","sec_filing","10-K","235"
"WM","13f0e0ba-c5c6-5092-8290-2375dfde9da1","2024-02-13","sec_filing","10-K","373"
"DELL","13f95a17-3d50-52d3-b5f3-332f8d5ed6dc","2024-09-29","hackernews","title","1"
"PG","140103f4-4782-53ed-bf97-5190ab822cd6","2021-07-30","transcripts","earnings_call","38"
"NVDA","140d8d7f-5c53-54ac-8f7f-4107f38d4529","2015-09-29","hackernews","title","1"
"NVDA","14177dfd-586b-54ba-b58d-305edfdb8ea1","2026-06-08","hackernews","title","1"
"NVDA","143116e4-d83a-59d4-91ba-f824b8b31769","2019-12-05","hackernews","title","1"
"NVDA","14328977-8c1c-5c66-be17-f6e709993a5d","2024-10-16","hackernews","title","1"
"TEAM","1437ff25-ff58-5d3b-b0d9-5d2610716980","2025-12-04","hackernews","title","1"
"INTC","143fe044-0642-5a35-a2a9-283ac65dc537","2016-05-02","hackernews","title","1"
"INTC","1440ed5b-9db5-54dc-bdbb-08a78366062d","2020-07-09","hackernews","title","1"
"NVDA","14412f2e-0b04-5844-97c1-e375e44aad61","2025-07-27","hackernews","title","1"
"DELL","144acdaf-1fac-5208-903b-6700d2ab7a16","2012-08-29","sec_filing","10-Q","125"
"TEAM","14571d66-7394-5939-b4d8-08eb4671dac3","2026-04-20","hackernews","title","1"
"ADBE","145945fb-161c-522c-bb35-170e3b660861","2024-06-13","hackernews","title","1"
"MU","14608530-e093-5ee1-a634-cd1729027168","2021-03-31","hackernews","title","1"
"ADBE","146cd44c-0ea7-5c5a-b90b-a86d703df4b3","2016-05-19","hackernews","title","1"
"DELL","1479c539-b0dd-50d1-a525-72b52f93b098","2021-01-28","hackernews","title","1"
"DELL","147d8967-2fc9-53b2-8ab6-d9a63244226e","2020-09-14","hackernews","title","1"
"INTC","1485db6d-d747-5caf-a863-8149ee33730c","2026-01-01","hackernews","title","1"
"ADBE","148b09a9-7b3a-5e5a-8577-0c2e7855223d","2021-04-19","hackernews","title","1"
"MU","14935234-132e-5b5d-8fcd-b9672bd003f7","2018-05-26","hackernews","title","1"
"ADBE","14a1be34-bda7-5b5c-8f6f-07aef9002aec","2019-11-25","hackernews","title","1"
"INTC","14a5e537-7686-5998-93ac-2322a0649440","2020-04-27","hackernews","title","1"
"TEAM","14b2fa66-dfa2-567d-82ec-a6e57cb12eb4","2026-07-16","hackernews","title","1"
"ADBE","14b433d1-75d8-55ce-b551-02e1fe888e70","2020-09-23","hackernews","title","1"
"DELL","14bb7129-f22c-50c4-8203-fee726e5b76f","2016-08-21","hackernews","title","1"
"MU","14be7924-4a78-53d5-bb50-10bc9c3364cb","2026-06-29","hackernews","title","1"
"NVDA","14c99c72-7f2c-5717-ad40-fd04bf2099d0","2021-05-12","hackernews","title","1"
"ADBE","14d27048-e51e-51a0-b9f5-5073357b6966","2022-12-05","hackernews","title","1"
"NVDA","14f9db33-abcc-5928-b9a4-67ceef47c344","2021-02-18","hackernews","title","1"
"ADBE","15179ff2-04b0-55cb-8cbd-00c35c4dc656","2017-01-30","hackernews","title","1"
"ADBE","151c5ba2-202c-5b7f-880d-3f2453dad8ff","2021-06-30","sec_filing","10-Q","141"
"NVDA","152179c9-0c2a-52e0-9b59-14ec400669e0","2024-06-04","hackernews","title","1"
"DELL","152504f1-941c-5351-9568-fa914704ab41","2022-01-04","hackernews","title","1"
"PG","15272187-9c85-590a-a67a-c8cac03d46dd","2025-08-04","sec_filing","10-K","205"
"INTC","15306f32-3ab7-563f-b0fd-3db274c884d2","2020-12-22","hackernews","title","1"
"ADBE","153f793d-1f4f-58f6-9cfc-9bf0c236bb6d","2023-01-02","hackernews","title","1"
"INTC","154f4074-8186-5015-9ca9-8c45f6fb6af7","2021-10-22","hackernews","title","1"
"INTC","15641ee6-991b-5c37-abc1-fb0cc6958539","2019-05-17","hackernews","title","1"
"INTC","1564d106-97f2-5263-a090-55cd183dfc37","2020-04-23","sec_filing","10-Q","97"
"INTC","1569a060-765b-5fcb-ac9f-095f96ce3d6a","2015-01-15","transcripts","earnings_call","29"
"ADBE","1573dcf9-9cdf-5853-995f-88d6d9bae1cc","2024-03-13","hackernews","title","1"
"MU","1579092c-e8ca-5656-aa6e-99cf07bd2e00","2015-03-18","hackernews","title","1"
"ADBE","157b8e06-51bb-5f0e-a91a-c5c6bfb30b17","2020-01-02","hackernews","title","1"
"ADBE","157ca37b-bfb6-5158-a38d-7fb6abce7f0d","2020-11-28","hackernews","title","1"
"INTC","15859289-70b1-50c8-a2c8-17e5a21fab09","2018-04-26","hackernews","title","1"
"INTC","158801ce-a203-5e42-9ce1-b3ffad52595d","2015-04-13","hackernews","title","1"
"PG","15909b2f-3216-5871-b361-038c91ce7503","2012-08-08","sec_filing","10-K","218"
"DELL","1593fab2-7c94-5e10-8671-f26209dc3af7","2016-09-06","sec_filing","10-Q","179"
"ADBE","1597dbf7-c654-52e5-b774-f03bf051e560","2018-01-18","hackernews","title","1"
"DELL","159bbad2-5eec-5dfa-982b-7f56e55dfdaf","2017-05-29","hackernews","title","1"
"NVDA","15a89891-14a4-5cf2-90c5-9ff2b8d7305b","2025-03-18","hackernews","title","1"
"MU","15ac65f4-e54a-598d-9ea6-97e87d947742","2022-10-07","sec_filing","10-K","218"
"ADBE","15b661a4-e4a2-5575-9335-643dddc4d14f","2015-02-18","hackernews","title","1"
"INTC","15ca4338-81cb-5b4a-a31f-f573880dfe3f","2023-02-14","hackernews","title","1"
"ADBE","15cb185a-c494-50ee-8e26-7e3bef5a6a29","2017-08-05","hackernews","title","1"
"INTC","15cf0397-629b-599a-a48c-22e0cf30db39","2023-06-19","hackernews","title","1"
"NVDA","15d82280-67e2-5b5a-bdf0-11a27033456f","2023-07-12","hackernews","title","1"
"DELL","15ea550b-94e3-535e-96c4-83534d921855","2022-08-02","hackernews","title","1"
"INTC","15ee77e2-1df8-507b-bcb4-a35d8d3c7a38","2015-11-16","hackernews","title","1"
"INTC","15eeb29f-7b53-5695-b8cd-8bfec0b6689f","2018-09-04","hackernews","title","1"
"NVDA","1615ac0b-b8e4-5ff9-9eaf-36642dbb9c70","2025-06-25","hackernews","title","1"
"ADBE","162c2ee9-3002-5685-a301-e60dc07af155","2026-09-10","transcripts","earnings_call","30"
"INTC","163d4e3b-4444-5dd6-b06f-98b688162efe","2018-07-27","hackernews","title","1"
"INTC","1642d755-a063-5ef4-aa5f-05f4fce6d1cb","2023-06-11","hackernews","title","1"
"ADBE","1658f8b3-a639-5530-a0d3-1502f0b7c910","2021-11-23","hackernews","title","1"
"INTC","1663e27c-0dc1-5073-b0e0-a554a7be81fe","2020-03-10","hackernews","title","1"
"DELL","1673fd8a-8cd0-5cb3-9d30-4bc252b8752f","2026-09-08","hackernews","title","1"
"ADBE","16911186-8d61-572a-afe4-e498f6185b9d","2016-09-02","hackernews","title","1"
"NVDA","16951b09-3725-593f-a6df-12c32e83a276","2025-10-20","hackernews","title","1"
"ADBE","16b3091f-e0d4-5d53-a495-00249b84fbc3","2021-04-12","hackernews","title","1"
"INTC","16b9cb0b-527a-5038-b1ae-d352d0ba2b4f","2014-01-16","transcripts","earnings_call","27"
"MU","16bd009a-50fc-55c7-99f1-f52a2ac445d6","2026-09-04","hackernews","title","1"
"DELL","16c02e3d-ff91-519a-9818-e3afb04246d7","2016-12-09","hackernews","title","1"
"WM","16c18783-84ed-5fd3-b9df-4e8683ed0131","2022-07-07","hackernews","title","1"
"NVDA","16c26092-fe96-5d4e-a478-8da23adefa36","2018-07-11","hackernews","title","1"
"NVDA","16d7f7b9-9fe8-5add-9a18-c7909be17f71","2016-01-05","hackernews","title","1"
"DELL","16dcb15c-be41-56aa-8f40-14d91f9d6260","2019-08-27","hackernews","title","1"
"NVDA","16f88d93-83a0-57c8-b37d-a6293c3a93a0","2024-07-23","hackernews","title","1"
"ADBE","16f9f58f-65a6-5a9d-bc42-330c425da04b","2017-10-19","hackernews","title","1"
"ADBE","17185dce-e37e-5ab0-8775-95e7fa337778","2020-08-20","hackernews","title","1"
"ADBE","1721396d-e6be-5f15-94af-ca6e43b01391","2026-04-02","hackernews","title","1"
"INTC","17236b9a-91fb-5901-a166-895cc9ccc983","2016-11-24","hackernews","title","1"
"NVDA","174c0014-d7c7-56bd-a398-2720664e5b10","2026-03-14","hackernews","title","1"
"INTC","174d3b28-8b4d-5199-ad15-b7e42f2fed7e","2019-01-10","hackernews","title","1"
"NVDA","1763c72f-79fa-56d0-afa4-e047d06bb790","2024-10-24","hackernews","title","1"
"CAT","1764492a-2ab8-5d99-81e6-72ec332138b3","2021-05-27","hackernews","title","1"
"DELL","1772c1ed-53ec-563b-a177-f6f345f8882d","2015-07-25","hackernews","title","1"
"INTC","177ace61-61a6-5033-945d-911a13a3dfbb","2018-09-07","hackernews","title","1"
"WM","177c7571-8f3c-50cb-8f01-3bae0c1248f2","2017-07-26","transcripts","earnings_call","41"
"TEAM","177f3190-40c9-5e78-955d-70f703d80d1d","2025-10-24","hackernews","title","1"
"NVDA","17861d04-19b1-5629-a921-c95172fbf0f3","2018-06-08","hackernews","title","1"
"NVDA","179d4a6e-fd59-5d6d-91a7-1c3ecb1d3342","2025-08-27","sec_filing","10-Q","97"
"CAT","179e2ed5-1993-575a-b763-afdc02a596b5","2022-12-07","hackernews","title","1"
"ADBE","17a7c98e-2b3c-5f8a-8dd1-2bffa8741468","2022-09-23","hackernews","title","1"
"NVDA","17bf7a32-36b5-5ea5-986a-dbac4c0d5e1d","2025-10-20","hackernews","title","1"
"DELL","17c167ac-ee2c-52d6-8509-7db59ac3fbaa","2017-12-03","hackernews","title","1"
"NVDA","17d09326-d7ab-5647-bd59-5c79aadfcde1","2017-11-09","transcripts","earnings_call","28"
"ADBE","17db497c-8777-50de-831b-9eb81fd8a5fa","2023-03-21","hackernews","title","1"
"NVDA","17dbbda4-e37e-5d7a-b3c6-2b1e1177f9bc","2015-12-29","hackernews","title","1"
"DELL","17e124d9-fba1-5eb2-b8c3-3b3441a0d5b5","2026-07-01","hackernews","title","1"
"TEAM","17f79b3b-1807-5519-b4da-75ea751d1185","2026-03-11","hackernews","title","1"
"NVDA","17fb1a1d-1906-570d-8989-463c1991bf28","2015-05-06","hackernews","title","1"
"INTC","18005a73-a7a3-5bc9-8062-b03e6cd6dcb1","2025-05-09","hackernews","title","1"
"INTC","181f1c79-be7c-5cd5-810b-79e25e03c7b1","2017-07-11","hackernews","title","1"
"INTC","182334c6-7304-5911-86a3-33585b3b9d9a","2016-05-03","hackernews","title","1"
"MU","18253505-d118-555e-b04d-8f87442a3429","2023-04-24","hackernews","title","1"
"TEAM","1826b942-e3ef-5b53-a9f9-4d3aae0655a8","2023-07-30","hackernews","title","1"
"DELL","183c7809-bdfa-5b50-a78f-457cc6be507b","2018-03-29","hackernews","title","1"
"NVDA","1843affa-83ab-5648-a873-11b0c30eeb53","2023-05-26","sec_filing","10-Q","96"
"DELL","18519ff2-0f04-5733-88d1-fdbefae77dec","2019-01-09","hackernews","title","1"
"TEAM","185ed090-e1a8-5461-a2aa-96c089dfe857","2025-09-08","hackernews","title","1"
"NVDA","1862a7c4-bb8e-5651-9808-a85fee7d498e","2022-09-22","hackernews","title","1"
"DELL","1871fe01-09c9-56f1-b680-d2d6416dc81f","2015-04-09","hackernews","title","1"
"TEAM","187266b0-1e26-58ca-bb79-14ae0d82f354","2016-08-04","hackernews","title","1"
"NVDA","1874f83d-5209-550e-b9bd-e5ff93673dbe","2015-07-24","hackernews","title","1"
"MU","18972ad4-afe3-5d27-97ae-a0007e3d0418","2025-12-17","sec_filing","10-Q","137"
"INTC","18a45a87-f3eb-5314-855a-e63f07fdf9cf","2017-05-01","hackernews","title","1"
"TEAM","18b153ae-d6e1-5511-b98d-546daab18f7e","2018-12-06","sec_filing","6-K","3"
"NVDA","18b9ea73-865b-5009-94e6-169618d01af3","2018-12-12","hackernews","title","1"
"TEAM","18c0ed0d-d075-5af6-b018-3a862467aabb","2017-10-12","hackernews","title","1"
"ADBE","18c3f45c-db41-548b-8bc4-4fd790388c3c","2016-11-15","hackernews","title","1"
"INTC","18cdccfa-381d-5fea-8c0c-7c4e5048450f","2022-06-06","hackernews","title","1"
"NVDA","18cf2a1b-d18d-507a-a768-61de7b94f793","2019-05-12","hackernews","title","1"
"NVDA","18d1e472-ed87-510e-bb70-bc5bd40900af","2016-09-13","hackernews","title","1"
"DELL","18d8017e-0b08-56b6-adb2-f19d366820a6","2021-08-25","hackernews","title","1"
"ADBE","18d99582-a57e-539c-bcc2-3c9788e0d03d","2017-07-06","hackernews","title","1"
"DELL","18da73bf-d20f-561d-902e-26005d66bd7e","2022-11-16","hackernews","title","1"
"CAT","18ffc3d9-d287-51a5-a14b-5b86947ad257","2013-05-02","sec_filing","10-Q","169"
"WM","18ffeabc-8a80-51d9-80a9-7cf9af8a0bda","2025-03-26","hackernews","title","1"
"ADBE","1904409c-347d-541d-8342-11529bafaea7","2018-02-02","hackernews","title","1"
"TEAM","19152387-ed1e-53e1-9ed0-b428eb314cd9","2025-08-27","hackernews","title","1"
"INTC","1931e72b-3d87-5a21-8a90-4caab216aeec","2015-09-02","hackernews","title","1"
"ADBE","193c74b6-c2da-544d-876b-46ed6d1980e2","2019-01-24","hackernews","title","1"
"NVDA","193cdeb5-d767-50ff-a13c-3b7daac4bb22","2019-05-16","transcripts","earnings_call","30"
"NVDA","193f7430-9570-50f6-b048-3192bbaadde4","2018-07-29","hackernews","title","1"
"ADBE","19456211-c17e-528d-9ef7-9ed44e99f503","2015-01-30","hackernews","title","1"
"INTC","19492325-2a4f-5811-94a7-1a70ab49f1e5","2020-06-12","hackernews","title","1"
"TEAM","1949ebf1-fa8a-5875-a0b0-531fc3d43da0","2018-09-04","hackernews","title","1"
"INTC","194e051c-59e3-5cd2-a402-d50119a21026","2020-07-28","hackernews","title","1"
"INTC","1953dcbf-a84b-53ba-a01e-6eb8a9fa962a","2026-05-08","hackernews","title","1"
"ADBE","195fb211-de2c-5388-bdc2-9177cdef9a3f","2019-09-26","sec_filing","10-Q","186"
"DELL","1968e340-ea2c-5158-8f47-2f1a1498782c","2015-04-15","hackernews","title","1"
"CAT","1975cdc3-78e9-5c66-b5a7-6a65b1124e89","2024-07-03","hackernews","title","1"
"NVDA","19826f37-fc25-558d-906e-3fec633c82d1","2020-06-24","hackernews","title","1"
"ADBE","199ab588-5a2d-5d86-acf2-878a0a20ae7a","2019-08-18","hackernews","title","1"
"DELL","19a56150-3c78-5095-9250-fb98f61fd6ba","2018-01-09","hackernews","title","1"
"INTC","19a9d532-278f-5c52-a105-87b88e8889fa","2017-09-25","hackernews","title","1"
"ADBE","19ad2e7f-2324-50f5-bbfb-f320f4329df5","2024-01-30","hackernews","title","1"
"DELL","19ae50a6-97f8-5c8c-944a-8f67754b496a","2025-08-28","transcripts","earnings_call","28"
"INTC","19b99036-3bd6-5df0-9e21-d5e92e756abc","2023-08-09","hackernews","title","1"
"PG","19cf80b5-a770-5414-b855-ed8fca478046","2017-01-20","sec_filing","10-Q","107"
"NVDA","1a110eb3-6d57-5c26-bdfe-83bbd1fb0e01","2020-03-21","hackernews","title","1"
"NVDA","1a1ef9ff-1a9a-5228-8e4e-89a20ccdfdfe","2018-08-22","hackernews","title","1"
"DELL","1a310b12-8b52-5e9c-bece-2e298a48d8a7","2017-12-12","sec_filing","10-Q","209"
"NVDA","1a31e554-92fa-50ab-a1b4-a0153491d721","2015-03-04","hackernews","title","1"
"ADBE","1a3ac40d-9398-546b-ac0d-7b9653b18928","2023-12-18","hackernews","title","1"
"DELL","1a3d6657-d3f6-52a5-b6ba-1a869c8dd610","2023-02-16","hackernews","title","1"
"NVDA","1a40bfd8-75c7-5341-8fdc-31f8640e2bc3","2022-02-02","hackernews","title","1"
"INTC","1a44a8c2-3022-55c5-9016-547332f1c722","2014-04-25","sec_filing","10-Q","97"
"NVDA","1a55c805-7447-50f0-8077-4080598a663b","2018-05-29","hackernews","title","1"
"ADBE","1a69a40e-a424-5840-b2e6-124314cf14f0","2024-02-01","hackernews","title","1"
"INTC","1a6ddfa4-c118-5b75-9b68-74e024e91b92","2019-07-18","hackernews","title","1"
"NVDA","1a70b9a3-ae62-519a-b8aa-737ad2325ce7","2023-12-11","hackernews","title","1"
"CAT","1a86f3b9-6030-5ac1-a2cc-2cde441b2b45","2023-03-26","hackernews","title","1"
"NVDA","1a951e63-fb79-5d40-ba18-09efb2fecddc","2023-05-24","transcripts","earnings_call","32"
"NVDA","1a962866-3732-5413-871f-34776ca2d15e","2017-06-17","hackernews","title","1"
"NVDA","1a981387-7c97-5bc3-9abb-3d0829de322a","2016-04-24","hackernews","title","1"
"DELL","1aaebca9-a840-509e-bac5-8a8e07261676","2021-03-26","sec_filing","10-K","427"
"TEAM","1ab198e4-1861-5b8b-9f99-1cbb1dd0cdab","2019-05-24","sec_filing","6-K","2"
"NVDA","1abcae66-bebc-5593-aace-a404594b7d64","2026-04-09","hackernews","title","1"
"INTC","1abcdd4d-95ee-5e9f-8680-740ef8ab651e","2017-04-03","hackernews","title","1"
"MU","1ac05c5b-3584-55d8-b57e-ab40ea5a4c11","2026-02-26","hackernews","title","1"
"INTC","1ac676cb-7a82-506e-88cd-c529451e9cfc","2026-07-29","hackernews","title","1"
"DELL","1ad55c0c-21cd-5527-9de2-9211b4f4ec3b","2024-03-16","hackernews","title","1"
"INTC","1ada6bad-c67f-5c3e-8376-05746bf6fe68","2015-12-31","hackernews","title","1"
"NVDA","1ae0a63f-7621-545f-84c3-a9d32faee65e","2018-12-04","hackernews","title","1"
"INTC","1ae28b17-749b-5543-8242-942def71896d","2015-01-09","hackernews","title","1"
"NVDA","1b08cf6a-1158-5f0d-a031-b3c50938225f","2020-08-03","hackernews","title","1"
"NVDA","1b0d6173-f18d-5f1e-aa09-24a34f3b92df","2017-06-07","hackernews","title","1"
"INTC","1b24bd28-98f2-578f-ae28-23370eb8a8dc","2025-03-01","hackernews","title","1"
"ADBE","1b3bd03e-e660-58d7-be6d-088673445caf","2020-01-07","hackernews","title","1"
"ADBE","1b3fb821-7e57-5a59-8fb2-8e11ea3911f2","2015-06-25","hackernews","title","1"
"NVDA","1b462a19-05a4-526d-b57e-c2157030b280","2019-07-12","hackernews","title","1"
"TEAM","1b5c30bd-54ec-5d54-b3be-bb3e98e02e09","2022-06-03","hackernews","title","1"
"NVDA","1b758cd6-48cc-55be-9757-1228aa165106","2026-09-20","hackernews","title","1"
"NVDA","1b8a54a6-f357-57e3-8ecb-de73e45a3f19","2024-08-02","hackernews","title","1"
"NVDA","1b8ce391-207a-5cb3-ac34-dfdebd10c3ec","2021-04-09","hackernews","title","1"
"INTC","1bb47084-c01f-58d0-bd3c-b97e3b417dfc","2017-04-27","transcripts","earnings_call","25"
"INTC","1bc13146-8ccb-5dbf-90c9-5b9c54e8e5ca","2022-12-04","hackernews","title","1"
"DELL","1bc1adf1-2d89-5074-a510-a09df663701d","2023-01-07","hackernews","title","1"
"NVDA","1bc77214-af38-5960-8162-f42d2d60d450","2023-03-21","hackernews","title","1"
"MU","1bd64929-47b5-5f9b-9e4d-e6e27997d3ee","2018-03-22","hackernews","title","1"
"INTC","1be6391f-82a5-5631-ac3a-148119d9145f","2014-07-15","transcripts","earnings_call","30"
"ADBE","1beb2e70-89e2-524a-b049-47aabd056036","2020-09-23","hackernews","title","1"
"INTC","1bf0401d-2d9e-5342-9b98-05a19db0b479","2024-10-08","hackernews","title","1"
"ADBE","1bf94dc9-d204-59f7-9373-05fc385f9474","2016-12-30","hackernews","title","1"
"MU","1bfafdaa-5146-5220-843e-68292e3d56a1","2024-12-18","transcripts","earnings_call","29"
"ADBE","1c0dcb8c-a587-5132-8e2d-ca908d80218b","2017-02-04","hackernews","title","1"
"NVDA","1c15dfa2-f3f4-509c-91c9-3c8bdd1ff94d","2019-06-27","hackernews","title","1"
"NVDA","1c177a7d-20ea-5ce9-8022-242e8bc9fd0d","2024-01-18","hackernews","title","1"
"ADBE","1c1c042c-ae3a-5f8a-b4f0-4bdca499b6fa","2020-03-26","hackernews","title","1"
"INTC","1c235b8d-e878-5a28-bd39-9b712a4af7ce","2022-12-23","hackernews","title","1"
"NVDA","1c2c6dc7-7668-58cf-94e3-b620203a1d2c","2015-05-03","hackernews","title","1"
"NVDA","1c56c0dd-65d8-58b6-bab7-c010dec5b3aa","2018-09-19","hackernews","title","1"
"WM","1c5c5e30-c131-59f1-874f-529625bbf343","2013-04-24","sec_filing","10-Q","110"
"NVDA","1c5ecfa5-2e93-5691-a8a2-1ae292c2efe1","2017-04-07","hackernews","title","1"
"INTC","1c729737-cd48-55e5-8f1d-f89ba9afcae6","2018-02-05","hackernews","title","1"
"INTC","1c77b859-4d2a-5a94-bf48-ebb8caeb859c","2019-10-28","hackernews","title","1"
"INTC","1c8ab611-32b3-59d4-afce-488e02fb6616","2016-05-16","hackernews","title","1"
"ADBE","1c8dfa8a-524a-5e2e-bf4e-7e0841aea6ed","2025-02-12","hackernews","title","1"
"TEAM","1c9cbf70-c8b5-592e-a5a2-38de2dd679a1","2019-10-23","sec_filing","6-K","2"
"NVDA","1c9ef840-e6da-5183-8d84-b278584dfa87","2019-07-13","hackernews","title","1"
"WM","1ca26565-4b4a-557d-82d6-012b6e56c59e","2014-02-18","transcripts","earnings_call","40"
"ADBE","1cb046ea-7126-5e1c-afee-87ed0444af6b","2020-05-04","hackernews","title","1"
"TEAM","1cb7d121-cc59-51dc-91fe-eb03f3d9541f","2020-06-04","hackernews","title","1"
"INTC","1cc43499-5782-5ff5-a39c-eff0351440bb","2017-08-09","hackernews","title","1"
"NVDA","1cc50eed-7b3b-5210-9070-8fdeec0d98cf","2021-02-02","hackernews","title","1"
"DELL","1cce1b49-2418-5024-b061-43140ac5f498","2021-05-06","hackernews","title","1"
"INTC","1cd5c2e3-aaad-5d82-afd2-6fc25ca46477","2023-03-17","hackernews","title","1"
"INTC","1cdd3ebf-7736-53e5-8270-cef522e2f83b","2026-09-02","hackernews","title","1"
"NVDA","1ce1fcf3-624c-5418-bc5e-3685d9261a21","2016-04-05","hackernews","title","1"
"NVDA","1ce3cb22-032c-5a2e-9e2d-37fd0c0bbc10","2020-06-26","hackernews","title","1"
"PG","1cf5f6c2-f48d-58cf-ae4b-db3fd22649d8","2024-08-05","sec_filing","10-K","205"
"DELL","1d09cc0a-1d73-5352-8e78-39bc2aaf08a2","2016-03-10","hackernews","title","1"
"MU","1d12c126-7d77-5925-93e5-af727e52707c","2025-12-03","hackernews","title","1"
"ADBE","1d1b8fc8-43b6-5781-9a42-d57142a3408c","2020-10-02","hackernews","title","1"
"INTC","1d1dc888-6028-5e62-b114-84adeffc1556","2024-12-03","hackernews","title","1"
"INTC","1d24fa41-85fd-53eb-89cf-8f4b0b6375a3","2019-03-31","hackernews","title","1"
"NVDA","1d2816cc-2f88-5915-af05-1af14738d003","2023-11-16","hackernews","title","1"
"TEAM","1d3580c3-9ba3-52da-9a8a-e3676b230197","2017-01-19","transcripts","earnings_call","26"
"DELL","1d36590a-ba17-5c93-8252-0a9ee99371ae","2021-08-18","hackernews","title","1"
"ADBE","1d3be15d-eebc-5e5b-8a6e-f632d2c7d137","2016-05-20","hackernews","title","1"
"INTC","1d65fc89-dd43-58fa-acbf-46559b4e7318","2023-12-14","hackernews","title","1"
"NVDA","1d72088f-af63-575b-bb70-c1282c68c7aa","2022-08-23","hackernews","title","1"
"NVDA","1d76242d-4f49-5572-bef1-33c46fa44de1","2018-09-16","hackernews","title","1"
"INTC","1d7f892b-bd0e-5039-bb62-e9d33b1ad519","2020-02-04","hackernews","title","1"
"MU","1d806d38-64d5-51f6-abb6-0c62c4a7e5ec","2026-05-24","hackernews","title","1"
"INTC","1d820d17-00ea-5961-9040-a10fc9ecfcf3","2024-12-28","hackernews","title","1"
"ADBE","1d8a49f1-693b-54a3-a4f0-119133e67bad","2020-04-29","hackernews","title","1"
"PG","1d92d57a-5740-5aef-917f-a08060924c2e","2021-01-20","transcripts","earnings_call","29"
"NVDA","1d93d9be-e915-5ae3-8655-4798dd9f5ebc","2016-05-25","sec_filing","10-Q","71"
"INTC","1da1248e-3562-55de-b544-86d65bee2e76","2026-04-24","hackernews","title","1"
"ADBE","1dab928c-d36f-54d8-9ee6-b09e5f7e2b99","2026-04-22","hackernews","title","1"
"ADBE","1dc5ac35-4615-5f52-8cec-cf60cc1d5426","2021-06-08","hackernews","title","1"
"MU","1dc7ad11-8991-5047-9beb-11a4bd108ef3","2026-07-01","hackernews","title","1"
"INTC","1dcb8dde-7460-5473-87f6-c557dc887116","2021-03-08","hackernews","title","1"
"INTC","1de27fd1-7002-5f36-8c46-8b5276f8c4ac","2018-05-05","hackernews","title","1"
"CAT","1e03321f-44d3-5bef-9d56-0b2385b36602","2020-02-19","sec_filing","10-K","375"
"NVDA","1e04d7a0-c21e-510f-98a9-bc37ee1924d8","2023-06-27","hackernews","title","1"
"DELL","1e1c8467-356f-52ac-b069-765b2327b770","2018-10-17","hackernews","title","1"
"NVDA","1e2c5f07-6c3a-5670-8f23-6b407ac9099c","2016-02-16","hackernews","title","1"
"NVDA","1e383600-4c2c-5c3e-bf1a-a0e2dfd1c2c0","2018-07-24","hackernews","title","1"
"TEAM","1e441c1a-c4e6-56cf-ad74-ad62e185a1e1","2016-09-13","hackernews","title","1"
"TEAM","1e44852b-e8d5-5e41-b4b0-1572fdd86f58","2020-06-27","hackernews","title","1"
"INTC","1e528c6e-ea8e-5db9-8a30-5c988c7e9493","2017-07-06","hackernews","title","1"
"NVDA","1e5494b4-850c-5e1d-98b4-23baadd25f4b","2024-08-31","hackernews","title","1"
"NVDA","1e5804d4-c611-5feb-8749-152bd5f9b196","2024-01-22","hackernews","title","1"
"NVDA","1e6d9920-0b33-54dd-84ff-4fb8a6ddb1fb","2021-03-25","hackernews","title","1"
"DELL","1e7ce61e-2c16-5d27-b1f3-136996d30331","2023-01-15","hackernews","title","1"
"NVDA","1e7d15ea-1677-5d48-b63f-7849983eeb1a","2026-06-01","hackernews","title","1"
"NVDA","1e851372-240d-5c84-bb62-bebec8c602c8","2020-09-13","hackernews","title","1"
"ADBE","1e8bab3b-78c0-5598-ab98-4347e5252ea0","2026-02-04","hackernews","title","1"
"DELL","1e8bfc31-b363-5313-98b1-ab6f53b7b0a2","2024-05-19","hackernews","title","1"
"INTC","1e8f943f-9450-5f1a-8dbe-ed7bed5e9456","2018-08-15","hackernews","title","1"
"PG","1e9f37b2-bce2-5070-880b-304007b00c5c","2025-01-22","transcripts","earnings_call","36"
"NVDA","1ea2ad76-30ca-58ab-b0d9-b3c9259d1988","2023-04-13","hackernews","title","1"
"ADBE","1eac756c-a9ee-5e10-949f-030716c1cbe2","2019-04-23","hackernews","title","1"
"MU","1eaf0324-1c8b-5782-ab53-588734eb2cd0","2024-03-20","transcripts","earnings_call","26"
"NVDA","1eb142c3-d980-5a71-8c91-e80f3546cadd","2025-09-21","hackernews","title","1"
"ADBE","1eb757aa-f390-546f-bdb4-728ecac8e8c5","2020-09-29","hackernews","title","1"
"INTC","1ec2800e-66b3-54ac-8be6-b09372d8bd12","2015-09-02","hackernews","title","1"
"NVDA","1ec3746b-ef48-5a47-8791-cbc4f943a22b","2026-06-01","hackernews","title","1"
"INTC","1ec46590-8ed4-52c5-9825-4b38fda8e9d6","2021-03-20","hackernews","title","1"
"TEAM","1ec4a089-2973-5965-9f80-9f4adac80499","2021-02-26","hackernews","title","1"
"WM","1ec860ab-0c08-506f-b21d-062a1667d343","2023-02-01","transcripts","earnings_call","48"
"WM","1ed73052-d27f-564a-ba56-a8fc3f9ec985","2019-04-25","transcripts","earnings_call","37"
"MU","1ed869fe-bb4e-532d-8ab8-cf023c726b60","2022-03-03","hackernews","title","1"
"TEAM","1edd9650-0a69-5feb-b21a-2713d39e09cd","2021-08-08","hackernews","title","1"
"NVDA","1ee05792-3b6d-502e-96c9-bf9cced54f9d","2016-10-19","hackernews","title","1"
"ADBE","1eedb02b-80ab-5aed-8583-2e9f9bde396d","2026-05-01","hackernews","title","1"
"DELL","1ef00f1b-a40c-57b0-ab41-19ec26ff87aa","2023-02-06","hackernews","title","1"
"WM","1ef97bfc-0a1d-53da-999b-de3eb494c2e6","2023-02-07","sec_filing","10-K","350"
"NVDA","1f0b1d4f-7efa-5952-ac94-1974bc551d90","2022-04-11","hackernews","title","1"
"INTC","1f175d2f-326c-5eaf-8040-b416209b1ffa","2016-03-24","hackernews","title","1"
"ADBE","1f1ed48e-0d58-5b2a-af17-2a3d84e96f91","2023-04-09","hackernews","title","1"
"INTC","1f282821-8db0-55bd-a4e6-5709d47e9097","2026-06-13","hackernews","title","1"
"INTC","1f346a65-c7f3-5a73-8f65-415e8a3622e2","2025-10-14","hackernews","title","1"
"INTC","1f3dfe7c-f43f-5603-aded-d99f805cf32b","2016-04-18","hackernews","title","1"
"PG","1f438839-1e15-599a-8c03-6a1371eef145","2015-07-30","transcripts","earnings_call","46"
"TEAM","1f4ff232-3c0d-5a14-b8ed-74ee4025a757","2022-02-18","hackernews","title","1"
"ADBE","1f56e6a1-83ad-5249-892a-afe130451d5e","2016-03-21","hackernews","title","1"
"INTC","1f6bab3d-702b-54db-b498-6f8d57a1d480","2025-07-19","hackernews","title","1"
"NVDA","1f73a6a9-265e-5e5e-bbad-d9e61f0d3c0a","2012-02-15","transcripts","earnings_call","29"
"MU","1f7d100d-71e7-5b66-b0d6-cbce57815437","2016-04-13","hackernews","title","1"
"INTC","1f84b5fb-c2bd-5b29-93cf-d10389e56668","2020-04-23","transcripts","earnings_call","27"
"DELL","1f8bedfb-2d4b-5b55-9a8d-3cc8bbfd88ea","2025-01-08","hackernews","title","1"
"INTC","1f9ef347-b1a7-5e36-baf5-80e410ed8ec6","2019-12-12","hackernews","title","1"
"NVDA","1faa4e69-9194-5545-8c6a-179ec5681eb5","2024-08-09","hackernews","title","1"
"ADBE","1fb798c7-a81c-5d17-90b8-fced64340954","2024-08-13","hackernews","title","1"
"ADBE","1fc45f40-b1c3-5679-beaf-e6dc178d8e13","2017-10-21","hackernews","title","1"
"TEAM","1fc9e053-6ca3-5951-8910-71461d7a5f75","2021-07-23","hackernews","title","1"
"DELL","1fd8505d-0193-5a3b-bef0-cb2733feac2a","2022-08-09","hackernews","title","1"
"ADBE","200798a7-d4eb-537a-b3c0-354be0d4b110","2018-10-15","hackernews","title","1"
"NVDA","200b85b4-1d41-5280-b260-b93fb19dddd4","2024-06-10","hackernews","title","1"
"INTC","200c7c03-535c-5e5c-9506-59d43677658f","2024-08-04","hackernews","title","1"
"DELL","20168329-0d50-5d3d-9a54-07b1036966b0","2018-12-10","sec_filing","10-Q","218"
"INTC","204827f1-e742-53cc-8ed8-7610331909b6","2015-08-17","hackernews","title","1"
"DELL","204efea3-b4d7-5203-8683-291ecc7c3332","2026-04-13","hackernews","title","1"
"ADBE","2054960f-07fc-5410-98b5-8bdfbc069193","2016-04-19","hackernews","title","1"
"NVDA","20672fb2-ffed-5092-b802-4e7c21d92887","2024-12-18","hackernews","title","1"
"NVDA","206b8f91-3b76-555f-af19-ef732622b016","2022-05-06","hackernews","title","1"
"DELL","206c356d-97bf-596a-9a50-ec10787bb612","2018-02-06","hackernews","title","1"
"NVDA","206f17c8-e762-5b53-a835-ebdb14e7f917","2020-12-07","hackernews","title","1"
"INTC","2071f907-8a5f-511c-93fa-d77058d00408","2020-07-25","hackernews","title","1"
"TEAM","2072defb-b956-53c7-8ac8-d38f5f368ef1","2015-06-01","hackernews","title","1"
"ADBE","207e9521-86b3-5a27-a362-9cb42ce863aa","2018-12-14","hackernews","title","1"
"WM","208d45fb-5384-510c-9147-9e870d6f7699","2018-10-25","sec_filing","10-Q","109"
"DELL","2092b030-04ac-5d66-b637-dfa3d2a4eec1","2020-02-19","hackernews","title","1"
"INTC","20a7aed0-a0e4-5549-83f1-c0f67d7cee4b","2021-07-22","transcripts","earnings_call","29"
"ADBE","20a8f560-a407-5602-ad86-042dd70eb216","2015-06-23","hackernews","title","1"
"ADBE","20af443a-c8f2-52f2-957f-4eff7cc7ff7c","2020-09-04","hackernews","title","1"
"NVDA","20b88a50-e003-59b4-9396-54bb2b955e4b","2022-12-09","hackernews","title","1"
"WM","20bd1d0b-5bb9-53e1-829f-9c6c4346f126","2019-10-23","transcripts","earnings_call","39"
"INTC","20c07b7c-fd60-59e7-ad28-f082e937428d","2019-11-12","hackernews","title","1"
"TEAM","20c92380-9d76-5d2a-a25e-285fdd38e1b2","2023-12-06","hackernews","title","1"
"INTC","20d95a81-92a9-56c4-aed5-34a0c00850c0","2023-01-26","transcripts","earnings_call","36"
"INTC","20db0ad5-e2a3-52df-bd16-95303012a426","2024-05-29","hackernews","title","1"
"TEAM","20dd13b4-b5e8-5440-affc-18cb009e1933","2026-08-06","transcripts","earnings_call","22"
"NVDA","20e405c4-9aba-568a-955f-69fd052a89ca","2025-05-21","hackernews","title","1"
"TEAM","20eae837-2e5c-5bd6-9fc7-ae1b3a2112c6","2015-12-03","hackernews","title","1"
"PG","20f8b903-f99e-5f1b-b25c-f3f345a98283","2020-04-20","sec_filing","10-Q","119"
"NVDA","20f98ab1-edc0-583f-8059-d8d6b43627b8","2021-09-24","hackernews","title","1"
"ADBE","2120531e-26e7-5711-86a1-8ca938382013","2026-03-13","hackernews","title","1"
"TEAM","212c56f0-7835-5536-aeb6-7050d9328bbe","2018-08-31","hackernews","title","1"
"ADBE","213552fa-c66d-5ac7-9f69-1a099fb52ac9","2021-10-03","hackernews","title","1"
"NVDA","213cebdf-8ccc-5347-82ee-dd88a4a4522e","2015-03-18","hackernews","title","1"
"DELL","21498056-212b-5a57-bad7-056e4c22e09d","2018-12-03","hackernews","title","1"
"MU","2149e17f-7519-55be-adb0-bfdcf570fab2","2022-10-04","hackernews","title","1"
"INTC","21617166-1ba9-5c32-b332-1f1b21c8ac21","2021-03-26","hackernews","title","1"
"INTC","21628476-db7a-5a97-92fc-309ee6e17c20","2021-10-21","transcripts","earnings_call","33"
"NVDA","21680541-d10c-5857-b4f6-87f318f87942","2021-11-25","hackernews","title","1"
"TEAM","217c2520-cd4f-55c3-b397-587896bf946c","2020-10-20","hackernews","title","1"
"DELL","219e145c-92e5-592d-af43-6aa23fa10b22","2020-01-02","hackernews","title","1"
"INTC","219fc2bd-a6f3-506e-b6f6-bba77a75282a","2020-03-08","hackernews","title","1"
"INTC","21c3f104-0766-512e-9553-f3f5306e5933","2023-05-01","hackernews","title","1"
"INTC","21d0f78f-0d36-502b-af0c-509459627e13","2021-06-09","hackernews","title","1"
"INTC","21e2f2b9-789c-5072-85cc-956c387a6e34","2025-02-14","hackernews","title","1"
"ADBE","21ec6e20-e3f6-5256-add5-7d7b8ba9ba27","2023-02-11","hackernews","title","1"
"INTC","21f82e70-d62e-529a-9fdb-c481409c2c8d","2022-02-27","hackernews","title","1"
"INTC","21f8650b-f422-58cc-885c-b439ce231ce0","2017-10-18","hackernews","title","1"
"INTC","21fa6bc3-ae7e-59c0-b436-594e6c06d27d","2015-07-22","hackernews","title","1"
"INTC","220bbb86-71a1-5fec-b389-f7ec3fb0b848","2017-12-09","hackernews","title","1"
"INTC","220dcf68-18bb-55e3-924c-a05ea8c9faa8","2019-06-23","hackernews","title","1"
"INTC","22133e2c-d6d3-5b3d-8ec6-27143660a907","2025-06-17","hackernews","title","1"
"DELL","221a1d99-065d-5d70-a4d4-ace3d07c9342","2019-03-29","sec_filing","10-K","464"
"NVDA","221e54cd-da0d-5582-b981-5754e2c901de","2023-02-26","hackernews","title","1"
"NVDA","2221b1a4-450e-547c-b12b-ac3cb793d0e6","2022-11-12","hackernews","title","1"
"NVDA","2227f32f-bca6-5115-b4fb-ed2ed7b4f95e","2026-07-22","hackernews","title","1"
"DELL","223b16b9-df88-59d2-b4fa-b1b1e9953585","2019-04-29","hackernews","title","1"
"INTC","223eb5d8-7b67-543a-bdbc-61538a02b7c3","2018-06-25","hackernews","title","1"
"MU","2245d33c-108c-558a-b5ff-1c15948a84d1","2022-05-13","hackernews","title","1"
"DELL","224743af-7e0e-53bf-a5bd-c43fb2dfbfad","2026-02-26","transcripts","earnings_call","32"
"ADBE","224aa306-4403-51d8-ad65-40a7acfa5a94","2016-10-05","hackernews","title","1"
"NVDA","22571f1b-e9b5-5855-b750-a86828dc55a5","2020-04-06","hackernews","title","1"
"ADBE","2269abff-d388-5a1c-ac5f-35df40884e14","2020-01-31","hackernews","title","1"
"ADBE","22749f75-c2fb-5eea-81e1-8b0bc75125f3","2025-10-01","hackernews","title","1"
"DELL","22869980-56cd-591f-bfb8-004aa46ccf5e","2019-05-31","hackernews","title","1"
"INTC","2290a5f0-2b21-5a57-b1fb-e0b1c70a295a","2019-02-17","hackernews","title","1"
"INTC","22a5a259-09c2-5672-934f-91f1c9f576b6","2017-06-09","hackernews","title","1"
"MU","22afdd6c-069b-52e0-8530-9b4cab83b2bd","2026-03-18","sec_filing","10-Q","142"
"NVDA","22d44388-980d-5815-8d22-01106c91f619","2016-11-23","hackernews","title","1"
"ADBE","22d727ee-d842-551d-a711-302ffe835a60","2026-06-21","hackernews","title","1"
"ADBE","22fb0ae9-6ccf-5925-ba8d-7b35f976dc41","2015-03-24","hackernews","title","1"
"CAT","23034535-c748-5c00-bce0-945d11fc1dca","2019-10-23","hackernews","title","1"
"DELL","230ae10e-08cc-5338-88e1-41c191b7a8c0","2026-02-05","hackernews","title","1"
"DELL","230c5778-8d28-526a-bcb4-26a13900ec6e","2022-03-24","sec_filing","10-K","378"
"NVDA","23109a2b-2335-5f3e-b1fb-a4c3d399dce4","2012-11-19","sec_filing","10-Q","141"
"MU","2317d2d0-cdfb-5568-b2f8-f784574cf883","2012-09-27","transcripts","earnings_call","32"
"NVDA","2319c516-9221-55e1-8dbf-db599feffd93","2018-12-03","hackernews","title","1"
"INTC","23309e4e-2d6e-5657-b4ed-64c6e9d6eac6","2020-08-28","hackernews","title","1"
"ADBE","233557c4-0872-5724-ad47-0b6a8d957c65","2018-05-22","hackernews","title","1"
"MU","233a4aa4-88c7-5dfb-b08b-f8e720876247","2022-06-21","hackernews","title","1"
"ADBE","23440fc8-b076-58c3-968f-4e83ec592084","2021-10-28","hackernews","title","1"
"INTC","23485006-d923-5ddf-bc1f-47870d851e4a","2025-08-08","hackernews","title","1"
"TEAM","2350f1b5-d0ac-5c81-b190-ec21b408b628","2016-05-26","hackernews","title","1"
"INTC","2365d721-3562-5b3f-81c8-ba613497c58e","2021-08-01","hackernews","title","1"
"INTC","236f72c8-a1b1-5eb6-9153-615e705547e7","2019-04-09","hackernews","title","1"
"ADBE","237400d3-1eca-5909-87a5-68eddd0eace0","2023-05-11","hackernews","title","1"
"DELL","23747738-ca5e-55a9-96c0-7e1a73410714","2016-03-07","hackernews","title","1"
"WM","237b1f78-a01e-5815-8c7b-476079b5098e","2025-04-29","sec_filing","10-Q","93"
"NVDA","23848e2c-e142-5e84-a631-0c3b130dbeb3","2015-08-20","hackernews","title","1"
"ADBE","2386e39d-602c-5f23-8f06-2db9dd71a0cf","2025-06-06","hackernews","title","1"
"MU","239a8a27-546f-52b8-a57c-e0bec884dd3e","2016-09-03","hackernews","title","1"
"ADBE","23a50c7e-0763-55a4-9a9e-12aa36bff9be","2026-09-04","hackernews","title","1"
"ADBE","23b50483-a587-50d2-98e8-89f4b32fe301","2026-05-17","hackernews","title","1"
"NVDA","23b60657-8ce6-5665-8cad-47892f6476d2","2022-07-18","hackernews","title","1"
"ADBE","23c61732-f38e-5f6a-9e8b-bb07080de760","2015-09-23","sec_filing","10-Q","165"
"INTC","23d0e9d8-bd1a-5015-b842-44bd38adff21","2020-05-03","hackernews","title","1"
"TEAM","23d286bc-3683-5d68-821a-0d2544334534","2021-02-09","hackernews","title","1"
"INTC","23d2c369-c9b4-504e-8142-f89d2d941319","2023-10-18","hackernews","title","1"
"ADBE","23d9f58b-3c8a-5036-9bb1-716ee434c934","2025-12-22","hackernews","title","1"
"INTC","23e61fcf-5862-597a-bc6d-eefa5f7a022d","2024-08-26","hackernews","title","1"
"INTC","23ea2dee-7d1b-50d9-bb94-a5a28fc22351","2021-04-26","hackernews","title","1"
"NVDA","23ea88b7-b272-53bf-9008-a9dd9e047d39","2018-06-04","hackernews","title","1"
"INTC","23f00022-5041-543a-b61d-3dfbc3cb7afa","2019-05-18","hackernews","title","1"
"NVDA","23f65dae-c691-51b4-ba2e-fe29e2088008","2022-01-31","hackernews","title","1"
"INTC","23f91cda-0eea-53b9-ba95-497aa2063308","2021-07-21","hackernews","title","1"
"DELL","23fef1e2-98eb-501c-8604-f8dd42a99f06","2025-12-21","hackernews","title","1"
"NVDA","240fd456-68fe-5159-a21d-432ce2fa9421","2019-08-13","hackernews","title","1"
"INTC","2423d7f0-218e-54c7-80f5-0620cfecff6f","2018-10-19","hackernews","title","1"
"NVDA","242685d1-05d2-5b72-94b3-f481f4008d75","2024-05-11","hackernews","title","1"
"ADBE","2428546f-c46a-5715-b20e-d92b839e3466","2022-03-30","sec_filing","10-Q","137"
"NVDA","24317e99-d0d4-5e9b-8f35-faa9139abaa6","2022-01-07","hackernews","title","1"
"ADBE","24404316-2d4b-5131-bf78-8334e8a01432","2023-01-20","hackernews","title","1"
"INTC","24436dd1-f602-59d0-92a3-104e7a774b45","2024-06-04","hackernews","title","1"
"NVDA","2447a8fc-fe71-5451-820b-ca75fcb90696","2015-08-13","hackernews","title","1"
"INTC","244a3f11-de03-5a77-97df-468617a80393","2024-07-24","hackernews","title","1"
"MU","244b142e-5fdb-5ac8-a05f-76e7d5bbdbea","2014-07-03","sec_filing","10-Q","163"
"PG","24571db9-9182-55f2-aaea-f8602fdaea18","2024-01-23","sec_filing","10-Q","90"
"INTC","2462473e-14e1-5fcf-b409-53d1b648eea1","2023-02-15","hackernews","title","1"
"DELL","24691ddc-1c11-559c-a766-edbc488c4c42","2021-12-16","hackernews","title","1"
"TEAM","246f1a6c-cf10-5158-bdd2-d47397f5a988","2020-01-23","sec_filing","6-K","2"
"TEAM","247ecde5-4972-5f6b-85a1-8806e70618af","2020-01-04","hackernews","title","1"
"DELL","2483c790-1fd7-5ddd-9485-a8217b98f457","2017-03-23","hackernews","title","1"
"NVDA","2484bed1-e205-5c32-b2df-01e3aa9d888d","2026-01-01","hackernews","title","1"
"MU","2488bcee-887b-5298-bea4-ebb923a4a3c9","2017-06-29","transcripts","earnings_call","31"
"TEAM","24a21e28-7640-5d23-86c2-fc517e1dd86d","2024-01-22","hackernews","title","1"
"ADBE","24aac953-e618-5794-a40f-37a47366a2a0","2025-06-25","sec_filing","10-Q","136"
"MU","24c6c1e8-4c8a-59ff-970e-0a03635dec0a","2024-03-21","sec_filing","10-Q","129"
"TEAM","24c8ec4c-811f-5434-9391-15c90088f60f","2018-10-30","hackernews","title","1"
"NVDA","24d05287-3a8b-5bae-bd27-9b556768407f","2019-07-10","hackernews","title","1"
"NVDA","24d27d87-d664-5158-b836-5d720cbf1982","2017-02-16","hackernews","title","1"
"INTC","24ef2335-a565-50d4-a145-4531f6204556","2026-01-23","hackernews","title","1"
"ADBE","24f001d4-e36d-5071-a6fb-e5d8f776d998","2017-03-16","hackernews","title","1"
"ADBE","24f2555b-9401-53e8-bf8b-966596e9b30a","2020-05-27","hackernews","title","1"
"INTC","24f29df3-96df-50e9-b4a0-f068acb10540","2019-05-20","hackernews","title","1"
"NVDA","24f8ec08-6f69-5aa9-9a82-f27b6b355f6c","2025-05-20","hackernews","title","1"
"INTC","251d9827-5281-55e5-bdde-050a327e0f52","2022-05-03","hackernews","title","1"
"NVDA","252510ed-efbf-5c39-b5b9-a5fb34df899e","2016-04-16","hackernews","title","1"
"MU","256186c1-95d7-5572-9a89-4f46a1319612","2025-11-07","hackernews","title","1"
"NVDA","256c2681-ca31-5065-afcd-dd33eabec904","2018-07-10","hackernews","title","1"
"DELL","257fd305-4065-5970-be86-5b769f3850e4","2015-07-22","hackernews","title","1"
"TEAM","2588e5ed-d6ef-50fe-ba48-d42789048b36","2017-01-12","hackernews","title","1"
"DELL","25952fdb-eda4-5ea1-93d8-841f6adb66e4","2022-04-06","hackernews","title","1"
"MU","25acea07-a19f-55ae-9c39-d4db539babc7","2026-06-26","hackernews","title","1"
"CAT","25bada2a-1fd3-5cea-b32b-b256c5f67ed9","2025-08-06","sec_filing","10-Q","186"
"TEAM","25c25090-d804-5187-84fe-b8add0cd4f69","2022-04-10","hackernews","title","1"
"ADBE","25fb962d-4e12-5f22-9563-1b2fad6cdc7f","2020-02-20","hackernews","title","1"
"NVDA","25fd0473-ba92-562a-83d8-69d694a6db43","2022-02-10","hackernews","title","1"
"NVDA","25fee580-0283-5819-9fdf-467955608c86","2017-11-30","hackernews","title","1"
"INTC","26078356-89f0-52ed-a84d-f95b7241559e","2021-06-22","hackernews","title","1"
"NVDA","260b89bc-8f45-51aa-9566-be57aa63ab3b","2017-03-15","hackernews","title","1"
"NVDA","260dc149-e569-505b-9ea5-67ec7deb415c","2015-05-07","hackernews","title","1"
"ADBE","261099b3-cdd2-574a-877b-23da6ad751a5","2018-06-28","hackernews","title","1"
"NVDA","261a151c-3509-5055-b525-9ad70fc11347","2025-11-28","hackernews","title","1"
"NVDA","261ee80c-78ec-5e47-8ccb-de23b128e7e7","2018-10-10","hackernews","title","1"
"ADBE","261f1b45-a59f-573e-9ce0-33f39d336012","2024-09-24","hackernews","title","1"
"ADBE","262fbe2b-67eb-5e04-b6ae-9a12e0a0b28b","2024-11-07","hackernews","title","1"
"DELL","264a7655-ffbd-5975-b1bb-ed50444746a7","2016-11-18","hackernews","title","1"
"TEAM","264d0be4-0ed8-5431-a070-132f9f1e4c34","2018-05-23","hackernews","title","1"
"ADBE","264e5807-61eb-51cc-920c-b42b14a33faf","2018-02-18","hackernews","title","1"
"TEAM","265a60c3-2b1d-50e5-87e2-710d8bae3c01","2019-11-07","hackernews","title","1"
"PG","265af161-c9ec-59df-85df-637bd794d23e","2023-07-28","transcripts","earnings_call","34"
"NVDA","267ebe89-d7fd-569e-9999-3d4d30dbcb1f","2022-11-16","transcripts","earnings_call","28"
"INTC","2687c4c2-8781-5430-8558-f6d4e8156645","2023-01-27","hackernews","title","1"
"INTC","268f0e14-9475-5eda-b7ed-9d3f19546b68","2019-11-14","hackernews","title","1"
"PG","269ebd07-c0a5-5044-a952-7769204c58c0","2018-08-25","hackernews","title","1"
"INTC","269f61f8-28b5-597a-a7cd-77246a792a0e","2025-04-14","hackernews","title","1"
"DELL","26b2add9-a1d7-5a10-a598-d9eb21d3c8ed","2023-03-30","sec_filing","10-K","366"
"NVDA","26bc6f88-8a69-5d6c-97a4-681b2847e598","2018-12-03","hackernews","title","1"
"NVDA","26beaf04-464f-5eed-abb4-399a85d6f40c","2020-04-22","hackernews","title","1"
"MU","26dddcfe-6009-5f3b-b9d9-a0130b601087","2024-06-27","sec_filing","10-Q","132"
"INTC","26dfab30-99ac-5a2b-a8b8-1997299f2635","2017-11-08","hackernews","title","1"
"INTC","26e40057-8d47-5277-804f-836faf05302b","2025-12-10","hackernews","title","1"
"INTC","26f4b0f6-c6ec-5b9a-a178-fdf20d9d8a6d","2019-11-14","hackernews","title","1"
"ADBE","26f5d88d-6643-531b-94b2-ae73850de516","2019-06-16","hackernews","title","1"
"ADBE","26ff14e0-476d-5dd8-a014-e94403064a66","2020-10-04","hackernews","title","1"
"TEAM","27051f4e-af0d-59c7-98c6-e124fc7230a1","2024-01-19","hackernews","title","1"
"DELL","27124e65-ab70-5eb6-8637-82d1a1b571ed","2019-10-21","hackernews","title","1"
"MU","271aca0f-b1df-5229-9bd5-c0c69ee8e5b8","2026-08-15","hackernews","title","1"
"NVDA","2722d434-9a21-5705-b8f7-a8c1530f0bcf","2020-05-14","hackernews","title","1"
"NVDA","272b7eca-ba75-58ea-a252-e413f63279e1","2022-07-25","hackernews","title","1"
"DELL","27333e58-271a-5097-b5a8-9831187d67ba","2018-02-02","hackernews","title","1"
"NVDA","2737801f-2235-58a6-8a2b-aa2def178a4f","2019-08-16","hackernews","title","1"
"ADBE","2739cd8e-5688-5587-b9b4-953ae85484e6","2025-01-12","hackernews","title","1"
"NVDA","274f2480-be3d-5795-9a7b-165b1b448e11","2016-12-08","hackernews","title","1"
"INTC","2750ee61-1a49-5f88-b5a6-301c321596b7","2026-09-12","hackernews","title","1"
"NVDA","2753ffaa-44b6-5bfb-a78f-20c921602cda","2016-10-12","hackernews","title","1"
"NVDA","27607f74-4b4a-52fa-be76-3483d11b612f","2017-07-05","hackernews","title","1"
"NVDA","2762784c-ee4c-55e1-beae-f3d34829ca47","2017-11-30","hackernews","title","1"
"INTC","2765bbbd-6beb-5d7a-9a12-21f4148af134","2024-06-17","hackernews","title","1"
"NVDA","277066fd-974c-5729-b74e-560b0bda1093","2024-11-07","hackernews","title","1"
"WM","2770733f-11c6-531a-a19b-0a824f6eb6ca","2017-07-31","hackernews","title","1"
"ADBE","2789eff8-5bad-51b5-a153-8e029e478d59","2018-08-07","hackernews","title","1"
"NVDA","278b4e55-8811-525c-a45c-468566d0518d","2024-09-04","hackernews","title","1"
"INTC","278bfe07-7c50-582a-82c8-3a6e2e0ee28d","2021-02-06","hackernews","title","1"
"NVDA","27a41741-8656-5146-8ade-8e85a22d484d","2021-03-05","hackernews","title","1"
"NVDA","27acf940-0835-5276-8a0a-52a7ecc3bcb0","2015-05-27","hackernews","title","1"
"NVDA","27af599b-14a3-5144-9592-5302446deafd","2022-08-19","hackernews","title","1"
"WM","27d306ba-9116-5d28-b80a-68d88f5b602e","2016-07-27","sec_filing","10-Q","118"
"NVDA","27f7059b-86f8-5cc4-b242-c0ac1a37a720","2015-11-05","transcripts","earnings_call","41"
"INTC","27fd3b22-7ad7-5827-a486-b970b8993cc4","2024-11-12","hackernews","title","1"
"NVDA","27ffa158-6345-5835-9245-520f1e7b9b30","2016-04-11","hackernews","title","1"
"MU","27ffa366-b5e4-532c-a7f8-3e0ea6ebef4d","2022-10-04","hackernews","title","1"
"NVDA","28060bdf-8742-56e0-bdb3-3245678e7f19","2020-09-13","hackernews","title","1"
"TEAM","28083080-cbfd-5e83-806b-2d17360674a9","2022-08-24","sec_filing","6-K","4"
"MU","281808c5-9931-5a32-ad68-64d52fe303e7","2017-06-13","hackernews","title","1"
"INTC","281cc0ec-a11b-56bf-9023-b041cac3f77e","2024-01-06","hackernews","title","1"
"NVDA","282a1ea0-06e5-5a55-8880-982bdf6c1dbc","2021-09-21","hackernews","title","1"
"INTC","2832d10a-9d16-50bb-af59-2ed2b3027689","2025-07-23","hackernews","title","1"
"NVDA","283f4c39-0fa1-56cd-b9b2-d430513a0057","2016-02-22","hackernews","title","1"
"NVDA","2843c47f-7918-5738-bf95-423f21d106fd","2019-05-30","hackernews","title","1"
"DELL","284f0665-be34-5c6f-8c03-42e931a196ba","2020-05-13","hackernews","title","1"
"TEAM","284f526a-79b8-5b40-b49f-34f9ab11aa87","2017-02-01","sec_filing","6-K","152"
"INTC","286f5bc6-d491-57cc-bb50-e4896ba85e87","2019-11-18","hackernews","title","1"
"ADBE","28740f13-bfa3-5892-963f-aa460328cefd","2018-08-29","hackernews","title","1"
"ADBE","288eb677-4f6a-5a15-8066-2eacc90da1c3","2015-01-15","hackernews","title","1"
"DELL","28916632-7445-56d1-9a03-0700d7817a24","2022-07-21","hackernews","title","1"
"INTC","28922ef8-c97b-51cb-8994-c135e7476ae3","2019-04-17","hackernews","title","1"
"DELL","2893a604-f5d0-54f6-a82c-a84d3b9e12b6","2026-02-27","hackernews","title","1"
"CAT","28a6388c-9a91-567d-b123-72aba71b23c8","2016-08-19","hackernews","title","1"
"DELL","28be960e-e47b-523c-b64f-42f3fecd6fa6","2020-09-04","sec_filing","10-Q","196"
"NVDA","28c4ab9a-ded8-567f-adb1-73f3f8403e96","2015-03-17","hackernews","title","1"
"PG","28c72001-4b3e-5f86-abaf-be8242c2a8da","2023-04-21","hackernews","title","1"
"NVDA","28f6d00c-6abb-5f84-b169-a0fcd7519ba7","2020-11-16","hackernews","title","1"
"ADBE","2903467d-1328-506d-8f9a-7f1dc560473a","2025-05-07","hackernews","title","1"
"NVDA","29094aaa-0556-53e3-bda0-ddfcf5f31333","2021-11-16","hackernews","title","1"
"INTC","2909a3d2-f8b5-5ffa-9cca-37bd00a8cd99","2018-05-25","hackernews","title","1"
"NVDA","29118c5e-d888-523d-a11e-73f22ad918f6","2021-11-08","hackernews","title","1"
"INTC","29155207-9a2d-55e1-aeb9-905ee044d80e","2019-02-06","hackernews","title","1"
"INTC","2921aa21-c537-5136-a390-0e46b687e001","2023-03-23","hackernews","title","1"
"DELL","293828bc-7372-5c30-803d-4efca8c7d59c","2016-07-20","hackernews","title","1"
"TEAM","293e6a10-2b4d-53a1-81d6-18d69bceb679","2016-07-16","hackernews","title","1"
"TEAM","295330df-d527-572e-92c3-0e2c3cfdf3d7","2025-04-02","hackernews","title","1"
"CAT","2961f474-b9ac-586d-983e-89bf293ff346","2025-05-16","hackernews","title","1"
"TEAM","29740f58-b6b1-504a-8e6d-eb00202e53d3","2023-11-06","hackernews","title","1"
"INTC","2975c65d-dd33-536c-a3a7-de2f2048e794","2019-06-21","hackernews","title","1"
"MU","29763dce-bcc1-55a2-a653-7ba95024a34f","2020-09-28","hackernews","title","1"
"INTC","297cadac-db17-5062-9387-254ca447c6f4","2016-07-15","hackernews","title","1"
"MU","297cf5cb-67b3-578c-b4f1-0af7ba3b143f","2022-10-04","hackernews","title","1"
"DELL","2997ecd5-8061-5782-af23-1b591f22672f","2018-08-11","hackernews","title","1"
"INTC","299de199-ff18-5087-8ce3-bb3dd2c75a0e","2018-06-10","hackernews","title","1"
"ADBE","29a93af3-cc2f-5907-8c25-15346aefce77","2026-03-25","sec_filing","10-Q","129"
"NVDA","29c22484-f9e5-5b9a-a623-0366882d14cd","2019-08-15","sec_filing","10-Q","65"
"CAT","29ca4c75-b68e-5979-b3de-67b12d3204de","2026-01-29","transcripts","earnings_call","32"
"NVDA","29e90363-7c6d-525e-9b13-048ee4970d68","2013-03-12","sec_filing","10-K","281"
"INTC","2a09c625-b228-5d85-a26c-8c04530c891f","2024-10-17","hackernews","title","1"
"NVDA","2a0fa415-8089-57c7-89f5-f581c50d7f97","2023-09-11","hackernews","title","1"
"ADBE","2a17685d-739d-508b-a604-25bed4559b40","2023-05-23","hackernews","title","1"
"NVDA","2a3208b0-050c-5124-86f6-0ed2504e5d16","2018-07-04","hackernews","title","1"
"ADBE","2a388239-9c80-5064-904e-4f5ed8b6a371","2012-03-19","transcripts","earnings_call","30"
"ADBE","2a5344b0-8c0c-5452-90cd-a88f2232ce17","2015-07-14","hackernews","title","1"
"INTC","2a5357c1-e021-5924-86ce-87ae2f302869","2018-06-25","hackernews","title","1"
"ADBE","2a5bf20d-0ca5-52ec-8aa0-99cddc034519","2020-10-20","hackernews","title","1"
"PG","2a647086-e51e-5635-a7de-685c9207f569","2014-10-24","sec_filing","10-Q","82"
"NVDA","2a716a13-12fd-5dbe-a980-58e7b112cc3f","2018-02-23","hackernews","title","1"
"INTC","2a7961c2-8915-5d72-8d00-1254a73db406","2018-10-09","hackernews","title","1"
"DELL","2a7ccaa9-b890-553c-b372-cfbce2fdb33d","2017-05-08","hackernews","title","1"
"PG","2a7f06c3-c603-5887-9114-66615b5aca61","2017-10-20","transcripts","earnings_call","30"
"ADBE","2a7febcf-eaf1-5860-966c-1211c8a9113d","2018-03-28","hackernews","title","1"
"ADBE","2a979f1a-4a7b-5d39-8335-43ffdfa992d8","2016-02-15","hackernews","title","1"
"ADBE","2a98edb0-e156-5f1d-b2b5-d8451430c0a1","2019-06-17","hackernews","title","1"
"ADBE","2a9cd3f0-8284-55b1-98d8-0753b7eea03d","2020-12-10","hackernews","title","1"
"TEAM","2aaa9329-db36-55df-b377-639234447ecd","2015-02-01","hackernews","title","1"
"TEAM","2ac324fe-f882-596b-afe2-9b1082ac9a35","2022-01-27","transcripts","earnings_call","31"
"DELL","2acf7f62-ae35-538f-9089-90642fcf6dc9","2019-05-01","hackernews","title","1"
"ADBE","2afdaad2-6fef-5fb4-97f9-825ac67ba7e6","2026-05-19","hackernews","title","1"
"INTC","2b06bd69-414b-54d7-b9fe-eb451f939ac8","2021-07-08","hackernews","title","1"
"INTC","2b1fa2f5-71ac-59ce-ba8a-0ac1458615df","2020-10-24","hackernews","title","1"
"ADBE","2b2f7ba0-84fd-577f-a96f-7c6f142a980b","2019-07-01","hackernews","title","1"
"MU","2b451588-841a-55ae-8be2-09a605f2ccdb","2018-07-26","hackernews","title","1"
"ADBE","2b695bfb-e5eb-55b7-94a3-f4211db4c257","2017-10-19","hackernews","title","1"
"NVDA","2b6b9391-6335-5c89-b7ad-327cbdcc3d37","2015-03-23","hackernews","title","1"
"INTC","2b6e0c62-362d-5560-9430-6f4c439e8b75","2020-11-04","hackernews","title","1"
"ADBE","2b727961-87a0-5ca1-8118-7fe9657ad4bc","2022-09-15","hackernews","title","1"
"TEAM","2b774038-2d3d-5c73-ad4f-74586c072c15","2019-04-19","hackernews","title","1"
"INTC","2b7d1f86-bad7-528d-ac2c-3d15bdc283e0","2021-07-15","hackernews","title","1"
"ADBE","2b9c844a-d7b7-5789-8422-87c8f343fcfa","2018-05-22","hackernews","title","1"
"ADBE","2ba4e330-5d9b-5576-8cfc-d287dce01840","2020-09-23","sec_filing","10-Q","158"
"ADBE","2baaf5ca-1170-5686-9133-c1743658b171","2021-11-30","hackernews","title","1"
"NVDA","2bac59ce-07f3-5940-b3e5-117d4cbc852d","2021-05-26","hackernews","title","1"
"INTC","2bbfe978-c201-501b-a5db-904bb4908423","2015-06-19","hackernews","title","1"
"ADBE","2bc44bcd-df43-5536-afea-f637143a5800","2015-06-24","hackernews","title","1"
"INTC","2bea624c-5cdd-5fe7-9c58-23b81bd50191","2026-09-12","hackernews","title","1"
"INTC","2bfa50dc-cbf9-5cec-85e9-1a17b0212e3f","2021-10-28","hackernews","title","1"
"TEAM","2c28872b-7be7-570c-8914-00d0fa6463ac","2015-06-12","hackernews","title","1"
"INTC","2c3d21d9-97c5-5f75-bf80-ad6ca34d3e1b","2018-01-09","hackernews","title","1"
"INTC","2c40fbea-bcaf-5861-8029-648f2cdbf107","2023-03-19","hackernews","title","1"
"NVDA","2c434563-354c-5d2e-813a-5d9f7c311d22","2023-12-06","hackernews","title","1"
"NVDA","2c4e670e-0620-57b1-9571-e32f3a9e2609","2019-04-30","hackernews","title","1"
"WM","2c52078b-2a33-5c80-b135-7b4bcdac79d9","2025-04-29","transcripts","earnings_call","39"
"ADBE","2c553217-e859-546e-8e60-6e2adb05ce61","2025-06-17","hackernews","title","1"
"NVDA","2c6ae2ee-7e66-5a92-8929-6d0e4b9ea760","2023-02-24","sec_filing","10-K","217"
"INTC","2c743cf3-1a60-57c6-b0cb-5e7ba14014da","2019-02-23","hackernews","title","1"
"DELL","2c8888c7-320b-50dd-a83f-e995cd700372","2017-07-31","hackernews","title","1"
"CAT","2c8b8ae7-d762-5d91-8a95-b153e6d398ed","2020-04-28","transcripts","earnings_call","29"
"TEAM","2c99c4bd-96db-5b21-a133-ba5042a9888e","2020-12-07","hackernews","title","1"
"INTC","2c9f333b-0786-560c-81fb-73b007401bcc","2023-06-10","hackernews","title","1"
"CAT","2ca6c5c6-be8a-58be-993a-e85a68ee5ebf","2012-08-06","sec_filing","10-Q","219"
"INTC","2ca76d49-0d69-5355-9576-151c80c2b8d4","2026-05-17","hackernews","title","1"
"INTC","2cae0a09-b50c-5430-a1ca-99edd1790d32","2024-08-01","sec_filing","10-Q","109"
"DELL","2ccbfffb-750d-52da-bb9d-e87308901cf1","2024-08-09","hackernews","title","1"
"WM","2cd95d9e-8fd7-57d3-a638-306abe12d05b","2023-04-27","transcripts","earnings_call","38"
"DELL","2cdf08a7-d57f-56b8-aa37-3de81c884845","2023-04-10","hackernews","title","1"
"INTC","2ce54a5f-ab9e-5574-8377-d2dfcda48b8a","2015-05-21","hackernews","title","1"
"DELL","2ce6185d-b6e7-5b0c-9773-f5b0bff2d05b","2021-05-14","hackernews","title","1"
"TEAM","2cff4bad-c04f-5113-82f4-952c26ca54c2","2016-05-12","sec_filing","6-K","148"
"WM","2d145818-7006-55a2-acdb-e6ea6b74a2bd","2020-02-13","sec_filing","10-K","327"
"ADBE","2d181cd5-3c25-5deb-8579-eb04beb039f7","2021-10-23","hackernews","title","1"
"TEAM","2d18e4d6-f2de-5ff8-bd2d-e23bb2c507b6","2019-07-25","hackernews","title","1"
"PG","2d272491-b8ad-5ea8-978e-2c4d6194e71e","2013-01-25","sec_filing","10-Q","97"
"ADBE","2d292927-0e76-53d8-83df-df93cfdd8846","2018-01-30","hackernews","title","1"
"INTC","2d32eae1-b5b5-5684-b425-171b76985d0d","2019-10-24","sec_filing","10-Q","84"
"ADBE","2d359d20-90f8-53a6-b6e3-f25219ca8dec","2017-10-16","hackernews","title","1"
"INTC","2d3b38f5-6b1f-5d09-bd01-5aa455ef5f7d","2021-03-09","hackernews","title","1"
"MU","2d3d75e2-0a6c-52bc-9adf-d586e12927a8","2023-11-14","hackernews","title","1"
"NVDA","2d446abc-354d-50a2-ba59-46b923797fef","2016-10-12","hackernews","title","1"
"TEAM","2d559b22-6202-5312-9654-cc8b6f671a8a","2019-04-09","hackernews","title","1"
"MU","2d5b6b23-4656-59ea-8f19-6ca1e2d4cc2d","2026-06-24","transcripts","earnings_call","24"
"DELL","2d684e82-ae98-58ae-9d83-863946e7afe9","2025-07-08","hackernews","title","1"
"ADBE","2d70ccd7-b94e-5efe-86d7-885b99da677f","2024-10-16","hackernews","title","1"
"PG","2d7dd5c5-03b5-50ec-84ec-0c03be2449ac","2018-04-19","transcripts","earnings_call","45"
"NVDA","2d882fda-736c-5859-9aab-f54bc36d4dae","2015-07-25","hackernews","title","1"
"CAT","2d95a059-50d0-5d43-90f2-dd042ec92789","2022-11-02","sec_filing","10-Q","181"
"ADBE","2d9829aa-09ed-5939-b897-c5328a626307","2024-09-11","hackernews","title","1"
"NVDA","2d9dec2a-2e52-518a-85f9-477274c96635","2018-02-23","hackernews","title","1"
"ADBE","2db18b2e-225b-5d44-b7e0-a270f4e7821f","2015-01-10","hackernews","title","1"
"INTC","2db1cb44-111a-581e-b713-06ee7bcb8c62","2020-01-08","hackernews","title","1"
"ADBE","2dd6cae8-d0bb-5eb7-857b-3b0fc26e6007","2019-10-10","hackernews","title","1"
"INTC","2dd75b94-41f6-56e5-bf15-9303cbf56b44","2020-07-23","hackernews","title","1"
"ADBE","2de690d0-7a3b-53af-8eca-f5445afb4ed1","2022-09-19","hackernews","title","1"
"DELL","2defff0e-20ca-537d-be23-3785a18972a4","2017-03-07","hackernews","title","1"
"CAT","2df7c746-2485-56d0-a1f0-b03ef5f49933","2024-04-01","hackernews","title","1"
"INTC","2df8ac82-1021-5747-aedc-818c9a705594","2023-07-28","hackernews","title","1"
"ADBE","2dfe40b6-9c0d-5acf-b416-4fe5745fce1c","2026-03-13","hackernews","title","1"
"ADBE","2e035dda-841a-5992-9b8c-4d5b996efc9c","2019-08-05","hackernews","title","1"
"DELL","2e0ab72f-418a-5b2a-b9aa-974346dd13a3","2019-01-08","hackernews","title","1"
"DELL","2e0c9f24-29f8-5ad5-9bc2-763ecf4d92e1","2019-08-26","hackernews","title","1"
"DELL","2e103b31-daa3-5a53-b222-3ee7f220fec2","2019-06-06","hackernews","title","1"
"MU","2e1a8d92-4596-56b8-9f8c-4502d8ef44c8","2012-04-09","sec_filing","10-Q","133"
"NVDA","2e241728-785a-5796-82b7-bd13de0e40ef","2025-06-23","hackernews","title","1"
"TEAM","2e2a3474-97f3-59a8-ba81-abe4fb5ade4c","2022-04-28","sec_filing","6-K","3"
"TEAM","2e3ebdd6-c645-50e4-b6b0-d7694deb9dff","2026-05-01","sec_filing","10-Q","217"
"CAT","2e526f16-fa6b-5477-b771-38c75d1d5e10","2019-04-24","transcripts","earnings_call","32"
"DELL","2e5db22f-7d08-541d-8aa8-371864c22c9e","2015-11-25","hackernews","title","1"
"INTC","2e5ffb85-2d7e-50aa-8d92-c2eabfc82b4a","2019-04-23","hackernews","title","1"
"DELL","2e64b757-7b87-5c5b-a954-a76ff67ecb49","2018-05-25","hackernews","title","1"
"NVDA","2e64ec19-aa87-5de9-8626-7018e663ab12","2018-08-22","hackernews","title","1"
"ADBE","2e654b9a-4a85-5db9-b704-c38b0284e667","2019-03-21","hackernews","title","1"
"NVDA","2e69cf1a-5061-5650-9867-61b923f4faab","2019-03-19","hackernews","title","1"
"MU","2e76962a-71db-52a5-8117-362d327b6b6a","2023-08-25","hackernews","title","1"
"INTC","2e77d869-25d3-560b-b7a3-372177802bca","2015-11-17","hackernews","title","1"
"INTC","2e88848d-b401-5389-a3fb-2e6a1403e327","2020-09-02","hackernews","title","1"
"NVDA","2e8a0d88-1923-504d-8b2d-e4c23009cbb7","2018-10-31","hackernews","title","1"
"ADBE","2e9ca0ed-1377-5c6a-bb29-2064a9aecb12","2023-11-17","hackernews","title","1"
"TEAM","2ea451a6-7862-53d1-be16-0cc435187940","2017-05-02","hackernews","title","1"
"CAT","2eb6886f-b033-5621-992f-bc17ff56d962","2019-12-24","hackernews","title","1"
"ADBE","2ebc57cf-311a-57e0-bb1d-cea300dd8c27","2020-04-29","hackernews","title","1"
"ADBE","2ec59a07-ecaf-5daa-93e8-14379e5a225d","2024-07-25","hackernews","title","1"
"TEAM","2ed1eb46-8de7-585c-a48f-04754d900082","2025-11-10","hackernews","title","1"
"INTC","2ef2db19-aece-5679-a97f-d522f68e4dd6","2026-02-03","hackernews","title","1"
"INTC","2f001823-d5f6-54d0-82c6-faacbd6158c5","2017-02-10","hackernews","title","1"
"DELL","2f26a6ba-5474-551c-89af-d23ed6b65dd8","2025-10-08","hackernews","title","1"
"NVDA","2f376b02-588e-5b32-ace4-a25a1a4d8e74","2019-09-27","hackernews","title","1"
"CAT","2f7c6eec-b1c7-56ab-878c-3da953dddbff","2016-02-19","hackernews","title","1"
"DELL","2f86b76b-bb6e-589e-831f-9784098e0c77","2016-06-20","hackernews","title","1"
"INTC","2f8aac0a-104a-50c2-b1ab-4862bfb97dca","2016-11-28","hackernews","title","1"
"NVDA","2f8aca9f-774f-55a0-bca4-f479de4d008c","2020-03-22","hackernews","title","1"
"ADBE","2f8c612c-1d55-5d66-b44c-64fc34c8c3e2","2016-04-07","hackernews","title","1"
"INTC","2f92bed2-4b3c-5bce-a305-f8da72f21625","2026-03-21","hackernews","title","1"
"NVDA","2f95c004-c07c-5752-bf09-c3a95d0c6a7f","2024-10-26","hackernews","title","1"
"TEAM","2f9f0979-b4a1-52a7-a1fe-6ca8ad935419","2021-02-26","hackernews","title","1"
"ADBE","2fadba83-f870-56cf-8bfc-1ffa2160e337","2021-06-23","hackernews","title","1"
"DELL","2fb1fc0c-0611-59fd-a225-2fb594a791f0","2025-01-07","hackernews","title","1"
"TEAM","2fc576ac-5772-5b2a-830b-5ef737b2c5f8","2021-07-27","hackernews","title","1"
"ADBE","2fd05861-f32e-5e06-b4bc-0661f613482c","2017-04-22","hackernews","title","1"
"DELL","2feb16b5-f632-5a59-87bf-34a3de4965a3","2016-06-11","hackernews","title","1"
"ADBE","2ff5e98d-d7b7-548b-adae-d8c861f1f700","2026-05-12","hackernews","title","1"
"TEAM","30050603-c4e0-57d2-9ec4-2b19ebb55e32","2017-03-10","hackernews","title","1"
"MU","30053ae8-8055-5dbc-843c-db2991244069","2020-06-14","hackernews","title","1"
"DELL","300a9efa-d0ec-50b6-b741-9606773ca087","2015-01-31","hackernews","title","1"
"ADBE","3017a58e-7bb1-5ffe-8bd3-41e3bc48b917","2025-11-13","hackernews","title","1"
"TEAM","302759ba-3a24-58e3-8d50-a84108c78e9b","2023-03-07","hackernews","title","1"
"NVDA","302d8869-e34c-5ab3-b60e-797df196c715","2023-03-21","hackernews","title","1"
"INTC","303a67f5-0b8f-5ad1-b6f8-3264ebc9b4e5","2022-09-29","hackernews","title","1"
"INTC","304103cc-44bb-5e31-8c69-e6aed1242eb2","2022-01-07","hackernews","title","1"
"MU","304b4df7-5e34-59f4-abb1-7dac0bd321d7","2018-03-22","transcripts","earnings_call","29"
"INTC","3058513c-b511-5c9b-83a2-793db8c33da8","2019-10-29","hackernews","title","1"
"TEAM","3069456e-8c3f-5a2b-86f2-5151a4bc35bf","2022-09-30","hackernews","title","1"
"DELL","30938a5a-2c53-57e1-bdc0-115c8d4ee4c6","2018-06-14","hackernews","title","1"
"MU","309bfc81-f8a8-5fe1-baf0-cc957f32eb62","2026-01-13","hackernews","title","1"
"INTC","30a6a318-65c0-5ddf-a45f-1792f9eeb0a6","2015-11-09","hackernews","title","1"
"INTC","30aa271f-3b3c-5412-818f-65ab6cd82a39","2023-09-21","hackernews","title","1"
"INTC","30b6efd6-9f00-5512-81ed-5eceaf74ae9f","2022-03-29","hackernews","title","1"
"MU","30bc1d81-d0f4-5df3-8cdf-86d16bf26cf3","2015-01-09","sec_filing","10-Q","122"
"NVDA","30c12e12-584a-5efa-93e7-e5e8b01ff7b2","2018-05-22","sec_filing","10-Q","63"
"INTC","30c65a58-cbca-5706-8a3f-75b795080bea","2020-06-19","hackernews","title","1"
"TEAM","30d09464-52ac-5e82-a5c8-3ca17b209002","2025-03-05","hackernews","title","1"
"DELL","30e2070f-bf35-5f25-b8e9-12856f6b2e7d","2015-02-26","hackernews","title","1"
"DELL","30e349d8-7814-5357-b465-e1634c2f1d68","2020-07-09","hackernews","title","1"
"NVDA","30e6caf2-10a7-59f0-be61-36297854251d","2022-06-10","hackernews","title","1"
"DELL","30e7a344-f4f1-5c05-aadf-14eb01a64c2b","2016-02-20","hackernews","title","1"
"MU","30e9b3d1-ab63-59dc-ba20-07d41f94982d","2015-07-15","hackernews","title","1"
"DELL","30f83c76-3e80-537d-9b5b-191364b078ac","2017-08-13","hackernews","title","1"
"ADBE","31020d7e-e311-5a77-adcd-986a158699c7","2025-04-10","hackernews","title","1"
"ADBE","310444f0-05c3-5420-9f19-065ca64ad03c","2025-02-12","hackernews","title","1"
"TEAM","31383f95-4a09-5af9-83b6-6f9c71ae93fe","2017-05-25","sec_filing","6-K","2"
"MU","314b7ec3-4181-5657-b57a-cef3821e325f","2018-11-01","hackernews","title","1"
"ADBE","314f7367-ac53-5ed3-8feb-02043a6e2e26","2021-03-25","hackernews","title","1"
"INTC","315133d0-51d7-5771-864b-ce0da1f397c6","2026-02-04","hackernews","title","1"
"INTC","3156d0bb-469b-5e4a-a9ec-685e540e30ee","2012-02-23","sec_filing","10-K","280"
"NVDA","3171e67c-854b-5be5-bc60-9b16fe085dbd","2021-10-28","hackernews","title","1"
"INTC","3176484b-aff9-59b5-b90a-5b8ee36e646a","2014-02-14","sec_filing","10-K","292"
"CAT","3176a7e7-d836-5ff1-b5dd-dad7cf02b7f0","2021-08-04","sec_filing","10-Q","180"
"ADBE","318f080d-3adf-5f0f-a6ea-291d136d4ad6","2016-11-03","hackernews","title","1"
"NVDA","3194bb8b-35dc-5ce6-a038-0cb90feaebb8","2018-02-20","hackernews","title","1"
"DELL","3198079c-eddc-588a-94eb-c31e98df0fa7","2025-02-03","hackernews","title","1"
"INTC","319f15e2-a922-5e6f-be0d-1cc598a7031c","2016-10-17","transcripts","earnings_call","33"
"NVDA","31a72e9d-d4a4-597c-8136-30e30b4dc9dc","2026-09-04","hackernews","title","1"
"NVDA","31aae6c9-8310-517b-8ef0-b27e1dff55ab","2023-08-23","hackernews","title","1"
"INTC","31b1060a-277b-5899-a437-d8d5b881746a","2022-02-07","hackernews","title","1"
"NVDA","31b1768f-021c-59ce-aae2-9a11b8c8368a","2015-11-10","hackernews","title","1"
"ADBE","31b72460-defe-5326-a0c0-dc5c73eb134a","2022-03-22","transcripts","earnings_call","36"
"MU","31c11997-b15b-5d34-8f00-7cce61762095","2026-04-26","hackernews","title","1"
"DELL","31c259ce-2eb5-52fc-a640-1813554af2a4","2015-10-26","hackernews","title","1"
"WM","31c27b14-7a3b-53ad-9f18-bb90b3183598","2020-11-02","sec_filing","10-Q","132"
"DELL","31c96f8a-ac59-551e-a68d-8a703dafca25","2017-09-20","hackernews","title","1"
"INTC","31f1b978-77f1-5223-8cce-a5c275de50cb","2012-10-16","transcripts","earnings_call","24"
"ADBE","31fa5537-cfd0-5563-862e-31d4ec210c7c","2015-02-06","hackernews","title","1"
"NVDA","3201194e-0ca7-501a-9843-796d20a39ea1","2021-09-13","hackernews","title","1"
"ADBE","321882d1-f201-5837-bd30-e999656808e8","2019-04-09","hackernews","title","1"
"TEAM","321cc972-58d7-513c-9fe6-b376a58b14f3","2015-09-25","hackernews","title","1"
"ADBE","321f8689-5fe6-5b21-9ebf-b9c9f0bc84e3","2023-09-14","transcripts","earnings_call","34"
"NVDA","3229250d-8923-5eb3-a84a-7dc253cceef2","2017-06-27","hackernews","title","1"
"INTC","3231c97c-4cba-518c-b97d-3da2f6f0d4e1","2024-01-12","hackernews","title","1"
"NVDA","323f6d1d-3af3-58ec-b008-df2e2ac9216a","2022-03-01","hackernews","title","1"
"INTC","32411959-7bae-5db5-b1b7-44e65324a01d","2015-11-05","hackernews","title","1"
"WM","32415855-6b41-5d68-97e1-c98ecf2b5cd6","2022-04-26","transcripts","earnings_call","40"
"INTC","324c745b-33a5-5d93-b193-00d135f6c554","2019-02-02","hackernews","title","1"
"INTC","32570e1f-80f7-589a-8ef8-fbd2759f0a1a","2017-06-21","hackernews","title","1"
"ADBE","32637aac-de31-5c85-a60c-dfb0ee7cea70","2019-05-11","hackernews","title","1"
"ADBE","3279cbcd-9a68-5af8-a3bf-308ce4ba3c7c","2019-11-25","hackernews","title","1"
"ADBE","327cd6fa-528c-5f9a-a96c-5e27a793b418","2024-10-15","hackernews","title","1"
"INTC","327e6f6d-afcf-5209-8ec3-eb066af952f7","2023-09-01","hackernews","title","1"
"TEAM","32889712-db39-54d9-bc75-ba5a07d4beb2","2022-07-21","hackernews","title","1"
"WM","32a49d4b-bf7f-597b-82b7-90591bcdd9bb","2019-02-14","transcripts","earnings_call","37"
"TEAM","32a94127-5a46-55e7-afc0-f56ec2b578be","2017-01-09","hackernews","title","1"
"ADBE","32b3b02e-99a5-5dcb-9259-45f1485773c8","2016-12-15","transcripts","earnings_call","29"
"PG","32b73d10-d33e-534c-811c-ce80ac7cc449","2019-01-23","sec_filing","10-Q","107"
"MU","32b948a0-26a2-5021-8766-cd1ac7865c80","2022-07-26","hackernews","title","1"
"DELL","32cf4709-6a64-5e0e-99d1-f8c5a4317fc3","2016-08-15","hackernews","title","1"
"NVDA","32d7f2e6-6c49-5755-976d-00c7c18a99ea","2024-10-08","hackernews","title","1"
"WM","32db1962-27b0-5217-9702-a368519c8687","2025-07-29","sec_filing","10-Q","108"
"TEAM","32dbea82-d286-5245-a042-bd994888d9c0","2022-02-08","hackernews","title","1"
"DELL","32e09f45-76e6-57ab-8179-81de9f78bafe","2026-06-01","hackernews","title","1"
"NVDA","32f0da11-7a8b-5309-9b50-58d83e81b77e","2016-02-18","hackernews","title","1"
"TEAM","32f13da3-5916-5fa9-b20b-d443efaef2f9","2026-05-06","hackernews","title","1"
"NVDA","32f400ee-ae3e-5bf1-8d33-c3a5b0287613","2025-05-19","hackernews","title","1"
"TEAM","32f8cda0-08ee-5479-925b-fded92e2e04e","2026-08-12","hackernews","title","1"
"ADBE","32fbff70-5947-57ee-8002-9a3513e33e77","2020-07-27","hackernews","title","1"
"INTC","3301d1c8-dbfd-5d39-a937-fc1cf99d759b","2025-09-17","hackernews","title","1"
"INTC","33203a99-9ab6-52d4-8608-d2e041b51218","2015-09-16","hackernews","title","1"
"INTC","3320f162-4433-5e85-b41b-f18c9ec9629e","2023-10-31","hackernews","title","1"
"ADBE","3322743d-1ddb-5a8d-8b3a-71f73e2ea34f","2023-10-11","hackernews","title","1"
"NVDA","333c920c-a519-53b3-9d37-787206ca2457","2019-06-17","hackernews","title","1"
"ADBE","334443c8-f6e5-5cb9-8af3-ed3bad5d6005","2019-05-06","hackernews","title","1"
"TEAM","334902a2-1f94-5e08-8355-47fa5b7c0041","2017-07-27","transcripts","earnings_call","23"
"MU","334e8e6e-3a18-5e73-bf06-8a2b63a6630b","2015-06-25","transcripts","earnings_call","29"
"NVDA","33503808-4543-5077-a0e9-47af578e8ccf","2018-11-02","hackernews","title","1"
"DELL","335ab92b-9df0-519b-8d45-a61f94f7ad98","2024-05-09","hackernews","title","1"
"INTC","335f86f6-2ef4-5bc3-8cb7-4e11cc06e3c6","2024-08-04","hackernews","title","1"
"WM","3360c11d-8042-5b25-a3a4-1a928c64ea60","2018-07-25","sec_filing","10-Q","107"
"INTC","3364c6e5-1643-5742-94f3-34b9d3e304ef","2017-10-13","hackernews","title","1"
"INTC","3391e164-85b0-59bd-9721-1a5b0b83938f","2025-01-31","sec_filing","10-K","337"
"ADBE","33936398-9bed-5574-b096-d8d6e3a44044","2025-09-11","transcripts","earnings_call","34"
"TEAM","339b150a-43a6-5247-b69e-f93f15f42334","2022-02-21","hackernews","title","1"
"NVDA","33b069cf-039a-5ee1-afed-9e628d93dcaa","2018-05-08","hackernews","title","1"
"DELL","33b1ee1c-f3ab-5b7b-96f4-c08eb449f313","2018-03-19","hackernews","title","1"
"ADBE","33b4d3c7-0270-5d46-b8e7-3abe3d291c44","2015-04-29","hackernews","title","1"
"MU","33ba8b19-922d-5b51-848e-5dde92e55bae","2018-07-16","hackernews","title","1"
"DELL","33beb290-536d-5cab-9da7-d1d9883e92a6","2015-03-05","hackernews","title","1"
"INTC","33c17228-1c39-5719-a0a7-65a1d2edc9ff","2026-08-26","hackernews","title","1"
"TEAM","33c1e84f-9105-5e6a-a5c9-23bf9ad4647d","2016-08-17","hackernews","title","1"
"INTC","33d6d48c-bb37-589f-8b9c-ac9d43f35702","2021-08-11","hackernews","title","1"
"NVDA","33db6bc1-0f22-5901-b68f-3f4510ac1765","2023-06-06","hackernews","title","1"
"PG","33f03dda-ec4d-5145-bd82-0f1e774e8bad","2019-04-23","sec_filing","10-Q","105"
"ADBE","33f417b7-fef1-5a12-90d7-3303e400556f","2023-08-01","hackernews","title","1"
"MU","34153012-1848-5daf-8cd8-27660069f0eb","2021-09-28","transcripts","earnings_call","32"
"INTC","34178a71-ae0a-5d2c-b134-9fe0511199f5","2015-05-13","hackernews","title","1"
"ADBE","341f837f-1faa-5b95-b3e6-2b46054b37ca","2016-06-27","hackernews","title","1"
"DELL","341ffa8f-9697-5fec-8cd9-74f5fa437044","2019-04-30","hackernews","title","1"
"MU","3422c35b-3025-5585-b9ac-6f43bad11f2b","2019-06-26","hackernews","title","1"
"NVDA","342319ab-edc7-5368-a031-65930b233124","2020-01-10","hackernews","title","1"
"NVDA","3427b1c5-a308-5228-bcc9-56fe4253383b","2026-02-20","hackernews","title","1"
"MU","3444eb4b-a0f4-5d29-bf0f-40ea1eca9d92","2015-03-27","hackernews","title","1"
"INTC","344931fa-3758-524f-8dc3-f50824b2bc54","2016-01-10","hackernews","title","1"
"INTC","3453bb89-1795-5799-893b-e9eb64e06656","2022-10-08","hackernews","title","1"
"WM","34563420-d4c1-5f0d-a8d1-858a98a87457","2012-07-26","sec_filing","10-Q","142"
"INTC","346ad5bf-c27c-5a8d-a95e-7868354a20ac","2015-07-30","hackernews","title","1"
"NVDA","3473da81-692b-5957-989a-81a68aaf4b02","2021-07-02","hackernews","title","1"
"NVDA","3474e038-961e-586f-bf0a-d905673a8273","2025-10-28","hackernews","title","1"
"INTC","347dd38f-83bd-52f7-a29c-855bd1668082","2025-06-21","hackernews","title","1"
"NVDA","3482173a-d16f-5ddb-95a5-9f61be8f60d0","2017-08-12","hackernews","title","1"
"NVDA","348de5e4-4825-570f-b41f-208f0b39c839","2019-11-28","hackernews","title","1"
"NVDA","349668be-358b-5c23-ae46-0a7de674bcde","2023-09-29","hackernews","title","1"
"TEAM","3498b656-6461-55ea-9209-0d051be0b97c","2023-11-08","hackernews","title","1"
"INTC","34993387-81d4-55c8-b264-20adc825b26d","2024-02-13","hackernews","title","1"
"DELL","34a2ee4d-6d5f-5d1e-a62b-3c5afdee5773","2024-09-07","hackernews","title","1"
"MU","34aba5d0-58da-5781-83dd-b6c84c37e428","2023-03-29","sec_filing","10-Q","137"
"NVDA","34af12ab-b29c-5210-b2c4-d34e67593cff","2022-05-20","hackernews","title","1"
"INTC","34b1cf51-23e6-5793-983b-10947f0544de","2021-11-15","hackernews","title","1"
"INTC","34b2f9e2-889f-5bad-a741-389b97ae52e4","2026-05-09","hackernews","title","1"
"DELL","34c85189-3449-51a1-9720-0547fe28bb95","2018-02-12","hackernews","title","1"
"PG","34d018ac-0dce-5412-a57f-338b1bc5c9ff","2019-10-17","hackernews","title","1"
"TEAM","34d13cbe-2415-5434-aa0e-9e3918bd14ca","2026-07-11","hackernews","title","1"
"PG","34da318d-86e0-5c70-97a8-125ecfb05e00","2015-08-07","sec_filing","10-K","219"
"DELL","34e4f445-1c30-58c4-85b4-d028ecb37bc4","2026-01-14","hackernews","title","1"
"INTC","35049ee1-97ef-5dda-ba25-6cddcbfeb2ba","2024-03-07","hackernews","title","1"
"DELL","3504d8f3-fc19-545c-90b4-3e5686d19c03","2016-03-04","hackernews","title","1"
"TEAM","3513e26d-a920-503c-a76f-03be0593d180","2018-10-03","hackernews","title","1"
"INTC","3515c0e7-2379-5f85-ae7f-0e2d7dcf35a6","2017-08-15","hackernews","title","1"
"DELL","3516a670-983e-5e6e-b565-457dfbab1c42","2021-01-23","hackernews","title","1"
"INTC","352610bf-3595-51dc-9e11-301d0f158647","2017-07-27","transcripts","earnings_call","27"
"TEAM","3526f026-a25e-5adb-aa77-3c7c32dfa348","2020-07-26","hackernews","title","1"
"NVDA","35279428-3dad-5f72-a2b2-a2e37cb9ec0e","2016-02-25","hackernews","title","1"
"NVDA","352ae076-4cf3-5159-8b6d-d367c9ff22f2","2023-07-19","hackernews","title","1"
"MU","352c94f0-07a6-5be6-976e-e7a51ca906c6","2021-01-27","hackernews","title","1"
"MU","3533c1e2-4917-5ec5-beea-ae62a20d1ffd","2021-04-02","hackernews","title","1"
"TEAM","353853a3-01c0-55de-b15d-739b95e393a9","2023-05-25","hackernews","title","1"
"ADBE","353bc535-7c42-5b6d-952a-092f1b7e9c5c","2016-12-16","hackernews","title","1"
"INTC","3543a7a8-9bf2-59a6-9bea-386b9a4ce437","2026-06-15","hackernews","title","1"
"INTC","3548b9fc-33d4-55c2-bfda-90c575484fa9","2020-05-20","hackernews","title","1"
"TEAM","35498429-e2a8-5f7a-b742-a93006cd36e5","2015-11-12","hackernews","title","1"
"ADBE","3566fe22-ebd0-56b5-93f9-544d30a36148","2024-01-15","hackernews","title","1"
"MU","35680d61-6c1d-5be0-96df-0ddbddc773ae","2026-08-20","hackernews","title","1"
"DELL","35695c71-5ddd-55c8-8270-0e115c33b60a","2026-02-22","hackernews","title","1"
"NVDA","35749c8c-d85b-58a1-b182-45b992caa529","2020-11-16","hackernews","title","1"
"NVDA","357502b8-18e4-58ad-84b7-e370f45ddb8a","2019-05-16","sec_filing","10-Q","63"
"INTC","3578a34f-29c8-55e8-8d4e-8b2b056a2e8c","2024-09-27","hackernews","title","1"
"MU","357da995-ffa2-5eee-8308-703af0aee107","2019-04-24","hackernews","title","1"
"NVDA","3583d6c0-47d3-5675-9439-16e9a39a5975","2016-04-05","hackernews","title","1"
"NVDA","35947cd2-424c-5fa4-8f74-185b57c96673","2024-06-02","hackernews","title","1"
"ADBE","359cdb1a-6b9a-5e3a-b698-09f633fab410","2019-10-26","hackernews","title","1"
"DELL","35cdaad6-3f34-56d7-8428-fb519f99ad8e","2022-02-09","hackernews","title","1"
"TEAM","35d48776-5f7c-5574-8ff6-608cda227819","2021-06-30","hackernews","title","1"
"TEAM","35dac7bb-60d4-5329-9756-cbb001fb0385","2022-01-14","hackernews","title","1"
"MU","35e29671-e1c9-5baa-a5cb-866a09a43d56","2026-06-26","hackernews","title","1"
"TEAM","35e2e942-4cb0-5710-bd66-f4778a26786b","2019-08-03","hackernews","title","1"
"NVDA","35f2fcd0-e507-5d9f-946e-22f5b9eb57d3","2025-07-04","hackernews","title","1"
"WM","36020b2c-534c-5c61-a9d0-ce72ed7e2c12","2023-04-27","sec_filing","10-Q","95"
"INTC","360eba99-cd19-5032-82d9-d1cd0dbf6ca4","2021-09-12","hackernews","title","1"
"CAT","36143535-4552-5834-9383-74e003282ab4","2016-11-02","sec_filing","10-Q","239"
"NVDA","36173e8b-00e7-5dbb-a709-fef6feb59447","2024-08-23","hackernews","title","1"
"INTC","361cb188-1cfa-55de-b8ca-077197ab587c","2015-02-23","hackernews","title","1"
"ADBE","362db516-3a56-558d-817e-f038bad2bc84","2022-11-02","hackernews","title","1"
"NVDA","3640737d-a0db-5a58-b43d-a9bab8e1f9bb","2026-09-13","hackernews","title","1"
"INTC","3642f597-07a6-5350-a134-02eb17aa6815","2025-05-10","hackernews","title","1"
"INTC","3644a802-4ad1-52a9-af01-6ce470d95512","2015-02-06","hackernews","title","1"
"NVDA","3646eeb2-f686-578a-97c5-33538652c7ce","2023-05-06","hackernews","title","1"
"ADBE","3649ac8a-4d9f-5356-95ad-ec2aff0190a7","2025-10-17","hackernews","title","1"
"INTC","364e0f93-b3df-585f-b7a7-a91aa4b9b795","2022-09-12","hackernews","title","1"
"INTC","3650c28b-e54d-5169-80cb-d24064880838","2025-08-18","hackernews","title","1"
"PG","3652d8f4-4542-50bc-864f-3464cd7c676c","2016-04-26","transcripts","earnings_call","37"
"INTC","3653c05a-9111-51cd-9ebe-d8a91ca926ae","2016-02-05","hackernews","title","1"
"DELL","3669498a-a984-5620-be14-e4d1c7970e0a","2015-09-02","hackernews","title","1"
"MU","36722100-6394-5f79-b642-3f3e6a7a1e1d","2024-04-15","hackernews","title","1"
"ADBE","369562dd-de9f-5583-92f5-ed4455baae5d","2025-05-01","hackernews","title","1"
"NVDA","369bcb11-f2f4-516c-b8f0-70427b57e970","2015-06-13","hackernews","title","1"
"ADBE","36acde72-47bf-5a97-98cb-bd1b3b7d8563","2025-01-13","sec_filing","10-K","255"
"INTC","36ad4774-3414-5876-94a7-0492d48507ff","2017-08-28","hackernews","title","1"
"TEAM","36c4695d-ff06-5c29-b3bd-224dc259c614","2025-07-07","hackernews","title","1"
"ADBE","36cca456-dda0-5fe9-9579-54137a8fef1e","2012-12-13","transcripts","earnings_call","34"
"ADBE","36d6aa15-6189-56df-94f1-577f30a9857b","2025-03-26","sec_filing","10-Q","130"
"TEAM","36d807ef-8c31-5591-a4b8-cfeb5f041001","2018-05-25","sec_filing","6-K","2"
"MU","36d8fe08-ac91-5615-a7a6-3abd355ff707","2024-09-25","transcripts","earnings_call","28"
"ADBE","36f13254-2d74-5892-9e55-1233fd408d4d","2018-04-26","hackernews","title","1"
"TEAM","36f24447-b2c8-57bc-bf60-2e1c1e56c59e","2020-12-04","sec_filing","6-K","4"
"INTC","36f8a16f-2522-520a-9a51-576a36293c11","2018-11-15","hackernews","title","1"
"DELL","370a1f16-42d1-5b64-b934-7c6ac2a39bc3","2016-08-12","hackernews","title","1"
"TEAM","370b8b80-7cb0-511b-89fe-383f2e03a301","2021-02-17","hackernews","title","1"
"NVDA","371016f6-c131-5ffd-8443-21191323ea55","2017-04-06","hackernews","title","1"
"DELL","3710f0a7-08b6-51af-8166-dcfd570b5ea2","2025-05-16","hackernews","title","1"
"NVDA","37201a2b-c097-5ce4-b662-b49369adb706","2024-02-07","hackernews","title","1"
"INTC","372c37a2-aa33-55c8-ab6c-96df766bae1f","2018-02-15","hackernews","title","1"
"INTC","372ee068-d4e7-553e-8680-08b64ef01db1","2019-11-15","hackernews","title","1"
"INTC","37327d24-4c1f-527a-a692-05af2491cd1b","2024-02-23","hackernews","title","1"
"TEAM","3735519c-755c-5c6f-8145-59e27e83577c","2017-09-01","sec_filing","20-F","329"
"TEAM","37388684-40d2-5563-aa8b-9305d8ad59b9","2025-01-22","hackernews","title","1"
"INTC","373b2bb4-a234-5e0c-9b05-db6f6495d1ac","2020-05-08","hackernews","title","1"
"INTC","374d0af4-1c8f-5176-a544-726aa5c379f9","2024-02-15","hackernews","title","1"
"NVDA","3756bb12-ccc6-54a0-bca4-62568dc4ed60","2026-06-06","hackernews","title","1"
"ADBE","375e6e33-b5c0-54ef-9096-76e02361c1c1","2016-02-12","hackernews","title","1"
"DELL","37642eaf-4fa3-5367-95ff-f22b6c530081","2018-04-16","hackernews","title","1"
"INTC","378df835-ad19-56bf-91b9-d4448899f8cf","2017-06-07","hackernews","title","1"
"INTC","378eee7b-3543-548d-9fcf-82805e4e735a","2026-05-30","hackernews","title","1"
"INTC","37b18318-824a-509f-881b-fcd9bf9638df","2022-08-01","hackernews","title","1"
"ADBE","37b5ace2-cd53-52c4-9669-5e7b547bc351","2023-06-01","hackernews","title","1"
"INTC","37b5b95a-8d98-5c5b-8e9e-a04e997dce20","2018-01-03","hackernews","title","1"
"ADBE","37c12247-c558-5321-842a-8fd29222330c","2023-05-11","hackernews","title","1"
"MU","37cc1d60-982b-5517-a0ee-f26885ebe507","2023-05-24","hackernews","title","1"
"DELL","37ce0629-fbaf-523c-9023-7b37e3fedd7f","2023-08-31","transcripts","earnings_call","31"
"INTC","37d251b1-ce4e-58b8-9f60-24240375c78b","2017-07-25","hackernews","title","1"
"INTC","37e1d501-3603-515a-9c47-ba9603a1f8e7","2017-12-15","hackernews","title","1"
"ADBE","37eaf890-d722-51d1-8600-3ae398fb66bc","2019-12-24","hackernews","title","1"
"NVDA","37f104e2-fcb1-564f-abe1-9dc9bcec602d","2023-07-12","hackernews","title","1"
"INTC","37f453e1-a83f-56fe-acb2-4320c37e3805","2017-11-07","hackernews","title","1"
"INTC","38199931-928d-51c8-86be-091c62b91023","2022-06-07","hackernews","title","1"
"INTC","3823d92d-9232-5b5c-bbe8-ed176c40a260","2020-05-01","hackernews","title","1"
"MU","38274bb0-adae-5419-bde7-2859d8b44466","2015-10-27","sec_filing","10-K","252"
"NVDA","384246c7-cb9b-5654-bf73-352551f93347","2025-10-20","hackernews","title","1"
"ADBE","3847c8d4-8284-5413-a4c1-cbf889d2bfa6","2021-08-24","hackernews","title","1"
"ADBE","38516f90-bc63-5777-89d8-ff6074c21d1d","2018-12-12","hackernews","title","1"
"NVDA","385b0640-3931-52fa-a5a6-a7f71ebf8882","2022-06-08","hackernews","title","1"
"INTC","385cca0b-4396-5994-b17d-b9d8ef2a2d7d","2026-01-26","hackernews","title","1"
"DELL","38760be7-303e-5f7b-b7d5-01554ec1e99a","2019-08-21","hackernews","title","1"
"MU","38791192-9a63-512b-852e-eb3f85840417","2020-03-29","hackernews","title","1"
"MU","38856b84-7bbb-53f5-9c63-286c3020a212","2017-12-19","transcripts","earnings_call","30"
"NVDA","3895c024-bb89-5d8e-ab59-d74057f5b0b1","2025-08-29","hackernews","title","1"
"TEAM","38b80a90-9210-5fbc-b454-65f07898dcd5","2017-05-22","hackernews","title","1"
"ADBE","38b8c473-29d7-5f0f-96c3-db613eabb235","2019-11-24","hackernews","title","1"
"ADBE","38bae651-0ec7-558e-a25b-c8b426c712c6","2018-02-02","hackernews","title","1"
"INTC","38c10ba8-e269-527a-91cf-5879778c85f1","2016-12-04","hackernews","title","1"
"TEAM","38c81cd7-2cb2-58e6-82da-c712a2020233","2020-05-01","hackernews","title","1"
"INTC","38d1f126-8c22-59dd-9c2a-dcc829b4e215","2026-07-29","hackernews","title","1"
"MU","38d4604c-cc50-5944-b483-815e64ea3600","2018-10-30","hackernews","title","1"
"INTC","38d61820-a4a5-5abb-92d7-c0375c16c4a7","2015-05-13","hackernews","title","1"
"ADBE","38dc8305-7589-57aa-ae15-a3fa6fb5da14","2021-05-15","hackernews","title","1"
"INTC","38e8abb4-baeb-5627-ae57-1c485e456e82","2022-01-26","hackernews","title","1"
"INTC","38eea1f0-730e-5f32-bf17-3f4ba85122e4","2021-06-07","hackernews","title","1"
"TEAM","38f19558-56fb-5665-a08e-cb76d90a22cd","2019-03-21","hackernews","title","1"
"ADBE","38f6aafa-8c37-52f3-a6c4-1f48ba7d2d2b","2018-03-26","hackernews","title","1"
"NVDA","390bd598-f309-59fd-ab99-3892444a0244","2022-03-07","hackernews","title","1"
"NVDA","3911f2c4-84ea-5773-9238-8178e444da50","2022-05-11","hackernews","title","1"
"ADBE","3916b5d7-18e3-59b3-96ea-4d373da333f8","2022-03-08","hackernews","title","1"
"DELL","39215b20-6694-5c1c-b8c9-148317ba7500","2016-11-02","hackernews","title","1"
"TEAM","392d5ff0-1b59-5bed-be85-d714dbacd674","2015-10-06","hackernews","title","1"
"DELL","39447efa-4335-5ad5-b5b5-c2fef2671ec0","2024-09-24","hackernews","title","1"
"PG","395a5f31-49f1-5a17-8464-08f5ad83a678","2022-01-19","sec_filing","10-Q","93"
"ADBE","395ed859-76a4-5f8c-be31-ac9688ced6ed","2015-08-02","hackernews","title","1"
"NVDA","396ae08b-653b-5464-b8fc-0bd569c62e9e","2021-03-10","hackernews","title","1"
"MU","3998a1fd-be71-5cab-8c1a-f6dcf478581f","2018-05-03","hackernews","title","1"
"TEAM","39a1a684-954e-5830-80c2-b85bee3fd126","2019-04-26","sec_filing","6-K","183"
"INTC","39a68d21-5516-515a-bba0-3436ebbbbf97","2016-05-02","sec_filing","10-Q","104"
"PG","39a9e8c7-0c08-5b86-babc-8a0b889d21ab","2014-04-23","sec_filing","10-Q","78"
"ADBE","39b299ce-6fbf-5b41-b88e-a34418a67346","2019-07-09","hackernews","title","1"
"INTC","39b498c6-783a-587c-8ef2-57cb96d5ec66","2020-08-06","hackernews","title","1"
"TEAM","39b6faa6-ac57-5dd2-bf2e-4de58d0dc2ea","2018-07-26","hackernews","title","1"
"DELL","39b7becd-c076-5ed3-8d92-eb3e712943d4","2022-02-24","transcripts","earnings_call","33"
"INTC","39bac06d-bfde-52d1-a6e5-276c3ef6841f","2016-08-17","hackernews","title","1"
"INTC","39c5f66e-0e00-5844-b9e1-9671605a8107","2018-12-24","hackernews","title","1"
"PG","39c62cd3-0e4d-56fa-bdf2-23117f94cd61","2017-04-26","sec_filing","10-Q","94"
"ADBE","39d180c4-04f8-5cff-ac39-f9ac67efec7a","2015-03-31","hackernews","title","1"
"INTC","39df93fb-e3c2-53b0-9665-f2482f1a8337","2022-04-16","hackernews","title","1"
"TEAM","39e2b143-1fb2-5a96-955e-6727a1ee54af","2018-07-27","hackernews","title","1"
"ADBE","3a01a10b-6bf4-5b76-9ae8-c2343e29f75a","2015-03-17","hackernews","title","1"
"TEAM","3a0a7cff-1d99-5c80-99b4-1491a9b62557","2016-05-24","hackernews","title","1"
"TEAM","3a161f19-48b9-5a32-af49-8bfdfeff68df","2016-06-07","hackernews","title","1"
"MU","3a3d074f-6c4f-5a2c-ac4b-bda58420c19f","2025-09-23","transcripts","earnings_call","25"
"DELL","3a442759-4555-5e70-a793-54a8a466e4b1","2024-03-19","hackernews","title","1"
"ADBE","3a50ba01-e02d-520e-8fbc-64164db992c0","2015-06-16","transcripts","earnings_call","35"
"ADBE","3a577b64-f702-505a-937e-398ff12077ab","2024-06-08","hackernews","title","1"
"ADBE","3a5a7e9d-fa80-58b8-b260-afdffbf3c496","2024-08-13","hackernews","title","1"
"NVDA","3a746e46-13ae-5200-a4ee-c49af9ab0cfb","2023-11-25","hackernews","title","1"
"NVDA","3a794710-0ed9-5735-9bc1-21d2a518c440","2015-12-15","hackernews","title","1"
"ADBE","3a7a860f-bc50-5946-b392-2f0aa9d7320b","2019-07-01","hackernews","title","1"
"NVDA","3a8da94b-00d2-535d-b2ee-9155504cd0e5","2019-04-08","hackernews","title","1"
"DELL","3a8f3b8b-4323-58da-a329-480098160ad4","2016-03-08","hackernews","title","1"
"TEAM","3aa13ec1-ff74-5f27-a323-b92d7d8d8603","2022-09-13","hackernews","title","1"
"NVDA","3aa3e8f7-8b9e-5a2a-abc4-91dc9778a963","2012-08-22","sec_filing","10-Q","143"
"ADBE","3abebc30-87b0-5faa-9407-c0a33f82690f","2026-04-18","hackernews","title","1"
"NVDA","3abf018d-6063-5fb9-8722-221654dedfb8","2021-05-27","hackernews","title","1"
"NVDA","3abfa8df-88e6-5eee-8dbd-c92d4d61fef0","2024-03-19","hackernews","title","1"
"INTC","3addf686-8300-5c5b-ba27-079b1d959039","2019-11-22","hackernews","title","1"
"DELL","3aed0880-b15e-5126-bca8-f1ecd0bfa9d5","2013-03-12","sec_filing","10-K","276"
"TEAM","3af0b39a-5ef9-5ee6-acf5-d9765d83e660","2016-03-01","hackernews","title","1"
"ADBE","3b027ac9-6989-537b-b648-aa2c9bb7d680","2017-10-18","hackernews","title","1"
"ADBE","3b08282c-b084-5d5a-90da-57a2318887a8","2024-09-09","hackernews","title","1"
"DELL","3b319196-3e45-5ab7-8573-9de7d5e2ed21","2020-12-22","hackernews","title","1"
"ADBE","3b324ae3-83ab-55e5-986c-7064c1d70321","2019-09-10","hackernews","title","1"
"ADBE","3b357f02-4045-5f87-98d2-28eb67747c81","2017-10-18","hackernews","title","1"
"INTC","3b373065-fa0a-5265-aaaa-4912302d11b9","2019-08-21","hackernews","title","1"
"DELL","3b3e4dd3-18cc-5e51-8f8c-64e0c6a24020","2024-05-09","hackernews","title","1"
"ADBE","3b3f4d12-8282-5634-9f8e-212ae8253ab1","2020-12-24","hackernews","title","1"
"INTC","3b55e956-2c15-5a8a-9f91-99623697a062","2025-01-16","hackernews","title","1"
"ADBE","3b611318-8560-5659-9984-7044a8141984","2021-09-11","hackernews","title","1"
"ADBE","3b643d04-a781-59a1-802b-11f948aaf6f3","2020-05-14","hackernews","title","1"
"TEAM","3b7160b1-b700-5de6-8c89-111a1f1e4f29","2025-10-09","hackernews","title","1"
"CAT","3b880b1d-1569-5fd7-961d-7bcefd01f05c","2021-06-23","hackernews","title","1"
"MU","3b9e2e98-ce6f-53cf-b5ac-1b11e61fc11c","2023-12-21","sec_filing","10-Q","119"
"DELL","3bb5b9f6-4484-5af5-abe2-db9f0f1ab09c","2024-02-06","hackernews","title","1"
"MU","3bbc3f17-e0c0-5a7c-ad6b-8d3019c713fa","2021-07-01","sec_filing","10-Q","145"
"DELL","3bcc08bc-6455-5ed1-84d6-6265d9a7d96d","2025-11-22","hackernews","title","1"
"INTC","3bdbf51f-ec57-5f19-8fcc-168be2ba4fb0","2015-10-09","hackernews","title","1"
"ADBE","3bdf3f82-8992-5cbc-8d55-d2b1087a3020","2022-06-24","hackernews","title","1"
"TEAM","3bea9a77-5c0d-5e76-a203-4466628ece4e","2017-07-26","hackernews","title","1"
"NVDA","3c346436-a094-5f29-ae12-2c5deb19d6ba","2017-06-12","hackernews","title","1"
"INTC","3c34f538-ccea-5597-aea5-776661165ff5","2019-01-07","hackernews","title","1"
"NVDA","3c544134-a960-53c4-8f74-e361e900257e","2021-12-02","hackernews","title","1"
"DELL","3c5695ce-b93e-5c6f-9e9b-dde8afc3f2a1","2017-03-13","hackernews","title","1"
"DELL","3c58ff0b-6cb5-5ded-97f1-e0fbe2bb2e39","2023-06-01","transcripts","earnings_call","29"
"DELL","3c622dcc-976d-5601-8a7a-847a4270c2f8","2013-08-28","sec_filing","10-Q","143"
"MU","3c6b4498-84ab-5ccd-a127-d0e8d3360314","2024-03-23","hackernews","title","1"
"NVDA","3c6bfb3b-99e7-58a2-b21e-6deb7753458e","2017-12-24","hackernews","title","1"
"CAT","3c71f7c9-4ff7-5fa6-9f96-5cd25f1dcc2d","2025-11-03","sec_filing","10-Q","190"
"ADBE","3c8a026d-50e4-550d-b3ba-b9a9c89aae61","2016-06-21","transcripts","earnings_call","26"
"ADBE","3c90ea18-6616-57a2-94af-82f26838afa5","2023-10-25","hackernews","title","1"
"DELL","3c94216a-c286-5039-a70f-65c1c664ba83","2020-11-05","hackernews","title","1"
"ADBE","3c9ddf96-0e2c-5535-8d3a-92dacd89f0f9","2016-06-16","hackernews","title","1"
"NVDA","3c9eb41c-0888-5b07-8f76-616530d7f001","2024-09-14","hackernews","title","1"
"TEAM","3caa2b10-b066-54c3-a35a-3c39a7b30bf2","2020-05-01","sec_filing","6-K","182"
"INTC","3cb74164-2135-5095-ada2-8102dc5ce582","2024-01-02","hackernews","title","1"
"PG","3cb778ff-0c6d-550a-aac7-328bb9bf54ef","2015-10-23","transcripts","earnings_call","34"
"NVDA","3cc0a3c4-d779-5a41-9783-ea5d71446026","2020-02-05","hackernews","title","1"
"INTC","3cc9fa79-b6ac-5078-b00d-3876b6930c54","2017-12-18","hackernews","title","1"
"INTC","3ccc239f-7eef-59f8-872a-f70eb2c8a624","2025-11-14","hackernews","title","1"
"ADBE","3ccf558f-dde7-51ab-bd38-6cbb5faf3290","2021-12-16","transcripts","earnings_call","63"
"NVDA","3cdae15d-f214-5524-a894-2c0fffdd1f41","2018-03-26","hackernews","title","1"
"MU","3cdc0333-96c5-5a39-a542-23fbdba1c1bd","2018-06-20","transcripts","earnings_call","31"
"INTC","3ce22794-2dd0-57a2-ab2b-b5d07bfe65d6","2015-06-20","hackernews","title","1"
"INTC","3cfc3268-42e5-56e8-8447-921bfec2d16a","2026-08-07","hackernews","title","1"
"NVDA","3cfd79e2-b61b-51d3-82c8-aea638f8bed7","2022-08-09","hackernews","title","1"
"MU","3d000bce-bfcd-5df9-a1b9-8e07f2ec3829","2024-08-08","hackernews","title","1"
"ADBE","3d013ca4-ab42-55df-8ba6-65d31fa292dc","2019-10-11","hackernews","title","1"
"DELL","3d090dc4-31e7-51d0-8717-02dd61cd5e0a","2026-01-07","hackernews","title","1"
"TEAM","3d13c8bb-5c5a-5339-8180-2779ecfb72af","2023-03-19","hackernews","title","1"
"INTC","3d18aa7f-8d59-51e4-a639-24f93e4edcc6","2024-02-18","hackernews","title","1"
"INTC","3d1b3221-4a1d-54fd-931e-15c85a6f15e4","2019-10-25","hackernews","title","1"
"ADBE","3d1b9590-4fe9-5f78-94d1-614fb497b9fa","2024-07-07","hackernews","title","1"
"NVDA","3d25d5db-66b0-54e9-a407-b6e27fdf5751","2018-11-09","hackernews","title","1"
"DELL","3d28f2a6-67b2-5791-a4f2-2355def41c88","2023-05-03","hackernews","title","1"
"CAT","3d29a070-2742-5813-b9e6-81d622ddf7f7","2025-08-05","transcripts","earnings_call","32"
"ADBE","3d353d84-e84f-5eb9-9c8b-b1dd1521bbc2","2021-10-12","hackernews","title","1"
"CAT","3d4179b8-6125-5c75-823e-0ef45933ac9a","2025-04-24","hackernews","title","1"
"INTC","3d4a5a1e-b7a0-5967-b4c9-defc980f09d7","2026-09-18","hackernews","title","1"
"NVDA","3d4eda31-9fc2-5c41-9060-4ef7b8a79008","2024-08-28","sec_filing","10-Q","103"
"WM","3d5ac5e0-4d96-54c3-a589-b35533c1b29f","2023-07-25","hackernews","title","1"
"MU","3d601440-4ef3-570f-b6f9-cfe16d8f7056","2023-07-04","hackernews","title","1"
"TEAM","3d61e6fc-71ed-5958-96cb-a004cb59293a","2016-08-04","sec_filing","6-K","2"
"NVDA","3d9555b5-ae0d-52ef-9562-aff96e0100e0","2017-07-04","hackernews","title","1"
"ADBE","3da0da0d-dfc7-5f10-aa91-c71675de1dac","2015-07-28","hackernews","title","1"
"INTC","3db23b28-f3fa-551e-aeca-cf37ca657744","2021-06-22","hackernews","title","1"
"PG","3dc0fb70-8525-5bd0-b0ab-b804576ada57","2018-04-19","sec_filing","10-Q","92"
"MU","3dc2e535-2c22-5fd3-a713-8070429082f8","2020-06-29","transcripts","earnings_call","32"
"INTC","3de42bce-dcb1-57d4-ab02-c928508a98c7","2021-11-20","hackernews","title","1"
"NVDA","3dea2927-8f9f-573a-ad76-e4c8a41f2d49","2021-06-04","hackernews","title","1"
"INTC","3e002a56-51bd-57b5-a55b-e08c247e894c","2025-11-28","hackernews","title","1"
"CAT","3e16937e-8f19-5ec3-914a-462df0836479","2022-02-16","hackernews","title","1"
"ADBE","3e286bcc-6cf8-5bf8-b69a-1c0b267cefc0","2019-12-06","hackernews","title","1"
"ADBE","3e2e23a1-2643-5fd5-bd43-abf183e2c7a7","2022-06-21","hackernews","title","1"
"ADBE","3e319023-9dba-53d8-adb8-bee699219fe9","2023-02-09","hackernews","title","1"
"TEAM","3e431d61-41e7-5fec-a511-b6ed22318161","2017-12-04","hackernews","title","1"
"INTC","3e43aa72-cc4a-5078-92f4-880bd6c8a5ca","2015-02-07","hackernews","title","1"
"MU","3e4c2f7f-9670-59f9-bb58-6c2290b08de6","2024-11-13","hackernews","title","1"
"ADBE","3e4d4c33-9517-58bf-b587-4a68bb667146","2025-02-25","hackernews","title","1"
"NVDA","3e52ff81-6ab4-546f-8997-e297eb9dd4f2","2020-09-12","hackernews","title","1"
"INTC","3e5654a1-5fcd-54b4-90eb-f658d2448e86","2026-07-19","hackernews","title","1"
"ADBE","3e5f9176-3ea0-59a6-bdc2-c64e00617080","2021-08-17","hackernews","title","1"
"DELL","3e65688e-f985-541c-adea-45fa37ee4cff","2016-06-20","hackernews","title","1"
"DELL","3e85d653-02fe-58e9-b967-0d7243be6f95","2025-05-30","hackernews","title","1"
"NVDA","3e93a550-4443-5dbb-9283-d92492cc269f","2019-03-18","hackernews","title","1"
"INTC","3ea2b428-fc12-5823-9c12-397d85a2125e","2023-07-24","hackernews","title","1"
"ADBE","3ea6a5fb-d65a-5ea0-a7bf-b8d25f11510a","2015-02-22","hackernews","title","1"
"NVDA","3ea79e63-3872-59a8-bcf2-f2c6d562d279","2025-11-25","hackernews","title","1"
"DELL","3eb726e1-70e5-53e0-8864-0a6f0fb968b6","2020-08-29","hackernews","title","1"
"NVDA","3ec054c6-cefb-5575-956a-6dfbf457abcb","2025-08-25","hackernews","title","1"
"MU","3ecb986a-cd5e-59b8-8a69-235e2c9d6ef5","2019-10-24","hackernews","title","1"
"INTC","3edb670d-9540-5b01-a1a2-9d5922883b74","2025-03-23","hackernews","title","1"
"INTC","3edbf16d-8421-57c9-b2e5-177612cbdb76","2022-09-13","hackernews","title","1"
"TEAM","3eded0c2-8971-566c-aab6-d0db5d52560b","2019-07-25","sec_filing","6-K","2"
"DELL","3ee6d056-bb39-5198-9b44-e8f38ad68d0f","2015-05-30","hackernews","title","1"
"ADBE","3ee7a429-30c0-5a4a-beb7-04768765ccad","2023-10-05","hackernews","title","1"
"DELL","3f15c4fe-0dc4-5fb7-a031-6986a733faca","2017-01-02","hackernews","title","1"
"INTC","3f244d8f-1cb8-549e-b3e7-8468c9152e37","2022-12-21","hackernews","title","1"
"WM","3f344576-e28d-5e66-881b-ed5bf5bf5768","2014-07-29","transcripts","earnings_call","33"
"INTC","3f511436-763a-55f2-b150-7a9615191cb2","2021-04-12","hackernews","title","1"
"INTC","3f5ae720-8a48-5a98-b179-7b25a9a50e9e","2025-10-20","hackernews","title","1"
"INTC","3f68a458-7af2-5771-9a35-33d13493254b","2015-09-09","hackernews","title","1"
"INTC","3f6ba619-ff5d-5c6f-9f99-9617a4c006ae","2025-10-09","hackernews","title","1"
"ADBE","3f6cd398-7684-532a-9abc-3a5a1b390a23","2022-02-18","hackernews","title","1"
"INTC","3f7291d1-1636-5189-a1e1-0f3267f0f133","2015-12-03","hackernews","title","1"
"INTC","3f9705b1-8fba-5333-b39a-c3e41d7840d6","2022-03-26","hackernews","title","1"
"TEAM","3f9cc348-ec0b-55f2-9671-500ba2215ded","2018-07-02","hackernews","title","1"
"MU","3f9e4ea3-f8b6-54cf-b7b0-4fa190bb1b27","2015-04-01","transcripts","earnings_call","34"
"TEAM","3fa06495-b6fa-5d39-9be6-bae6cf166cc9","2022-06-24","sec_filing","6-K","2"
"TEAM","3fa0ff4b-8ff9-5e0e-b016-100ce60824df","2023-03-07","hackernews","title","1"
"INTC","3fa51235-ad03-5f20-be0c-eedd1d7b87aa","2016-08-21","hackernews","title","1"
"MU","3fa54efd-15bd-5585-bfb8-d2b1a03e224e","2026-01-17","hackernews","title","1"
"INTC","3fac8d2d-88a7-5e5c-82c1-161fddbf26f8","2016-01-14","transcripts","earnings_call","26"
"DELL","3fb00810-d2e3-5f18-bc3c-48da7555802b","2026-05-14","hackernews","title","1"
"ADBE","3fb86384-e5a2-5b3c-a5b3-c7eee30a7cd0","2023-07-18","hackernews","title","1"
"INTC","3fcb5d28-757d-57e0-831b-5f862d4d2351","2020-12-11","hackernews","title","1"
"INTC","3fdf5a1b-bcc7-547c-a72f-5f2ef0cd14ba","2018-02-26","hackernews","title","1"
"TEAM","4008b29d-1afc-553b-a28f-c9d2ca468eef","2015-12-10","hackernews","title","1"
"MU","40146764-f47a-59e6-aa8b-ad85276b6675","2015-01-06","transcripts","earnings_call","31"
"NVDA","4016f6b8-56b0-5db6-b6ff-d3e63db86aa8","2019-01-07","hackernews","title","1"
"TEAM","401e38db-05e2-5534-81bd-59c14f39024f","2026-01-13","hackernews","title","1"
"NVDA","402422ab-c575-56c7-86dd-81e39e43f69d","2018-05-10","transcripts","earnings_call","31"
"ADBE","4024d0d6-57dc-53f6-845e-ece56562e254","2015-10-14","hackernews","title","1"
"INTC","40272657-cc9e-5a6e-90d4-83260dd853ba","2017-06-19","hackernews","title","1"
"INTC","403782fc-8ad3-5934-8263-9fffdf5229ad","2016-10-03","hackernews","title","1"
"DELL","4039dd31-cab2-54d5-9d9b-82f5a77d7b1a","2020-06-26","hackernews","title","1"
"DELL","403a7b74-c81c-5580-a6cf-98d6abb98f2b","2021-12-21","hackernews","title","1"
"ADBE","40428456-3b06-53b3-8d99-aa83f1aeeb76","2024-09-12","transcripts","earnings_call","33"
"MU","40460067-6394-5998-b0eb-74edd360e0cf","2023-06-29","sec_filing","10-Q","141"
"WM","404cb031-963f-5c99-8cf0-93f9484386a3","2012-02-16","transcripts","earnings_call","28"
"TEAM","404cdc49-53ba-56ca-b8cd-87ea9f06d608","2021-02-26","hackernews","title","1"
"INTC","40547b5a-75fa-5162-be1e-618aa35d78a2","2019-10-02","hackernews","title","1"
"MU","4056bcf1-1795-519b-ba8b-c2987c755251","2021-03-16","hackernews","title","1"
"TEAM","4068198f-636b-5942-8118-0658e320477e","2022-01-14","hackernews","title","1"
"NVDA","408b34f2-9cb3-5d5c-92f4-df9efae84592","2020-02-05","hackernews","title","1"
"ADBE","40ab3f6b-d1fc-5ca7-ba0c-99f1e8fddc4b","2022-06-21","hackernews","title","1"
"ADBE","40b22bdb-7a47-5a3d-8313-23ca4bfaafd2","2015-12-10","transcripts","earnings_call","34"
"ADBE","40c588ed-80cd-54d6-8e88-27b4242d0d0b","2022-09-15","transcripts","earnings_call","34"
"DELL","40c92011-465b-5510-83eb-45c7a4ff9ce1","2018-06-12","sec_filing","10-Q","169"
"INTC","40cb208d-0e05-5b74-9d72-a451061568fc","2024-12-08","hackernews","title","1"
"NVDA","40d8ca5b-af39-5d23-b4b6-75f55f27405b","2015-11-20","hackernews","title","1"
"NVDA","40d98c28-109a-5f98-bb01-a0bd1189d2bc","2019-11-24","hackernews","title","1"
"WM","40dbbd1c-c4d4-5d9e-ae67-c58c57882206","2026-04-17","hackernews","title","1"
"ADBE","40eb9452-b412-5a8b-a6a7-4a6e192281e2","2019-03-27","hackernews","title","1"
"INTC","40f0a781-c252-528a-ba9e-9f987ace217a","2020-01-27","hackernews","title","1"
"DELL","40fb679b-0096-525c-9ee4-5b891baeb62a","2015-10-14","hackernews","title","1"
"NVDA","4131fc5a-c19e-53c1-9732-68ec067db168","2023-08-25","sec_filing","10-Q","103"
"ADBE","4147fe4e-a985-5d39-850e-e92027e729a3","2018-07-13","hackernews","title","1"
"NVDA","415d4b55-87a2-5701-a923-62862fb7f443","2021-06-08","hackernews","title","1"
"NVDA","415ee75f-43bd-5f5f-95b3-8cbb239db82c","2016-08-11","transcripts","earnings_call","38"
"ADBE","416d4fb4-965c-5a62-8069-197b8710eb57","2018-12-12","hackernews","title","1"
"INTC","41b4e8f6-abb5-5fc5-ab0b-fe241685f5ad","2021-06-04","hackernews","title","1"
"INTC","41b8fdd1-6410-59c6-a9a4-2265722e4917","2022-04-06","hackernews","title","1"
"TEAM","41cec978-e0b2-59e0-94fb-f9a57c263e5e","2023-03-07","hackernews","title","1"
"TEAM","41e952ee-8cb9-51c3-9e76-7d640e1644c6","2024-04-25","hackernews","title","1"
"NVDA","41ed71e2-1d8c-5502-8e1c-b4bfcf1adf0c","2024-03-18","hackernews","title","1"
"INTC","41feb36d-a5ec-5fae-9378-25a4338f6828","2023-12-19","hackernews","title","1"
"CAT","42009a89-b36c-5b1a-896f-459c502b00f7","2021-10-22","hackernews","title","1"
"ADBE","420cabe7-e6d5-5aab-a755-fd9d206825a8","2024-03-27","sec_filing","10-Q","131"
"TEAM","42107a16-c854-5968-9fa8-b2bd6821ef00","2024-08-21","hackernews","title","1"
"TEAM","42108389-6a56-5983-bfb6-e7f83cd9a840","2015-06-24","hackernews","title","1"
"ADBE","421c09f3-3bec-582f-90ee-e1baad08d388","2023-05-30","hackernews","title","1"
"TEAM","4230abaa-b23d-5935-891d-15be3c9670e2","2016-12-08","sec_filing","6-K","4"
"ADBE","424a0e53-592a-5175-b730-2c0bf88c9412","2012-06-19","transcripts","earnings_call","30"
"NVDA","4283dcad-3b27-5fc1-abe0-0623ba19b3c9","2025-08-14","hackernews","title","1"
"NVDA","429d384f-7212-57b7-bb67-412b4b0f4e99","2019-11-06","hackernews","title","1"
"ADBE","42a2e2c1-b42f-5883-ac01-27d86dff924b","2016-03-16","hackernews","title","1"
"WM","42a680f7-3fed-50f3-859c-97088e69583d","2021-07-27","transcripts","earnings_call","43"
"INTC","42a73599-3bb5-56ac-a920-8d3f924eb66f","2018-04-02","hackernews","title","1"
"INTC","42ae5c23-086e-56db-aa74-9f00457b6503","2019-04-24","hackernews","title","1"
"DELL","42b3b1eb-9ad0-51ab-ac60-422afc09ede3","2018-11-20","hackernews","title","1"
"MU","42b52003-6025-5e78-8abe-ac1794cd786d","2017-08-09","hackernews","title","1"
"TEAM","42bfa319-353a-5ee3-9731-c7093a331574","2021-02-26","hackernews","title","1"
"WM","42c0fd26-92fa-5761-a713-f3db5f5defc0","2021-02-22","sec_filing","10-K","362"
"ADBE","42c13453-9ab5-59cd-b94c-9923ece78942","2019-09-06","hackernews","title","1"
"NVDA","42d09084-a4e9-5daa-bd6f-37e0c7d81149","2023-07-30","hackernews","title","1"
"ADBE","42d33172-784b-5827-b671-835086757d0d","2021-09-21","transcripts","earnings_call","32"
"TEAM","42d34e5f-50f0-57b4-8dcf-f3f0c857c98f","2024-03-22","hackernews","title","1"
"ADBE","42e28445-c217-5775-8b16-a65c80776c26","2023-03-24","hackernews","title","1"
"DELL","42ec0593-a050-5ad6-8163-0c03986fcbc8","2015-04-19","hackernews","title","1"
"NVDA","42eccd90-f32a-5332-9aa0-9f83659a874e","2023-07-31","hackernews","title","1"
"INTC","42ef4229-150e-5696-8180-ace1c129bc06","2024-04-25","sec_filing","10-Q","88"
"INTC","430811b9-d428-54b8-af16-5481b83c8d75","2021-09-14","hackernews","title","1"
"ADBE","431226bf-06e7-5159-95cc-2fc3725b92ad","2018-05-17","hackernews","title","1"
"INTC","4314c0eb-0ff8-5c72-a087-63febdb1cef2","2017-12-29","hackernews","title","1"
"NVDA","4324b21a-0300-5afd-ba0d-f585dcf7945e","2021-08-18","transcripts","earnings_call","30"
"INTC","432e82f9-5e26-5d84-aa95-b3000eda25c2","2025-02-09","hackernews","title","1"
"ADBE","433e746e-4bb1-5c35-86b7-ac7b91c707dd","2016-11-03","hackernews","title","1"
"DELL","434ddf54-e998-54d8-b409-d7e05831add1","2025-02-27","transcripts","earnings_call","31"
"INTC","43517cdb-0246-5d55-825b-a6929db353ca","2024-04-09","hackernews","title","1"
"CAT","43601ebe-ce39-5188-9f84-69724aedc1b5","2017-07-15","hackernews","title","1"
"NVDA","43700aa3-9135-5389-a94c-a559a9062654","2017-05-10","hackernews","title","1"
"NVDA","437716ab-e7f6-5ad7-a06f-6bfd6952d11e","2018-01-08","hackernews","title","1"
"INTC","437b5cc0-b368-57ab-9515-8d1117ce6a90","2018-12-10","hackernews","title","1"
"INTC","438d88e5-00f6-5108-b55f-5c76c9934756","2022-07-28","sec_filing","10-Q","110"
"TEAM","4394bde2-a64a-5054-ac62-4cdeee20484d","2017-07-25","hackernews","title","1"
"ADBE","439ededc-d571-52a8-9294-f1f968359d97","2021-02-09","hackernews","title","1"
"MU","43b08bf7-9e27-55e8-8ac5-19fa45e3a311","2021-01-07","transcripts","earnings_call","30"
"INTC","43c77e10-e0a4-5ffa-963f-92a179da4f02","2024-02-09","hackernews","title","1"
"NVDA","43cccf2d-4401-5469-8974-07137a8cfdfb","2024-02-13","hackernews","title","1"
"NVDA","43d29003-3ad1-5234-ad9c-2e3a3a0b3f87","2022-04-20","hackernews","title","1"
"TEAM","43f8ae27-43c9-58d8-97c8-e102a05491ee","2018-10-29","hackernews","title","1"
"TEAM","4401663c-04a5-590a-ab60-2e674a14b334","2018-08-30","sec_filing","20-F","351"
"MU","4417ad87-1aaa-5be7-b484-3670d65e2f52","2023-10-06","sec_filing","10-K","221"
"ADBE","44239972-d44b-5fb3-9e50-c1fc5f610dc8","2016-09-28","hackernews","title","1"
"MU","4425c04d-57cc-57e9-9085-bf36ff0fccbb","2026-01-03","hackernews","title","1"
"ADBE","442bc836-05d2-5bd7-98fa-c355368373b9","2022-12-19","hackernews","title","1"
"INTC","442c906b-70d2-50a2-a394-8cab89a20ffb","2025-03-24","hackernews","title","1"
"DELL","44340778-298d-507f-89ff-b9b9436094dc","2022-11-02","hackernews","title","1"
"INTC","443804eb-ebee-50f4-a36b-161b4371f069","2016-07-20","transcripts","earnings_call","28"
"TEAM","444a5665-7447-5e49-85fa-2a0682dd67c2","2018-03-13","hackernews","title","1"
"ADBE","4450a499-c6ce-5270-b287-1e566a59ef81","2024-08-10","hackernews","title","1"
"DELL","445869ec-a735-5c49-b87e-0002e027bf04","2023-10-22","hackernews","title","1"
"TEAM","44588a77-8ae6-5912-9f65-ededcfd33e17","2018-08-30","hackernews","title","1"
"TEAM","446d2759-f2f0-5671-a4e3-e628e0d43f1c","2025-05-11","hackernews","title","1"
"TEAM","4473330f-157b-5119-8aa6-77993e786c2f","2018-01-18","sec_filing","6-K","2"
"NVDA","448418de-4a0a-5c7e-b474-66e73d93813e","2020-05-14","hackernews","title","1"
"ADBE","44903453-394a-5285-9f37-6ec033f0268d","2018-04-02","hackernews","title","1"
"INTC","4498e52c-c669-5588-a951-67accac58d93","2023-01-26","hackernews","title","1"
"TEAM","4499abdb-c56d-537a-8110-913dd8969140","2015-12-02","hackernews","title","1"
"TEAM","44b4b143-70e3-5487-a1e8-675ab812f93c","2015-04-24","hackernews","title","1"
"WM","44b51431-ffe5-5fb8-91a1-7986c765ca9e","2022-02-15","sec_filing","10-K","340"
"NVDA","44c21a07-2407-5c94-a2a2-3c3eed952396","2022-09-08","hackernews","title","1"
"INTC","44ce00d6-e7ec-587b-b3ba-c028c1d765e7","2023-02-22","hackernews","title","1"
"ADBE","44e02cfe-3504-5760-af49-ba2e90668d7b","2023-01-08","hackernews","title","1"
"DELL","44e55a59-587e-53c0-aa97-3b76bf620386","2016-05-27","hackernews","title","1"
"DELL","44fce4fe-c856-551d-b661-dedacafd1a88","2018-05-03","hackernews","title","1"
"DELL","45030be7-98d2-5858-8485-31228e70649d","2021-04-15","hackernews","title","1"
"MU","45123290-6d97-5b86-a490-858a88660770","2018-11-08","hackernews","title","1"
"DELL","45144746-7131-515e-a326-f3faa6274994","2016-03-12","hackernews","title","1"
"MU","451723cb-39ca-55cc-9710-140cdb25b67f","2025-12-17","transcripts","earnings_call","28"
"NVDA","451f43dc-ea14-53bd-8f0d-75b59db77b6e","2019-12-22","hackernews","title","1"
"NVDA","452f2855-0328-5fdd-a2d6-cd4793fb1528","2018-08-16","sec_filing","10-Q","66"
"INTC","4545a159-4baa-5f2d-9e72-a1327890dcf2","2021-06-25","hackernews","title","1"
"TEAM","4546be08-a6c2-5ab2-aba7-e84f143dc1c2","2018-03-28","hackernews","title","1"
"INTC","454f8421-36a2-5b67-bc24-624984bf485c","2019-04-23","hackernews","title","1"
"INTC","4552b0ac-18d0-5229-8ec4-ccf9bcac1450","2021-07-26","hackernews","title","1"
"NVDA","455eccfb-9305-557c-a2e2-600c686cb63d","2015-07-15","hackernews","title","1"
"TEAM","45606486-a319-5989-beda-bfef54833411","2022-04-13","hackernews","title","1"
"WM","4585e4d4-3441-567f-8334-91e4df7a3ce7","2023-02-03","hackernews","title","1"
"INTC","45941217-87af-5deb-8a4a-2c181c81a79e","2019-11-18","hackernews","title","1"
"MU","45983510-97fd-52ef-8801-6a80fbab0966","2024-01-11","hackernews","title","1"
"NVDA","45b110a0-4511-5ba7-9051-0df2f6eaf823","2016-12-14","hackernews","title","1"
"MU","45c1294a-3b90-5f23-ab91-bd80f9802f69","2019-03-20","transcripts","earnings_call","29"
"INTC","45ca4221-3379-5f9a-bdd8-71d4efd24ff7","2016-03-15","hackernews","title","1"
"ADBE","45d63e16-5d8d-5a50-aee3-eac5f90851be","2017-04-24","hackernews","title","1"
"PG","45ead098-820f-5fbe-b3ea-d34a8b6f966c","2018-07-31","transcripts","earnings_call","46"
"NVDA","4622302e-e914-5a97-b455-084743958101","2019-08-26","hackernews","title","1"
"ADBE","462e64ae-eef0-576f-9dfa-f5a8ed48ee0e","2015-09-23","hackernews","title","1"
"ADBE","46327a71-2d4c-5a50-a59a-590339445e43","2015-04-12","hackernews","title","1"
"ADBE","4638cc3b-0d9c-5e04-a493-ae7d2add4a9d","2018-09-21","hackernews","title","1"
"TEAM","463e0815-eda6-5f44-ae7d-60bc25a877eb","2017-03-22","hackernews","title","1"
"NVDA","46431bdd-72bf-515b-99e1-e44764a0242f","2024-04-11","hackernews","title","1"
"INTC","4646f198-db4d-5212-92f8-c8e1523ea1c0","2022-09-02","hackernews","title","1"
"INTC","46525cc7-81fd-5834-94c7-214c574028e3","2022-07-12","hackernews","title","1"
"PG","4662675e-9283-5c1e-ac3e-52abf3dbf7e5","2017-10-20","sec_filing","10-Q","68"
"MU","46734c32-5b52-5ce4-a5bf-0b62897a26c2","2023-04-01","hackernews","title","1"
"INTC","468731c4-a7fb-54d0-a582-f1d70cc5e038","2017-02-25","hackernews","title","1"
"MU","46a6dfd7-03b9-5d4c-b0ee-311af910e6d3","2024-05-04","hackernews","title","1"
"NVDA","46ad3308-6908-59d8-99e5-e317c8598fea","2022-02-08","hackernews","title","1"
"ADBE","46c429c1-22c8-5b32-9893-74438c9c7680","2022-10-21","hackernews","title","1"
"INTC","46dd2643-8c73-57f5-a18e-a92a40c51f0c","2016-12-28","hackernews","title","1"
"INTC","46e00bba-6919-519c-9c9d-9b1396c692e1","2025-04-29","hackernews","title","1"
"ADBE","4704e0b0-317a-5898-a572-c054e1a2fe74","2015-06-24","sec_filing","10-Q","164"
"INTC","471cb45f-ed1d-55e3-bb83-f37c8097eb98","2022-07-28","transcripts","earnings_call","37"
"INTC","471f5650-cfd9-54d1-99de-575bd9bbb432","2023-10-23","hackernews","title","1"
"INTC","47267bc6-7de0-5546-9017-74d005e800d5","2023-05-15","hackernews","title","1"
"TEAM","472b82ab-4ead-5307-80d1-324f2b29374a","2026-04-17","hackernews","title","1"
"INTC","473544e7-06c3-5385-8a1e-b502443cf1d3","2023-09-07","hackernews","title","1"
"DELL","47381109-39bb-52fc-9dde-3815243d2b12","2020-03-20","hackernews","title","1"
"NVDA","473d728e-23c4-5670-a464-dabc1d58af9a","2015-09-30","hackernews","title","1"
"INTC","47423fc5-fc75-5b31-b56d-332170821a22","2019-11-29","hackernews","title","1"
"ADBE","474951f3-a600-5021-9d57-46ac281decc1","2022-11-12","hackernews","title","1"
"PG","474988c4-00b8-5ff3-abb5-4f4f872a2611","2012-01-27","sec_filing","10-Q","89"
"PG","4771e1c2-970e-5b8f-8a9d-c2e11457ada8","2023-10-18","transcripts","earnings_call","22"
"INTC","47799cf4-36cc-58f8-86ff-5569f6584555","2024-09-16","hackernews","title","1"
"MU","4779a72b-f35e-56fc-9e32-8e0ebac9f6c5","2012-10-29","sec_filing","10-K","259"
"NVDA","4783206d-3c0f-5a06-8a74-e102473fa0ff","2017-12-08","hackernews","title","1"
"MU","478a842d-beda-5384-afd1-2c5fb18db954","2025-12-18","hackernews","title","1"
"WM","4791e2c2-c0c6-571f-a7e1-60418b87c19b","2017-10-26","sec_filing","10-Q","112"
"ADBE","47a3170c-180f-5d56-8246-5e94d0726de7","2017-09-26","hackernews","title","1"
"TEAM","47a6bc3e-329d-5cc9-94e9-cc342ec6df04","2018-07-29","hackernews","title","1"
"DELL","47ad3aea-fcc2-5ec7-9edc-eadbe4586179","2015-06-01","hackernews","title","1"
"MU","47ae9cee-3005-5772-90eb-9c48bdd3d91e","2024-03-22","hackernews","title","1"
"CAT","47b1b9dc-62b7-5b5e-a25f-11efc2621850","2022-06-14","hackernews","title","1"
"ADBE","47b70a06-bff3-5fc9-9292-5b14e0f401da","2024-02-17","hackernews","title","1"
"NVDA","47c33288-166e-5ced-bb9b-c3e5b64c054e","2024-04-15","hackernews","title","1"
"DELL","47c9b5bb-f377-55ac-a63f-4aa64c982203","2016-06-05","hackernews","title","1"
"MU","47cd023a-3b47-5a24-9a78-17272a252718","2025-04-08","hackernews","title","1"
"PG","47d0c58c-7b31-577e-a352-709b20a89494","2022-08-05","sec_filing","10-K","214"
"INTC","47d18e9e-5340-5380-81b1-c648e52bd08b","2018-07-26","transcripts","earnings_call","27"
"NVDA","47d9e278-0aeb-5bf2-a36b-16faa324a524","2023-12-18","hackernews","title","1"
"DELL","47dc5d92-c1cd-5cd5-a803-4311a616c230","2019-08-27","hackernews","title","1"
"INTC","47e51f3f-0bb5-5417-a831-ae1ebcc4d0e5","2024-05-16","hackernews","title","1"
"MU","47ea4e41-339a-5d45-9736-31acdd84e860","2025-04-11","hackernews","title","1"
"DELL","480f4564-31e5-512f-b04f-a98b64fd34c0","2019-06-21","hackernews","title","1"
"ADBE","4814ad92-e92b-50c5-a42b-5b91df928d49","2023-11-28","hackernews","title","1"
"NVDA","48175934-3ceb-59be-8e02-5f62924a8307","2021-05-25","hackernews","title","1"
"INTC","4818049b-70de-5a5e-ae19-85de8d753d22","2016-03-26","hackernews","title","1"
"DELL","4818d919-bedb-547b-8389-1a400b4faa60","2026-02-20","hackernews","title","1"
"INTC","4832895d-c911-5500-ad90-62ffd61326aa","2015-05-29","hackernews","title","1"
"NVDA","48405bfe-d5ab-59ef-94fd-8a3b1114d2d2","2021-12-16","hackernews","title","1"
"CAT","48447eae-9941-5a12-afdb-e55e777697b5","2016-02-20","hackernews","title","1"
"DELL","48473e75-82ae-50df-a1b7-1973582005ee","2025-09-10","hackernews","title","1"
"ADBE","4852ed56-ab81-5c00-ab79-6c6a132739a5","2021-01-20","hackernews","title","1"
"PG","485abed1-39c6-5ff4-a73a-08ead11bd275","2026-07-29","transcripts","earnings_call","46"
"NVDA","48647bdf-abb0-51b2-94a4-a30cde9761a4","2013-08-08","transcripts","earnings_call","28"
"TEAM","48658aa4-39f5-58b1-a0b7-dc720228e38c","2020-04-21","hackernews","title","1"
"TEAM","4875cebe-f8c3-55aa-b920-1a7b862dc180","2020-05-12","hackernews","title","1"
"TEAM","487d285e-89bc-5a69-b64e-b61cd8291653","2022-07-11","sec_filing","6-K","7"
"NVDA","4881d37c-1e3d-5359-828d-f2d3ccccbda1","2015-03-17","hackernews","title","1"
"MU","4883a39e-6191-56bf-9d05-a05ad940e5a3","2022-04-20","hackernews","title","1"
"INTC","48841467-4a54-544a-aa3d-bdfd4df1cfbd","2024-08-01","hackernews","title","1"
"ADBE","488aaf85-71c5-5805-9620-00c5ecd10301","2019-07-26","hackernews","title","1"
"ADBE","4895c116-ed16-54ed-ad1a-3584fc51d20f","2024-05-25","hackernews","title","1"
"ADBE","489853a9-176a-5d56-b414-fdb7c5df5a10","2022-11-08","hackernews","title","1"
"NVDA","48b9f120-88e0-5ea5-84c1-e8b2ebfc2c2c","2024-05-29","sec_filing","10-Q","99"
"ADBE","48bab47f-902a-57a8-9838-d8d08dfd3d94","2025-01-11","hackernews","title","1"
"INTC","48bc50b1-7cae-52e6-bb6b-2c28cf21a25f","2019-09-10","hackernews","title","1"
"DELL","48bc7737-e706-5072-ab14-91fbf08cef38","2019-07-09","hackernews","title","1"
"TEAM","48c50d1a-3996-533a-a05c-f6f21a9ce548","2023-02-02","transcripts","earnings_call","35"
"ADBE","48cbd5eb-24e8-545e-add4-6617077af00c","2024-12-12","hackernews","title","1"
"ADBE","48e3f397-daed-5359-aca0-3c045574205b","2026-08-27","hackernews","title","1"
"NVDA","48f0587c-f5ce-5503-86d5-da16141239d6","2024-09-26","hackernews","title","1"
"DELL","48fab940-98f1-586a-9dee-98727544ad31","2019-11-13","hackernews","title","1"
"TEAM","490b6128-2e6e-5a9d-9994-a48f8a8eaca1","2019-04-25","hackernews","title","1"
"NVDA","49147c73-7e1c-5ce5-b233-74f32ac6b566","2024-04-16","hackernews","title","1"
"INTC","4944379f-5792-5558-98b6-db3d83f754e5","2016-06-01","hackernews","title","1"
"INTC","4962e17b-cd99-596f-908d-4d522377eaf9","2026-05-26","hackernews","title","1"
"PG","49736705-37b0-5ff9-9ee1-02f513bee500","2018-01-23","sec_filing","10-Q","104"
"ADBE","4978b3d1-0e9e-51df-9491-bcc2e2f9fedf","2023-08-20","hackernews","title","1"
"ADBE","497b9ce9-6349-53c2-9f33-a21945fecb24","2024-05-17","hackernews","title","1"
"NVDA","497d4bbc-f0b9-5e49-956c-30078559a93b","2015-04-06","hackernews","title","1"
"TEAM","497e9237-cfbd-5b37-9e71-3ba20907457c","2026-03-11","hackernews","title","1"
"TEAM","497eee1e-4d7b-5d1c-8073-505027336c82","2018-01-29","sec_filing","6-K","155"
"NVDA","4989db83-eb71-5e74-8743-8be84c3041c4","2026-03-14","hackernews","title","1"
"NVDA","498adf53-4c08-57ac-b3e5-4a8979dd7177","2022-02-14","hackernews","title","1"
"MU","499ba81d-5d21-51f9-a062-87302edce82f","2021-12-20","transcripts","earnings_call","31"
"NVDA","49ad6e6f-05cc-5751-a113-d01aac07bfa2","2019-07-03","hackernews","title","1"
"INTC","49bfce76-f497-52d3-a937-b9aef527d067","2025-08-27","hackernews","title","1"
"DELL","49c7ebf6-d1b9-5e07-b7d6-b61fb37da2c0","2018-09-11","sec_filing","10-Q","202"
"TEAM","49c93fa1-122d-52b7-8f65-5f359004a119","2017-01-09","sec_filing","6-K","3"
"ADBE","49cf8b03-a8ff-54e7-baa9-454af8078ba4","2026-02-03","hackernews","title","1"
"CAT","49e10f86-5e12-57fd-bf08-b93c284890d1","2019-07-24","transcripts","earnings_call","33"
"NVDA","49eb043b-e92e-58d4-897e-f57564597ee3","2025-02-26","transcripts","earnings_call","27"
"ADBE","49ef963a-a638-5ca0-96a7-4b63700a847b","2024-03-26","hackernews","title","1"
"NVDA","49f2a2f0-dc21-5e58-9915-e24697564697","2022-06-10","hackernews","title","1"
"INTC","49fa3c08-601b-518b-b610-f7a7f8102a3a","2024-08-01","transcripts","earnings_call","38"
"INTC","4a02f808-c957-5826-abaf-794cf294ad44","2022-04-05","hackernews","title","1"
"ADBE","4a136cfe-12ff-5bcf-8b83-bed8a8be05c7","2020-07-23","hackernews","title","1"
"NVDA","4a162e36-c831-5dff-ab8a-699b66593bfb","2023-04-05","hackernews","title","1"
"ADBE","4a17bd10-f7f2-5386-9c18-d4ef362ba826","2021-03-16","hackernews","title","1"
"CAT","4a17c5c4-28aa-5f94-8120-0f6cfe8874f3","2025-02-14","sec_filing","10-K","313"
"INTC","4a26859e-cc72-570d-8cf8-a698027e8c2a","2021-05-02","hackernews","title","1"
"NVDA","4a2e29ea-04b2-536b-8752-85935a272ae2","2019-05-01","hackernews","title","1"
"INTC","4a30fad9-bade-57ae-84af-2cdc1c4a4551","2024-12-09","hackernews","title","1"
"NVDA","4a32d180-5505-5f61-8824-f42f4ce057d4","2016-08-16","hackernews","title","1"
"DELL","4a3bfd3c-a56c-5bc0-a2a8-00448694a8ba","2023-05-10","hackernews","title","1"
"ADBE","4a63033d-c464-549a-bc52-3fcf77f20435","2023-08-08","hackernews","title","1"
"INTC","4a63852c-b126-50c4-86a1-9a0e944f266f","2019-03-26","hackernews","title","1"
"ADBE","4a666ff5-d3c4-5275-b330-ca1b2bb7e7d6","2026-03-14","hackernews","title","1"
"INTC","4a69b081-4c66-5ca2-826e-4b44a391b265","2026-08-24","hackernews","title","1"
"DELL","4a792131-4193-5e58-a8a2-1c1c37563d59","2017-07-28","hackernews","title","1"
"INTC","4a7ac3c0-4030-5d69-ae60-1d7a81057328","2021-01-06","hackernews","title","1"
"DELL","4a84fed5-9078-5307-a218-4d72f9e5fe39","2024-08-29","transcripts","earnings_call","33"
"ADBE","4a8cabc5-b6e7-513a-8c76-f5ac0efc8c97","2019-03-27","hackernews","title","1"
"WM","4aac2ed1-e5dc-5a2f-8593-9243c4cbb046","2013-10-29","transcripts","earnings_call","39"
"DELL","4ac62234-7e6e-5531-9883-af23253fb8cd","2016-04-26","hackernews","title","1"
"INTC","4acbcd37-065c-56c1-bbfa-59750c1e44d7","2024-08-14","hackernews","title","1"
"MU","4ad2ae35-2848-5235-8e4e-687145fec9b8","2018-04-29","hackernews","title","1"
"INTC","4ad67049-6c73-5558-a99c-fb39010ac6f2","2015-03-26","hackernews","title","1"
"ADBE","4ae4df50-83ae-5b5c-84ad-5adbb39d021a","2018-01-22","sec_filing","10-K","269"
"NVDA","4ae6f52a-ee63-5940-a457-9316b7c4c52d","2026-02-26","hackernews","title","1"
"DELL","4aef5288-4ae5-555b-8f4e-88097b4dca6a","2021-06-14","hackernews","title","1"
"INTC","4b011f67-bdcd-50ce-95ac-a506ec1f0bec","2024-09-29","hackernews","title","1"
"DELL","4b208533-9523-57f6-ac52-206e0b7a11eb","2020-06-12","hackernews","title","1"
"NVDA","4b26342b-a204-5eec-9301-16f4134721cb","2012-08-09","transcripts","earnings_call","28"
"INTC","4b2c47a0-a5bb-5530-a234-19a8f1589b83","2025-12-04","hackernews","title","1"
"INTC","4b47f4c1-03f4-5cb8-9f0a-623ee0c09112","2019-01-24","transcripts","earnings_call","27"
"INTC","4b57f5dd-09b5-5152-9962-fb1abf7b567f","2024-03-20","hackernews","title","1"
"ADBE","4b67c565-bfb1-5daf-b2ea-2ee2fed941f6","2025-08-28","hackernews","title","1"
"ADBE","4b68895a-ed42-5625-aabc-2d42ad4324eb","2015-03-24","hackernews","title","1"
"INTC","4b6dad5e-28db-5fe3-97d0-186c151f6957","2022-08-13","hackernews","title","1"
"TEAM","4b836545-8596-55ed-a36f-6eaf20b8daee","2025-03-06","hackernews","title","1"
"ADBE","4b86790b-29a8-59cb-a439-e3ab3eb141d4","2016-12-22","hackernews","title","1"
"ADBE","4b9149c0-7efe-557c-b67f-f614cb627262","2015-12-01","hackernews","title","1"
"MU","4b958d36-98cf-5b07-ae0e-2d90ceda2055","2025-03-10","hackernews","title","1"
"PG","4b9a6001-e64c-536d-a6cd-9729e50913ea","2023-08-04","sec_filing","10-K","198"
"DELL","4baa850e-d8e6-523e-bfe7-9e4758c97508","2023-08-14","hackernews","title","1"
"PG","4bac24a5-e77b-5445-80a6-9a7505335555","2019-08-06","sec_filing","10-K","225"
"NVDA","4bac5742-7086-5f0f-b174-81aec7dc027b","2017-10-02","hackernews","title","1"
"NVDA","4bb72051-8049-534c-b83c-f0610fe7f7de","2025-04-01","hackernews","title","1"
"NVDA","4bb81810-1e65-55f1-ac9e-67bab08e62fc","2017-12-08","hackernews","title","1"
"INTC","4bddbd57-b32d-548a-ba41-752f5e268f28","2017-09-25","hackernews","title","1"
"DELL","4be43133-c6cc-58e1-9ef7-fa7bef0314b5","2016-01-05","hackernews","title","1"
"DELL","4bea2e36-8c00-5ec7-bf41-5915ecf51eca","2021-04-15","hackernews","title","1"
"INTC","4c0127e4-dc98-550b-b010-f53e4f082b69","2024-07-26","hackernews","title","1"
"TEAM","4c01a78f-27ef-5f7b-9c89-24f5e321cb50","2020-04-30","transcripts","earnings_call","34"
"INTC","4c21fdf5-0b29-52de-b351-33d92904d8ea","2020-07-08","hackernews","title","1"
"DELL","4c2f3511-bc0d-5669-8890-b96af0de395a","2021-03-06","hackernews","title","1"
"INTC","4c34b29a-62c1-55dc-a5ff-7b6316d770ac","2025-02-11","hackernews","title","1"
"MU","4c45900d-11b4-5131-a2c6-d26f8b591d20","2013-01-07","sec_filing","10-Q","140"
"DELL","4c487815-6678-5145-96f1-642f9039f30a","2021-07-21","hackernews","title","1"
"ADBE","4c4cafdd-7394-5417-b534-395a7ade5ffa","2016-05-11","hackernews","title","1"
"ADBE","4c59144d-a5d3-5ed9-a982-9bdfbdc4bb84","2015-04-17","hackernews","title","1"
"CAT","4c629d71-620e-5713-863f-d49f1eae6a3b","2019-10-31","sec_filing","10-Q","222"
"CAT","4c789560-a4db-5046-ab85-36abcc67a1b7","2024-02-05","transcripts","earnings_call","34"
"NVDA","4c80309d-28f8-5aa3-9b1b-795a37d35c47","2015-09-19","hackernews","title","1"
"INTC","4c8276d7-f1cf-5976-bbf2-3e6e1e5c8db8","2025-08-24","hackernews","title","1"
"DELL","4c88dc9c-2b3a-5fd1-b2e5-70ff2376a191","2026-07-13","hackernews","title","1"
"NVDA","4c92bf59-5e01-522b-b602-9b45f2783aab","2025-01-25","hackernews","title","1"
"ADBE","4c95ee74-ff58-5c90-bd6f-3a96a9428b82","2015-10-16","hackernews","title","1"
"ADBE","4c997441-8cff-584e-8ade-a31d0362f086","2017-01-07","hackernews","title","1"
"INTC","4c9df0d9-c5dc-5350-9e28-4b4b93e66866","2023-05-20","hackernews","title","1"
"DELL","4ca251f8-16ac-53a4-abe2-78c31a21c1a8","2024-08-06","hackernews","title","1"
"TEAM","4ca657de-47f8-5e2b-9d05-b06d4c172f74","2016-03-16","hackernews","title","1"
"TEAM","4cb9816a-c7d0-5e33-9fe7-3a9d77f278c3","2019-12-20","hackernews","title","1"
"WM","4cc46cea-dfac-5768-b413-f0a21960a3d4","2018-04-20","transcripts","earnings_call","39"
"ADBE","4cd7b2fb-0212-583d-a513-1e689f52fd8d","2018-02-06","hackernews","title","1"
"NVDA","4cdc2c17-3f29-5197-8057-e1724720e5f5","2025-06-29","hackernews","title","1"
"DELL","4cec0882-6dc4-543e-8e77-8ee712d14cac","2022-03-04","hackernews","title","1"
"TEAM","4cf4df29-5090-5f16-bc9e-01a0333f2576","2025-09-18","hackernews","title","1"
"NVDA","4cf7be46-7717-5f44-a341-a6e793626359","2020-12-12","hackernews","title","1"
"INTC","4cf7d941-cd76-55bb-be6d-8c9b407a397e","2026-09-02","hackernews","title","1"
"ADBE","4d09ecde-65dd-5b94-9661-7be683304bf3","2013-09-17","transcripts","earnings_call","27"
"NVDA","4d21cc20-296a-56f0-9f03-d0681fed6ad8","2017-08-24","hackernews","title","1"
"NVDA","4d296ade-78d9-5996-a145-2f3ac3b18902","2019-06-14","hackernews","title","1"
"DELL","4d3a9587-c75a-5379-adcc-71828f161c3d","2026-08-08","hackernews","title","1"
"INTC","4d54205a-6f0e-5811-8110-c67fcbc87684","2012-01-19","transcripts","earnings_call","29"
"MU","4d56d674-a03a-5ffe-b936-8cd8945e0c58","2012-07-09","sec_filing","10-Q","157"
"NVDA","4d5e4e9e-7a4c-5dce-bffe-791ffc7df6ce","2017-08-23","hackernews","title","1"
"INTC","4d6bf63a-a3e9-5245-b586-439c3a46fb0a","2021-07-22","sec_filing","10-Q","94"
"INTC","4d8d1678-32cb-54e1-8c1a-7d68b87456f3","2022-08-07","hackernews","title","1"
"DELL","4d8eefc6-61d6-51c4-8ff9-c999144aa3c3","2020-04-06","hackernews","title","1"
"TEAM","4d94344a-7520-5658-bb4e-34c63da90461","2016-04-09","hackernews","title","1"
"NVDA","4da56e8a-ce96-56c3-b337-461444772869","2022-07-18","hackernews","title","1"
"ADBE","4dcb7fd2-92a7-50bf-9ea2-bfcff42b44d2","2023-06-22","hackernews","title","1"
"INTC","4dcd674c-7355-5050-a27d-c2d6d36b969a","2023-07-27","transcripts","earnings_call","35"
"INTC","4dd0cec5-157e-5853-b3a8-c58e38214cd6","2026-02-04","hackernews","title","1"
"TEAM","4dd0f8a5-0584-5c75-ac8f-155c5b296d57","2025-07-30","hackernews","title","1"
"ADBE","4dda5bd0-9340-53e7-ad08-cd48e77e92f0","2024-07-30","hackernews","title","1"
"TEAM","4de72a08-f339-56cb-988d-0823cb9413b0","2022-05-30","hackernews","title","1"
"DELL","4df1b6c1-d71a-5d7f-80c8-f00b009e41c2","2021-10-07","hackernews","title","1"
"WM","4df6cbb5-0860-5cc1-9d9d-bd431d74b96d","2018-10-25","transcripts","earnings_call","39"
"INTC","4dff73b8-cdb5-54a9-9874-9912471d365e","2025-03-29","hackernews","title","1"
"NVDA","4e14282e-477a-5fe6-b9cf-fa241ce91ddb","2025-12-20","hackernews","title","1"
"WM","4e29a0fd-37db-5ba5-b98c-7fe51d371e63","2022-04-26","sec_filing","10-Q","95"
"ADBE","4e2b06c0-b5a5-5f63-b635-25aeeddbb239","2015-04-10","hackernews","title","1"
"INTC","4e2b679e-e40e-52f9-9c22-eb1ce2385b48","2016-08-20","hackernews","title","1"
"MU","4e2c91b1-072f-5831-960e-f4b24aefeada","2024-02-26","hackernews","title","1"
"INTC","4e32b189-b66f-5ce9-b111-1609cc50aef6","2015-05-21","hackernews","title","1"
"INTC","4e3f5058-067d-5a34-9079-7b810892d576","2025-06-09","hackernews","title","1"
"TEAM","4e43ee60-4d78-5f8a-935c-6fe5459cbe58","2016-02-05","hackernews","title","1"
"TEAM","4e57697c-dfe0-5d8c-ba5c-9e1140f4f880","2015-03-10","hackernews","title","1"
"PG","4e5abe8c-1319-5c1d-a135-ea85e3cdb3b7","2025-04-24","transcripts","earnings_call","33"
"INTC","4e609035-7d77-5dd2-a247-5b4bfc4ef0a0","2016-02-17","hackernews","title","1"
"ADBE","4e67aee5-3698-5f91-90a4-c21abe68490f","2026-05-05","hackernews","title","1"
"NVDA","4e6bfacc-2ec8-5fc0-a78e-6b9d693fcfcd","2023-02-25","hackernews","title","1"
"INTC","4e6dcf50-4783-5bec-9e93-394c4d4eac7b","2020-01-05","hackernews","title","1"
"NVDA","4e6dd821-a1f8-54c0-b9c5-255426d83dfd","2014-08-07","transcripts","earnings_call","31"
"INTC","4e8abe1f-e79d-55b4-a500-018f81810070","2019-04-03","hackernews","title","1"
"CAT","4e91424b-b4bd-5d98-816f-f4fea2d5f434","2013-11-01","sec_filing","10-Q","244"
"TEAM","4e94752f-f564-5eff-aaea-16cb6b0aaf76","2024-07-31","hackernews","title","1"
"INTC","4e9bbb9d-dc34-55cd-bb56-9a181170599b","2017-10-09","hackernews","title","1"
"DELL","4e9e770a-2902-5591-9e69-6b522206b8f2","2017-07-12","hackernews","title","1"
"DELL","4ebbd98e-2197-5756-b51a-7510545d27aa","2022-02-15","hackernews","title","1"
"NVDA","4ebfb377-f20e-5aaa-9c9c-dac271317fcc","2018-01-22","hackernews","title","1"
"ADBE","4ec6ef8d-be66-5f6d-b270-57ea74829187","2025-06-20","hackernews","title","1"
"MU","4ed17698-36b8-5a20-900e-496991551e13","2026-03-01","hackernews","title","1"
"ADBE","4ed8a1f7-3235-534f-b83d-1695316b019d","2023-08-17","hackernews","title","1"
"CAT","4ed8fc40-a086-591c-bfa8-3231c52ab716","2015-09-24","hackernews","title","1"
"TEAM","4efbcd9c-8aa3-56f4-8279-fad40a698914","2020-06-03","hackernews","title","1"
"MU","4f06c708-bd48-5091-a1ae-0af501898211","2018-07-17","hackernews","title","1"
"ADBE","4f1d8a45-ac74-5bb5-bb0a-7a1436fea555","2022-09-18","hackernews","title","1"
"INTC","4f2158d0-4713-569d-b635-922add927d13","2016-05-11","hackernews","title","1"
"DELL","4f351304-1b4a-5e27-9ed5-e26fe6aa05a5","2022-06-25","hackernews","title","1"
"NVDA","4f3e9a60-c23f-53f1-901d-ca311e051137","2017-12-09","hackernews","title","1"
"TEAM","4f455922-3954-510c-8896-b6139926c037","2019-04-04","hackernews","title","1"
"NVDA","4f4a4a31-a49b-5fef-ab6b-d9ece9e1450b","2021-09-28","hackernews","title","1"
"MU","4f4d2219-955a-5deb-a5b1-c11519b63d5d","2025-12-20","hackernews","title","1"
"NVDA","4f64c4af-93b4-5cfd-8fe6-968c3c202fc6","2017-03-01","sec_filing","10-K","223"
"NVDA","4f69b3ea-cb53-5fb9-aa38-33c2be1a199a","2019-01-17","hackernews","title","1"
"DELL","4f6b23bd-f5b6-5b36-9c1f-e873dd71ed4e","2021-06-07","sec_filing","10-Q","172"
"NVDA","4f70f53e-d0eb-5c63-9166-276efe8c521c","2026-04-03","hackernews","title","1"
"ADBE","4f762cd7-eb83-587a-b101-28ae4c8ee1a7","2017-11-05","hackernews","title","1"
"CAT","4f8da56c-8406-5973-abdc-db43e57052b6","2012-05-07","sec_filing","10-Q","172"
"INTC","4f912b5e-9c98-56e8-b7a6-80085072c0ce","2019-04-27","hackernews","title","1"
"NVDA","4f942c60-d545-50b4-a48b-749fd76a84d5","2025-08-07","hackernews","title","1"
"NVDA","4fbfe744-2121-577d-a2ac-6715aded2b43","2012-11-08","transcripts","earnings_call","27"
"WM","4fc4201a-a1c1-5a76-a42a-a86d3c1c9f29","2024-04-25","sec_filing","10-Q","86"
"INTC","4fcc438b-50d7-5df9-a4d9-4a4a93259d76","2019-03-05","hackernews","title","1"
"INTC","4fe2001c-680e-5c70-9ebc-995835cbda1c","2019-01-22","hackernews","title","1"
"ADBE","4ffc3144-ae3c-5ec9-bd90-c67b9befff92","2018-03-15","transcripts","earnings_call","27"
"DELL","5007a145-b17e-5a85-97b2-274b9ce0d57e","2018-08-13","hackernews","title","1"
"NVDA","50120048-0aeb-57ba-99a1-a6fe17ee065f","2016-08-16","hackernews","title","1"
"TEAM","502e5f08-ecc0-5d79-bf75-4e463e1ca216","2021-09-27","hackernews","title","1"
"INTC","50305530-0dce-5793-bc91-4a646360cdf2","2021-08-12","hackernews","title","1"
"NVDA","503578ac-103e-5a36-af1c-0506b87638fc","2017-01-05","hackernews","title","1"
"DELL","5038a2ea-d91e-53f0-92b2-8fae0f1a7dbb","2019-01-10","hackernews","title","1"
"PG","50497297-3a20-57a1-aa0a-c06bc6f65cb4","2013-08-08","sec_filing","10-K","216"
"DELL","50529721-2d8d-56e4-9575-f1ceb4ef876f","2016-12-09","hackernews","title","1"
"MU","506070b8-5c4a-5589-a45f-d4215b51fd9a","2026-07-24","hackernews","title","1"
"ADBE","5067ca99-3803-5ecd-b4ff-bee1384ef5a4","2020-11-20","hackernews","title","1"
"TEAM","50680975-6533-5773-873d-71f623f067d3","2023-01-22","hackernews","title","1"
"NVDA","50955528-0211-548b-92a7-14785ff92378","2020-02-25","hackernews","title","1"
"DELL","50a6e9dc-abe5-5650-801e-d1d74a228351","2025-12-02","hackernews","title","1"
"CAT","50acd58e-83ef-5dd9-b3df-2b3f4e6b9ff5","2024-05-01","sec_filing","10-Q","143"
"NVDA","50b0a3fc-0852-563a-b28e-65f921b7911b","2026-08-27","hackernews","title","1"
"NVDA","50b165cd-b558-547b-8ca1-52872456a8f1","2026-01-08","hackernews","title","1"
"PG","50b689f3-1ea3-5bfb-b463-7b8997b3552c","2018-01-23","transcripts","earnings_call","33"
"TEAM","50bb40a6-0076-54ef-a711-15d5bf999b59","2020-02-28","hackernews","title","1"
"ADBE","50c444af-9693-5ba8-b44e-99a5a6ea23d5","2025-11-19","hackernews","title","1"
"MU","50c766d1-8d32-52bc-8f21-34db633de946","2024-07-01","hackernews","title","1"
"INTC","50dc22b0-1655-5421-9796-9d12ae6b60f9","2023-02-08","hackernews","title","1"
"INTC","50eeca71-e023-5a6a-aed3-919b6999be18","2024-05-21","hackernews","title","1"
"INTC","50f64228-43ea-5200-a1d3-c4b0c9e44dc4","2017-10-29","hackernews","title","1"
"INTC","5104e6e2-fd9a-505d-a95c-f152756923d9","2020-07-13","hackernews","title","1"
"NVDA","51186bde-b037-5d95-926d-760c2728fa29","2012-05-23","sec_filing","10-Q","143"
"INTC","51284ff8-b5cb-5403-b89b-0ab7dc16db28","2023-05-22","hackernews","title","1"
"TEAM","5134d8cc-1df2-50da-b163-ad3a712de828","2024-05-14","hackernews","title","1"
"DELL","513d2289-7f42-5762-8678-e5c9312822da","2022-06-25","hackernews","title","1"
"INTC","513f2043-ac05-5f90-a1ae-4a2455c1a75e","2019-05-06","hackernews","title","1"
"INTC","514e602e-f441-52dc-b54d-176143ac3be2","2020-03-14","hackernews","title","1"
"TEAM","5159950f-8214-5013-ae14-65ef9a7f6c79","2022-01-09","hackernews","title","1"
"TEAM","5161689c-f46e-5ab0-a264-f5c252028d3f","2023-06-02","hackernews","title","1"
"INTC","51652cfa-d908-5a9d-bf5d-750d7d76bd50","2026-07-06","hackernews","title","1"
"MU","51658497-2b35-553f-9c51-05f63ce46c6e","2015-03-02","hackernews","title","1"
"DELL","5166692b-6110-5fba-98dc-233e29dfe106","2025-12-09","sec_filing","10-Q","155"
"NVDA","516f8756-03de-5a0d-9afd-ee65aac39ff9","2019-03-07","hackernews","title","1"
"NVDA","517d7b41-f5df-5895-bef1-3124d1bab5d1","2025-01-07","hackernews","title","1"
"INTC","519d7bbf-c084-59f7-9008-213a4e971ccd","2017-05-14","hackernews","title","1"
"ADBE","51c11628-3544-5ba2-b5fc-b021215e0d7d","2023-03-21","hackernews","title","1"
"INTC","51c33bb7-4606-5492-88af-ef584d6c6bd7","2020-11-20","hackernews","title","1"
"ADBE","51c3d637-130e-5698-be26-4295fc78983f","2017-09-30","hackernews","title","1"
"DELL","51c57e53-0233-5ab9-9985-0793cf8917d1","2024-04-23","hackernews","title","1"
"INTC","51d37b28-563f-543c-b867-89f61e7925da","2023-01-27","hackernews","title","1"
"INTC","51d6d282-d8a5-54e8-b773-fc29a22cc727","2019-08-27","hackernews","title","1"
"DELL","51db078d-c588-5c2f-9c23-a0d37cf0fa9e","2020-11-08","hackernews","title","1"
"NVDA","51de59f4-5c7e-556e-944a-628bfaf82156","2024-08-28","hackernews","title","1"
"INTC","51e6d6b4-cc31-51ff-96d8-80850491915b","2021-03-24","hackernews","title","1"
"ADBE","5201e481-dc24-5480-9c45-28a83852d33d","2023-06-19","hackernews","title","1"
"TEAM","52022d27-204d-5f56-a9f3-edb0351a71a3","2023-10-23","hackernews","title","1"
"INTC","522d0468-7ea6-564f-87c7-93ab43893482","2016-01-24","hackernews","title","1"
"DELL","52369de5-c09d-5267-9dfa-cdc1e6f2c68f","2018-08-13","hackernews","title","1"
"CAT","523f6d3a-036d-568f-aad3-6d3eb445a29b","2024-02-16","sec_filing","10-K","309"
"NVDA","524aabda-bb46-5920-b56f-42f616927368","2024-04-18","hackernews","title","1"
"ADBE","524d2dfd-38e2-5a34-8f62-3bf7e2b1a6d6","2023-01-18","hackernews","title","1"
"NVDA","52500a3a-e4fc-53e2-babc-60a2fb21edc1","2022-01-10","hackernews","title","1"
"NVDA","525cd052-07e1-51d0-9225-8bc8d5252c31","2015-09-29","hackernews","title","1"
"DELL","525fca10-0bcd-5f70-9c5a-55f9aa4a0794","2023-11-30","transcripts","earnings_call","31"
"DELL","526e3dad-daac-52c8-9d18-ffe121499d35","2024-01-08","hackernews","title","1"
"MU","527745f0-8f26-58f9-9043-f44088f9fc8a","2022-06-30","transcripts","earnings_call","29"
"NVDA","527ad0c5-cf49-5f53-8573-ba91c9e40e27","2021-03-10","hackernews","title","1"
"TEAM","528254df-e101-553a-ad86-2a613053b678","2025-03-14","hackernews","title","1"
"INTC","5290c6d2-9a6d-58a1-aad7-06d564761ac0","2019-10-05","hackernews","title","1"
"INTC","52998516-5f9c-5007-be68-e87ef23e6f0e","2021-09-28","hackernews","title","1"
"PG","52a1e3a5-9d88-56dd-9778-b1e0ebb86056","2021-08-06","sec_filing","10-K","222"
"INTC","52a385fd-7479-56f4-a880-8013356448b1","2016-03-23","hackernews","title","1"
"DELL","52a474df-c201-52a1-8d12-cdcc83b71756","2023-01-05","hackernews","title","1"
"ADBE","52a956ab-2ac5-5bbf-8617-bfa3da54970b","2026-03-11","hackernews","title","1"
"INTC","52b10577-dc91-59e8-bc99-f8b64c2308a0","2018-02-24","hackernews","title","1"
"INTC","52be395d-4379-50f0-bafd-34c98eaf89fd","2023-06-12","hackernews","title","1"
"WM","52c4bbcd-e731-5710-8e9d-1a3544373085","2020-11-02","transcripts","earnings_call","45"
"ADBE","52c832e0-99d5-528d-baa3-4ba3b5674c8e","2024-12-13","hackernews","title","1"
"DELL","52ccbddf-574b-51ff-a552-8ae16de8dc3e","2021-04-15","hackernews","title","1"
"DELL","52cce7b1-3faf-5545-a7ea-fd99b13d90f9","2023-11-04","hackernews","title","1"
"NVDA","52d60f64-9f3b-52fb-80b3-ab8ace2701e0","2020-02-19","hackernews","title","1"
"NVDA","52ef4754-3cfa-5ef2-b200-e37429515b10","2025-07-28","hackernews","title","1"
"TEAM","52f88d4d-c70b-593f-a70f-0f1d2c6c1021","2016-08-17","sec_filing","20-F","341"
"ADBE","5302b8f9-723d-50a8-a7ef-840d0cbc60b1","2024-04-12","hackernews","title","1"
"CAT","53088e55-46c9-5717-9ce3-42e0290fc25d","2023-07-13","hackernews","title","1"
"INTC","530970d2-ceb0-5491-b045-fd46e2b216fc","2025-09-07","hackernews","title","1"
"ADBE","5310f871-96f6-5a1b-9031-fa9c32b15484","2018-09-13","transcripts","earnings_call","31"
"NVDA","5312d36e-bfdf-582a-bdb8-71c6bb631b7d","2015-06-05","hackernews","title","1"
"INTC","53191bc4-fcc4-5abf-984c-40e1871650cf","2018-06-08","hackernews","title","1"
"DELL","53266938-5320-50f5-a9af-632a8055af62","2018-03-21","hackernews","title","1"
"NVDA","5360a94d-38a5-57d8-b4ed-42e7074c24a0","2022-11-08","hackernews","title","1"
"INTC","53795361-53de-548b-98c8-b5d47588cf5b","2016-12-22","hackernews","title","1"
"ADBE","537bf0ed-a7a5-52e0-b010-af4e02056d8c","2024-03-26","hackernews","title","1"
"TEAM","53855cfe-5336-5d69-b61b-5ad97cb0f4d9","2015-10-07","hackernews","title","1"
"MU","5395b4b6-1076-56a2-a23c-65de83a46306","2019-06-26","sec_filing","10-Q","137"
"ADBE","539739a2-389e-5df9-80cc-eb5879c5196a","2021-04-18","hackernews","title","1"
"DELL","53a534ea-6d2f-5471-a921-d44373e02c1e","2026-05-28","transcripts","earnings_call","31"
"DELL","53a5687e-b686-55b1-819c-31e26d178b31","2026-03-04","hackernews","title","1"
"TEAM","53a6f4a1-58ed-50ce-a3a9-c32202d58f46","2019-10-16","hackernews","title","1"
"TEAM","53af85f8-8cd7-5de8-903f-d3acb61630a7","2021-07-29","transcripts","earnings_call","29"
"NVDA","53b2312e-347c-50b8-b4a2-e54183b7c738","2016-08-03","hackernews","title","1"
"PG","53b9fcd4-2c66-507e-8fcf-b6a65aa34c4a","2019-04-23","transcripts","earnings_call","32"
"NVDA","53bd04a9-270e-5d20-8ef0-f780229c1f4d","2019-10-23","hackernews","title","1"
"NVDA","53c18894-a2f1-523e-863d-1f0c2e054478","2020-05-15","hackernews","title","1"
"INTC","53e0f0bf-bd13-5a7c-b23b-f123867de1a7","2017-04-07","hackernews","title","1"
"NVDA","53e29dee-52ca-5350-95e9-c4b4337129e9","2024-02-22","hackernews","title","1"
"INTC","53f70981-263e-5110-a3d6-dccb0e019003","2015-10-16","hackernews","title","1"
"DELL","53f7ba99-e477-554f-b045-2b42775cc627","2024-03-19","hackernews","title","1"
"TEAM","53f8179f-a3aa-5d9a-b221-d9c3bf927848","2018-10-18","sec_filing","6-K","2"
"TEAM","5403a61e-94a1-5172-b6b4-2466125ad79f","2016-10-01","hackernews","title","1"
"TEAM","5407f6f7-bd46-57ca-92e7-189e4190895f","2023-06-06","hackernews","title","1"
"NVDA","5411fb72-ec10-53a3-b79f-b8a56e4cdade","2025-11-05","hackernews","title","1"
"NVDA","542066d6-46de-50e4-bb7e-4df572cb0638","2022-04-04","hackernews","title","1"
"INTC","5428fdde-4509-5b2d-b213-034c95504373","2018-12-31","hackernews","title","1"
"MU","543d1c8f-bc48-5f56-b522-d4cf2db1324f","2015-07-30","hackernews","title","1"
"INTC","544e4476-fe7b-5477-8bf5-9bf9b81f8057","2022-05-09","hackernews","title","1"
"DELL","544fff67-2af3-5e06-b637-97db2bb76870","2024-03-28","hackernews","title","1"
"WM","545ab9f5-9322-5c5f-b96a-274da849d536","2012-10-31","transcripts","earnings_call","28"
"WM","54602480-f4a3-5172-8f47-6cb1e6714b86","2026-07-29","sec_filing","10-Q","108"
"INTC","54663ae2-6f76-5cee-81af-5934c442015b","2022-01-26","transcripts","earnings_call","32"
"NVDA","546dbd88-8b1f-55ad-bf0b-d68ce5b38b94","2019-11-14","transcripts","earnings_call","27"
"CAT","548c4c43-aa1f-5ed3-b436-f17aa78c86fb","2021-02-17","hackernews","title","1"
"INTC","54923660-2bdb-5df9-a21b-40ef5602e465","2020-05-08","hackernews","title","1"
"INTC","5492d3b3-b178-533c-af71-e4af57d01de0","2022-05-20","hackernews","title","1"
"NVDA","549fa421-e9a5-5fa6-857b-3e090e0ef5d9","2016-07-22","hackernews","title","1"
"NVDA","54a3f49b-4f31-5d08-8478-0f44a2fe2b4c","2025-05-20","hackernews","title","1"
"ADBE","54b05c7c-cad6-5138-9e44-dfe953bddd47","2021-09-15","hackernews","title","1"
"ADBE","54b9b213-3b16-5a06-bde5-ec3b4bb17aca","2023-03-22","hackernews","title","1"
"ADBE","54c053b1-4bd8-5f7f-bc7d-8f35b9f2cf38","2020-04-24","hackernews","title","1"
"INTC","54c334c0-e59c-5f06-b146-1f258e5d7615","2021-11-05","hackernews","title","1"
"MU","54cc9516-666e-51e0-9d27-0e56dd8a3705","2022-03-22","hackernews","title","1"
"INTC","54dc576e-e4dd-573b-9adf-2f971c89d436","2021-08-18","hackernews","title","1"
"INTC","54debb19-641b-588c-b939-557e3f3aabb6","2021-07-15","hackernews","title","1"
"NVDA","54dffaed-2b33-53d0-bdd7-233fdc2b7eda","2015-01-28","hackernews","title","1"
"INTC","54fdf35e-a956-57c6-a503-354e27950cbe","2021-05-09","hackernews","title","1"
"ADBE","5505d0b5-159f-55a4-a24f-219192f9e405","2023-09-04","hackernews","title","1"
"NVDA","550a9a50-8119-55a5-9261-2e26d19fc1ed","2022-03-06","hackernews","title","1"
"DELL","550afb1f-daf0-5a89-87c6-3f936c738f0f","2015-06-01","hackernews","title","1"
"DELL","5514944e-c4a1-50f8-8799-ab078fa6139a","2020-09-01","hackernews","title","1"
"INTC","55298621-dcfe-5481-82ae-ba4f9c6bf2f6","2023-01-26","sec_filing","10-K","339"
"INTC","553445f6-447e-5371-9668-d973a9c747c8","2022-11-13","hackernews","title","1"
"DELL","554b8e06-b985-5291-8f6b-2b001a21f1dd","2017-05-15","hackernews","title","1"
"TEAM","554d5a65-7e23-57ed-b8b7-a020240e9dfe","2020-07-30","transcripts","earnings_call","31"
"NVDA","5550db4d-42f3-5fdb-9e24-83d5cc867ff5","2018-10-23","hackernews","title","1"
"TEAM","55540cd7-7efc-57b9-9752-504a5660e6f3","2021-10-28","sec_filing","6-K","2"
"ADBE","5570b09a-5791-57d3-abce-ba1a84f92cea","2022-12-20","hackernews","title","1"
"ADBE","55737907-9bef-5547-a674-eb44451750f8","2020-04-27","hackernews","title","1"
"INTC","5578e735-f660-536a-b5d7-c7c7db4adfc3","2019-04-23","hackernews","title","1"
"WM","559d4f64-37ba-5508-a327-ba7d7e3f21a0","2023-10-25","sec_filing","10-Q","108"
"ADBE","55a4faa7-b998-55dd-a36b-d67c86994609","2015-11-05","hackernews","title","1"
"TEAM","55a59c48-9b51-5950-a7f0-83bfb6c4dd1b","2019-01-18","hackernews","title","1"
"ADBE","55a8aaf3-fe1d-5757-9db4-507b1d4f27f1","2024-10-05","hackernews","title","1"
"INTC","55b0862c-0871-5315-93f0-d820cfc48b1e","2019-12-30","hackernews","title","1"
"ADBE","55baf7b7-97df-57b5-a0d8-40e098f3c684","2015-08-17","hackernews","title","1"
"ADBE","55c010c2-7482-5f83-a30f-cdbdc1bdf349","2025-04-09","hackernews","title","1"
"NVDA","55c03e0f-d480-500f-9301-5d205e35f6ea","2025-04-07","hackernews","title","1"
"MU","55c31410-77e2-5300-ac0a-3705ac7e5d49","2019-12-20","sec_filing","10-Q","121"
"TEAM","55dedabd-da69-5610-803b-e36a150b8e5f","2015-06-26","hackernews","title","1"
"DELL","55e506d1-d21d-5bf2-bedb-90495903d9ed","2017-06-01","hackernews","title","1"
"INTC","55ecafbf-07b7-5d8f-9c04-6d924e4c74d0","2024-09-16","hackernews","title","1"
"NVDA","55efa85c-48df-5a34-9e8b-d07dd15791c9","2016-06-07","hackernews","title","1"
"DELL","55f8ca64-5c35-5654-b892-8f352aedc7eb","2019-01-06","hackernews","title","1"
"MU","55fc6f4e-3691-5388-b690-d3b1bf8577ec","2023-06-28","transcripts","earnings_call","28"
"ADBE","55fdc907-c194-562b-bc30-1bcf3d5f80a4","2023-03-09","hackernews","title","1"
"ADBE","560a2960-68ac-50c4-a3f9-a59476071573","2018-09-13","hackernews","title","1"
"DELL","5618757c-1fce-5fae-80f6-31eed7b23534","2017-01-31","hackernews","title","1"
"INTC","562b848d-c414-55b5-8b01-7be72182f805","2015-02-23","hackernews","title","1"
"MU","5630ca36-ce7f-519b-a114-ab5454b7210e","2026-08-21","hackernews","title","1"
"TEAM","563f3f2a-e66d-5b6e-9627-ac57bec2c7a9","2020-06-25","hackernews","title","1"
"DELL","564793f3-a1e5-520d-b850-46d541a3c47c","2023-08-02","hackernews","title","1"
"INTC","564a28a4-d60f-5b6a-b0dd-22200e92a842","2020-11-08","hackernews","title","1"
"INTC","564aa7c5-f75b-5415-b2dd-842d5cd7d17f","2016-07-24","hackernews","title","1"
"ADBE","564c02f0-a103-5f61-9454-08eb52123dd7","2026-09-04","hackernews","title","1"
"INTC","56527604-0090-5d04-b619-a13e5d4ed195","2022-01-26","hackernews","title","1"
"NVDA","56723fd6-b07a-51d3-859e-cdff48bbd8db","2020-01-21","hackernews","title","1"
"ADBE","56728634-14bf-5964-a352-5c699ec54cb1","2026-07-08","hackernews","title","1"
"PG","5675d05a-8e76-5a77-98c4-4db954601f9c","2020-10-20","transcripts","earnings_call","27"
"ADBE","567a601a-1fbc-5c44-810d-15d42f08b887","2019-06-26","sec_filing","10-Q","181"
"NVDA","567eecf0-17d2-5d65-a76e-9c85650d19f2","2021-01-19","hackernews","title","1"
"PG","568ead07-82bd-5144-aed0-629c269a70e2","2016-01-26","transcripts","earnings_call","35"
"INTC","56c4b17c-3ef0-559f-a2d3-f23aeb783555","2022-02-23","hackernews","title","1"
"ADBE","56cbfecd-91e4-54d0-b058-d55fe6edea35","2021-09-10","hackernews","title","1"
"ADBE","56d3e5ee-8a2e-5b2b-997e-1fec6c63a2c6","2015-02-25","hackernews","title","1"
"TEAM","56eba72f-12dd-5fdc-a809-5f75365bb6d0","2022-03-16","hackernews","title","1"
"DELL","56ec2ca5-39e3-5026-957d-0a317a5b5fb1","2018-11-29","hackernews","title","1"
"NVDA","56ee494f-e15c-57c5-9ed3-346b08a30e44","2021-07-23","hackernews","title","1"
"CAT","56f766b1-95c3-50ef-a5da-63bcfc6863b6","2024-08-07","sec_filing","10-Q","178"
"NVDA","57065ce8-9a47-5dda-acba-91c6432fdca8","2020-08-19","sec_filing","10-Q","81"
"NVDA","57158954-c016-5554-b0f7-15d6c0a67c4a","2015-12-26","hackernews","title","1"
"NVDA","5716df2b-87af-5bba-9da5-7fdeb453fd7c","2021-08-20","hackernews","title","1"
"INTC","571fee16-8399-5e47-ab63-2e081e70d4b3","2017-07-20","hackernews","title","1"
"INTC","573795dd-7128-5692-9af8-1f6adc0b8ee5","2023-07-04","hackernews","title","1"
"NVDA","573933c4-80fe-5cb4-ad6e-e61122402e1e","2017-09-28","hackernews","title","1"
"MU","57534a4b-7242-58c6-92a0-51cd580ca5e1","2026-03-22","hackernews","title","1"
"INTC","575a787c-db84-54ba-a36c-124592a6f564","2016-04-11","hackernews","title","1"
"NVDA","5768a103-1838-5b4e-9622-fc43cf3f0dab","2024-06-10","hackernews","title","1"
"ADBE","57715dbb-d8e7-5c38-b752-4e13ff37aa01","2024-10-18","hackernews","title","1"
"INTC","57721341-55ea-589e-a5d0-d74c46a579c0","2026-01-15","hackernews","title","1"
"MU","57738436-4b7d-5b24-b9ee-66a4835efce2","2021-10-08","sec_filing","10-K","220"
"TEAM","57818c82-28ed-568b-b60a-629c4816263c","2018-03-02","hackernews","title","1"
"WM","578dc878-b386-5ffc-97e7-dbb9d4bdf930","2024-04-25","transcripts","earnings_call","33"
"TEAM","57984934-df33-5841-82b4-4b30e4f6d3a9","2015-01-29","hackernews","title","1"
"MU","579dc912-d6ff-56cf-b152-4324f2444a93","2026-07-07","hackernews","title","1"
"ADBE","57b26b2e-a160-558e-875c-d039a2ad22c0","2025-02-07","hackernews","title","1"
"DELL","57c1250d-eb31-54f5-9754-c5aca4faa4d5","2025-12-15","hackernews","title","1"
"DELL","57cbe971-6ab2-5811-8d68-81b09e6e016f","2015-03-03","hackernews","title","1"
"INTC","57cf48f2-2f58-5bf8-988e-5a706f4a401c","2021-03-10","hackernews","title","1"
"DELL","57d5e913-a9f8-5462-85b9-913b4e9ed301","2016-11-02","hackernews","title","1"
"ADBE","57db65d9-e4ed-5d4c-98e0-35e3719f3b1c","2026-04-06","hackernews","title","1"
"NVDA","57e1bc5b-9c62-51de-a2ba-419d0e124e75","2022-12-30","hackernews","title","1"
"NVDA","57e1d4a6-63ed-5040-8bfe-dded2e5faa67","2015-07-13","hackernews","title","1"
"ADBE","57e265b7-68a1-5a82-b7f4-36454539b465","2018-02-06","hackernews","title","1"
"NVDA","57f0c997-3d28-5436-a12c-638580fd01fc","2023-10-26","hackernews","title","1"
"INTC","57f20afe-07fc-5e4c-9062-2b51e25a1ced","2025-01-18","hackernews","title","1"
"MU","5804fdda-7318-54a6-a2db-c48a69d0247b","2023-07-27","hackernews","title","1"
"INTC","58055639-c4f0-5824-a57a-dfe7da7b27f5","2026-01-06","hackernews","title","1"
"NVDA","5813318d-9e4e-5d2e-a45c-85b668b0355e","2020-10-05","hackernews","title","1"
"NVDA","581b1da1-4a15-5f93-8dde-d70b494ffebe","2020-11-16","hackernews","title","1"
"MU","581d249e-ed61-5456-9107-18ccdb60991b","2018-09-20","transcripts","earnings_call","31"
"INTC","583f994c-e1bf-5748-9748-4547c915e419","2022-03-31","hackernews","title","1"
"TEAM","583fcc35-5ecc-5f65-baee-0bf5b71f79a7","2015-10-28","hackernews","title","1"
"MU","584e2356-d5a6-5710-9f24-b6f0a71345b2","2018-12-18","transcripts","earnings_call","29"
"DELL","584eb613-c4bc-59ca-aeb6-185c6aeb546b","2025-01-31","hackernews","title","1"
"INTC","5853910b-40c1-503d-b2e7-d3cbef914cd3","2016-03-31","hackernews","title","1"
"NVDA","585ace5e-8a4a-5838-9df9-469638d8684a","2016-01-07","hackernews","title","1"
"INTC","58677615-bcd2-5213-8d88-b3f1d4dd191a","2022-11-10","hackernews","title","1"
"DELL","58849c57-31a6-5e4e-b052-543bcb3554cd","2023-09-30","hackernews","title","1"
"ADBE","588d5c2d-d0b9-51e9-82f6-c4f5056eef0e","2012-01-26","sec_filing","10-K","351"
"NVDA","588f0975-6941-5723-86be-3fbcb1497f36","2021-06-25","hackernews","title","1"
"INTC","588f4948-3b13-5359-bf83-7565bba0116e","2017-09-01","hackernews","title","1"
"DELL","589bc017-6ada-5040-9133-b3c89b3db31b","2016-03-28","hackernews","title","1"
"INTC","589beff6-60f5-5491-bdb8-425700150fe4","2021-11-06","hackernews","title","1"
"NVDA","58b091ea-c76d-5f1d-a3ea-afbf891d6b34","2018-08-17","hackernews","title","1"
"NVDA","58b0a86c-d4b5-543e-8307-10502e0136ca","2022-10-26","hackernews","title","1"
"INTC","58b5c72c-da81-54bc-9e73-8a11a452a28e","2025-10-26","hackernews","title","1"
"INTC","58c08991-11fe-5165-b375-f41d804234d8","2020-09-05","hackernews","title","1"
"DELL","58c7f6db-4b03-561b-8a0d-fecb788bcde4","2023-05-10","hackernews","title","1"
"CAT","58c9f78f-a2ea-5220-b5e7-07b9a555d49f","2017-09-18","hackernews","title","1"
"INTC","58cfe776-32ac-5c62-bf56-444daee18609","2021-01-08","hackernews","title","1"
"INTC","58d4b3e7-8689-5136-9413-1d92454fc637","2019-08-24","hackernews","title","1"
"INTC","58dcfd59-25fd-52e6-a555-e15ddcae965a","2026-06-12","hackernews","title","1"
"ADBE","58f99dc3-4990-5920-b1da-d2d847e15f1f","2017-04-06","hackernews","title","1"
"NVDA","58ffc3b9-d245-5a0a-9245-2311800daa18","2024-06-05","hackernews","title","1"
"DELL","5902a3bc-20ab-5890-a40f-be99f5da21da","2012-03-13","sec_filing","10-K","270"
"DELL","5910ca3f-97a1-583d-ae3c-7533a595d426","2022-12-17","hackernews","title","1"
"ADBE","59250827-1eaa-5e36-9ddd-a0a77b13a650","2018-06-03","hackernews","title","1"
"INTC","593f6921-374f-57f9-89ef-495432392678","2021-11-22","hackernews","title","1"
"TEAM","59483015-b249-5484-947a-a7f2fa4538af","2018-03-20","hackernews","title","1"
"DELL","594883fa-c164-50fd-8f42-b88503c658ba","2026-06-03","hackernews","title","1"
"INTC","59680f4a-3c59-529c-806e-2282bc757a52","2021-12-23","hackernews","title","1"
"NVDA","5976b944-8ef7-547d-aab3-33f7550c4fd3","2019-07-29","hackernews","title","1"
"DELL","59876630-dc03-5936-9e10-3a01f2237a8c","2024-11-26","transcripts","earnings_call","32"
"INTC","598af8a1-d591-509d-990a-bbde858449a7","2024-08-01","hackernews","title","1"
"NVDA","59a383aa-6e87-573f-a8f2-1eba86bb26a0","2019-03-13","hackernews","title","1"
"ADBE","59a841ee-a2a1-5443-8385-e3780b3ee6de","2020-06-16","hackernews","title","1"
"PG","59c4f536-4c57-56cc-90ae-98fc2cf88cb0","2016-10-25","sec_filing","10-Q","74"
"ADBE","59c6d59f-231f-5abb-98d7-3b1ba568b328","2017-12-14","transcripts","earnings_call","31"
"MU","59e911f9-bdc7-5ed2-921c-89a7870fa0d4","2022-08-01","hackernews","title","1"
"NVDA","59f4d29e-da98-5c6d-949f-062134b4fc23","2022-04-08","hackernews","title","1"
"TEAM","59ff69f9-b40f-55c8-bf9b-a4b8ce80ba40","2019-06-17","hackernews","title","1"
"INTC","5a040507-0476-55ad-bee1-0bbd216cad08","2023-04-20","hackernews","title","1"
"NVDA","5a0a6ef2-4e01-5bc7-b28f-7c9851377a58","2020-09-01","hackernews","title","1"
"ADBE","5a3233e2-3309-5cc6-b9d8-a739af2e42ef","2019-05-30","hackernews","title","1"
"NVDA","5a366b6f-39c5-575e-9585-f1a7ef6ed7ca","2021-11-12","hackernews","title","1"
"ADBE","5a38e973-9663-575a-8896-47169634203f","2020-12-08","hackernews","title","1"
"ADBE","5a489a0f-fd1b-5ce3-b881-ff27ed84e586","2021-11-21","hackernews","title","1"
"NVDA","5a4b26a3-0a58-5ef9-8fa2-a3a27aabc231","2015-12-23","hackernews","title","1"
"TEAM","5a4b567c-ac87-5028-92eb-921f89b388ef","2020-10-16","hackernews","title","1"
"NVDA","5a5d512e-33c9-571f-a091-5395a1198d20","2014-03-12","sec_filing","10-K","264"
"ADBE","5a5e6a0a-cc0c-53ef-924f-7d82144236e2","2021-12-02","hackernews","title","1"
"ADBE","5a61b9f0-3be8-5e44-b232-f7bcb2bc45f4","2020-07-23","hackernews","title","1"
"INTC","5a61f082-1521-5375-840e-06499d297bf0","2021-11-08","hackernews","title","1"
"ADBE","5a6619ff-ddf5-53d9-9b94-301ae85be91a","2015-02-03","hackernews","title","1"
"ADBE","5a6f90f8-32e8-543d-9000-fde4a761254f","2024-09-25","sec_filing","10-Q","140"
"INTC","5a75937d-8193-5b41-a575-886ce4064358","2022-09-28","hackernews","title","1"
"INTC","5a94b7ef-5ce9-5276-84d4-d468f81c62e4","2020-07-18","hackernews","title","1"
"DELL","5a960f12-9047-5291-a703-24df17a225d2","2021-04-17","hackernews","title","1"
"NVDA","5aa4bca7-c608-56e2-b635-9553620e7778","2021-01-14","hackernews","title","1"
"INTC","5abcc05d-0704-5f00-a4a4-e900fea83935","2016-04-11","hackernews","title","1"
"NVDA","5ac112f2-bb57-5645-bb01-bc5cd7a45852","2019-04-21","hackernews","title","1"
"NVDA","5ac83dc9-3a9e-5e58-87fb-c799fd032c3d","2024-02-13","hackernews","title","1"
"MU","5acb5aa4-a635-598c-8b13-3916a18e20ec","2016-10-28","sec_filing","10-K","258"
"INTC","5ace57ed-23b7-567f-877c-8e81768c4e85","2018-06-19","hackernews","title","1"
"TEAM","5ae267fa-d744-59eb-98ac-cf8dff9b3af2","2017-01-19","sec_filing","6-K","2"
"ADBE","5ae52667-0ad2-5042-b7c5-de536a5a6aca","2026-01-25","hackernews","title","1"
"TEAM","5ae53e61-0b44-52bb-a590-ba49d5e1b77f","2022-03-25","sec_filing","6-K","3"
"DELL","5ae93254-271b-52a2-9cf0-e6265a9bd8b7","2023-02-19","hackernews","title","1"
"ADBE","5afb4ffc-186e-59c0-8bff-a834f9da5213","2017-06-21","hackernews","title","1"
"INTC","5afdb875-90f5-50a9-b07d-ac0970b5ea42","2023-05-08","hackernews","title","1"
"DELL","5aff1b89-f538-512f-abc7-d816f3e39dff","2022-11-19","hackernews","title","1"
"DELL","5aff2958-6e0c-5318-8c37-3bf266145690","2019-05-22","hackernews","title","1"
"INTC","5b051a6d-2380-5350-8e8e-665d2eafbc96","2023-03-02","hackernews","title","1"
"ADBE","5b078e7a-29bf-54c8-aaa7-025c983ec428","2018-03-27","hackernews","title","1"
"ADBE","5b091179-82b6-5160-b407-a866448ff208","2019-02-01","hackernews","title","1"
"MU","5b0bc766-ebbe-5b0a-b570-0a32ed2f73fa","2015-03-28","hackernews","title","1"
"DELL","5b1d34b0-0e1c-546e-89f0-eb468aa7611d","2023-05-10","hackernews","title","1"
"TEAM","5b35130c-e49e-5ef2-9c85-ded2eab9373b","2023-04-20","hackernews","title","1"
"ADBE","5b3e423d-a1ed-5678-bb1f-45c6219ac3f8","2019-09-30","hackernews","title","1"
"DELL","5b50a229-41a4-53b5-ab3a-353b131192e7","2022-11-15","hackernews","title","1"
"INTC","5b54851e-4023-5481-b8a0-e5f9e7d8cc81","2015-01-31","hackernews","title","1"
"INTC","5b638287-9b82-5dcb-97ed-99c514e69082","2016-03-15","hackernews","title","1"
"NVDA","5b75198a-ae44-509e-87e4-141df00d7b34","2016-03-16","hackernews","title","1"
"TEAM","5b802e46-544b-5ce2-bf40-b4401bb4619c","2019-09-04","hackernews","title","1"
"DELL","5b849033-19c3-5100-aa10-df4df6f45ec2","2017-04-19","hackernews","title","1"
"NVDA","5b8b40a8-58b4-5718-884b-9a9b6b7a27c1","2015-01-22","hackernews","title","1"
"DELL","5b8d2da7-f5ff-5ccc-a26d-a573b936686a","2016-05-19","hackernews","title","1"
"CAT","5b91a354-e837-5420-8c7e-9e0e132d4aa6","2015-10-30","sec_filing","10-Q","226"
"TEAM","5ba6e523-e8a3-50bd-90fd-90d735df418e","2022-01-26","hackernews","title","1"
"INTC","5ba9f52b-bf04-598a-9d9a-0e42a3368d0b","2015-04-08","hackernews","title","1"
"INTC","5bac26c2-47c9-5eb1-9d07-214a7808f443","2025-06-10","hackernews","title","1"
"INTC","5bac5e7d-6e50-59b6-bafe-932f21d66903","2023-12-17","hackernews","title","1"
"ADBE","5bb790c4-b2bb-51c5-9628-db08a07e9250","2020-03-25","sec_filing","10-Q","146"
"TEAM","5bc3cc4f-180b-5836-9de1-b2650f4cd9ea","2017-04-18","hackernews","title","1"
"TEAM","5bd4e79a-9c00-5397-b6aa-af3c1b9726dc","2017-04-25","hackernews","title","1"
"TEAM","5bde458d-54dd-5d12-8e64-31cc7c4e789b","2018-02-24","hackernews","title","1"
"INTC","5be23abe-1bd7-50dd-ba5c-1e47801b9c8f","2021-02-01","hackernews","title","1"
"CAT","5bebb4d6-b8ad-5d71-9dad-de8536fa4a66","2026-08-13","hackernews","title","1"
"INTC","5bf245d4-810c-531f-80fc-1c2985fe070a","2024-05-29","hackernews","title","1"
"NVDA","5bf74d85-78c3-5bfc-9be4-130d463b42da","2020-02-04","hackernews","title","1"
"TEAM","5c096895-97f7-5212-8a93-8aa7bbc83e15","2021-04-28","hackernews","title","1"
"INTC","5c125a97-73c4-5ec1-9481-65d140165e6d","2025-01-06","hackernews","title","1"
"DELL","5c17d4f5-c2f9-5822-914d-3c28d0e1933e","2026-03-24","hackernews","title","1"
"INTC","5c1c0077-cc84-5b0d-aa79-23fe8552e1b6","2023-04-27","sec_filing","10-Q","84"
"NVDA","5c352329-6b51-5af1-ba6f-86beef7c0db5","2017-05-10","hackernews","title","1"
"NVDA","5c474a02-fea7-598a-859c-19dfe87b35e0","2025-12-15","hackernews","title","1"
"DELL","5c48ed37-1fc0-55a2-9032-78033e29b0d1","2021-11-21","hackernews","title","1"
"MU","5c4d5cf6-853b-59f1-91dc-3e3b7bd34db7","2025-09-10","hackernews","title","1"
"INTC","5c557bd4-7889-52ec-b16a-eeb02639a1da","2020-01-04","hackernews","title","1"
"TEAM","5c646eba-3bb7-5e78-ab32-45b2acfe083a","2018-04-23","hackernews","title","1"
"NVDA","5c64bd7e-b966-5a61-887d-a90de825209d","2017-10-31","hackernews","title","1"
"NVDA","5c6ea4ee-eb68-51bb-91e9-dbdf892ca587","2023-03-26","hackernews","title","1"
"MU","5c6ea7e9-cae8-5452-8108-0f49a37ec1bb","2025-03-20","sec_filing","10-Q","138"
"NVDA","5c741009-45ce-5398-8dca-d8a22c061f8d","2019-04-02","hackernews","title","1"
"ADBE","5c832361-08e1-59b4-803d-251b84db0f9f","2024-10-04","hackernews","title","1"
"INTC","5c878211-5171-5e2f-945b-965aa245e88b","2016-08-09","hackernews","title","1"
"NVDA","5c9aa34e-475e-568a-b8e4-bbfe7301577c","2019-02-06","hackernews","title","1"
"ADBE","5ca1d7e7-4934-5abc-84a8-6b1b0b32d760","2015-05-07","hackernews","title","1"
"ADBE","5cb9331b-e98d-54c8-80f3-380ba841f896","2022-03-05","hackernews","title","1"
"ADBE","5cbc4c81-8831-5c5d-8c06-5b28cf7c4cd6","2022-04-28","hackernews","title","1"
"NVDA","5cc03106-93c6-58c7-a4fe-95d7393a885c","2022-12-22","hackernews","title","1"
"DELL","5ce5d1e3-e07d-5044-8cda-1a8bd201a4fc","2025-04-24","hackernews","title","1"
"WM","5ceed100-5322-5972-8b01-5819d6c52a9b","2022-10-26","transcripts","earnings_call","37"
"NVDA","5cfd84ac-f075-5fdc-b57b-0e5bada2d5cc","2016-07-06","hackernews","title","1"
"NVDA","5cff7410-7cd6-5fc2-a433-7d4bad0d9f5c","2021-02-18","hackernews","title","1"
"NVDA","5d1ac975-ea2d-5ef5-ab0f-c10dcb8f6686","2015-08-06","transcripts","earnings_call","42"
"INTC","5d1b4532-9899-59f4-a865-86b08ca74e56","2017-09-04","hackernews","title","1"
"ADBE","5d1fd71a-0ee5-54ac-8d34-034a0738f402","2016-07-31","hackernews","title","1"
"INTC","5d33aa33-ea5d-5a88-8476-d7a2144b0fa9","2015-04-08","hackernews","title","1"
"NVDA","5d362997-9423-5824-b2f1-cedbd662c9c0","2026-03-18","hackernews","title","1"
"ADBE","5d37f91e-fb32-5c2d-bdbf-b14750e102c1","2025-10-31","hackernews","title","1"
"INTC","5d3a4206-2c0c-531d-bda1-d5309e49d371","2021-07-03","hackernews","title","1"
"NVDA","5d3a557d-e740-52eb-afc7-8fb4422da5be","2021-07-19","hackernews","title","1"
"NVDA","5d3ac5e6-948c-51ba-91b3-004b379fdaf6","2025-02-15","hackernews","title","1"
"ADBE","5d3f499a-98ef-5865-af9d-e15cb0b431b8","2017-06-21","hackernews","title","1"
"INTC","5d4da816-3c63-53a4-abd0-6325dc7ffc51","2016-06-10","hackernews","title","1"
"MU","5d5a1456-3a2c-587a-b2b4-53fe09498036","2018-06-25","hackernews","title","1"
"INTC","5d67f9b7-3fe2-57a8-9cfe-6aea33a93659","2016-06-11","hackernews","title","1"
"CAT","5d6febd8-0fc4-5eba-bd9e-c6f4481bdfb8","2016-08-26","hackernews","title","1"
"ADBE","5d7ea0dd-4aac-56f4-8836-e27dd25a4c82","2019-10-27","hackernews","title","1"
"INTC","5d85b724-4562-5487-b25d-4256088c2351","2025-05-09","hackernews","title","1"
"ADBE","5d8826c8-9eb1-5302-a2fa-b2d3a20b8383","2023-06-15","transcripts","earnings_call","33"
"MU","5d95d7fa-b615-5236-af28-6d0db3773271","2020-09-29","transcripts","earnings_call","31"
"INTC","5dbf69c9-f55e-5155-8ea5-44612bed4679","2016-07-23","hackernews","title","1"
"INTC","5dc7234c-23a1-53c6-9e37-ccf2def0b51c","2023-09-19","hackernews","title","1"
"NVDA","5dda8b8f-b86d-5218-a118-51f33604c672","2025-06-24","hackernews","title","1"
"INTC","5de8b275-62ce-5494-aadc-149f316e66bd","2017-08-15","hackernews","title","1"
"TEAM","5df9c629-1df6-5f05-a17f-0ee9b0ce6f99","2017-07-09","hackernews","title","1"
"CAT","5e131522-b4f9-59e3-b45c-db83096031e7","2013-08-02","sec_filing","10-Q","225"
"INTC","5e17beed-675d-5232-91e3-174fa6fec6b2","2019-05-14","hackernews","title","1"
"ADBE","5e18be02-a56e-536b-ad79-b31f2e77598d","2025-12-17","hackernews","title","1"
"NVDA","5e2f23bf-e363-5fd6-9d3f-3a20a76a099d","2026-01-25","hackernews","title","1"
"TEAM","5e374160-35a1-578b-a363-299c5bc1537f","2024-09-18","hackernews","title","1"
"ADBE","5e380823-509d-5333-8c68-52433201aa16","2019-09-23","hackernews","title","1"
"PG","5e3b6158-d7e5-5cee-9803-c481c4391c48","2021-04-26","hackernews","title","1"
"DELL","5e3d04c5-1268-5704-98e5-850661ef5371","2018-08-29","hackernews","title","1"
"DELL","5e418740-b499-5287-b2d7-5f61f44d8e9b","2015-06-08","hackernews","title","1"
"NVDA","5e60aef7-04b9-5cbf-9f8a-1c9aa1c2e0c2","2020-01-20","hackernews","title","1"
"TEAM","5e709d79-7f65-5c37-aa77-88c08f330707","2019-02-01","sec_filing","6-K","182"
"TEAM","5e78197a-3cf0-5c6f-bcaa-5e4d40435da4","2020-08-24","hackernews","title","1"
"INTC","5e7eefc1-7787-533f-b7de-eaaadc960b54","2014-10-14","transcripts","earnings_call","27"
"NVDA","5e7f93d5-ab42-5c68-8904-f58770cd69df","2026-05-27","hackernews","title","1"
"ADBE","5e819a1c-e7cc-5ce2-9e5b-3c1ad1367340","2018-06-28","hackernews","title","1"
"MU","5e847161-f95b-5ac0-ad22-94cf43d1c1b0","2018-06-21","hackernews","title","1"
"INTC","5e999ee6-ffee-55e6-a936-b2a32931ba40","2022-02-21","hackernews","title","1"
"INTC","5e9a523e-aa02-56e3-bbec-e76df8e92752","2024-11-13","hackernews","title","1"
"INTC","5eafbb56-dd23-5717-9b0c-e3886695e315","2023-08-29","hackernews","title","1"
"ADBE","5eb56bbc-0304-54ea-b29d-c219e3848641","2017-09-19","transcripts","earnings_call","33"
"NVDA","5ebab427-c5de-50e7-ba9d-5aef436aa641","2024-05-03","hackernews","title","1"
"ADBE","5ee17583-5889-5be5-8fdf-2560d16826e5","2019-08-12","hackernews","title","1"
"INTC","5ef795f8-317a-509c-afa3-0402a4f03b2d","2016-02-12","hackernews","title","1"
"INTC","5f07ab6f-ebbd-5b96-b3c0-7303571fa8c0","2021-09-07","hackernews","title","1"
"TEAM","5f0aae56-872b-548e-a89b-ac2c9041d532","2023-03-07","hackernews","title","1"
"ADBE","5f0ddde0-5d89-5a2c-a44e-7590c91d3dfd","2021-05-04","hackernews","title","1"
"TEAM","5f178174-519e-54ff-82c6-4c65147ac662","2024-07-21","hackernews","title","1"
"NVDA","5f222340-210b-517e-9282-8d87943f4e59","2017-01-24","hackernews","title","1"
"INTC","5f23a43c-0606-5c37-823a-08e3344d469c","2023-01-05","hackernews","title","1"
"INTC","5f26967b-b030-59c1-a40a-efc52330fc30","2018-02-16","sec_filing","10-K","256"
"NVDA","5f440091-3ff7-572c-98ae-879b1962c182","2026-07-09","hackernews","title","1"
"WM","5f5a464a-295d-53e6-a9a2-0f3e90a3a225","2017-10-11","hackernews","title","1"
"DELL","5f6e0a12-c3c4-580a-b77c-6db817570d7c","2016-12-13","hackernews","title","1"
"DELL","5f72c407-0cb8-5102-b4b2-e87e0870043a","2025-09-22","hackernews","title","1"
"ADBE","5f7c2b72-5f9f-5130-904b-4a9d9c39de47","2023-09-16","hackernews","title","1"
"ADBE","5f7f1672-bb0c-5bac-bed7-41a3b2b4e973","2023-09-07","hackernews","title","1"
"INTC","5f8bb727-2c83-57eb-b989-40c372788470","2016-05-12","hackernews","title","1"
"DELL","5f9d5808-3e66-540f-9777-a4f59a508abb","2020-02-18","hackernews","title","1"
"ADBE","5fa4b33a-4528-5454-8380-433a09ba29c7","2019-11-04","hackernews","title","1"
"DELL","5fb7525b-c1d6-542f-ba08-b7970d044a5f","2024-01-06","hackernews","title","1"
"ADBE","5fc3a8b3-5be7-50b8-b74c-37b08dca5423","2015-09-10","hackernews","title","1"
"INTC","5fd53eee-08f8-53ca-bc38-9615d4dca59d","2016-08-01","sec_filing","10-Q","131"
"ADBE","5fe2071c-07d7-5d72-8513-71a2d592105d","2023-04-18","hackernews","title","1"
"ADBE","5fe68442-87b2-51c8-b75a-0f8c4d0a8ec7","2015-02-05","hackernews","title","1"
"INTC","5fef0786-63af-5095-be5c-34a81b7bde0d","2017-07-28","hackernews","title","1"
"INTC","5ff4bfca-547f-5486-adee-7afa5de2e0c2","2020-04-14","hackernews","title","1"
"NVDA","5ff6ea0b-502e-5d69-af11-daaeb3bcd497","2023-02-21","hackernews","title","1"
"DELL","5ffd4612-8a93-5f79-9046-5c78d270a101","2024-09-07","hackernews","title","1"
"ADBE","6002ba6c-c224-527e-b88f-663653ed6319","2022-02-16","hackernews","title","1"
"DELL","60091ac4-dfec-5952-b929-abfe980e3323","2022-01-05","hackernews","title","1"
"ADBE","601dcb00-6e74-551d-90d2-b548e1ae7897","2021-03-23","transcripts","earnings_call","34"
"NVDA","6028471b-cf94-5537-8c22-92480174e11e","2015-01-27","hackernews","title","1"
"INTC","6028a2cd-f16a-5e82-946a-66cce6db79c7","2016-10-19","hackernews","title","1"
"TEAM","60315fa2-5866-577c-b2ac-d558610a6a87","2016-11-03","sec_filing","6-K","138"
"INTC","6031a345-a3bf-525b-9342-06b472d4dd2f","2025-07-16","hackernews","title","1"
"ADBE","603ae2a8-f2b6-5301-a746-3086bd71e62b","2015-04-21","hackernews","title","1"
"DELL","603cdc6f-bfb1-5f75-a14b-be9dffeada23","2015-06-12","hackernews","title","1"
"NVDA","60441a73-44d2-5da1-ac82-aa2cc790f35a","2025-02-27","hackernews","title","1"
"MU","604ab9b2-b05a-523d-a497-923298548e93","2024-12-11","hackernews","title","1"
"TEAM","604e3f6d-edad-5f7a-992f-579bcc72324c","2019-10-25","sec_filing","6-K","165"
"NVDA","60748113-baa5-567f-a726-17306a5c0008","2018-09-19","hackernews","title","1"
"INTC","607cc2f9-716d-54ec-a1d2-02e2fce54e21","2020-07-11","hackernews","title","1"
"NVDA","6089e6f4-22fd-514c-bb06-0ea589aaf113","2023-12-06","hackernews","title","1"
"CAT","608e391b-4b00-5baa-98b0-401bdf2b34a3","2017-02-15","sec_filing","10-K","410"
"DELL","60a1f235-e0ef-5e61-9495-af1fdf598a43","2020-03-27","sec_filing","10-K","467"
"ADBE","60af35bf-80c1-5429-abb3-c664a4cd368e","2023-06-23","hackernews","title","1"
"INTC","60b9b6a6-3725-5d17-b0ef-5c56b13255c5","2026-04-01","hackernews","title","1"
"TEAM","60be9253-8b11-5167-9f85-6a196109dc1f","2022-08-04","hackernews","title","1"
"ADBE","60c63c48-62c1-5bf2-b13a-4a8a277e8f49","2017-03-02","hackernews","title","1"
"TEAM","60da8b9f-c196-57a5-b79b-9cd297f4389a","2019-01-17","sec_filing","6-K","2"
"INTC","60e2ae99-9acf-5585-bdb0-05fdc29f7368","2021-09-07","hackernews","title","1"
"DELL","60e6a558-fbfe-5570-84fd-675f1a8164c3","2017-11-13","hackernews","title","1"
"DELL","60eb2087-ffed-5e6b-9ac3-6765eaa75cea","2013-06-11","sec_filing","10-Q","118"
"DELL","61047dc6-e380-529b-a574-d20a55df18e3","2018-12-29","hackernews","title","1"
"ADBE","610a88c9-2f4d-5dcd-8182-eda9c84a7a8c","2019-06-19","hackernews","title","1"
"NVDA","610cada2-bc24-5f57-a3e1-c8184d7ab56c","2019-12-08","hackernews","title","1"
"DELL","6116cdc6-6825-5732-a032-dcc529c2c4a5","2024-02-21","hackernews","title","1"
"NVDA","61193638-7429-52d6-8281-47aa425e8f49","2020-06-29","hackernews","title","1"
"INTC","612aa220-abc4-5613-ab74-959b0d8fd74f","2025-04-23","hackernews","title","1"
"PG","612ddbf8-8f05-5256-90a7-11b983d30176","2018-10-19","transcripts","earnings_call","27"
"DELL","6157c438-e420-5a50-8b48-449f9158c200","2017-06-09","sec_filing","10-Q","169"
"INTC","615a7d08-0576-5220-a85f-f2bd6cb29772","2015-10-28","sec_filing","10-Q","130"
"WM","615d1d1c-98d2-5639-a193-8613789d70ee","2021-04-27","transcripts","earnings_call","44"
"NVDA","6167ba32-d70f-5bf7-855c-f8ce445e5966","2026-07-19","hackernews","title","1"
"PG","616b9543-3236-5b45-a2ee-d96c5590a192","2019-10-22","transcripts","earnings_call","28"
"TEAM","6181c993-6591-5f6d-b700-e53a48364c55","2017-04-24","hackernews","title","1"
"PG","619019c0-ceb6-5a73-b6ec-132f2a85f5d2","2025-10-24","sec_filing","10-Q","70"
"DELL","6191832c-ef28-5f45-a8d2-909cfc65e6e4","2017-12-04","hackernews","title","1"
"INTC","619bd0ee-2bb8-5138-9cb2-9ab23944954e","2021-05-18","hackernews","title","1"
"INTC","61b22fe4-562f-5d41-b4db-f5e3fdc701ba","2021-04-06","hackernews","title","1"
"NVDA","61cbbe56-18ff-5043-bdc6-9e3bc223a11c","2017-02-28","hackernews","title","1"
"INTC","61cee672-e5a6-58e3-a2d3-7f06c03c29b8","2018-12-12","hackernews","title","1"
"MU","61cfeee1-832e-5083-9940-6ff98df225b9","2023-11-13","hackernews","title","1"
"INTC","61d0df21-6070-56c2-a8e1-33bc1452a4df","2023-04-04","hackernews","title","1"
"TEAM","61e4f391-dfc9-504e-ac71-4d78f3a85fc8","2023-03-06","hackernews","title","1"
"ADBE","61e668f0-f81d-5a09-a45f-d5030ca7769d","2023-03-21","hackernews","title","1"
"INTC","61ecbddc-dbc0-59bf-a4a1-8eabbfc65d91","2022-01-04","hackernews","title","1"
"ADBE","61ede624-c348-5360-b4a5-f3cdf75cd18e","2020-05-21","hackernews","title","1"
"ADBE","61ee436c-aa92-59d3-8a44-af1ffb68397b","2020-06-15","hackernews","title","1"
"MU","61f88480-93f6-5ae1-8e03-aebeaebbb08b","2019-06-01","hackernews","title","1"
"INTC","6212990f-9701-562b-aee2-7456051fc36c","2021-01-29","hackernews","title","1"
"ADBE","62130996-8c01-5bb5-ab9b-64146849aefd","2025-08-14","hackernews","title","1"
"NVDA","621a34f6-69a2-5504-b72d-7c843051413b","2025-03-05","hackernews","title","1"
"DELL","622c3b62-772c-577f-bd00-a6812825ce3b","2017-05-30","hackernews","title","1"
"ADBE","624837b7-3204-5b60-8f50-baffb0667bd2","2016-02-12","hackernews","title","1"
"INTC","6261e542-9f59-5560-8956-4c4ac663af21","2021-09-01","hackernews","title","1"
"ADBE","6268693f-76f0-5aea-a786-a90ec9fae006","2026-02-08","hackernews","title","1"
"ADBE","626c961e-a1da-53d2-8c08-9cb7c9635a4e","2023-08-22","hackernews","title","1"
"CAT","6272fdab-bfa4-5b97-b684-61113b6f22ee","2017-04-24","hackernews","title","1"
"NVDA","627587d9-274b-5df1-9e31-0974f346554d","2025-05-01","hackernews","title","1"
"PG","6279f3d2-56b8-59c2-8170-d20e2645cd19","2022-04-20","sec_filing","10-Q","91"
"ADBE","627e1461-4a76-5463-83b7-8ed21f854298","2016-03-17","transcripts","earnings_call","27"
"NVDA","628080bd-8403-5621-91c1-25ecd7255de4","2018-11-13","hackernews","title","1"
"INTC","62910a79-7ff7-5063-9477-6205ac84dd5e","2019-01-11","hackernews","title","1"
"ADBE","6293997f-15c0-599c-8223-2b924f66df69","2021-12-18","hackernews","title","1"
"CAT","62b4a5b0-82fe-5a4b-9f03-9020cdd85aeb","2025-02-14","hackernews","title","1"
"NVDA","62cf5524-8d3d-5362-b845-3c1097a0796f","2018-04-23","hackernews","title","1"
"NVDA","62cff8ec-fe36-5384-aebd-1519941efbc7","2022-03-22","hackernews","title","1"
"INTC","62da8cd2-ba76-52bc-a5b3-c48f74b4fc3c","2017-01-12","hackernews","title","1"
"ADBE","62ed5a19-f82d-5db7-b011-4f23a76f7db9","2017-11-21","hackernews","title","1"
"DELL","62f955e4-f9c7-5f1c-8d5f-75198746943c","2016-01-13","hackernews","title","1"
"TEAM","630d729e-ee88-5c47-aee3-46990f2b6585","2020-03-19","hackernews","title","1"
"NVDA","63132567-9511-53a7-9d96-f3c85bae39b3","2022-02-26","hackernews","title","1"
"NVDA","6317b5bf-8221-59f7-b756-f3d0b1c692dd","2024-03-20","hackernews","title","1"
"PG","631a5f42-75a5-5ad4-87e1-fec50d46dcc2","2022-01-19","transcripts","earnings_call","36"
"INTC","632dc80e-ccd2-5b5f-bb0c-2ba2bacf5206","2019-09-12","hackernews","title","1"
"NVDA","63345c2c-b3af-539d-b75c-a2663f33adac","2016-11-14","hackernews","title","1"
"INTC","6334fe56-cd09-54b7-adb9-4d38f98a57c7","2018-04-15","hackernews","title","1"
"INTC","63379788-ef6e-571e-9935-7176b55ed26c","2019-12-05","hackernews","title","1"
"INTC","633bf97c-165f-5105-b81a-ca8385321dcf","2018-01-24","hackernews","title","1"
"ADBE","634d16e2-c1e2-5179-af94-47403bc4c4fc","2020-12-04","hackernews","title","1"
"INTC","63661859-2500-583c-977b-64747a1485e9","2018-09-23","hackernews","title","1"
"MU","63769e90-d28b-58c1-afb7-b0f36f9306bd","2019-06-25","transcripts","earnings_call","30"
"ADBE","637eacea-3d9b-5eec-b3a9-2c06e8ab5bdf","2017-11-11","hackernews","title","1"
"NVDA","63813458-ef1f-5192-858d-b08ede75a8bb","2017-03-01","hackernews","title","1"
"DELL","6384725f-43bf-5e6a-92b6-073b4e0a6209","2020-03-26","hackernews","title","1"
"TEAM","638b4450-d5f1-5e60-8263-3be816d112be","2015-07-02","hackernews","title","1"
"NVDA","6391b69c-b2ad-56a9-b2ad-2acceb9e35f9","2022-05-09","hackernews","title","1"
"NVDA","6398801a-ac43-5cee-bcd4-b2bae7a52a29","2026-07-27","hackernews","title","1"
"NVDA","63995935-d1d6-5683-b2a1-2ac47d277e52","2025-03-31","hackernews","title","1"
"TEAM","6399c6bd-5f5b-565a-9254-d92efcf42734","2023-08-07","hackernews","title","1"
"TEAM","639d37e0-434f-58a5-a958-989b1a2415a0","2019-12-09","hackernews","title","1"
"CAT","63aaa49c-545b-5a16-96db-96e701402040","2025-05-05","hackernews","title","1"
"NVDA","63b7a89e-69cc-584e-b605-0652be843095","2022-11-20","hackernews","title","1"
"DELL","63bbd21d-29b0-545d-bdc1-943abacb4c5b","2015-08-13","hackernews","title","1"
"ADBE","63d040f1-72eb-5603-851e-280e8fbea664","2019-03-14","transcripts","earnings_call","33"
"TEAM","63d69b18-a324-5347-8a52-d2844cea59dd","2018-08-02","hackernews","title","1"
"ADBE","63db583f-8541-5dbb-8d21-11e1397d96ce","2017-09-16","hackernews","title","1"
"NVDA","63f349b9-faab-5885-b7eb-d357dcedbf66","2020-04-21","hackernews","title","1"
"INTC","64018d76-9de6-567b-8d41-b85a3f9630bb","2019-10-02","hackernews","title","1"
"NVDA","64052570-f2a8-5f89-b3dc-4e7117912241","2023-10-15","hackernews","title","1"
"NVDA","64145f2b-5d8e-5f42-99f6-74af479f28a6","2014-08-20","sec_filing","10-Q","128"
"NVDA","6419084b-49ea-5c36-b2aa-b460d524502e","2022-11-03","hackernews","title","1"
"TEAM","642dd329-c2f9-500a-87db-db76515798dd","2024-02-02","sec_filing","10-Q","210"
"NVDA","6441e97d-f854-5202-8332-0362d214ac36","2020-07-07","hackernews","title","1"
"ADBE","64421b04-fe81-561c-9d03-632e79d13370","2018-04-06","hackernews","title","1"
"ADBE","64680104-72f0-5f19-a677-f22da9e2ea95","2018-11-01","hackernews","title","1"
"ADBE","646c12f4-3386-5d49-9334-60eb3a5d0f0a","2025-09-18","hackernews","title","1"
"TEAM","648629bd-5cbe-5b4c-be02-33c8533c08ec","2016-10-31","hackernews","title","1"
"ADBE","6493c9ce-e91a-5f29-ac31-b8091e436689","2015-03-17","transcripts","earnings_call","28"
"NVDA","6499c25a-dc42-5bbb-9e40-cfbcaaeeba1c","2016-05-12","transcripts","earnings_call","30"
"TEAM","64a3136f-121e-517b-97a5-2981a28aeb7c","2020-01-23","transcripts","earnings_call","29"
"INTC","64aab6a2-9596-51f4-a2ba-49f0ccb3be14","2024-08-29","hackernews","title","1"
"ADBE","64ab299c-981f-5923-aaec-1c376d80e4db","2019-03-14","hackernews","title","1"
"NVDA","64bb18eb-c533-56a4-8a3a-339014536ca6","2018-12-13","hackernews","title","1"
"MU","64c0f8ef-ed23-5764-a3e3-e74b0fe319ee","2016-07-06","sec_filing","10-Q","137"
"NVDA","64cabf28-8b1a-5e78-92d1-cc2fb37b90ef","2023-01-04","hackernews","title","1"
"TEAM","64cc276f-6133-5986-887e-fd3d17265118","2016-02-16","hackernews","title","1"
"NVDA","64d6f21e-3c6a-574f-a02f-11aad0542d7f","2015-05-20","sec_filing","10-Q","66"
"ADBE","64dbda17-ac79-5bb0-a324-1fee71b14371","2021-03-11","hackernews","title","1"
"INTC","64e1da63-9b29-5235-88c8-fcb1182e8773","2018-10-02","hackernews","title","1"
"NVDA","64e41c45-4e9c-53ae-9898-b280570ca94a","2024-05-22","hackernews","title","1"
"TEAM","64ec88be-ad50-55f2-927f-3ff4cef62a67","2023-11-07","hackernews","title","1"
"CAT","64fb6d3b-38c0-5c8d-8ea7-6b6c5bb958be","2025-04-30","transcripts","earnings_call","34"
"INTC","64fe2744-4ce2-5180-8dd9-ec8ff89f4f16","2017-06-09","hackernews","title","1"
"INTC","652b76ff-5ab3-5cf7-a8c4-276528791ea4","2018-08-07","hackernews","title","1"
"NVDA","6532f726-6a42-5468-b286-f62a9c4c5105","2016-02-05","hackernews","title","1"
"TEAM","65361f69-6160-53a1-9e21-539f0f7a52c3","2022-06-09","hackernews","title","1"
"ADBE","65363b48-32c8-5696-8bda-cbc9a619c0b7","2019-04-24","hackernews","title","1"
"TEAM","6536dae6-66b2-560b-b6bb-f4b8a184c8ca","2015-04-21","hackernews","title","1"
"INTC","6543e979-a114-5624-8ed3-617337ad329a","2018-03-15","hackernews","title","1"
"INTC","656f2266-105f-5838-991b-7dccf65016bb","2015-04-12","hackernews","title","1"
"NVDA","656f48ac-730e-5c99-bb43-19884c49c812","2022-11-08","hackernews","title","1"
"TEAM","6573c52e-7113-5762-a15f-65610a10d092","2022-09-29","hackernews","title","1"
"NVDA","6574b3b8-4560-5501-b415-0163a055ea54","2016-01-05","hackernews","title","1"
"INTC","659e6f56-f014-527b-81d8-083794a777f5","2021-06-18","hackernews","title","1"
"NVDA","65a9c46a-87fa-534d-8563-8541ff3038df","2023-04-10","hackernews","title","1"
"DELL","65bc4cac-2d50-59ef-9601-7489346ebb9a","2019-10-04","hackernews","title","1"
"TEAM","65d6dd07-794c-58c2-8200-c5fd736baec7","2022-08-19","sec_filing","20-F","390"
"INTC","65e0c7e9-c9b4-5084-a12f-181b4e7e654d","2021-02-02","hackernews","title","1"
"NVDA","65efe7f2-a9af-5b34-9a3e-18178af590ba","2025-08-24","hackernews","title","1"
"INTC","65fe73ce-6974-511e-b5b9-debb57ea72e9","2023-08-26","hackernews","title","1"
"ADBE","6602c437-0c6f-5a26-af87-1eed1425e6b4","2017-09-22","hackernews","title","1"
"NVDA","6605e564-f7b5-57b8-b92a-a5c47958e9a2","2018-10-15","hackernews","title","1"
"TEAM","6624b17d-1022-5e42-ad80-f9d7ceae5da8","2019-04-10","hackernews","title","1"
"CAT","662bfe7f-5822-519c-80f2-c2bb7d164abd","2025-04-25","hackernews","title","1"
"ADBE","662c5e90-150b-55f3-a744-4a5538a7d95a","2026-03-12","transcripts","earnings_call","34"
"CAT","6634aabc-4dc0-5f83-bc88-69a089f0b993","2017-08-02","sec_filing","10-Q","220"
"ADBE","6635d97d-8be1-5406-9cc7-3d0b2d1bffb0","2021-09-02","hackernews","title","1"
"ADBE","663a017b-c516-5e17-85fe-b3b68484fdb7","2023-06-28","sec_filing","10-Q","134"
"ADBE","663df629-06c7-5c6d-930a-19fd21e32b20","2017-08-25","hackernews","title","1"
"MU","663fac0f-f250-5d9b-9c37-4aa065113332","2023-03-17","hackernews","title","1"
"NVDA","66434e9a-8ba8-5925-abee-338db8bc0e0a","2015-02-08","hackernews","title","1"
"NVDA","66474fc6-58c3-5ddc-bc34-2ba00e0ed099","2021-03-16","hackernews","title","1"
"ADBE","66496486-fb59-555a-adc2-a3ef4fce8275","2018-12-18","hackernews","title","1"
"PG","66507b9d-5ee1-5500-b77f-5df343ec9b50","2016-01-26","sec_filing","10-Q","89"
"INTC","665e5234-fd95-56d6-bc70-f153b011f2ce","2018-11-04","hackernews","title","1"
"NVDA","66604051-8d33-5cdb-a7b0-78822b0e1b78","2016-12-21","hackernews","title","1"
"DELL","66634f6b-4a9b-5f84-9d5a-acc46184bed4","2022-12-16","hackernews","title","1"
"ADBE","666d351d-eab4-56e2-86ce-4956bbdb6a59","2023-09-29","hackernews","title","1"
"INTC","6673d4d1-dcff-5182-bb66-4c538e72531e","2019-09-07","hackernews","title","1"
"DELL","667ea9b4-e4e6-5b24-b9fc-0929599d93d6","2016-09-09","hackernews","title","1"
"INTC","66916f16-3965-5ba9-8240-2d2a55bc6800","2021-08-11","hackernews","title","1"
"INTC","6693c366-daf9-5c1d-902c-59e86f13ba61","2021-08-20","hackernews","title","1"
"INTC","66993f65-ca20-5048-8d67-c6d6ddf466f8","2020-01-06","hackernews","title","1"
"ADBE","669a8f9a-b69f-5fd8-a528-cbb62a7c63ff","2021-06-02","hackernews","title","1"
"WM","669e5efe-dcb2-5659-b519-604a4fffee0d","2023-07-26","transcripts","earnings_call","41"
"NVDA","66ad057a-8e1c-5cd3-b8f7-485d5078d053","2023-11-24","hackernews","title","1"
"NVDA","66ad8d8b-183f-50f0-b727-d914979a2ac9","2023-03-26","hackernews","title","1"
"MU","66b239bd-e3f6-5528-ad1e-8b4a99f9b263","2019-10-25","hackernews","title","1"
"ADBE","66b8a6bc-c94c-5e0e-86ac-26cc47045840","2025-01-31","hackernews","title","1"
"NVDA","66bea9dd-1855-56a6-a439-0538c906be07","2022-09-20","hackernews","title","1"
"MU","66c06296-c6ac-5aad-8641-e900ffadd8e2","2022-03-26","hackernews","title","1"
"TEAM","66ca62af-3f3f-550c-ad56-8d816942b6d0","2026-08-14","sec_filing","10-K","286"
"INTC","66cfe9cd-06de-55ce-8bbc-0fe8eeb58416","2025-07-25","hackernews","title","1"
"INTC","66d3af3d-9d4c-5a1b-8da5-015f19beca12","2015-12-03","hackernews","title","1"
"MU","66d8698e-08bf-5202-a3a6-74cb7a052580","2021-07-09","hackernews","title","1"
"NVDA","670152d8-9528-5a68-8098-1300b631cb3c","2023-09-08","hackernews","title","1"
"ADBE","67069d20-f610-566b-98dd-dc5cd6ded6df","2026-08-28","hackernews","title","1"
"INTC","67071442-ce11-57ec-8640-18937d301fd8","2022-05-01","hackernews","title","1"
"INTC","670c3d3f-5dfd-50fd-921e-940b8e8ca800","2016-07-16","hackernews","title","1"
"DELL","6717b4b2-d129-5abc-965c-aabfd9cbee53","2018-11-28","hackernews","title","1"
"TEAM","671bee2c-04eb-51c3-bd49-4fb2fae02e9f","2020-04-29","hackernews","title","1"
"DELL","671c48c6-6484-5282-a543-724568c77ac7","2015-10-12","hackernews","title","1"
"ADBE","67462fab-f687-591c-90f5-e7884d69240e","2015-09-22","hackernews","title","1"
"DELL","67534955-2a1e-55e1-96be-cdfc80c0b05c","2016-10-06","hackernews","title","1"
"ADBE","67576146-7689-5586-aaf9-5e7db6388ce6","2019-01-23","hackernews","title","1"
"DELL","675bf397-b824-5607-a121-7ad3ea9bb351","2020-09-29","hackernews","title","1"
"CAT","675db5cd-48d7-594a-9dde-a79f2a62d0dd","2023-01-31","transcripts","earnings_call","39"
"NVDA","67649629-654d-5ac0-9ef1-8f155d412bb1","2017-07-28","hackernews","title","1"
"TEAM","6768809d-ddd2-5934-a089-02f65e44995e","2017-11-27","sec_filing","6-K","4"
"MU","67695e05-2d12-5caf-8754-1830066b76be","2013-07-08","sec_filing","10-Q","177"
"NVDA","6771ab13-b176-5b6e-b7d2-de89f71752c5","2019-05-31","hackernews","title","1"
"NVDA","67744347-e17f-5c1b-a27e-9a11c0c4e27a","2021-04-22","hackernews","title","1"
"DELL","67758820-aea6-57a3-b596-caa52fa5ffe0","2026-05-31","hackernews","title","1"
"PG","678463dd-2b74-5673-a49c-5f31e2b16893","2025-07-29","transcripts","earnings_call","51"
"TEAM","678839b6-1d27-58dc-ab1d-de3823bddb4d","2022-04-10","hackernews","title","1"
"NVDA","67a2360a-63a5-5443-9991-7eb73f09b488","2016-02-25","hackernews","title","1"
"ADBE","67ab2cb5-7605-5600-9a1e-5596f6b1c8dd","2025-11-19","hackernews","title","1"
"ADBE","67b064cb-8b20-5c73-8a7f-3cac05c2e923","2014-12-11","transcripts","earnings_call","35"
"MU","67b2506f-6bcc-50b6-ab8f-bd88cc9e9dc0","2023-08-03","hackernews","title","1"
"WM","67b7b852-0d27-5387-ac79-5e46bb8cff4d","2026-04-29","sec_filing","10-Q","91"
"NVDA","67bb6c93-fa8c-52e6-a260-2173b3c20342","2018-01-28","hackernews","title","1"
"PG","67c22770-6ede-5ea3-bcb7-86713564647b","2022-10-19","sec_filing","10-Q","64"
"NVDA","67e45106-9ae8-561b-8cbf-d8cabcf19c96","2020-08-05","hackernews","title","1"
"ADBE","67e91365-9214-5e7d-b250-f0373dc8482d","2024-12-11","transcripts","earnings_call","33"
"ADBE","67f1af74-8b96-59cc-a62e-a931bcd3a1ca","2024-10-14","hackernews","title","1"
"ADBE","67f30ca6-6dbc-5010-9e06-c5674e2c3a49","2019-11-05","hackernews","title","1"
"INTC","67f5411e-0ee9-5f21-b37d-a80261c9d356","2026-04-27","hackernews","title","1"
"ADBE","6807b9d2-b714-5839-98d8-b01fe5d4bf6f","2022-09-15","hackernews","title","1"
"TEAM","682450d1-e7cd-5629-8635-b490b9961b5a","2020-05-12","hackernews","title","1"
"TEAM","68255178-4a11-5ac9-bfc2-373c0b53ddd2","2023-10-31","hackernews","title","1"
"NVDA","6825d228-0007-5bd5-97c8-b3d2ccab0972","2016-05-31","hackernews","title","1"
"TEAM","6829649a-f253-544b-bdd5-d406e220b5a2","2017-04-25","hackernews","title","1"
"MU","6829e46e-553c-5897-9919-512657caf58f","2026-05-26","hackernews","title","1"
"DELL","68308b54-dbc4-5e9d-9af7-2b23fb04312a","2020-07-29","hackernews","title","1"
"TEAM","6830efe9-7b8d-588b-bc08-a3c3731689bf","2020-08-07","hackernews","title","1"
"DELL","6839af2a-8188-536f-952c-fcc4eb2eda32","2022-03-17","hackernews","title","1"
"INTC","683ff992-6435-5a2a-a955-810ac877a358","2020-07-23","sec_filing","10-Q","88"
"ADBE","6852ddee-d6f8-5c8f-817e-9e7019462fc5","2022-02-12","hackernews","title","1"
"TEAM","6852fdcc-8222-531a-993e-347c22b7c919","2020-09-16","hackernews","title","1"
"INTC","686074ab-6dce-5c37-8d32-80c10853968e","2015-09-02","hackernews","title","1"
"ADBE","68706149-e192-575e-9bcc-0707335fd9fb","2021-09-29","sec_filing","10-Q","143"
"DELL","68706a87-9713-5973-b6d4-b98cf2cfe4fc","2024-07-10","hackernews","title","1"
"INTC","687caf52-307f-5869-88c3-09166d213aa8","2022-02-08","hackernews","title","1"
"NVDA","68860c45-5a25-5694-9d70-c116f5062adc","2018-11-15","sec_filing","10-Q","69"
"NVDA","689c764c-2a37-5718-8496-73a29bae4da7","2020-07-31","hackernews","title","1"
"TEAM","68a4da34-d0e9-58c5-abb5-718e4183be46","2023-03-13","hackernews","title","1"
"TEAM","68ac17d8-85ff-58db-ad79-3db2b874a341","2021-02-26","hackernews","title","1"
"NVDA","68b6a797-7345-5787-b2c4-ea0605f87b9b","2019-10-10","hackernews","title","1"
"ADBE","68bad71f-6f48-5be1-a282-c08e63a6063e","2022-10-14","hackernews","title","1"
"ADBE","68bf5ff7-7961-5fb8-90a8-d391edb99409","2016-09-06","hackernews","title","1"
"PG","68c24af4-2794-5cde-a7f6-9014091a64d4","2012-04-27","sec_filing","10-Q","101"
"INTC","68c7a744-241e-570b-bcd0-0577289dcf0d","2019-07-05","hackernews","title","1"
"ADBE","68c97a5b-9755-57f6-a05c-8e073bd354a8","2023-02-28","hackernews","title","1"
"MU","68d2ecd5-a643-51d7-b690-9451cabce366","2021-01-27","hackernews","title","1"
"INTC","68f3d438-a46b-518e-a6d8-8356a49bfa6c","2024-08-02","hackernews","title","1"
"MU","68f4ab90-4668-5836-8a8e-96aa7777d8d9","2021-03-17","hackernews","title","1"
"INTC","68f6001f-d7db-59ca-9173-bf5450ef4d08","2024-01-25","sec_filing","10-K","346"
"ADBE","690c8b41-ba52-555c-abaa-5e8c7285439d","2021-05-05","hackernews","title","1"
"NVDA","690fc906-af1d-541e-bfee-62d7fdcff540","2018-01-23","hackernews","title","1"
"NVDA","692aed01-e7a1-5012-83fa-dbdf7eb51d59","2018-08-05","hackernews","title","1"
"INTC","692b8921-b903-59ce-8948-b1acf35726a4","2022-12-08","hackernews","title","1"
"MU","69442f26-0e1c-5f2c-91a1-9fcc42370775","2026-03-18","transcripts","earnings_call","28"
"ADBE","69497a4c-83ac-5a83-8758-5b7dec8b9103","2026-04-21","hackernews","title","1"
"INTC","694ac332-015e-5774-b522-ab6f8a23e973","2017-04-17","hackernews","title","1"
"NVDA","69521e14-5f9a-5ceb-ae33-fd6349d72eb9","2024-06-13","hackernews","title","1"
"NVDA","695dfade-0a60-5008-b13b-88e6449c2a2a","2023-04-20","hackernews","title","1"
"TEAM","69635cc4-40a2-58fe-ac1e-1494ca1271fd","2023-02-17","hackernews","title","1"
"DELL","6967792d-cb20-5868-8041-06e8a61e84b6","2019-09-19","hackernews","title","1"
"INTC","696d6025-8130-59b7-b677-96f1651c2e52","2018-10-07","hackernews","title","1"
"DELL","696e382a-46a9-59dc-8fd4-94a77c9becd4","2015-11-25","hackernews","title","1"
"ADBE","6983d518-92f8-5555-b4b7-26beb23ade53","2019-11-21","hackernews","title","1"
"NVDA","69851637-80a9-5755-b5d2-a2df14201698","2017-07-20","hackernews","title","1"
"DELL","699a4a5a-25bc-56fd-912a-a5944995a477","2016-05-26","hackernews","title","1"
"NVDA","699cdf6b-7a3e-5f58-9976-bfbf898eda09","2017-01-17","hackernews","title","1"
"DELL","69a4fafd-9236-5126-9388-71e734f379bb","2015-06-15","hackernews","title","1"
"NVDA","69a98541-3fdd-5993-a4ee-de153015461f","2023-04-22","hackernews","title","1"
"CAT","69a9dc4b-bdba-54ee-9f44-3b928eb52829","2026-03-05","hackernews","title","1"
"ADBE","69ada909-cde1-5c14-b0d1-15ceae916186","2024-05-19","hackernews","title","1"
"INTC","69bbd65f-8bea-54be-880b-14eca03187d4","2022-03-07","hackernews","title","1"
"WM","69bc0b18-fd73-5573-80f7-78b8bf069900","2017-02-16","sec_filing","10-K","362"
"TEAM","69caa371-2d19-5dc2-a544-1cbbbe89222c","2016-12-19","hackernews","title","1"
"TEAM","69cd09e0-fac6-5183-9ddf-6ffef3c0f4cb","2025-05-23","hackernews","title","1"
"TEAM","69d30a12-f7cf-529b-87fd-4f633363d024","2017-03-28","hackernews","title","1"
"MU","69d91272-ec64-5f2e-b89a-091eb7d75cd9","2026-02-17","hackernews","title","1"
"MU","69e13a3d-6059-5c4a-a708-aa4293b51093","2014-01-07","sec_filing","10-Q","158"
"TEAM","69e350c2-5b8b-5a0d-ba74-e315ae4b9afc","2020-10-29","transcripts","earnings_call","31"
"INTC","69ed05ea-0f6f-5eb7-b0e8-f3c27be84a6f","2023-03-25","hackernews","title","1"
"INTC","69ef6c70-9dbb-5466-97ef-75339a919e5e","2026-06-09","hackernews","title","1"
"ADBE","69f31dff-6005-5085-b898-c091f2a892cb","2025-05-26","hackernews","title","1"
"DELL","6a08aa5a-599f-5cd9-ba0c-95e52b3fb4c6","2021-04-14","hackernews","title","1"
"INTC","6a0a9b9a-1e1a-51d1-9349-31a829aa96ea","2015-02-04","hackernews","title","1"
"ADBE","6a19ccac-de0c-55e0-b28d-476251f41ff8","2024-04-25","hackernews","title","1"
"TEAM","6a2e1449-9a8a-5b7d-903a-4ea9683b2e6d","2018-10-18","hackernews","title","1"
"INTC","6a34f99c-7068-5934-9445-c1875f56fd6c","2023-02-01","hackernews","title","1"
"MU","6a3631e8-8265-5513-acda-2e2980e5a594","2020-08-14","hackernews","title","1"
"NVDA","6a3632e7-b8cc-5322-bdbb-a25faffa71d2","2022-06-29","hackernews","title","1"
"ADBE","6a36d9cd-f569-5168-86f6-d9a5fd221de3","2016-04-08","hackernews","title","1"
"DELL","6a38eadf-c932-53d2-8613-6f93063c09a1","2026-07-30","hackernews","title","1"
"NVDA","6a4202fc-3cca-5326-8d55-7915f1e4c3c8","2025-01-07","hackernews","title","1"
"TEAM","6a423cf0-79f6-5ddf-8a43-d2d99313da38","2016-06-16","hackernews","title","1"
"INTC","6a42505f-7585-5e9d-b9a9-d07f12d39c4e","2022-02-27","hackernews","title","1"
"ADBE","6a51bd26-ae89-5874-9238-502268a313d9","2020-11-17","hackernews","title","1"
"ADBE","6a6bf516-122a-5e2b-b9ad-a9f829f1048b","2022-09-28","sec_filing","10-Q","150"
"MU","6a6c9295-8350-54de-bb48-48d37a3551a4","2024-03-10","hackernews","title","1"
"INTC","6a767626-4c0c-5d97-9912-3eae759c7664","2017-02-14","hackernews","title","1"
"MU","6a77b696-8679-5d56-9d53-3470c22a90c5","2025-06-25","transcripts","earnings_call","27"
"NVDA","6a86108a-d2e9-58e5-905a-cb7d1786b966","2026-07-31","hackernews","title","1"
"NVDA","6a900e6f-f199-5636-8eca-f3e4d743bb6f","2026-08-11","hackernews","title","1"
"NVDA","6a93d52a-ebfa-5a02-a77d-ff6cd47d2d16","2016-01-08","hackernews","title","1"
"DELL","6a97fecc-0835-58cf-95f1-ea6884d41165","2025-12-24","hackernews","title","1"
"TEAM","6a9d0e83-7587-5e49-a2bc-c98ecb9a2454","2019-10-17","transcripts","earnings_call","22"
"ADBE","6ab2838e-49ea-5ae2-bfc0-3ee8eb741b23","2020-11-17","hackernews","title","1"
"ADBE","6acb71b6-07a4-50a5-bbc2-5f87565e60d8","2016-05-12","hackernews","title","1"
"INTC","6acfbec4-8685-5f62-aae7-7b90d4b0641b","2024-09-13","hackernews","title","1"
"NVDA","6adb4f91-3774-53dc-a920-a13eedfbf0ad","2025-10-03","hackernews","title","1"
"INTC","6aee2d3b-deb2-5799-a264-1a6c825acd14","2022-07-29","hackernews","title","1"
"NVDA","6aee6aa5-0fda-5086-9600-bfa24530993f","2019-10-18","hackernews","title","1"
"DELL","6af4f693-9840-551c-a330-352d2d7d6379","2020-06-08","sec_filing","10-Q","177"
"PG","6b004092-3db5-5a8f-a272-e9d54ab709a8","2023-04-21","transcripts","earnings_call","33"
"INTC","6b0a82d1-cb26-53dc-898a-e08b3c168664","2015-12-31","hackernews","title","1"
"INTC","6b1dc113-1a6c-5c12-a80b-b9980a1188b2","2015-08-08","hackernews","title","1"
"NVDA","6b20d9a6-5a5f-5a09-a9d2-50c97696d783","2018-02-22","hackernews","title","1"
"NVDA","6b2500ed-c1ac-5866-8d90-eedadeef9361","2016-09-29","hackernews","title","1"
"ADBE","6b2b5d4f-277b-5eb6-9d13-a839636211e6","2015-01-06","hackernews","title","1"
"DELL","6b30b292-6142-5cf8-b3ba-fae5350c3101","2021-08-18","hackernews","title","1"
"ADBE","6b39e4b5-0239-5d19-8955-ebdf24368510","2020-05-18","hackernews","title","1"
"ADBE","6b415d0c-c17a-539f-b37c-f0c1fceec25d","2023-07-18","hackernews","title","1"
"MU","6b56a9f7-367f-5c85-bff1-c4854532493e","2019-09-27","hackernews","title","1"
"INTC","6b792b57-8ce8-567a-bc51-124204a81b9c","2023-11-09","hackernews","title","1"
"ADBE","6b8b5897-bbf0-5d08-bf9e-7cabdf11f217","2018-12-10","hackernews","title","1"
"ADBE","6b988524-e448-5da7-895e-1fc5edda40cc","2015-12-02","hackernews","title","1"
"DELL","6bbac509-2c70-5d20-b173-e504599e8232","2017-12-11","hackernews","title","1"
"MU","6bce17da-9be3-56cf-a346-c8c1b029021d","2021-08-10","hackernews","title","1"
"ADBE","6bdaf926-bd55-5ced-a8c1-ece945a232df","2017-09-01","hackernews","title","1"
"ADBE","6beba7cd-e0bc-5995-a645-33711f52a70f","2016-11-21","hackernews","title","1"
"NVDA","6bf0450c-04a7-5832-ac0b-686a035fa77b","2020-10-06","hackernews","title","1"
"ADBE","6bf6521e-cf8c-5411-a389-eaf5a8208c08","2024-03-26","hackernews","title","1"
"ADBE","6bfc41cf-5b1e-5f8a-b41b-ea373ea4ed12","2019-03-11","hackernews","title","1"
"NVDA","6c0bb4d3-61d8-5f5d-899e-826b337dd173","2025-12-10","hackernews","title","1"
"NVDA","6c0dce19-3955-59ff-b689-b8536ac11439","2025-02-26","sec_filing","10-K","241"
"NVDA","6c32f89d-e9e8-5751-a8c7-397c2a62395b","2021-10-04","hackernews","title","1"
"INTC","6c3823f7-018d-51fd-982f-f4c488695f4a","2021-04-10","hackernews","title","1"
"TEAM","6c418411-d8ba-5e4c-a104-43073e365f08","2021-01-29","sec_filing","6-K","196"
"INTC","6c4ab4d8-440e-5338-a3fc-9cee136750e8","2016-01-04","hackernews","title","1"
"INTC","6c52af32-ce7b-54ca-bef0-1376dbee5cc9","2018-09-28","hackernews","title","1"
"ADBE","6c582c89-9a6b-5ca0-88fe-33086acdf9eb","2012-09-27","sec_filing","10-Q","149"
"MU","6c64d320-ac04-5f3f-925a-d76a64f9b337","2023-05-22","hackernews","title","1"
"ADBE","6c69b8d7-a093-52cb-978f-337c6a1929b3","2026-04-10","hackernews","title","1"
"ADBE","6c746bc0-ffaa-5ab4-a5cf-fb21a168c9cc","2015-12-12","hackernews","title","1"
"DELL","6c760df8-e1e6-56f6-9520-f8ff24f159e4","2025-11-30","hackernews","title","1"
"NVDA","6c7d3cec-36d9-524b-9882-d7e919a8a9cb","2021-02-18","hackernews","title","1"
"CAT","6c8feb22-7da6-512f-af17-3f50f31cb985","2021-01-29","transcripts","earnings_call","32"
"DELL","6c915340-b7d6-59b6-924d-d7b9a536b11a","2021-12-14","hackernews","title","1"
"ADBE","6c9ec436-7141-575a-8416-d7056076dca2","2022-01-21","sec_filing","10-K","250"
"NVDA","6ca48177-7c34-543b-be84-e0739524c0b8","2016-09-01","hackernews","title","1"
"NVDA","6ca53ff8-8de4-5718-8ec9-a8004dcf315f","2021-01-31","hackernews","title","1"
"ADBE","6ca55320-e28f-5f3f-8cd1-0320d268d883","2017-12-08","hackernews","title","1"
"TEAM","6ca8725a-aeb8-5b08-9cca-dc9b3c464606","2015-01-27","hackernews","title","1"
"ADBE","6ca92e7e-471d-5e0c-8a58-4e6aa6d5babf","2024-01-31","hackernews","title","1"
"NVDA","6cb24421-26b9-5db3-811a-de663f1b0fd2","2025-08-10","hackernews","title","1"
"TEAM","6cd79642-2994-5059-ab06-2a6d4ddc7e43","2021-10-28","transcripts","earnings_call","31"
"DELL","6ce0cfed-f594-5e07-9c89-52ceb6da16e9","2021-12-15","hackernews","title","1"
"INTC","6ceb731d-7136-59ea-ab54-7b7d436b4f0d","2020-12-12","hackernews","title","1"
"TEAM","6cef1cab-09df-56f1-b09d-febac4c8ed21","2022-06-02","hackernews","title","1"
"MU","6cf1ab85-3e2f-5de6-8cc8-e48ade029a82","2015-03-26","hackernews","title","1"
"NVDA","6cfd1da9-db91-54d7-b4e8-fac99a08b8fe","2024-04-04","hackernews","title","1"
"ADBE","6d02b3f1-c5db-5bfd-ad12-690de8ef5f76","2024-10-18","hackernews","title","1"
"DELL","6d074e63-c065-56e3-af0c-27c6022f1dfc","2022-12-05","sec_filing","10-Q","191"
"DELL","6d133454-6f83-5b75-b19a-3869d497c9ab","2017-05-08","hackernews","title","1"
"ADBE","6d18343b-dda1-5601-9623-a46f271b9f7a","2021-03-12","hackernews","title","1"
"INTC","6d1deace-3246-597a-8909-f970de68e67a","2015-03-18","hackernews","title","1"
"ADBE","6d3f90e3-4262-5c54-85c8-02f20e99d13d","2018-10-21","hackernews","title","1"
"NVDA","6d5bd2b0-faa8-53c8-a84c-00f781067902","2021-09-01","hackernews","title","1"
"DELL","6d6459d3-6995-51cc-9557-0da5f460adfe","2024-11-28","hackernews","title","1"
"TEAM","6d6dbfdf-d4aa-5804-95a7-76973c370227","2025-09-10","hackernews","title","1"
"NVDA","6d736e4c-0bb8-5373-95fd-f0fd3b222975","2017-09-19","hackernews","title","1"
"NVDA","6d800709-13b9-565d-b6be-f84249b6766f","2017-11-29","hackernews","title","1"
"NVDA","6d8be58a-c7ec-5c10-8574-dd8810e04d59","2018-08-14","hackernews","title","1"
"MU","6dad805f-1041-5b3d-933a-ddc51591f1b8","2018-10-20","hackernews","title","1"
"INTC","6dbc09f7-6cd0-5e78-8f22-ae37faacaa91","2022-03-12","hackernews","title","1"
"NVDA","6dbf8957-9237-5ca5-9e41-3c2820082955","2025-07-15","hackernews","title","1"
"NVDA","6dc00129-15f6-548a-a602-2fd53781a9a5","2025-09-18","hackernews","title","1"
"WM","6dc6aa45-93fb-5718-a2a1-9a232fcddc53","2020-07-30","transcripts","earnings_call","41"
"DELL","6dc869f3-fcec-52bc-b7e9-7cbd3b836278","2019-11-06","hackernews","title","1"
"MU","6dc9cdff-931e-55e5-8da6-ded40cfd42a0","2024-12-18","sec_filing","10-Q","125"
"DELL","6ddee74c-2faf-5a9b-baa6-45d3b40d7367","2025-09-09","hackernews","title","1"
"NVDA","6dea71a9-92ed-53e9-88ad-abbe764fd676","2013-05-22","sec_filing","10-Q","134"
"DELL","6ded88ee-dbc7-5230-b107-e29c9fde1c1c","2024-05-31","hackernews","title","1"
"NVDA","6def18e3-7a6e-5deb-bf21-d867504cd401","2019-02-22","hackernews","title","1"
"ADBE","6df40203-7414-57bb-b167-f388fda25256","2022-12-07","hackernews","title","1"
"PG","6e1ab956-1817-5ad1-9dd8-1c6230330656","2026-08-04","sec_filing","10-K","203"
"ADBE","6e1c8ff7-e0ea-5c08-8373-e1bb0586bf44","2024-07-25","hackernews","title","1"
"INTC","6e1fb8f3-4e4c-5632-8065-7d1243528ff2","2022-05-20","hackernews","title","1"
"INTC","6e22500b-5d98-5b47-9e65-b4ccb4949dc6","2025-10-27","hackernews","title","1"
"PG","6e26877d-a534-5505-bddd-39d10bc66aa1","2014-01-24","sec_filing","10-Q","79"
"INTC","6e3fffef-bdda-51db-bd00-d703cabaeea2","2020-01-28","hackernews","title","1"
"WM","6e45fc74-2ccd-5a31-b899-7ba7dc2160d1","2012-02-16","sec_filing","10-K","375"
"NVDA","6e48069a-b71a-58fb-9067-29d9fe692495","2017-02-05","hackernews","title","1"
"INTC","6e4b975e-6f70-5da6-ba3d-8b6fe55fff40","2019-07-20","hackernews","title","1"
"NVDA","6e5f4ee1-137d-5016-8a3b-c98b47e0baa8","2022-03-22","hackernews","title","1"
"TEAM","6e6e9bb7-683e-5817-ba40-3974d37bcb3d","2015-05-27","hackernews","title","1"
"TEAM","6e707258-f7f3-5e06-81a3-c3daa67a13ee","2017-01-09","hackernews","title","1"
"INTC","6e7bdfc4-2692-5448-b0e1-92968ebd25e4","2026-04-23","sec_filing","10-Q","103"
"NVDA","6e7d9599-64d3-5695-9516-1b755cac0891","2017-02-15","hackernews","title","1"
"ADBE","6e8057d8-f0b8-5f98-9d6f-b31942125595","2023-10-15","hackernews","title","1"
"MU","6e835878-d177-5701-b8d4-4f7fe9af9d5e","2023-09-27","transcripts","earnings_call","27"
"TEAM","6e9ebdc6-7d3e-5c54-8caf-ce644dd1cd5d","2019-08-19","hackernews","title","1"
"DELL","6ebc8da9-167f-538b-ae69-4e4015d9bba3","2025-05-29","transcripts","earnings_call","29"
"WM","6ec04176-42d7-533b-a290-78cd31e072f3","2013-02-14","transcripts","earnings_call","35"
"NVDA","6ec377e7-8e3c-5716-9341-870f340ad829","2021-02-19","hackernews","title","1"
"NVDA","6ec6446b-97a9-5271-a7dc-367946b4a7f4","2017-10-04","hackernews","title","1"
"TEAM","6ec66f2d-a919-54b9-a44d-354d44ec2bf0","2020-11-03","sec_filing","6-K","174"
"ADBE","6ecb008d-875d-5394-9c22-8de98d22e1a4","2025-01-10","hackernews","title","1"
"NVDA","6edd5a8b-6dec-52b0-aee4-1088138214e5","2023-05-29","hackernews","title","1"
"DELL","6ef0fd65-2f26-5357-9478-a328dcc1c94e","2024-03-19","hackernews","title","1"
"ADBE","6f154ef4-f8ca-58dc-be05-ca13af34670e","2018-07-27","hackernews","title","1"
"DELL","6f209992-4557-5fd8-8690-34dd2f107f74","2015-04-10","hackernews","title","1"
"INTC","6f21a486-1605-5b54-9465-680b11e1e78f","2016-11-15","hackernews","title","1"
"NVDA","6f24559b-521d-56e7-9755-87f7adbdc8d2","2020-02-27","hackernews","title","1"
"TEAM","6f42acd6-1f8c-5abf-aef6-e7f0360223e7","2021-06-24","hackernews","title","1"
"TEAM","6f51c741-bb5f-53e3-ae69-358e61a79798","2017-07-27","sec_filing","6-K","2"
"NVDA","6f592c00-489c-583f-8685-59d42f3daf6b","2022-10-25","hackernews","title","1"
"DELL","6f5fe1a2-2ef1-5f76-9454-3049a2a553e1","2018-02-05","hackernews","title","1"
"NVDA","6f604f3a-8799-5077-9f12-2124b4535a92","2020-11-18","sec_filing","10-Q","87"
"ADBE","6f625364-2493-5825-aa0d-b204f15836f6","2016-09-05","hackernews","title","1"
"TEAM","6f9966bf-c9c4-5f81-a8fb-ad03b0e94438","2016-08-26","hackernews","title","1"
"ADBE","6f9fda6c-df82-5834-9e60-8dc02c33a2c8","2023-07-16","hackernews","title","1"
"DELL","6fa09842-500a-5f8f-a42c-1a53b705dfc8","2017-09-08","sec_filing","10-Q","195"
"TEAM","6fa36a72-f00a-5c97-a224-fa482c0ad208","2021-03-18","hackernews","title","1"
"INTC","6fb1d16e-1b57-544a-b4e4-79d77bce920c","2025-03-19","hackernews","title","1"
"DELL","6fe89db6-3c75-5817-be6a-9ad2cdb5d474","2025-02-23","hackernews","title","1"
"PG","6ff13b10-dd37-5d3c-ab1c-6578659549ee","2024-07-30","transcripts","earnings_call","42"
"DELL","6ff9b641-9b4e-5472-8c43-a73f922adb93","2019-07-17","hackernews","title","1"
"INTC","6ffbecee-26eb-5463-9088-92c9fd3146fc","2017-04-11","hackernews","title","1"
"CAT","70024502-671b-5727-8672-20addd16c09e","2025-09-18","hackernews","title","1"
"NVDA","7005c5f2-5da2-55a8-a3c3-fddb206f4e48","2020-11-23","hackernews","title","1"
"DELL","7006a004-0f3b-588f-b66d-2f03e861604d","2015-04-07","hackernews","title","1"
"ADBE","70181e9d-4119-5d67-95e9-951fa64c366c","2023-10-15","hackernews","title","1"
"NVDA","701d222f-2c4e-5f86-a9cd-fa35340dda65","2017-03-17","hackernews","title","1"
"INTC","7020f382-df21-5867-ad22-6069aaba6862","2019-01-14","hackernews","title","1"
"NVDA","7035cc44-1266-5298-b75e-798b7b106cc4","2025-07-16","hackernews","title","1"
"ADBE","70403f4c-f79e-59af-8d34-62df72e6e1fb","2025-06-29","hackernews","title","1"
"TEAM","704c670b-16e3-5be3-a08a-34d1267a3c2c","2020-07-31","hackernews","title","1"
"NVDA","7050402f-06ad-5632-920c-e36d7c91ae89","2024-05-29","hackernews","title","1"
"DELL","70554ed4-9d73-564e-89fc-e7dc1dfbed60","2021-05-04","hackernews","title","1"
"INTC","70557455-5ca7-5880-b4a4-afdd50a0642f","2018-08-24","hackernews","title","1"
"NVDA","706422e0-57c8-5e6c-8f22-4f01efc890c4","2024-12-16","hackernews","title","1"
"INTC","7069b334-1e6f-57d9-ae2e-e86d13056a9f","2023-10-26","sec_filing","10-Q","96"
"DELL","706e0c24-e544-5bf9-b908-b4745446a56f","2019-11-22","hackernews","title","1"
"MU","70703ca0-74bd-5d2e-bcd6-77bdf8f269a9","2018-10-14","hackernews","title","1"
"MU","7070a4b7-4758-5b13-bab2-20b23790f30d","2018-07-19","hackernews","title","1"
"WM","7075338c-4cf5-5089-9817-0b26b9c2d898","2019-07-25","sec_filing","10-Q","107"
"INTC","707c80a5-6e55-58e5-b095-e24644116cc0","2025-08-25","hackernews","title","1"
"NVDA","7080cd50-3ca1-57c5-a2c5-7189cdc3d9e2","2026-09-16","hackernews","title","1"
"ADBE","708ac14e-a80e-5ebf-bd43-6a8d68b4d19e","2015-05-13","hackernews","title","1"
"ADBE","708d3c74-13a9-5703-ac81-c1edae4bf7cc","2016-07-14","hackernews","title","1"
"NVDA","709c20c2-dc96-5277-9548-7e400246fdff","2023-05-24","hackernews","title","1"
"INTC","70a969c5-f578-5b3d-9d1a-3105ae57917b","2024-07-20","hackernews","title","1"
"INTC","70b080c2-089b-5edc-9faa-2b8288adcdf3","2022-09-20","hackernews","title","1"
"TEAM","70b2de63-bd3e-5aa9-a168-a0be811180f7","2026-04-23","hackernews","title","1"
"INTC","70b6b430-929d-5910-abb4-52b2b9a4dbc7","2023-10-14","hackernews","title","1"
"NVDA","70b70835-b4ba-5298-ab9f-53b4b95b7732","2022-05-27","sec_filing","10-Q","80"
"NVDA","70c07e19-509a-5ae9-83f0-fc22f3445917","2023-02-28","hackernews","title","1"
"INTC","70ddfe75-a979-514d-9f24-42c77191ff14","2025-02-13","hackernews","title","1"
"ADBE","70e0119d-866c-5e45-ad58-42a01c1fe50d","2018-11-13","hackernews","title","1"
"INTC","70e72718-e238-59a8-9c42-d89de2ba9dc8","2015-05-19","hackernews","title","1"
"DELL","70f39728-442a-5de5-8f89-344c7809903c","2024-04-21","hackernews","title","1"
"DELL","70f76c30-9911-538b-ad1a-85d993c86d2e","2018-12-13","hackernews","title","1"
"INTC","70fe2e45-47f5-52d9-83c1-eeed667c0bf7","2022-10-16","hackernews","title","1"
"TEAM","710759e1-7775-5a30-b0a4-29874fa8b8b7","2024-04-30","hackernews","title","1"
"DELL","710e0765-21af-5dd1-936b-4038cdd4259e","2018-02-28","hackernews","title","1"
"NVDA","7116c494-43c2-50a1-8d11-22778153c3c8","2015-11-13","hackernews","title","1"
"INTC","712511fe-5ea8-5268-abfd-38c47b209278","2017-02-11","hackernews","title","1"
"ADBE","712e804e-9de0-5719-91e8-f64a4d1e37b3","2021-05-01","hackernews","title","1"
"INTC","71391896-053d-5fdb-9436-639f0904ec21","2026-07-31","hackernews","title","1"
"ADBE","713ab2a7-2ead-5615-b868-1cea0e83aec8","2019-03-15","hackernews","title","1"
"ADBE","713c93bc-5e4a-5ed1-8cce-ed738b627375","2016-12-07","hackernews","title","1"
"ADBE","71419549-96f1-59c7-b212-77b875dea2a9","2019-02-12","hackernews","title","1"
"MU","714b2c2b-7fe2-5ac4-9ecb-852a9a75a1a0","2021-01-08","sec_filing","10-Q","120"
"NVDA","715f72ab-0dc8-526c-aa6a-c3d95c4b9d27","2025-06-18","hackernews","title","1"
"TEAM","7166910c-6245-578d-90dd-ba22b4d6616d","2021-11-01","hackernews","title","1"
"INTC","7167fc99-66e1-5d34-a2c8-c23dc133b8f7","2020-09-27","hackernews","title","1"
"DELL","716ef9f6-2b46-5b25-8c29-bf5b671881d4","2015-10-08","hackernews","title","1"
"ADBE","717978db-ca39-541d-9330-9513fc0261e6","2018-10-15","hackernews","title","1"
"NVDA","717c2723-f80e-51ca-88bb-dc8e68c4ec2b","2017-03-09","hackernews","title","1"
"TEAM","718b4bdc-ad10-533a-8c97-aca32a481b62","2025-07-30","hackernews","title","1"
"INTC","719260da-9baa-5b52-8f31-efa4bfbc23dc","2020-10-28","hackernews","title","1"
"MU","719ebd46-1be0-573c-a8bd-2dd0141d2f45","2017-01-08","hackernews","title","1"
"NVDA","71abf5c6-818c-5279-ba43-fe0326ddef06","2016-05-27","hackernews","title","1"
"MU","71e48957-7f66-5991-9ae4-80ae68a48a1e","2022-09-29","transcripts","earnings_call","29"
"DELL","71e4919b-1da0-55c3-a9b6-2ac6db314a18","2016-11-16","hackernews","title","1"
"INTC","71e69e10-c44b-5cb1-8060-3aa0dbbf8282","2019-07-14","hackernews","title","1"
"TEAM","71eb0a72-c2b1-55e7-a5ef-74f95ad808d3","2020-05-22","hackernews","title","1"
"NVDA","71f60bcc-590f-5be6-ae2d-f1ade5b3a652","2025-09-22","hackernews","title","1"
"DELL","7209578c-550d-5634-9677-f3abcf17a406","2016-06-10","sec_filing","10-Q","144"
"TEAM","72140baa-5932-5ce0-ae2a-561ed0b04207","2022-06-22","hackernews","title","1"
"TEAM","721580f7-01bf-5b8e-8b4a-e070f13fdb1f","2021-08-18","hackernews","title","1"
"NVDA","721ddf14-591e-515a-aeab-a99c760ae9c3","2022-12-13","hackernews","title","1"
"INTC","7223d453-2258-5390-96b8-c67922bb66bf","2023-10-11","hackernews","title","1"
"INTC","72312f1b-a478-5b28-8f15-b766fa7ad1cc","2019-09-02","hackernews","title","1"
"WM","72536165-1358-5735-bb28-67c58b4efa6e","2017-04-26","sec_filing","10-Q","101"
"NVDA","7254785b-2efe-53d9-a166-e32d1af9d6cb","2020-07-23","hackernews","title","1"
"DELL","72582597-d9f4-57c2-9ad9-c14b0b8fd959","2022-05-09","hackernews","title","1"
"MU","725c29bb-8fc3-59de-b500-5e14dca2e33a","2026-09-15","hackernews","title","1"
"PG","726bbfe3-3717-5264-b79d-d27065569e57","2020-10-20","sec_filing","10-Q","73"
"NVDA","7276aa5c-c056-5dde-9cd0-b697f4175f8e","2023-01-15","hackernews","title","1"
"ADBE","727f71e9-75c0-5d1b-820a-6bd64fc9ab87","2018-06-26","hackernews","title","1"
"MU","7288ea45-4b30-5083-985b-c25957287487","2018-05-28","hackernews","title","1"
"TEAM","728b2c66-cbd1-55a3-80ff-78ded6403a5f","2021-05-07","hackernews","title","1"
"TEAM","72962db9-75ac-5bd9-91ba-a51d8e10712e","2015-04-02","hackernews","title","1"
"NVDA","729d11a3-c1cb-5b99-9c11-b5bfef16a646","2015-06-03","hackernews","title","1"
"NVDA","72ac4563-7025-5e17-97ec-b3f49d3e7c7c","2015-05-07","transcripts","earnings_call","32"
"ADBE","72bd3066-b332-5239-a0af-3441d7be64be","2022-07-04","hackernews","title","1"
"INTC","72c06ef5-b70a-5ea9-b8ff-876f03807fcc","2025-06-17","hackernews","title","1"
"NVDA","72cb629f-9279-54c8-b2da-bf97aae1bf49","2021-03-29","hackernews","title","1"
"DELL","72ce41c4-04f6-529c-aab2-f51234f75d62","2024-10-03","hackernews","title","1"
"MU","72d162d1-3e82-52c1-940c-cb55853cda78","2023-08-28","hackernews","title","1"
"NVDA","72f7445c-c922-5fa6-8d51-90d7becf746c","2018-07-03","hackernews","title","1"
"ADBE","7307c06b-b980-5941-8fb3-2e1e8b00f1cd","2016-08-04","hackernews","title","1"
"MU","7309ff0a-f1bf-52b5-b8ad-592f17ee984e","2025-04-09","hackernews","title","1"
"ADBE","7332c572-9ed4-5833-a24a-6f2a087f6bcf","2024-02-28","hackernews","title","1"
"MU","73378464-2027-578c-9d81-2f71acb600e8","2016-12-21","transcripts","earnings_call","32"
"NVDA","733810d7-a0c1-525b-a8c8-c20137dfab71","2024-01-02","hackernews","title","1"
"MU","73437f32-0257-5fda-abba-2323661e34e2","2023-01-18","hackernews","title","1"
"ADBE","735b246a-9c2c-56a5-a425-a0f62f78b489","2016-12-29","hackernews","title","1"
"TEAM","735b5ffd-ade6-5e00-bd53-aadd87aa653d","2018-11-08","hackernews","title","1"
"INTC","735c392e-7cd3-59b7-97a5-45df04b8bca9","2017-10-18","hackernews","title","1"
"INTC","735e12a2-528e-5510-8515-0388d4803fa3","2023-08-05","hackernews","title","1"
"ADBE","73698690-0364-5ba1-b9af-73fbf24a512a","2022-10-28","hackernews","title","1"
"NVDA","738bd022-51b6-5be0-be57-689f362d4be1","2025-11-18","hackernews","title","1"
"MU","73a08095-f43b-5af3-bd73-90d0bacd874a","2013-04-08","sec_filing","10-Q","175"
"ADBE","73b497f6-a2d3-5959-94ea-24754fccf7a5","2023-08-21","hackernews","title","1"
"DELL","73b5f5a1-e4c2-561e-bd00-54785b90433b","2017-02-02","hackernews","title","1"
"INTC","73b7ee5d-cdbd-5583-bb9f-0e935155b474","2021-12-06","hackernews","title","1"
"ADBE","73bc45a8-2f55-5f1b-9bb9-94b996514b4c","2025-01-07","hackernews","title","1"
"MU","73c0dd62-fb93-56c1-b2b9-bb39ffc0b13a","2022-01-27","hackernews","title","1"
"INTC","73c30016-ad98-58be-919e-7612a99970b9","2023-12-21","hackernews","title","1"
"MU","73d3e269-0a8c-5b19-ad64-5df67fdc13ef","2013-03-21","transcripts","earnings_call","33"
"DELL","73d57bdd-3e41-5ae9-be9d-d4d0ef973664","2021-11-02","hackernews","title","1"
"TEAM","73e2c9ba-f5b2-5b9b-882c-fbed54054166","2023-10-12","hackernews","title","1"
"NVDA","73e9f2c3-b8a7-5087-90d2-a591e1495d26","2022-01-19","hackernews","title","1"
"MU","73f50b6b-e08b-5082-9d63-f3f67ea3cc23","2017-01-09","sec_filing","10-Q","117"
"DELL","73fbcc31-0117-56e8-8afe-b33c4ca9f86b","2015-04-09","hackernews","title","1"
"ADBE","740b5ea9-0ec2-52d7-8736-ef07a358a2f5","2018-10-15","hackernews","title","1"
"INTC","741c483f-372a-5723-98fa-1c7c6ef06239","2020-03-31","hackernews","title","1"
"MU","7423e9b3-81b9-546d-92d2-50f6021a1e1b","2024-09-06","hackernews","title","1"
"WM","7426313f-5a97-512f-a85a-0143dabaabae","2015-02-17","transcripts","earnings_call","39"
"INTC","742fe0ef-5eb8-5965-ab60-2927ddb05ded","2017-05-05","hackernews","title","1"
"INTC","743832b7-5b15-526b-97a1-d669f8cb599a","2019-02-20","hackernews","title","1"
"INTC","744c809f-8532-5cde-bc53-b6668d26f56e","2022-10-08","hackernews","title","1"
"INTC","74556d32-42e2-5a90-a87c-cf40480e0a63","2023-02-15","hackernews","title","1"
"NVDA","746174a1-1349-5ca1-8d08-cc0b585f45e3","2018-01-08","hackernews","title","1"
"ADBE","74762acd-0360-5970-b2ed-cf0d58417bd5","2015-11-11","hackernews","title","1"
"NVDA","747cc83c-9665-5a60-997f-2b107b95b138","2024-07-03","hackernews","title","1"
"DELL","7482e277-db95-5856-8d38-5ff2c9b9be7b","2026-01-07","hackernews","title","1"
"DELL","74844a4e-7221-5d23-a5a9-ae87f20b47e2","2018-03-01","hackernews","title","1"
"DELL","74969f15-e003-5f58-9d07-3c8bb0d94b0f","2020-06-04","hackernews","title","1"
"NVDA","749fb61d-34fc-51cd-91f8-314ee03a3bd4","2019-04-11","hackernews","title","1"
"NVDA","74a37394-3a10-5e5e-a862-1568704e1e73","2015-04-17","hackernews","title","1"
"NVDA","74aa2d87-464a-558a-a885-933925ac070f","2018-05-11","hackernews","title","1"
"ADBE","74b06494-8b24-502b-bd5a-8615e6bfe4f6","2024-09-26","hackernews","title","1"
"DELL","74c2851d-36a8-5310-a841-03724e5e8274","2021-04-15","hackernews","title","1"
"ADBE","74cf1463-38b6-53f3-a62c-2844696f06ce","2023-11-25","hackernews","title","1"
"WM","74d7c8de-6d53-54b7-84bd-9975db8f97bd","2024-02-13","transcripts","earnings_call","36"
"NVDA","74dc9dad-6057-5d8e-a779-75756cf445c3","2025-10-04","hackernews","title","1"
"NVDA","74ec7573-40c3-5b96-a71f-494c30308f00","2018-01-04","hackernews","title","1"
"INTC","74f5eb1b-9a26-5c19-9674-b0b41b0795d8","2019-12-07","hackernews","title","1"
"ADBE","751189f8-d7f6-5f06-a8fb-bf216a13d915","2022-01-14","hackernews","title","1"
"MU","7513fc41-a150-5af8-bdab-6ef4190b08f7","2016-05-12","hackernews","title","1"
"INTC","7518ef52-73ce-5a3f-b73b-2b9703308b20","2019-07-16","hackernews","title","1"
"ADBE","75249626-15d1-527d-ab17-6f22a2a3aa5b","2026-04-17","hackernews","title","1"
"INTC","7528ae28-b7d5-5380-9eb9-79320d0e9d53","2021-10-08","hackernews","title","1"
"NVDA","753c2563-776c-5330-a38b-05e73855332a","2022-12-15","hackernews","title","1"
"INTC","7550b2b7-834a-5a04-a9ee-6ae8ff1d64da","2025-01-30","transcripts","earnings_call","33"
"MU","75538335-d5ea-5c20-9e5d-32c92e905f89","2018-05-29","hackernews","title","1"
"DELL","7555045c-a2a0-5b87-bca9-fd045f0e49fa","2015-06-03","hackernews","title","1"
"PG","7556926d-7a9d-5923-a22c-38ab711c1007","2024-04-19","sec_filing","10-Q","90"
"WM","7557f717-a0a8-524e-bde6-dc2f27fdf188","2012-07-26","transcripts","earnings_call","32"
"TEAM","75668bde-0147-55b2-9f5a-563109ce7bbc","2019-06-21","hackernews","title","1"
"INTC","756e9b27-f663-5c24-85a6-7b54986909ed","2021-09-30","hackernews","title","1"
"NVDA","7576e0c9-5957-544a-a8d2-0bbf5ed2189b","2018-02-08","hackernews","title","1"
"ADBE","758b0a54-da88-5dcf-8a51-3c0b848ffcc3","2018-09-26","sec_filing","10-Q","163"
"PG","7592dc84-b34b-5961-9505-7b9f6406d4b1","2013-10-25","sec_filing","10-Q","74"
"ADBE","7597e933-6336-5787-898f-b0ac036cdf64","2018-03-28","sec_filing","10-Q","142"
"ADBE","759b7cee-d56e-5239-9f93-9b06426127e0","2015-09-04","hackernews","title","1"
"TEAM","759d30fa-79d0-5b18-b1b0-bf553adc8914","2024-01-22","hackernews","title","1"
"INTC","75aef15c-33f2-5966-9f66-cb017c5c4599","2020-10-20","hackernews","title","1"
"NVDA","75b77a07-4b7e-5856-a95a-785017493b7b","2022-07-19","hackernews","title","1"
"CAT","75b97be9-b308-5831-8592-1cab58eb5bbc","2019-08-01","sec_filing","10-Q","215"
"INTC","75bc1aac-ff25-5453-9379-3eed45f612a6","2026-04-20","hackernews","title","1"
"INTC","75c69932-acd5-55b8-928a-dfaad1148fa7","2025-12-24","hackernews","title","1"
"INTC","75ca7d3b-d3bf-5c85-97ed-f8ff13cc3852","2017-03-10","hackernews","title","1"
"MU","75ce958a-affa-513f-8e23-338eb33fb887","2017-04-10","hackernews","title","1"
"DELL","75db475f-1899-5473-80cc-51235cf080df","2019-03-25","hackernews","title","1"
"NVDA","75e64520-60d2-5830-81c1-2248f491829a","2026-08-25","hackernews","title","1"
"INTC","75f48eb7-ddd9-5548-b005-284ab6c7e2b5","2016-10-31","hackernews","title","1"
"NVDA","75fc03ee-4857-5444-83ca-e6df5e298a98","2020-10-13","hackernews","title","1"
"INTC","7615af32-d5d0-55e6-b4c1-46fd4c8dbffc","2023-10-23","hackernews","title","1"
"DELL","761965da-2491-5bcc-8864-a18494d7a2c2","2018-01-09","hackernews","title","1"
"MU","761c75b5-036f-5d1f-aff6-1f9d8facc42e","2023-07-20","hackernews","title","1"
"INTC","761f06cd-2c13-5662-9a34-c74cf74fbbf2","2020-02-27","hackernews","title","1"
"DELL","7625969a-162b-5cee-8dd7-56432b3e6ea2","2019-04-03","hackernews","title","1"
"ADBE","762cc679-773b-50ac-aa32-c7f50197b710","2017-06-21","hackernews","title","1"
"TEAM","762f376b-86b3-5b4c-b2b8-94ab204b99f4","2022-11-04","sec_filing","10-Q","220"
"DELL","7631f42f-a9ae-553d-9205-86399657c1ad","2019-08-25","hackernews","title","1"
"ADBE","7638c242-1101-5c57-a2e5-526256204ad1","2014-09-16","transcripts","earnings_call","30"
"TEAM","763a8ec3-ea86-5f44-9654-1e4d81251731","2015-04-21","hackernews","title","1"
"DELL","76455d39-234a-53d6-afb7-5143f310d1f2","2015-02-13","hackernews","title","1"
"NVDA","764f3f54-2d37-5cf9-924a-b1ddcfccb84a","2016-07-27","hackernews","title","1"
"INTC","766c8919-e65e-5d3e-821e-04049a7fbdec","2021-11-06","hackernews","title","1"
"INTC","766f5260-38b3-5c32-9fe4-d6bb09bcf847","2023-03-08","hackernews","title","1"
"INTC","76758da8-ed0e-5d12-8234-b81b4afd0840","2021-06-01","hackernews","title","1"
"DELL","767ff935-b103-5835-9d83-fda91026c490","2016-08-31","hackernews","title","1"
"DELL","769483ae-b14b-57ca-9eec-ad405de9f2de","2021-08-26","transcripts","earnings_call","31"
"ADBE","76a23d31-611c-5c8b-8b2b-6a0bf0ea4556","2019-12-12","transcripts","earnings_call","28"
"ADBE","76b2a0c7-3608-5b57-af05-22649fdb597f","2020-08-19","hackernews","title","1"
"ADBE","76c65115-28b9-5bc5-bd38-ffb41fb6d0d7","2018-06-09","hackernews","title","1"
"TEAM","76cb1852-ee21-5ca8-ba80-7d767b1b15ca","2020-06-02","hackernews","title","1"
"TEAM","76db8a4c-6eca-5f32-929b-108d655f87ad","2017-10-19","sec_filing","6-K","2"
"NVDA","76e82b2d-167f-563f-8105-a526bd0c8dcd","2016-05-17","hackernews","title","1"
"INTC","76ef1119-163d-5954-8317-36134b83a89b","2015-10-10","hackernews","title","1"
"ADBE","76f31604-96c9-5c3d-91b6-09c0703349ae","2024-07-08","hackernews","title","1"
"ADBE","76f79525-d0c9-5635-af25-9e59a39e0964","2024-01-17","sec_filing","10-K","251"
"INTC","76fba070-999a-5168-acf6-a466563f3fb7","2020-07-27","hackernews","title","1"
"ADBE","77198573-5561-50c9-bfd7-8a9bf73eef81","2020-08-26","hackernews","title","1"
"MU","77202b63-8c3f-520d-ac87-61cc6de4e395","2026-08-21","hackernews","title","1"
"INTC","772b2aa9-c0ff-50a5-8d33-2c042a4b5d3a","2017-04-17","hackernews","title","1"
"TEAM","77326db2-eadd-5818-b08a-7677afafcf16","2025-12-10","hackernews","title","1"
"TEAM","7741a9f6-fa60-5c48-b950-f4f0035ce887","2019-12-17","hackernews","title","1"
"MU","7741ffbe-3b94-5240-9b33-fe650ff611b6","2022-12-22","hackernews","title","1"
"ADBE","77453582-0ade-5643-a507-d31cf3afc552","2018-01-24","hackernews","title","1"
"INTC","774f3fcd-3801-50a2-9910-a5ea5891bc73","2024-06-10","hackernews","title","1"
"NVDA","7753d996-7046-5a60-aa73-c9dde419d63c","2015-12-18","hackernews","title","1"
"DELL","776414de-d50e-570b-be6d-45313d939ab2","2021-11-23","transcripts","earnings_call","31"
"INTC","776903f1-423e-5eed-8f41-581568067550","2022-06-14","hackernews","title","1"
"TEAM","776d7419-df13-5fe5-bc78-513d10fc7571","2016-05-05","transcripts","earnings_call","25"
"DELL","7778a33d-1306-5f95-b05b-206021437ea6","2024-05-12","hackernews","title","1"
"INTC","779e2fef-3dbc-5e0a-8d7e-cb93e34b773e","2016-10-14","hackernews","title","1"
"ADBE","77b50204-90bc-568f-8468-5bb5aa08c2ee","2017-07-25","hackernews","title","1"
"NVDA","77bd631d-2aca-568e-869b-7d09573d8a78","2021-08-23","hackernews","title","1"
"TEAM","77c44b96-1060-5fc0-8263-9f668f513d4e","2022-07-31","hackernews","title","1"
"TEAM","77cc6b1a-d0b6-5368-bd8a-cebfa6ee9f52","2018-03-22","hackernews","title","1"
"PG","77d4cdef-868a-5328-b8d3-9331665f2981","2013-04-24","sec_filing","10-Q","103"
"NVDA","77efa94d-14a6-5788-b35e-5e76dd37a652","2019-04-15","hackernews","title","1"
"TEAM","780f7d19-ff83-56b7-a50c-9515d408c6c6","2019-12-06","sec_filing","6-K","4"
"INTC","782a3184-af0a-5d63-bec0-cf25ba884eae","2015-11-15","hackernews","title","1"
"INTC","78353dce-70ff-5513-91c4-2ca995ea4932","2022-06-03","hackernews","title","1"
"INTC","7838978e-e4c8-58a7-bbba-d6c2669320a0","2017-03-13","hackernews","title","1"
"ADBE","78503de4-8b63-50aa-adf9-6b0b067ac7d0","2024-02-20","hackernews","title","1"
"ADBE","78561f89-d2fe-500c-b1d2-f8d2d5de4c48","2019-06-20","hackernews","title","1"
"INTC","7859701a-7552-537d-85c8-d60e4ccb5406","2017-03-12","hackernews","title","1"
"NVDA","785ecee6-38eb-580a-890f-004b66cb96dd","2021-04-12","hackernews","title","1"
"ADBE","786f028a-d46d-57fd-becf-72e4b55b275b","2026-09-07","hackernews","title","1"
"DELL","786fd840-9ba0-5ebf-a490-ec203c4c8b44","2021-09-20","hackernews","title","1"
"INTC","78786394-d6be-5bbf-a073-7990b1ec5e0a","2021-11-01","hackernews","title","1"
"INTC","787ddc07-a3cb-588a-8e45-b7de0ca4469d","2024-07-22","hackernews","title","1"
"DELL","7898a864-967a-5d2b-b33e-b66380c97d8e","2026-01-06","hackernews","title","1"
"INTC","78a4923f-492f-57a0-b906-6f27d8017445","2023-11-30","hackernews","title","1"
"TEAM","78a65df6-d5a2-50bf-8890-8183d10d3b2c","2026-04-20","hackernews","title","1"
"DELL","78b6c2a1-bf55-5395-8a73-fa064e83da45","2018-07-31","hackernews","title","1"
"ADBE","78b77b6c-a20f-597c-84c3-6a562ca02cf9","2016-11-07","hackernews","title","1"
"NVDA","78c3cdfc-a529-520a-bbe9-b6dcd40b108d","2019-06-16","hackernews","title","1"
"INTC","78c9fce8-f8d3-5ac6-9c8e-a8367136c5c0","2020-04-26","hackernews","title","1"
"ADBE","78d280d6-d323-509b-b9a5-9a27d5277c9d","2014-06-25","sec_filing","10-Q","164"
"DELL","78daea2f-a496-56e5-ac9a-54fbbafe6ca5","2023-02-06","hackernews","title","1"
"INTC","78ee40e4-0df0-5b61-9a2e-d0ad47b67e33","2025-05-28","hackernews","title","1"
"DELL","78fdbbe2-3c78-5fe3-93b4-d02506f1812c","2015-12-10","hackernews","title","1"
"INTC","7906ed6e-c489-57ab-bb17-2ede247dd400","2024-01-25","transcripts","earnings_call","34"
"NVDA","790fbad4-7837-5156-befc-507fccafb4ea","2014-11-19","sec_filing","10-Q","131"
"ADBE","79102a7b-9a66-51d6-80b0-e97b34354ca5","2026-06-17","hackernews","title","1"
"ADBE","793416dc-48f9-5021-b959-1fad18e7dc3d","2022-12-03","hackernews","title","1"
"INTC","7936509d-e1b7-5ec9-aa39-fd34c2c7d20e","2021-09-13","hackernews","title","1"
"ADBE","7939265a-9912-5101-8b0a-af8ec3ead2f6","2021-04-18","hackernews","title","1"
"DELL","7944c50c-70ab-50b6-aa49-59a8c77c61b2","2021-01-05","hackernews","title","1"
"INTC","7950c5e2-da86-5247-96c6-c54f583b5884","2024-04-18","hackernews","title","1"
"TEAM","795ff392-d0f3-5c61-a483-7e15f876915f","2019-09-12","hackernews","title","1"
"NVDA","79721029-99bf-500b-a3a4-06e8017341d0","2015-12-06","hackernews","title","1"
"NVDA","797d5c39-f0b3-59bd-b624-d97a6eed18de","2016-11-11","hackernews","title","1"
"INTC","7986b4cc-ded1-5dcf-b6b1-5e9ed1442668","2018-08-30","hackernews","title","1"
"ADBE","79872408-797b-5d87-ad98-329b40e10c6d","2025-12-31","hackernews","title","1"
"ADBE","7989c74b-c547-5b87-b833-0178eef9e083","2015-08-10","hackernews","title","1"
"ADBE","7989ffe8-58e0-5e9a-b5ce-4b2d73171abe","2016-09-26","hackernews","title","1"
"WM","798f3fe6-c135-5c00-9008-6106bd63c3b0","2025-02-19","sec_filing","10-K","422"
"NVDA","7991db15-99eb-503a-8be5-08c0981a8f4a","2019-12-03","hackernews","title","1"
"NVDA","799a9d62-d197-5402-861b-d679f1d95e99","2020-09-17","hackernews","title","1"
"DELL","79a7b682-6d41-531c-ad08-ff7dcc3b67ac","2025-05-16","hackernews","title","1"
"TEAM","79b2b3d9-6c3f-529d-b067-aa36e11ff56a","2017-06-29","hackernews","title","1"
"ADBE","79b91e28-7f3b-5fe1-b25c-b315dc8c42bc","2021-04-09","hackernews","title","1"
"TEAM","79c8a04a-0d76-51a9-bfae-d26b0cf2f4d7","2018-11-06","sec_filing","6-K/A","2"
"ADBE","79ccb0ec-fe3b-5523-a06e-ad19b54d5266","2018-07-13","hackernews","title","1"
"INTC","79d1fa4e-024a-5b3a-8c85-adb017b66506","2021-01-20","hackernews","title","1"
"ADBE","79e1f19a-af5e-5901-a762-cc48252d7966","2022-11-04","hackernews","title","1"
"ADBE","79edecc1-7a5d-5d57-945b-e9d36eee1e6c","2020-06-20","hackernews","title","1"
"INTC","7a02839e-e23e-5876-8e5b-4f601dcb2357","2019-06-02","hackernews","title","1"
"INTC","7a0883ef-67dd-5658-b3a2-9855cbbf61a8","2016-04-19","transcripts","earnings_call","32"
"ADBE","7a0e8990-6e80-513f-96f2-f94e7cb3424d","2023-10-15","hackernews","title","1"
"MU","7a258451-67f0-50d7-acc9-90ec062b88ab","2016-08-07","hackernews","title","1"
"NVDA","7a3a3013-888b-537b-b5b8-4f124c94f24c","2012-05-11","transcripts","earnings_call","29"
"ADBE","7a3b5e15-b537-53ca-9c83-a194e79f0921","2022-06-14","hackernews","title","1"
"WM","7a3fbe5f-6dec-5ce7-a510-40f0cebe80be","2016-10-26","transcripts","earnings_call","36"
"DELL","7a483bbe-6b90-5200-932c-6930872ed70c","2016-05-24","hackernews","title","1"
"INTC","7a641fd2-062c-58a0-bf8e-bf39372ea4dd","2017-12-26","hackernews","title","1"
"TEAM","7a6dac69-2041-5ac3-b315-e22b16e40725","2015-10-21","hackernews","title","1"
"DELL","7a6f98b3-3dc3-55d1-aff3-e0df7d7432db","2021-12-14","hackernews","title","1"
"ADBE","7a7038c4-bafe-5e23-bcb1-8b0918139a60","2025-11-20","hackernews","title","1"
"ADBE","7a76e99a-015a-5fd0-ba47-111a4b248c08","2023-09-28","hackernews","title","1"
"NVDA","7a81a94e-d68c-56af-91ca-0521f3bfd894","2020-02-13","hackernews","title","1"
"INTC","7aa3eb17-604d-524d-b90e-7d04fb666c42","2022-12-18","hackernews","title","1"
"TEAM","7ab67966-9666-5b79-902f-f3a725d9591a","2024-02-08","hackernews","title","1"
"PG","7abd3dc2-f3b9-5e9f-bc81-36b964d6a5de","2017-07-27","transcripts","earnings_call","54"
"DELL","7abe9513-cb78-53dd-89ea-5098bd99d984","2018-08-13","hackernews","title","1"
"ADBE","7ac2018f-0fb7-5480-bfa4-2396cadb1ded","2023-12-21","hackernews","title","1"
"ADBE","7acadcc0-4d36-57af-b489-b14816fe736e","2023-07-21","hackernews","title","1"
"NVDA","7accba02-33b1-504f-a0cd-bd2cab423217","2024-07-09","hackernews","title","1"
"INTC","7ae32022-51d8-568b-9370-3d44081e9e34","2018-11-13","hackernews","title","1"
"INTC","7aeb6401-eeb7-5cc9-8c38-e4bb47be1403","2025-04-23","hackernews","title","1"
"DELL","7aecdbae-012c-59b4-a14b-73ca55b21cb0","2025-08-05","hackernews","title","1"
"TEAM","7b0287a8-c06a-5a1a-8fd4-ec7b6c8bded0","2021-05-12","hackernews","title","1"
"TEAM","7b0911ce-210f-5bd3-911c-cc96e549922c","2018-07-23","hackernews","title","1"
"TEAM","7b16526d-aacd-5384-b5f6-603ff8ac338a","2026-08-11","hackernews","title","1"
"ADBE","7b1ab220-c0c0-53b5-ae30-a30fea2ae62c","2015-07-11","hackernews","title","1"
"NVDA","7b223820-4d68-51bc-845f-70b335e55879","2023-10-22","hackernews","title","1"
"INTC","7b27af06-7691-5a92-b21a-d5d5eac241e0","2022-10-27","sec_filing","10-Q","106"
"MU","7b3c31a4-6146-5be5-b6d3-24e8e2bae9c1","2020-09-25","hackernews","title","1"
"INTC","7b44e32e-032a-5ce5-9d0c-c2bb64eacc2a","2015-08-23","hackernews","title","1"
"ADBE","7b46a4dc-d81f-5cb8-a33c-d0713bc794da","2016-04-06","hackernews","title","1"
"ADBE","7b5d67d9-a272-50b4-b2b2-c9320c4e6a30","2024-03-12","hackernews","title","1"
"MU","7b6df678-40db-5475-91dc-e54824693d01","2018-06-25","hackernews","title","1"
"DELL","7b6e1b6a-6f08-5c99-b598-a46ec9609140","2025-11-29","hackernews","title","1"
"ADBE","7b836926-37a1-5c7e-af7f-cee6f10e7503","2024-10-29","hackernews","title","1"
"INTC","7b96fc69-3332-5e2a-a0e1-8110f7d89694","2020-03-09","hackernews","title","1"
"INTC","7b9c5e68-57f0-5484-8739-22a63e9a9543","2022-04-06","hackernews","title","1"
"NVDA","7b9ece3c-2603-59f1-8386-c008c5505629","2017-02-22","hackernews","title","1"
"NVDA","7ba070b5-c0a8-50f3-90a0-e846a3cfea00","2017-12-06","hackernews","title","1"
"DELL","7ba15598-97cd-5c64-976f-6a3ac9ead82c","2017-07-13","hackernews","title","1"
"ADBE","7ba17626-4e2e-5d94-8eb2-f264976d9346","2024-04-11","hackernews","title","1"
"INTC","7ba2a34f-6e55-526d-9b32-3d27bd6ad8ec","2024-01-04","hackernews","title","1"
"ADBE","7bb4f675-edd5-519e-83ed-47eedceb4292","2024-04-15","hackernews","title","1"
"NVDA","7bbc2c48-afb6-50ef-bace-137458bbe1af","2019-09-30","hackernews","title","1"
"NVDA","7bd4ebe7-544a-57e8-8779-771d40336b03","2018-08-20","hackernews","title","1"
"DELL","7bde74f4-1be1-5225-9f85-9c9343549c15","2020-12-22","hackernews","title","1"
"ADBE","7bf935e7-c8c1-5858-b5a9-ab0e5e05a45e","2015-01-30","hackernews","title","1"
"CAT","7c0f5b98-cdae-5da2-ba87-cbc9f890d92d","2018-09-12","hackernews","title","1"
"CAT","7c1a5519-a101-5e9e-8af9-27eb9a483954","2025-04-30","hackernews","title","1"
"NVDA","7c27224e-aab3-5671-a118-54e85c4384cc","2026-05-11","hackernews","title","1"
"INTC","7c351f37-76ed-5050-b035-67a65928866f","2019-08-25","hackernews","title","1"
"NVDA","7c3dac3d-eff3-5683-aeb6-0848c5b1fdb3","2022-11-18","hackernews","title","1"
"INTC","7c3e0dea-9d47-594d-9e4f-a4a0740cffba","2015-05-10","hackernews","title","1"
"NVDA","7c3fe6f0-b2eb-5ed5-b83e-152b9a3d5155","2013-11-19","sec_filing","10-Q","146"
"NVDA","7c41171b-0f5d-53e5-8057-2ed4c1bb6d5a","2023-02-23","hackernews","title","1"
"ADBE","7c41afce-8feb-55fb-ac77-731a87a3762f","2020-12-08","hackernews","title","1"
"DELL","7c43e3c4-342e-521b-bc4d-3245057c275e","2016-11-04","hackernews","title","1"
"NVDA","7c48d4b1-f05f-53c6-85e4-4f5cc19e45ab","2023-01-20","hackernews","title","1"
"NVDA","7c5fd016-c136-5202-9952-6c7161966519","2025-05-28","transcripts","earnings_call","26"
"NVDA","7c7ed478-50fe-57b1-ae30-3ae3ec2f284b","2020-02-23","hackernews","title","1"
"DELL","7c8d8cb4-ef65-5adc-a78c-2f7e0b8fa70c","2021-06-28","hackernews","title","1"
"DELL","7c92eda9-7765-5c74-9cad-2c5ddd8a6e65","2016-09-14","hackernews","title","1"
"DELL","7c9c773b-d750-544e-9019-5066c4cf85ff","2015-01-28","hackernews","title","1"
"WM","7ca411b9-d9ed-57ef-b74a-c966bdd8c455","2018-01-10","hackernews","title","1"
"DELL","7cace28c-86d7-5b8e-9e12-6cc67936be73","2018-08-23","hackernews","title","1"
"DELL","7cadf857-27dc-5936-85c4-2e71ca7fca5f","2016-06-01","hackernews","title","1"
"INTC","7cb2c849-6b70-583f-a620-cfa4d131de19","2017-05-13","hackernews","title","1"
"INTC","7cb86132-a143-525b-9357-a73aadd41109","2019-10-13","hackernews","title","1"
"NVDA","7cbaddaa-63c7-565f-b749-8911213ea6ad","2016-01-05","hackernews","title","1"
"MU","7cccae5a-1e5a-59b9-87ec-5c2a7626793d","2022-09-15","hackernews","title","1"
"ADBE","7ccdd09f-32a0-5b23-a5c4-788aea56f02a","2025-05-20","hackernews","title","1"
"DELL","7cce9cd1-d431-5b3b-8488-8000e8eff476","2015-12-02","hackernews","title","1"
"INTC","7cced78a-9274-5972-8dca-bfea58126981","2020-05-23","hackernews","title","1"
"INTC","7ccf6b45-66e5-5832-8bfd-886d2501f63c","2026-04-01","hackernews","title","1"
"ADBE","7ce53308-347e-5eab-9a6f-e008e9fbdbe1","2018-09-20","hackernews","title","1"
"INTC","7ce9e2d8-29f2-5879-9ea3-562b765e879f","2024-11-01","hackernews","title","1"
"CAT","7cff59ad-be51-5631-9269-4a6b6a987e63","2020-10-12","hackernews","title","1"
"INTC","7d02ad88-2685-5509-ae71-8fa435590274","2016-01-15","hackernews","title","1"
"NVDA","7d02d230-be65-5d77-aa65-798a057177ff","2017-11-14","hackernews","title","1"
"INTC","7d24fefc-c3b2-5a06-97a1-fe9785cd74a8","2017-08-21","hackernews","title","1"
"NVDA","7d2812f3-2eeb-50df-98aa-1d72547406eb","2026-08-21","hackernews","title","1"
"DELL","7d2c5140-50a2-5390-9b99-500265975c1b","2024-09-10","sec_filing","10-Q","155"
"INTC","7d4ec6a4-b500-597f-a4c8-3b1efa1bc7f3","2024-04-25","transcripts","earnings_call","36"
"PG","7d52ffbf-33a0-5a69-b849-8d197d476dd0","2025-04-24","sec_filing","10-Q","88"
"NVDA","7d60b270-4832-5c73-9a27-6dbdda6f13ec","2015-01-31","hackernews","title","1"
"NVDA","7d64a0f6-283d-5950-a4f6-de3d17919fb9","2014-05-08","transcripts","earnings_call","29"
"ADBE","7d6ad55d-f047-5eae-82b5-dcfacf477acb","2025-08-25","hackernews","title","1"
"TEAM","7d6b832e-b63e-5299-af41-e5cc74cf90db","2019-06-04","hackernews","title","1"
"ADBE","7d729ead-5865-5f9e-90c5-cfce6e1b06f3","2016-05-12","hackernews","title","1"
"DELL","7d72a3ca-c930-5794-863a-4c46d835c27b","2025-12-12","hackernews","title","1"
"NVDA","7d79360c-4ca6-53a0-9368-7b3b7bb5b946","2019-08-15","hackernews","title","1"
"INTC","7d8f2617-7c21-5c76-8ef6-6207e72cbd7e","2021-05-21","hackernews","title","1"
"TEAM","7d9bf868-bddf-5da6-b2c9-c4348bb9adb8","2025-08-26","hackernews","title","1"
"INTC","7da3df18-7cd7-5fd0-a39a-a14355b49192","2018-07-06","hackernews","title","1"
"DELL","7db2edbd-7061-5a33-b9ec-89bb7c308550","2018-10-25","hackernews","title","1"
"NVDA","7db81b1e-9b38-59bf-bbf7-46b885e30da3","2017-01-15","hackernews","title","1"
"INTC","7dbb1fb9-8182-570c-be7a-54dec7fab9a1","2016-02-05","hackernews","title","1"
"MU","7dc704d4-4f24-5835-bfe8-13e0f19a15de","2017-11-13","hackernews","title","1"
"NVDA","7de25498-697a-550b-9657-4c8775a91072","2017-10-27","hackernews","title","1"
"INTC","7de39c95-156f-5bff-aada-199424c27c04","2024-03-19","hackernews","title","1"
"CAT","7de6506d-5d16-5c25-ac21-87c592651748","2020-10-27","transcripts","earnings_call","34"
"TEAM","7df08269-605e-55e1-a9b7-69d4308c9cb4","2024-08-01","transcripts","earnings_call","29"
"INTC","7df17e66-eead-519c-a7d2-7092096599a6","2022-04-06","hackernews","title","1"
"INTC","7e01e56e-dadc-5064-b21b-54dc7cac92f8","2026-03-03","hackernews","title","1"
"INTC","7e187c90-2c7e-5f77-8cc9-7d811e1d6552","2022-07-28","hackernews","title","1"
"ADBE","7e355c1e-9fb9-5aac-9965-85341bbb1314","2021-03-01","hackernews","title","1"
"INTC","7e55985a-7418-5a57-a025-ad6f6a4b5aee","2024-11-23","hackernews","title","1"
"MU","7e5cce77-ac88-5c44-b8bc-8d9c5b8aedf6","2020-01-06","hackernews","title","1"
"NVDA","7e6621c1-87e7-5ca6-85ef-8697d2548a4a","2025-06-26","hackernews","title","1"
"ADBE","7e72c51c-8f04-515b-ad66-30c7e6fbf83c","2024-09-04","hackernews","title","1"
"NVDA","7e740bd6-c5f7-5223-b1ef-d50fe7c5385c","2016-07-25","hackernews","title","1"
"NVDA","7e765315-bcf6-5293-a52e-e32a844258b5","2025-04-03","hackernews","title","1"
"ADBE","7e8127d6-8e90-53ae-b9c9-27edc9b7c634","2025-01-16","hackernews","title","1"
"WM","7e81daa6-acaf-5714-95a0-90334943d7dd","2021-10-26","transcripts","earnings_call","36"
"TEAM","7e977fc5-bb2c-5839-86af-de3cfec6197f","2016-06-08","hackernews","title","1"
"NVDA","7e9cbd0d-ca83-582e-bd93-1d829e9cf65e","2023-09-19","hackernews","title","1"
"NVDA","7ea36d30-312f-5d0d-8243-dcb1bbd95fab","2016-03-30","hackernews","title","1"
"NVDA","7eaafd44-7e67-5fad-b05e-fcdc1e11215a","2022-03-02","hackernews","title","1"
"INTC","7ead0619-8a68-5e86-8834-3cfaa50ae546","2015-01-07","hackernews","title","1"
"TEAM","7eb8d49d-20f7-598d-b899-9b7a2e124fb0","2021-01-02","hackernews","title","1"
"NVDA","7ebecd98-937e-5dfd-ba6b-bb9b7665d6c5","2017-05-15","hackernews","title","1"
"TEAM","7ecd486d-ee61-5e9a-8401-a4d5ba503fbe","2022-08-04","transcripts","earnings_call","28"
"INTC","7ed546dd-f46c-5aff-991f-8153380b9174","2017-01-04","hackernews","title","1"
"INTC","7ed5556d-ab71-5cf4-b87c-d48ed6343f88","2018-08-23","hackernews","title","1"
"MU","7ed83ce0-4ead-5cec-8b08-fbf83f0a4b85","2023-06-29","hackernews","title","1"
"CAT","7eeaef1c-66ee-5fc7-a2cd-42a9e8682955","2017-02-02","hackernews","title","1"
"MU","7ef8b1c2-194b-5c65-bcc0-244cec048038","2017-05-10","hackernews","title","1"
"ADBE","7f0ec194-0baf-5fc4-9d54-be041bfd0de2","2019-03-27","sec_filing","10-Q","169"
"NVDA","7f14ebb5-0f63-5c8b-91eb-9f81fd26c0b6","2025-01-27","hackernews","title","1"
"DELL","7f1551b9-da58-5070-b5b8-033249eb540e","2026-03-19","hackernews","title","1"
"MU","7f171fce-8f68-5a55-98c5-cef8d5c4d69a","2013-06-19","transcripts","earnings_call","34"
"INTC","7f1ee7ee-9932-53d4-906d-5d83726a7576","2013-01-17","transcripts","earnings_call","28"
"ADBE","7f275d9e-092c-5abc-92af-d9523c706aab","2016-02-17","hackernews","title","1"
"INTC","7f2859e3-b822-5d96-a795-bbfdc581522b","2022-06-29","hackernews","title","1"
"INTC","7f353892-4aa1-5790-9f63-2e3a523d2b27","2025-05-08","hackernews","title","1"
"NVDA","7f3e3af0-eabf-588f-b63c-c27676592cfe","2019-07-30","hackernews","title","1"
"DELL","7f556bbb-a4df-50c2-9abe-c515e8103db1","2015-05-27","hackernews","title","1"
"DELL","7f5ab0f2-93ab-5835-a10d-2a52e907d2ec","2018-01-09","hackernews","title","1"
"INTC","7f6307a5-c2a4-5e36-a0f6-171f2cd4af34","2025-09-07","hackernews","title","1"
"NVDA","7f6b2d54-06fe-5fba-b155-6c18fc2be971","2025-02-11","hackernews","title","1"
"ADBE","7f774815-5183-5a58-bf3a-c51aa34ad48f","2013-12-12","transcripts","earnings_call","33"
"ADBE","7f82f00d-69be-5066-8ae6-67f2dcbe02e2","2026-01-26","hackernews","title","1"
"TEAM","7f89f327-8b5b-5fd0-b57b-187cd921889e","2015-04-21","hackernews","title","1"
"TEAM","7f8f7bd1-9aa2-59ca-a0e2-b87edcb2bf2c","2022-06-05","hackernews","title","1"
"INTC","7f9b1007-e5d0-5717-a781-2c8318f29001","2022-02-26","hackernews","title","1"
"ADBE","7f9f46a9-3d6b-57b5-9b1b-83824dbbf87c","2021-08-28","hackernews","title","1"
"NVDA","7fa530a5-5a2b-5b91-80b9-943418126383","2021-02-26","sec_filing","10-K","215"
"DELL","7fa730a8-7a19-5e69-a6ff-3c3ac686b3d7","2026-02-05","hackernews","title","1"
"NVDA","7facc553-ca88-53bf-9773-e1b6c0c33583","2018-11-15","transcripts","earnings_call","29"
"DELL","7fc02ba6-2cba-5269-925e-1fbf46d4c833","2023-03-24","hackernews","title","1"
"NVDA","7fc402c4-c304-5442-85af-d26f47a3bf4d","2021-06-23","hackernews","title","1"
"TEAM","7fc5249c-9da6-58a1-ab36-12d1a75b08ec","2017-10-31","hackernews","title","1"
"TEAM","7fc5e26d-3d0a-56c7-9263-8bed65041aae","2018-03-28","hackernews","title","1"
"TEAM","7fced41b-e8af-56f2-9a54-51aee37ce8d9","2015-11-09","hackernews","title","1"
"NVDA","7fdba56b-ed16-51cb-a1ed-2533ca1ede54","2024-10-16","hackernews","title","1"
"ADBE","7fdd739a-6573-5608-aa12-bef8afe1dd12","2020-03-12","transcripts","earnings_call","30"
"INTC","7fdeef1c-dd3b-556b-aef6-86c713f0a80f","2025-05-21","hackernews","title","1"
"NVDA","7feb693f-b4f3-5f4d-b0c3-668de909d469","2016-12-19","hackernews","title","1"
"ADBE","7ff07e1d-c545-5c50-983e-56e14f31e7f3","2017-03-30","hackernews","title","1"
"NVDA","7ff3e4b6-4147-5f5e-ad09-e2aec28d2d63","2025-08-13","hackernews","title","1"
"TEAM","7ff3f8f1-151d-5392-965e-8b13f7d2590e","2019-01-17","transcripts","earnings_call","26"
"NVDA","7ffe998e-a563-58ed-bd70-291d4e3928b4","2021-12-11","hackernews","title","1"
"ADBE","80061261-10de-594b-8854-3e73cbae93e4","2015-11-11","hackernews","title","1"
"MU","800eb57c-ad80-5957-9ac8-4ac3c997803c","2026-07-03","hackernews","title","1"
"NVDA","800f399e-707c-5b52-bc1b-5d688f772e41","2016-03-21","hackernews","title","1"
"ADBE","801b4d1d-6ea5-59a2-bb03-75cac3dc4e08","2021-05-13","hackernews","title","1"
"INTC","8022eb64-4693-53be-a9b2-28a788a6dc95","2016-10-29","hackernews","title","1"
"CAT","80274f1a-eaf4-5fc0-90bf-114bee1bf686","2024-08-06","transcripts","earnings_call","34"
"INTC","802773bc-b12c-5024-8572-f0d5bdde6b3e","2023-05-06","hackernews","title","1"
"INTC","802b6d8b-56c8-5a84-ac96-1b6f6562697b","2022-09-12","hackernews","title","1"
"NVDA","802d9245-1802-5ae6-af71-ab34f1c88b3a","2018-04-03","hackernews","title","1"
"NVDA","803c0a1b-a958-56a4-93f8-3155931eb55d","2019-11-26","hackernews","title","1"
"NVDA","80520dec-94b4-56cb-8121-4c6b7a26e56f","2016-09-29","hackernews","title","1"
"TEAM","8062a013-7607-5db4-8e13-a5e50e035a4b","2021-01-28","transcripts","earnings_call","34"
"CAT","80659b9f-7058-5538-9d36-2ae5d2dbc2ab","2025-05-07","sec_filing","10-Q","143"
"NVDA","8068fcb6-1910-5ad4-9b2f-4b22a7b201c3","2026-08-27","hackernews","title","1"
"NVDA","806bba5c-f32e-5463-a7e7-92bdacc4bcd1","2024-11-20","transcripts","earnings_call","28"
"INTC","807db121-c02a-519a-b55a-f92fd4e5ac25","2024-03-13","hackernews","title","1"
"ADBE","8087a8d0-fc37-57b3-8adb-28a6383af1c4","2016-07-28","hackernews","title","1"
"DELL","808c1951-ac0d-51f4-98cf-574bff3d522f","2024-01-31","hackernews","title","1"
"INTC","808c4f0e-371b-5533-9647-76863b9e4073","2020-12-30","hackernews","title","1"
"ADBE","809b9c56-5602-535d-8c74-c348de27a3c2","2017-01-13","hackernews","title","1"
"ADBE","80c00131-2352-5cd4-921c-5bdafd23d8d1","2016-06-29","sec_filing","10-Q","159"
"INTC","80c89a92-f5de-5b68-a011-7d71324ceffe","2019-07-25","sec_filing","10-Q","87"
"DELL","80d38a3a-9d10-5cce-8c20-6b3732662c10","2017-06-08","hackernews","title","1"
"ADBE","80f291dc-f381-55ec-b90f-497135f22fd5","2017-03-22","hackernews","title","1"
"ADBE","810108c3-4a0b-5862-9fce-0b9694b3f162","2023-02-13","hackernews","title","1"
"ADBE","81029ff4-fecb-52dd-85ce-d16303e83748","2023-03-29","sec_filing","10-Q","131"
"INTC","81085107-81ea-5d32-a632-ade9e8975a37","2025-06-15","hackernews","title","1"
"ADBE","811e7e13-bfa0-5e6f-bbcd-ffda7752f8c9","2022-12-01","hackernews","title","1"
"CAT","812f652a-68cb-5cbc-a1a8-6619ab0be001","2021-05-26","hackernews","title","1"
"CAT","8143bacc-dc27-5c6c-b3bc-82baf1791216","2023-10-31","transcripts","earnings_call","33"
"DELL","814adf31-d33b-54fe-b0cc-c8b91b82b994","2017-08-28","hackernews","title","1"
"ADBE","814d63c2-2010-5c99-9b40-dd4bac1ab29d","2022-07-24","hackernews","title","1"
"DELL","8153c98d-839b-5e3c-b81e-bf27ce9fd541","2018-07-22","hackernews","title","1"
"NVDA","81575c0a-769b-5f89-9be1-1e73f2c5efda","2022-09-26","hackernews","title","1"
"TEAM","815bd4c4-07a1-5854-9fc8-8471d851b212","2021-09-03","hackernews","title","1"
"PG","815f5205-1bac-528e-bde8-85a9702e5449","2017-08-07","sec_filing","10-K","222"
"ADBE","81748ee3-a401-5e75-8a7f-04cbc6b39269","2023-04-18","hackernews","title","1"
"ADBE","817fe2b2-089a-5af1-becc-83bfabf6c29d","2013-01-22","sec_filing","10-K","349"
"TEAM","818000a4-2143-53e0-9ae9-2cfe28626920","2022-07-10","hackernews","title","1"
"TEAM","8191e89f-ff83-5259-92fc-2554df480f13","2015-07-01","hackernews","title","1"
"INTC","81ac8673-fa90-51fb-8d1a-f9c86620f5a0","2019-06-28","hackernews","title","1"
"NVDA","81beb2ce-dd28-53e1-8711-6718373aad5b","2020-10-06","hackernews","title","1"
"ADBE","81c6519c-8ee9-5ee0-b8ec-138d41019eb2","2017-01-08","hackernews","title","1"
"INTC","81d77f61-b3d1-509c-be25-8e69b170d634","2016-11-01","hackernews","title","1"
"INTC","81ecd5f5-6539-5aa0-ab9a-d6701bfed9a2","2017-03-20","hackernews","title","1"
"INTC","81f2b271-a614-5534-8d68-31dec5d72237","2017-05-07","hackernews","title","1"
"DELL","81fcbc60-f089-5702-9bb0-52fc7734b928","2026-07-23","hackernews","title","1"
"ADBE","8207d800-0e67-5993-9e37-e7bd62c9da81","2025-02-06","hackernews","title","1"
"NVDA","820ae37d-3963-58a6-ac9a-f2591a308651","2015-01-07","hackernews","title","1"
"INTC","820b1936-cc6a-5059-943c-c971867adbd7","2020-11-05","hackernews","title","1"
"DELL","821484a2-f416-5ed2-85d2-2e2ac1111f8f","2021-01-11","hackernews","title","1"
"NVDA","82254db5-b922-5cb3-a0a3-e51ca81ea45d","2018-02-08","hackernews","title","1"
"MU","82255d0b-d203-5080-8979-b834230c8b2a","2024-05-15","hackernews","title","1"
"NVDA","82273a42-63d4-5a95-96b4-e2183621605a","2023-12-17","hackernews","title","1"
"INTC","8229088b-8837-56a7-9a76-1e3787d8aa65","2015-04-10","hackernews","title","1"
"CAT","82312e29-a542-53f8-90e2-a023d98900dd","2025-04-25","hackernews","title","1"
"DELL","8233a597-2e1f-5412-b57e-517809470de4","2020-05-22","hackernews","title","1"
"ADBE","823b4313-cd0d-5dbd-85e8-11897094ec62","2026-07-23","hackernews","title","1"
"PG","824cdb63-271d-5b6d-a606-ffe3d1462444","2018-08-07","sec_filing","10-K","226"
"DELL","82618f15-422d-5f3f-90fd-8148726b265f","2017-06-15","hackernews","title","1"
"INTC","826d0bad-2879-5f04-84b5-1f4086a92091","2024-03-23","hackernews","title","1"
"NVDA","8283929b-45b0-5f94-85d9-e38a80bbb2c1","2026-01-31","hackernews","title","1"
"INTC","828f0bed-6e86-5c09-844f-0a82ee65ca5c","2016-07-12","hackernews","title","1"
"TEAM","8296c82f-f829-5bfc-ad17-a834bdf56fa7","2015-04-26","hackernews","title","1"
"ADBE","829af2a1-5f48-5bca-9c58-e675824c68c3","2018-05-23","hackernews","title","1"
"ADBE","829c185a-feef-5b9a-84b6-e68886616e89","2019-12-01","hackernews","title","1"
"ADBE","82a6792a-2eb9-53d6-ae21-a8e44f49b9b2","2014-03-18","transcripts","earnings_call","26"
"CAT","82b61e87-ce1a-5375-8235-23a2a72c935e","2023-05-29","hackernews","title","1"
"ADBE","82b9d43b-7a5f-5591-be3b-b98d4e64d8d7","2015-03-17","hackernews","title","1"
"INTC","82baccb4-c7f5-57c4-8e90-b107eeb49b4e","2018-01-04","hackernews","title","1"
"ADBE","82c8deac-8168-5da9-9a27-0ae43e0bf6f6","2018-09-21","hackernews","title","1"
"INTC","82cf383a-f720-5ac6-9d16-0e112b789513","2017-10-19","hackernews","title","1"
"NVDA","82dd607d-c9a7-5729-ab6a-522d5fcea4d4","2017-02-06","hackernews","title","1"
"INTC","82debf2c-1397-5aaa-8f25-055e4f2103f6","2019-09-05","hackernews","title","1"
"ADBE","82fe8906-01f7-5157-b0bd-315b165818f6","2026-03-13","hackernews","title","1"
"INTC","830a72e3-15e9-577d-942a-f0be87b7d2f3","2021-07-01","hackernews","title","1"
"INTC","830ae94b-2000-536f-b877-b950ec9ef183","2016-02-09","hackernews","title","1"
"INTC","831140a4-e1e1-5273-b581-38829d347f36","2017-01-26","transcripts","earnings_call","31"
"NVDA","8312a083-c21a-5d49-b3ab-4efcb2712823","2023-08-06","hackernews","title","1"
"MU","8315a156-a0e8-5938-94a7-5af2ac1a7857","2015-02-02","hackernews","title","1"
"ADBE","831c5076-0988-5491-83bf-f509b5c9e15b","2012-09-19","transcripts","earnings_call","31"
"NVDA","831e8462-c6c4-53a0-8401-146c528de16b","2026-06-22","hackernews","title","1"
"TEAM","832fc1d3-6cf0-5fb8-abef-5acfb78cda18","2022-01-27","sec_filing","6-K","2"
"WM","833ca294-f6b8-57ed-8014-97e018cae120","2017-10-26","transcripts","earnings_call","39"
"MU","83426c41-55f6-55f2-a964-8bde99ad1930","2015-12-22","transcripts","earnings_call","34"
"NVDA","834b2e2a-9044-5637-a4a4-cf2c45b8e99c","2019-01-29","hackernews","title","1"
"MU","835389ed-aff5-5242-8e26-07d9a343843c","2018-01-08","hackernews","title","1"
"NVDA","8358ab57-a5d5-5091-b100-15b266c71a29","2021-05-26","transcripts","earnings_call","28"
"TEAM","8361714e-205f-5838-a971-d5474e8ce70a","2015-11-09","hackernews","title","1"
"DELL","836fa239-c921-5fa9-aea5-11160c9e1fc4","2020-05-25","hackernews","title","1"
"INTC","837a9f89-09c8-5239-bc04-05b5cea59c7a","2019-09-13","hackernews","title","1"
"DELL","837ccfb5-1096-5011-86d7-87ed8fb2f4b6","2018-08-25","hackernews","title","1"
"TEAM","838e54b3-1ba3-5705-bebc-95d047f11ca1","2016-02-17","hackernews","title","1"
"DELL","8394163b-d0dc-566a-aacd-504d2e627d50","2026-05-28","hackernews","title","1"
"TEAM","83ad4aa3-8ecd-5196-831c-8d236f470bb8","2017-02-21","hackernews","title","1"
"NVDA","83baa968-4f66-5b21-b976-d9d64a123e11","2017-04-20","hackernews","title","1"
"DELL","83c488a6-70af-522f-a952-6e3d8d6e5f86","2019-02-25","hackernews","title","1"
"DELL","83c6596e-b469-5398-858c-3c6decb4c82e","2024-06-11","sec_filing","10-Q","138"
"NVDA","83cbc14a-2704-5d7e-9567-ddbce33572ed","2026-05-20","sec_filing","10-Q","96"
"INTC","83e231eb-dd63-5602-96e3-45d014778e02","2023-02-11","hackernews","title","1"
"ADBE","83e641ba-1c90-5b38-b225-fb4adcdd36fb","2015-10-14","hackernews","title","1"
"TEAM","8405546a-d291-54bc-a305-59671221b20b","2017-10-20","hackernews","title","1"
"DELL","84057372-e387-56c8-b7f4-bb371181e26f","2017-08-30","hackernews","title","1"
"TEAM","841410d8-7a3e-5d78-94bd-d71496484830","2018-09-03","hackernews","title","1"
"NVDA","841df5ea-54fd-5b2d-a774-549f66b776b9","2022-01-25","hackernews","title","1"
"NVDA","8420937c-7bc8-5770-bbf4-90c5c8653ea4","2016-08-17","hackernews","title","1"
"ADBE","8432ea46-4bee-5707-8da8-d7b65bb71ce2","2013-03-28","sec_filing","10-Q","143"
"NVDA","8438dd0e-e55b-514c-96d5-ca55dbe73d2c","2023-02-28","hackernews","title","1"
"DELL","844b86b7-af29-5422-96fe-d2be7b20e55e","2025-04-07","hackernews","title","1"
"CAT","844c4d21-7f67-5341-b8ce-9435dd866b92","2024-11-08","hackernews","title","1"
"MU","8454f78a-76bd-5c0d-be5e-b974ab4bd11a","2020-09-02","hackernews","title","1"
"NVDA","845834ee-3faf-5f2e-827e-efb4395ebf7e","2023-03-25","hackernews","title","1"
"CAT","846cf012-a668-5ba3-8c13-627631cf3851","2020-11-04","sec_filing","10-Q","203"
"INTC","84856588-4acf-5a73-b1c5-fa692d60b1c3","2018-08-15","hackernews","title","1"
"TEAM","84925355-a749-5610-90da-a24733bb9982","2019-06-18","hackernews","title","1"
"ADBE","8496664b-5ad1-5cfe-97f7-6cec2539b2cb","2016-09-27","sec_filing","10-Q","156"
"DELL","849b2555-e18c-503c-8c66-00dca019d4bd","2022-04-26","hackernews","title","1"
"DELL","849cc03a-7da5-5362-8c51-a45eb6c3e770","2024-02-26","hackernews","title","1"
"INTC","84a1ce31-108a-52b4-ba0c-63b88b58fcaa","2019-07-12","hackernews","title","1"
"ADBE","84b631ab-e54e-52fc-b8d2-107c73b3bb00","2024-06-10","hackernews","title","1"
"TEAM","84b93a28-ac23-5a33-a2da-6a311b5d6653","2017-01-12","hackernews","title","1"
"ADBE","84ca39a1-828f-5e9d-928c-efa5989cbcd2","2025-11-19","hackernews","title","1"
"NVDA","84cf3cc3-2b5a-54cc-87b3-e11801de26db","2025-07-21","hackernews","title","1"
"INTC","84e0c37e-669a-5ffb-a79b-6eb6f04eaa52","2023-01-23","hackernews","title","1"
"DELL","84e7bfc6-d395-5123-ac81-5aa009340903","2016-09-09","hackernews","title","1"
"TEAM","84efbf72-68c8-58c9-a279-0d0bb067acce","2020-11-10","hackernews","title","1"
"NVDA","84ffdfcc-8c25-51bb-9810-6f88b8d53651","2018-05-10","hackernews","title","1"
"TEAM","85016600-107c-5fa4-ac97-d7ee0799e2be","2023-12-22","hackernews","title","1"
"TEAM","85057bb8-a20c-5cb9-b179-ba8168cbcdbd","2022-06-18","hackernews","title","1"
"DELL","85151e92-3dfc-50c8-b21a-0a678d0827f8","2015-05-22","hackernews","title","1"
"DELL","852e86fa-4f52-5216-9cf2-afd6823da732","2018-09-28","hackernews","title","1"
"NVDA","853c2656-6610-5551-ba8c-d649752e2844","2026-01-15","hackernews","title","1"
"TEAM","85490077-b255-57ab-b63b-f08a6f89b117","2022-07-21","hackernews","title","1"
"MU","856ad0bb-cd7b-5593-8a14-369e95ce7a27","2024-03-22","hackernews","title","1"
"DELL","856f9e98-edb9-55fe-b7a2-c95f81512b3d","2025-07-14","hackernews","title","1"
"NVDA","858ca96a-d628-59bc-85bd-3b55da35ab19","2024-02-21","transcripts","earnings_call","28"
"ADBE","85b7b5d9-bf16-546e-8dc6-3b065497acff","2018-10-30","hackernews","title","1"
"TEAM","85b976b5-70a2-5b28-bd38-8ee7cd4be891","2023-03-07","hackernews","title","1"
"CAT","85c6a142-5ed1-53be-874e-b4f378847f5d","2022-11-23","hackernews","title","1"
"NVDA","85c99b9e-48e3-50da-9e8e-8a85cb9cab78","2025-06-12","hackernews","title","1"
"DELL","85d10f8b-76b4-55a8-bd7c-3a153fddfbc9","2024-01-31","hackernews","title","1"
"TEAM","85d3f21e-cbdd-591b-a566-f085097da3e9","2019-11-21","hackernews","title","1"
"TEAM","85d82a57-fbd8-5067-9dba-2e04da569010","2015-08-10","hackernews","title","1"
"DELL","85ded883-bb78-5b26-9af9-5115bdbc65a3","2017-12-27","hackernews","title","1"
"NVDA","85ed932f-8327-5c7c-bd3b-612875335d9f","2019-10-25","hackernews","title","1"
"CAT","85efac6c-2065-5db3-ac3e-af4074aa2ce9","2023-02-15","sec_filing","10-K","314"
"INTC","85ffe913-0ffb-5e97-ac32-2cf3bb2df5c7","2017-01-17","hackernews","title","1"
"TEAM","86075f9e-8ce0-5a4d-b1f9-f1bae5cbd31e","2023-01-03","hackernews","title","1"
"INTC","86098418-f367-51e9-b0c8-7b18813942dc","2026-01-27","hackernews","title","1"
"TEAM","8610fc2c-d087-5e2e-9531-e0530e50a74a","2019-07-19","hackernews","title","1"
"INTC","86192c20-29ad-512f-a2a4-69eb02b7e5c4","2023-05-19","hackernews","title","1"
"TEAM","861e121a-d963-5364-b1ff-d1c2f0a76d29","2016-12-15","hackernews","title","1"
"MU","8621c96b-f690-58b0-b238-f625b3fe0b84","2022-06-30","sec_filing","10-Q","145"
"INTC","8622855e-052a-53c9-a6a7-6ead944cf8c4","2019-08-06","hackernews","title","1"
"INTC","8627f555-9168-55bd-a8b1-b1160534b6a9","2022-09-05","hackernews","title","1"
"ADBE","8629524a-527f-5416-b66c-2da76a3dac07","2015-08-24","hackernews","title","1"
"NVDA","862e5eee-297b-5e48-916b-950376aa36ad","2022-10-25","hackernews","title","1"
"ADBE","8632c46d-a8f1-52cd-b496-ec759b157bd7","2023-09-12","hackernews","title","1"
"CAT","863a7b1e-ab9e-5661-8bd1-7d89bd5c7c59","2021-03-27","hackernews","title","1"
"MU","863d712f-d859-56c1-824c-e5a1362aa139","2018-07-05","hackernews","title","1"
"WM","86424c94-c880-547f-8068-9cd9a08d0cae","2017-09-26","hackernews","title","1"
"CAT","866ab37c-18f7-5387-b61a-d58ccc0b7d26","2018-08-07","sec_filing","10-Q","222"
"INTC","86744e41-9308-5604-a3e6-545c0e4948e8","2024-03-11","hackernews","title","1"
"INTC","8676da35-0823-5aec-9672-f04f6bbd5bc5","2022-07-30","hackernews","title","1"
"NVDA","8677b84b-294d-5511-95f7-7826c15c65ae","2026-04-05","hackernews","title","1"
"TEAM","868877c8-2a0c-5966-b882-2b86f7db6a1b","2024-04-20","hackernews","title","1"
"NVDA","868cd508-8121-5fe3-a0fd-37c0737f723e","2023-08-28","hackernews","title","1"
"MU","8695e0fa-8da6-5f95-9e41-9eebff96c874","2026-01-20","hackernews","title","1"
"MU","86ac57f4-9b4b-5c40-975d-89353735b294","2020-09-07","hackernews","title","1"
"NVDA","86b1c64f-eba1-5eb4-8fe4-2ac4ce1d406d","2026-02-27","hackernews","title","1"
"DELL","86c04ca6-9794-5ac3-b39d-311293a95eb5","2015-01-30","hackernews","title","1"
"DELL","86e9eb7a-5896-5ac9-9c46-da89d6b9d148","2019-05-05","hackernews","title","1"
"TEAM","86f5e6d7-b8a0-56ab-b3e2-c9c4bd1769db","2022-08-30","hackernews","title","1"
"INTC","86fdcd7c-4814-55cc-a1fa-102c3b7bd97d","2026-01-17","hackernews","title","1"
"ADBE","87256018-a5e5-5e2b-a27b-de5ffa259176","2026-02-10","hackernews","title","1"
"NVDA","873d032e-6ed0-5531-8c17-f0725726e814","2017-10-29","hackernews","title","1"
"WM","873faf14-d5df-56ff-970f-0d269bd7e780","2015-04-29","transcripts","earnings_call","36"
"DELL","874c3e0c-9f98-588a-8b24-141e880d1dd5","2023-06-07","hackernews","title","1"
"TEAM","874d927e-89a6-5c67-8b02-e802af2f9d44","2017-03-28","hackernews","title","1"
"INTC","8760f1e2-8beb-5a6e-b31c-a808b49d1c1a","2015-10-30","hackernews","title","1"
"CAT","87640ebb-cb24-53d9-b80a-9b357b11e3d2","2024-11-06","sec_filing","10-Q","179"
"ADBE","876ddd31-253a-53b0-ba9c-c9baf6af8732","2025-07-28","hackernews","title","1"
"ADBE","87704b95-e7bb-598e-ab0c-d5be6ada8c7f","2026-06-26","hackernews","title","1"
"NVDA","877ecd2f-2639-57e6-80e4-48e9a8b0126f","2015-11-18","sec_filing","10-Q","86"
"NVDA","8794fca4-5be4-591c-8dea-f555f7b83c37","2016-10-19","hackernews","title","1"
"TEAM","879adf2a-eb0a-5cea-a073-45e014d26b29","2022-07-20","hackernews","title","1"
"NVDA","87a4c69c-93ba-5e73-a8b4-afdfab00f060","2021-02-25","transcripts","earnings_call","29"
"INTC","87abe06d-9d15-573b-b5f9-a0142b283941","2025-07-24","hackernews","title","1"
"DELL","87bbcaf0-ac95-5f6a-8a7f-e610145bda27","2017-03-08","hackernews","title","1"
"INTC","87c7c752-1d55-5f8e-9f27-acac3844f771","2020-09-23","hackernews","title","1"
"ADBE","87ccb12d-eda9-53b1-8f4d-2c19b13aec30","2016-12-31","hackernews","title","1"
"INTC","87df1d43-3c12-5e06-a11c-1a64cabfc3ad","2025-02-05","hackernews","title","1"
"NVDA","87e257f4-9aad-50c4-b8c5-a23ed1044440","2024-04-24","hackernews","title","1"
"INTC","87f16f76-92b0-5a9a-9557-9ce64d373138","2018-04-26","sec_filing","10-Q","86"
"INTC","87f7ed2c-7d50-59cb-9bab-5b2a2ba5f9fd","2020-06-23","hackernews","title","1"
"DELL","87f80700-771d-5a9d-b311-0c738f28183f","2015-11-23","hackernews","title","1"
"DELL","88027281-94ec-540f-99bb-3f3f66d13c0c","2015-11-24","hackernews","title","1"
"ADBE","8802dcc2-31a0-5976-8e4e-209be51b5699","2018-06-15","hackernews","title","1"
"ADBE","880ac706-f87c-56c7-98d7-c09952b1b819","2018-07-13","hackernews","title","1"
"NVDA","880fbe4e-76eb-5a01-a3da-83ffd34e414a","2021-09-03","hackernews","title","1"
"ADBE","88102f8a-34cb-5b4d-92fe-8a847b6c9a4d","2021-01-15","sec_filing","10-K","299"
"ADBE","8819387d-2113-5644-8859-e415fd77d9db","2016-02-28","hackernews","title","1"
"TEAM","8825852d-d1d7-5146-8978-bcd6ed678a90","2019-04-18","hackernews","title","1"
"NVDA","8828772b-01ed-5321-a604-e7a8c2ba436c","2021-08-13","hackernews","title","1"
"NVDA","882c0312-7abb-5869-b773-870a09e59837","2017-06-05","hackernews","title","1"
"NVDA","883bcada-b281-5484-a86b-957409efe4e7","2022-05-25","hackernews","title","1"
"INTC","8840a839-b361-50dc-9f45-773e1bf33470","2015-03-10","hackernews","title","1"
"NVDA","885448ed-509a-539e-b7dd-738ae284c04f","2018-11-17","hackernews","title","1"
"NVDA","88689740-f6a5-5345-b5b8-7cc21e9b6af5","2026-07-14","hackernews","title","1"
"DELL","88708250-9309-56f0-b4da-9ed9d827e249","2022-05-03","hackernews","title","1"
"INTC","887bc8b1-37a8-5f15-a97b-06a006ff4ebf","2019-04-19","hackernews","title","1"
"TEAM","888d9c68-9cd1-563a-9919-adb528b3b80a","2021-04-29","hackernews","title","1"
"NVDA","8892eab6-87f7-57ca-a944-3d9ef9b26054","2015-03-18","hackernews","title","1"
"INTC","88a14c48-8eb2-53a3-a936-2cf46a31e526","2016-05-31","hackernews","title","1"
"NVDA","88a7e905-8486-592f-82bf-8b373f2fa9a0","2019-11-07","hackernews","title","1"
"DELL","88e2eca8-bea0-5936-b5c0-8f780e83a8d0","2025-12-03","hackernews","title","1"
"PG","88e7511c-a984-5bd8-8b5f-9bab0805aad6","2021-04-10","hackernews","title","1"
"DELL","88f054e6-ec49-5029-bcd4-478dbdbec1ac","2015-02-19","hackernews","title","1"
"NVDA","88f3ee15-5a03-5e3e-936c-902f6f148668","2021-08-12","hackernews","title","1"
"INTC","8903d7e4-ffe4-564c-a03e-6093b3eda537","2025-06-23","hackernews","title","1"
"INTC","890a61f1-e186-57e4-8c9f-a606b59f4fd9","2021-05-17","hackernews","title","1"
"ADBE","891773a4-a9e6-5290-a712-a3ce51ed4330","2026-04-03","hackernews","title","1"
"INTC","8918cd70-e039-5135-82e4-322b681d5d09","2020-02-26","hackernews","title","1"
"MU","891ad6c9-b75d-5527-866a-7aaba8be2da4","2026-05-28","hackernews","title","1"
"NVDA","891b443a-6c36-5674-96a1-b5c792b26264","2024-12-18","hackernews","title","1"
"INTC","89414ae2-6b25-55fd-b2e0-5a70646cfd4e","2012-10-31","sec_filing","10-Q","106"
"INTC","8944e63e-cd88-55f5-996e-7a09c43cbb10","2022-12-26","hackernews","title","1"
"INTC","8947b45c-ed7f-5648-b567-570281215c58","2022-10-11","hackernews","title","1"
"NVDA","8954341e-8740-5d71-b104-b664581990c8","2023-12-05","hackernews","title","1"
"TEAM","8955b4a4-af15-57d3-83f3-9fb92f8e9a43","2026-05-20","hackernews","title","1"
"PG","8958fd64-1811-516b-92dd-06533d6a77e3","2024-04-19","transcripts","earnings_call","34"
"ADBE","8961165c-cc2d-5042-9f9f-5b1e040954cc","2016-07-28","hackernews","title","1"
"TEAM","89643aef-1266-5b08-b091-7e587032b1fe","2016-06-13","hackernews","title","1"
"ADBE","896b102a-4eba-5791-b1e8-6425e47ef5a9","2017-06-24","hackernews","title","1"
"TEAM","897cfd16-af56-56ea-9fcb-7185a4b2b023","2019-07-26","hackernews","title","1"
"TEAM","897d1ed3-b8be-55d9-9b5e-7b68d1862301","2022-09-21","hackernews","title","1"
"PG","8995a429-bdf6-5226-8e3e-590ce2de2867","2019-01-23","transcripts","earnings_call","32"
"NVDA","8995d4f1-d87b-5eaf-9ca9-2c49e6e982b1","2019-06-13","hackernews","title","1"
"ADBE","899a4420-932e-5960-8e28-0879a7b8a6af","2024-04-24","hackernews","title","1"
"NVDA","89aa12fc-2c91-572c-9051-4849fd14745d","2023-08-01","hackernews","title","1"
"NVDA","89ac35b6-bbfb-556f-9aa0-07de34acabdb","2022-02-25","hackernews","title","1"
"MU","89ae09e5-54f1-5702-8a96-5cc1a2d2138c","2026-08-18","hackernews","title","1"
"NVDA","89bd0583-0579-53c0-b833-4c631d6ce558","2023-11-24","hackernews","title","1"
"MU","89caab24-3129-55ef-9cd0-e7d6ec0307da","2025-07-30","hackernews","title","1"
"DELL","89cc1e3a-33d0-504e-a984-d8a946a27465","2017-03-14","hackernews","title","1"
"NVDA","89cd83ab-b04b-5eb9-9e45-f66a2e4dbe9e","2016-11-24","hackernews","title","1"
"INTC","89d22055-9f6c-5c63-9f98-cb31233bde9c","2025-03-16","hackernews","title","1"
"TEAM","89d5ff60-6048-5e67-861e-3badb09b03bd","2022-04-29","sec_filing","6-K","200"
"DELL","89e852fa-1f3f-5f71-9865-3c7792c5ad3d","2015-03-23","hackernews","title","1"
"NVDA","89f657df-7f3a-5bd6-aae6-feaf8f25366f","2025-12-08","hackernews","title","1"
"MU","89fad4ec-160b-5090-bba4-56f33f5333d5","2025-06-25","sec_filing","10-Q","145"
"ADBE","8a29f81e-013f-5ec8-ae20-0ce4c1dbab02","2024-10-12","hackernews","title","1"
"INTC","8a34aa08-b1e6-58fd-9ba1-ee1d9aea04ab","2025-10-28","hackernews","title","1"
"NVDA","8a3cbb7a-d8ea-5df2-865c-2e826e1888c3","2016-09-06","hackernews","title","1"
"INTC","8a4454ff-92f5-5fe4-baaf-6388d8aed92c","2024-11-05","hackernews","title","1"
"INTC","8a5430da-0d86-5112-ab10-b2c9f7c51586","2017-01-10","hackernews","title","1"
"WM","8a6c8244-019f-5c7b-bd47-b02b7732d833","2022-07-27","transcripts","earnings_call","40"
"TEAM","8a70658a-4569-5ce8-a1b7-889433e452c9","2026-02-06","sec_filing","10-Q","215"
"INTC","8a73e8a4-50be-5f04-a6cd-26e8c5113196","2024-06-12","hackernews","title","1"
"TEAM","8a7a5955-915d-5f61-813a-4fa667788ca0","2020-10-29","sec_filing","6-K","2"
"NVDA","8a831345-c7eb-5b97-89e6-ab8ff44a5cb3","2016-09-13","hackernews","title","1"
"NVDA","8a890a68-4da5-5af8-a10a-1d7da0e5106c","2016-06-27","hackernews","title","1"
"INTC","8a8be761-c4f0-54b6-b1a9-eeccc52107ac","2024-04-30","hackernews","title","1"
"ADBE","8a920f3d-33a6-55e2-b566-ffafcf6028f6","2019-01-25","sec_filing","10-K","278"
"INTC","8a9d159d-331e-5125-bdf7-7ef8235251b2","2025-04-24","transcripts","earnings_call","32"
"TEAM","8a9d78eb-77cf-56ef-93a1-0f5cb7b41c1a","2020-05-29","sec_filing","6-K","2"
"ADBE","8a9f1977-1b19-5783-94e0-8135dfb121a8","2019-12-03","hackernews","title","1"
"ADBE","8aa1c40f-441e-594f-aea7-415710a82cee","2025-07-21","hackernews","title","1"
"CAT","8aa44f39-f337-501e-ab67-4fe688775f3f","2020-07-31","transcripts","earnings_call","32"
"TEAM","8ab2ef72-3661-5719-9034-ad1c72740e5a","2021-08-07","hackernews","title","1"
"INTC","8ab2f507-d70f-5fdf-a46f-08c7b5556857","2015-05-13","hackernews","title","1"
"INTC","8ab9fac1-956d-5e60-a5a5-3efb4ec02c70","2022-12-17","hackernews","title","1"
"INTC","8ac061b0-aa32-5772-b436-f2fbec3f63ff","2017-07-29","hackernews","title","1"
"INTC","8ad5f826-aa6a-5d5d-b4c5-ee451bf60ae1","2022-05-18","hackernews","title","1"
"CAT","8ae0267d-f2cb-5773-9bf9-f0c6152b563d","2019-05-06","sec_filing","10-Q","176"
"NVDA","8af10979-2fae-51c7-b472-9dc850012e2b","2022-11-16","hackernews","title","1"
"INTC","8afaf14b-04c9-5ef4-a94a-64e2172f6c08","2020-06-16","hackernews","title","1"
"INTC","8afc87ad-0a83-5627-9830-8c35fdbfaf61","2015-04-14","transcripts","earnings_call","30"
"TEAM","8b020077-70e3-575d-9797-5b597e9cff8f","2023-12-01","hackernews","title","1"
"NVDA","8b0c505a-5d2c-5919-89ea-aea260b6457d","2023-02-22","transcripts","earnings_call","28"
"DELL","8b13de7c-b921-5378-9644-6b4fd1b6af13","2017-03-07","hackernews","title","1"
"INTC","8b1e993d-2038-5eed-a3cf-944ff7408bdc","2023-09-11","hackernews","title","1"
"ADBE","8b1f11fc-947a-506b-9302-ea2c0a301ff5","2019-09-27","hackernews","title","1"
"INTC","8b28d76c-49c8-5cf6-a6c4-fc997fd18b2f","2020-11-23","hackernews","title","1"
"NVDA","8b314425-6f41-5b11-9d60-234e8806dd89","2016-04-05","hackernews","title","1"
"INTC","8b36600b-d79c-5b8c-a0fe-749a1a733fc4","2019-03-31","hackernews","title","1"
"PG","8b38daa4-150b-5f99-a9ea-37c56bbad128","2020-08-06","sec_filing","10-K","219"
"WM","8b38e355-6426-5541-a528-648ad2df6068","2016-04-28","sec_filing","10-Q","107"
"MU","8b3edc16-905e-5e76-a38c-079dbaef888b","2018-09-20","hackernews","title","1"
"DELL","8b3f5c88-7420-51b3-9e40-e8236c456468","2022-08-01","hackernews","title","1"
"ADBE","8b486430-4962-529c-a0ea-61d6cd107e80","2025-12-10","hackernews","title","1"
"TEAM","8b4b4170-64d5-5d17-b9a7-c4aa91b1e551","2021-04-28","transcripts","earnings_call","31"
"ADBE","8b4f4f2c-f96e-58f4-ba38-71551041cfff","2019-08-12","hackernews","title","1"
"TEAM","8b51cb25-7c33-5a93-86fc-35454c0e885b","2016-07-14","hackernews","title","1"
"INTC","8b56137a-0656-5bd9-bb5d-931e66de9864","2023-11-24","hackernews","title","1"
"NVDA","8b57826c-1253-5a83-8263-a31bac9cd753","2021-01-06","hackernews","title","1"
"INTC","8b69526b-c4f7-50d7-95e0-eaeb87d6d413","2024-04-12","hackernews","title","1"
"INTC","8b8b0b42-1a55-5780-b21a-91e446384395","2015-02-21","hackernews","title","1"
"NVDA","8b98b892-759b-5244-89aa-3470503fab29","2026-08-26","sec_filing","10-Q","107"
"DELL","8b9fc0ee-3094-500a-a4ac-1cb27b1aa301","2018-02-06","hackernews","title","1"
"TEAM","8bb65558-0b56-5e53-bb4e-63b773ef84b0","2023-11-02","transcripts","earnings_call","37"
"DELL","8bc1b895-2563-583f-8c4b-0dbe60e1ca3a","2025-11-25","transcripts","earnings_call","28"
"NVDA","8bc7b992-952d-582f-b8f8-d14966a8da01","2021-07-06","hackernews","title","1"
"INTC","8bce226b-e6fd-5022-ba2e-dfdf4cba4893","2025-06-09","hackernews","title","1"
"DELL","8bd81ef1-82c9-5a68-b9bc-90e79552d1f5","2016-04-10","hackernews","title","1"
"DELL","8be195bd-20df-5337-bb1c-1dc60d0e480c","2022-08-30","hackernews","title","1"
"PG","8bf26974-cf84-5e82-b4d5-e8fe82afbe9e","2021-04-20","sec_filing","10-Q","94"
"MU","8bf594e4-ead8-50ea-b39c-04103f3bf3c8","2026-06-24","sec_filing","10-Q","148"
"NVDA","8bfcf9e2-91cf-560e-8fcf-6866fc66c22d","2019-06-20","hackernews","title","1"
"TEAM","8c0690d3-56a1-5014-9b7b-aa6123185d58","2026-02-19","hackernews","title","1"
"ADBE","8c0d9753-029a-574b-a5f6-3c4090803969","2026-06-15","sec_filing","10-Q","138"
"ADBE","8c1cf228-a99c-55db-8b27-108cd7bbdfa3","2016-03-14","hackernews","title","1"
"CAT","8c205ad1-da45-5ffc-b763-20ab3e55dd6c","2020-03-04","hackernews","title","1"
"TEAM","8c267893-46ae-5bc8-b099-2bd501498418","2021-05-28","sec_filing","6-K","2"
"INTC","8c37500d-d32a-58b5-bbf6-94acbc0e8b9d","2012-08-01","sec_filing","10-Q","104"
"INTC","8c3fcabd-e608-5d78-ba08-2c9b9902e4bf","2021-12-23","hackernews","title","1"
"INTC","8c432dd6-183e-5c2e-b539-270d2e451f97","2026-08-27","hackernews","title","1"
"NVDA","8c44674e-3908-5649-b9e2-10258f567a8e","2021-12-01","hackernews","title","1"
"INTC","8c4b6bf0-f309-56ec-9a4c-4a106a01e641","2024-05-13","hackernews","title","1"
"INTC","8c4eba56-b553-50f7-84e5-399d4be77c88","2015-10-16","hackernews","title","1"
"NVDA","8c5b5b31-d4a5-5f00-bd3f-c4c24d2083f0","2026-05-09","hackernews","title","1"
"TEAM","8c64a937-fe2a-50bf-96af-55488efc4710","2022-06-03","hackernews","title","1"
"ADBE","8c656452-1fa3-57d3-9328-8cad70816dec","2015-08-18","hackernews","title","1"
"MU","8c6b914b-94ce-590e-9ca5-0a8ea95ee6b8","2023-10-06","hackernews","title","1"
"INTC","8c6c7cc5-9c29-5420-939d-940cb3cd730a","2018-11-12","hackernews","title","1"
"MU","8c8ed60b-b3d6-5317-839d-ec5052761f74","2022-11-16","hackernews","title","1"
"INTC","8c9aceee-b63f-5d2c-9246-154e24f2c899","2022-05-02","hackernews","title","1"
"ADBE","8c9c15c9-a38a-59af-8898-129b0c8ee20c","2016-05-19","hackernews","title","1"
"INTC","8cab4df4-2554-5739-8104-49cc15b0f2ff","2018-02-23","hackernews","title","1"
"TEAM","8cb3dbad-cd86-568f-a604-f5297de319d3","2020-10-29","sec_filing","6-K","3"
"INTC","8cbae3b6-8b86-57b3-bf6b-83daff35b582","2025-02-18","hackernews","title","1"
"TEAM","8cc0883c-29df-590c-9638-82ebb378cbfe","2021-07-31","hackernews","title","1"
"TEAM","8cc79e3e-e069-5a80-aee5-7fa42f777110","2021-09-07","hackernews","title","1"
"ADBE","8cc7e773-2390-5dbb-8187-9f07eac26f3a","2017-02-05","hackernews","title","1"
"INTC","8cd224c7-a215-5221-9ec5-e580df419905","2017-08-10","hackernews","title","1"
"TEAM","8cd41521-451e-5597-b844-67d41db74225","2016-05-23","hackernews","title","1"
"DELL","8ce62cb5-676a-5bf6-afd8-fd14a16e4aa6","2012-12-03","sec_filing","10-Q","120"
"NVDA","8ce7167e-8a1f-5cb1-bfa3-6da850919e98","2026-03-16","hackernews","title","1"
"TEAM","8cfb4116-3ded-5e5a-9e82-60a582d190a9","2018-02-28","hackernews","title","1"
"PG","8d049923-107f-5419-896a-474d7531c198","2016-08-02","transcripts","earnings_call","49"
"NVDA","8d0b9476-3591-5c4d-99b4-23f3be3fc145","2017-06-27","hackernews","title","1"
"INTC","8d252fff-f5ae-5a20-b60b-1950a1abbe00","2017-01-06","hackernews","title","1"
"NVDA","8d2cf62c-3276-5bb1-b4b7-95030265b7e5","2015-08-19","sec_filing","10-Q","82"
"NVDA","8d318217-6b26-506b-898b-c207374c652c","2021-04-07","hackernews","title","1"
"ADBE","8d34924c-e8a9-59ab-a844-33b825b31da5","2017-03-14","hackernews","title","1"
"NVDA","8d3f8e3b-418d-5090-9391-e68026eb9100","2017-08-28","hackernews","title","1"
"INTC","8d46746b-5039-5edd-9a1e-b28558a19efb","2023-05-18","hackernews","title","1"
"DELL","8d4eb5f9-8bdb-5d62-ab2a-8ae234cd827e","2020-04-25","hackernews","title","1"
"ADBE","8d526dd1-a738-57ff-8fde-f44fe2a49010","2015-11-10","hackernews","title","1"
"INTC","8d5b40b6-00f3-580f-ad62-7f34770ca56a","2024-07-27","hackernews","title","1"
"INTC","8d613210-f36f-5330-b68c-59f82d72b913","2022-10-27","transcripts","earnings_call","34"
"NVDA","8d66a653-72c9-5751-b9ab-39d6a8ab39ee","2019-02-09","hackernews","title","1"
"TEAM","8d67e627-e52c-5416-b56d-bb215d4959ae","2015-03-02","hackernews","title","1"
"NVDA","8d7464d3-22ac-5a51-b2d7-8e1100aaffd3","2018-06-21","hackernews","title","1"
"NVDA","8d819f3c-a2bb-58d5-89c9-bdf6b2a0f38d","2021-08-21","hackernews","title","1"
"INTC","8d8f645f-6188-51ae-991a-16f0f9ce163b","2026-04-23","transcripts","earnings_call","31"
"INTC","8d9b5a06-04ae-524f-b762-c1a217cd3d0c","2016-10-22","hackernews","title","1"
"ADBE","8dad0cc8-8a62-58db-bf11-969c34b37a40","2014-09-25","sec_filing","10-Q","167"
"WM","8db184a0-8267-5d76-989c-52fb4aeaf339","2024-07-25","sec_filing","10-Q","111"
"NVDA","8dd5e13a-ce90-5f2d-98a9-9ad2cbc2d3b3","2017-04-06","hackernews","title","1"
"WM","8dda6b7a-4c6c-5567-8409-1fda98778827","2022-03-29","sec_filing","10-K/A","7"
"NVDA","8ddcb1f2-cad0-5988-aebb-11b9165188d9","2020-04-03","hackernews","title","1"
"DELL","8ddd7ed9-3274-5d27-be05-34ac65bbb28b","2022-01-24","hackernews","title","1"
"ADBE","8de4fbbc-9a78-5240-a65b-e596f2e29496","2020-01-21","sec_filing","10-K","286"
"TEAM","8de88fbd-2965-5a95-bf60-25afa916c7da","2025-03-05","hackernews","title","1"
"INTC","8dfcd988-1981-5097-bf34-5fc433124973","2021-08-14","hackernews","title","1"
"INTC","8e05fd6e-67cb-5f55-b74b-cb26cf76204c","2025-03-19","hackernews","title","1"
"DELL","8e192a8d-1a06-5f4c-b2ff-a65d06820006","2024-01-20","hackernews","title","1"
"TEAM","8e1aa906-1b1f-53e7-89e4-6ab508c3735f","2020-10-19","hackernews","title","1"
"MU","8e36ec0f-f800-561f-a459-b2403c03960f","2022-03-29","transcripts","earnings_call","32"
"NVDA","8e3c208f-9b7c-522b-99c2-6c5bf737ce62","2023-07-06","hackernews","title","1"
"INTC","8e4a3458-01a0-50e2-9fae-c8da86c876ad","2017-09-02","hackernews","title","1"
"ADBE","8e4c799d-5c6f-5c0f-b41c-2ea3c9c0210c","2025-12-23","hackernews","title","1"
"NVDA","8e586bb3-d2ec-5a8e-bb9a-edc191314e80","2025-08-11","hackernews","title","1"
"TEAM","8e6efe6c-eb08-5aaa-89cd-a04914d2814f","2022-06-07","hackernews","title","1"
"DELL","8e73c36d-e63a-52c2-9f70-e1c779bd33c4","2018-10-16","hackernews","title","1"
"NVDA","8e87f34a-0f02-5ba0-ab20-5a941c2ba80f","2020-10-06","hackernews","title","1"
"NVDA","8e8fb136-39fb-50c3-888d-73a404f4bb61","2023-08-21","hackernews","title","1"
"NVDA","8ea47db8-58e6-5c02-9a48-7fb5c9b15518","2016-12-29","hackernews","title","1"
"ADBE","8ea61b47-453e-5251-a604-0745d4a30125","2021-03-01","hackernews","title","1"
"DELL","8eb6e8f0-7378-5162-91c6-488d5e3b947b","2020-10-07","hackernews","title","1"
"CAT","8ebc3768-7c55-54c8-aeb3-982fdab88974","2015-07-31","sec_filing","10-Q","233"
"ADBE","8ebc53ae-6c19-5302-9afb-316884515a8f","2018-09-13","hackernews","title","1"
"INTC","8ec84da6-6f80-55b1-8136-c81a74e4fbaa","2026-07-18","hackernews","title","1"
"ADBE","8ee26765-c66a-5970-8ba8-fbaee353538d","2016-02-12","hackernews","title","1"
"DELL","8ef37a98-3e4b-55c6-8467-bf334ab1e69c","2026-04-01","hackernews","title","1"
"ADBE","8efc035c-9329-54d5-a7e5-ed8a8b2b0c12","2015-09-29","hackernews","title","1"
"WM","8efce8bb-b071-53ed-9880-906c7947b658","2016-10-26","sec_filing","10-Q","125"
"NVDA","8efe5467-d363-5169-8fcd-ec221a07fc09","2021-05-26","sec_filing","10-Q","70"
"MU","8f145923-6fec-564f-bce1-3f151a07233e","2023-06-29","hackernews","title","1"
"WM","8f19cc67-b6a9-595d-bbd8-8d50f5795c7d","2023-04-06","hackernews","title","1"
"TEAM","8f1c16be-ee74-5cbe-bbb4-7e374f48de1d","2024-11-19","hackernews","title","1"
"DELL","8f21cc12-342d-5fe2-bbcf-3ebe3c1abdc1","2016-12-04","hackernews","title","1"
"DELL","8f2e95c8-5e0e-5b37-a8e0-fd7cddb48a2c","2015-11-24","hackernews","title","1"
"INTC","8f3fd43a-decd-5b95-a201-2366f13e5c96","2022-09-09","hackernews","title","1"
"INTC","8f444cee-91ca-5bc2-bf8f-ba872edb1bb0","2025-08-22","hackernews","title","1"
"NVDA","8f5c197b-f512-59bd-ae92-bc64d3653b41","2016-11-06","hackernews","title","1"
"MU","8f60d368-b23e-5b58-8a63-b9c73e301d52","2018-08-07","hackernews","title","1"
"INTC","8f60e02c-bcef-5306-a7b0-30be3576c8df","2021-04-22","sec_filing","10-Q","85"
"NVDA","8f6f6379-7b1d-5921-9326-d9244d569a8c","2023-11-21","transcripts","earnings_call","32"
"PG","8f7f6579-3885-5b79-a86c-8374b73cf918","2023-03-28","hackernews","title","1"
"DELL","8f86b7fa-06de-5204-88ad-e8cdc0f62929","2023-04-09","hackernews","title","1"
"INTC","8f9559a9-3caf-5ebc-b9ac-62c95b19e974","2020-10-28","hackernews","title","1"
"ADBE","8fa29a5f-2ad6-52f1-99a8-c778c2c09d8a","2019-07-09","hackernews","title","1"
"NVDA","8fc0f05d-0029-512b-b4fd-a12c672441d4","2023-09-10","hackernews","title","1"
"INTC","8fc7c8f1-3045-5cfc-a626-743644b3ec7d","2021-02-07","hackernews","title","1"
"ADBE","8fcfd31d-bfce-558f-afaa-9fca124a4cab","2023-01-17","sec_filing","10-K","244"
"MU","8fe2aa0d-3fb9-5598-ba80-fb0cf978df9b","2023-03-28","transcripts","earnings_call","27"
"TEAM","8fe63e7a-cd65-554d-964f-27b244863375","2021-04-30","sec_filing","6-K","200"
"TEAM","8fe89daa-d9f5-58e3-8921-300b5655a25e","2022-05-27","sec_filing","6-K","2"
"INTC","8ff0f51b-ce22-5557-9f0c-3d56045278bb","2017-01-09","hackernews","title","1"
"INTC","90000f92-9e99-50d7-9a79-720fcaa752af","2025-10-29","hackernews","title","1"
"DELL","900293fe-0158-5623-90b5-5d581a00bee2","2018-01-29","hackernews","title","1"
"ADBE","90032ffc-65b8-5156-8137-3f1f332e600d","2020-02-26","hackernews","title","1"
"INTC","9008e3c6-72ba-5896-ae52-f6e7df121eb7","2024-02-24","hackernews","title","1"
"NVDA","901b1635-7e59-5504-8c93-738d9d450f99","2019-04-25","hackernews","title","1"
"INTC","90279705-8b2e-5ace-b403-907f36be8487","2021-10-16","hackernews","title","1"
"NVDA","902b445b-f106-53c1-ae9f-a508a1ecac5f","2019-12-19","hackernews","title","1"
"ADBE","902d850c-d300-59e4-8cc4-051f4d4e7780","2018-09-11","hackernews","title","1"
"INTC","903b4b1b-b300-564c-912f-773228440f24","2015-03-22","hackernews","title","1"
"INTC","903f142d-9ca2-59a3-8046-a790769114d3","2019-08-25","hackernews","title","1"
"ADBE","904058bd-363b-5ec5-9d93-f422ba7c2bfa","2025-06-12","transcripts","earnings_call","35"
"NVDA","9047bd81-9a75-5890-86bd-39cd8e281c73","2019-10-30","hackernews","title","1"
"ADBE","904b0082-fb29-5fdd-a7f8-6db984fd1a8a","2016-05-19","hackernews","title","1"
"ADBE","904dfb29-16bc-5d29-aa24-2b8acb4145f2","2019-01-23","hackernews","title","1"
"INTC","905713b3-5000-51a9-8b6a-1bfb1651a1cf","2017-10-06","hackernews","title","1"
"TEAM","9058fe14-6d59-5e35-8392-6d79b25e0da5","2019-06-28","hackernews","title","1"
"DELL","9063a8a7-f7e4-5a37-b961-4d164afccce5","2015-12-29","hackernews","title","1"
"ADBE","90689733-5570-5d6d-9c3a-e5f2d7f8578c","2026-07-26","hackernews","title","1"
"NVDA","9073c186-943c-5f8f-b0cb-109e9b1d64ba","2022-09-21","hackernews","title","1"
"DELL","9077d70c-5637-5e10-9dc3-f3d3bd27ce8b","2022-08-23","hackernews","title","1"
"INTC","9078a67e-d1c6-50f4-926c-02e5fdb03495","2023-04-08","hackernews","title","1"
"INTC","907ac035-417a-549b-a4b4-0e4d42a9d16a","2022-04-16","hackernews","title","1"
"NVDA","90892081-26d2-5b68-8443-0ee17305e3d3","2021-04-12","hackernews","title","1"
"DELL","908961af-e64a-50a2-9eb1-7ee637d075da","2020-09-29","hackernews","title","1"
"TEAM","908f0257-3707-5bd4-9c33-61c14bdc2370","2020-08-14","sec_filing","20-F","368"
"TEAM","9095dba6-dee6-51e5-b865-664e694b3e97","2017-04-27","sec_filing","6-K","2"
"DELL","90987a9c-e6c2-5eaf-a859-dc1554b8aa67","2016-08-08","hackernews","title","1"
"ADBE","909f06b9-9ef4-554f-9003-76ff84fc5aa8","2022-12-26","hackernews","title","1"
"DELL","90a034ba-116c-5d6a-ab08-744f320335e2","2019-06-22","hackernews","title","1"
"NVDA","90b395b7-3f9c-5a6c-8b91-0cb34cb8e472","2016-11-22","sec_filing","10-Q","87"
"TEAM","90ba4964-b888-5efa-a45e-375707b5016a","2019-04-17","sec_filing","6-K","2"
"DELL","90ca76dc-5927-57bd-afcf-cf6d9692a578","2015-11-23","hackernews","title","1"
"DELL","90d1ada8-59a4-555f-a5ed-f05ed7c451f6","2018-12-18","hackernews","title","1"
"NVDA","90f663ee-85e8-56f9-af59-40f8648d0d3d","2016-09-23","hackernews","title","1"
"ADBE","90fef86c-e98a-50ad-8313-639879dc30b3","2021-06-17","hackernews","title","1"
"PG","9100888d-e6aa-5512-a81a-7627caf82e45","2022-10-19","transcripts","earnings_call","29"
"MU","91068250-7c75-5f38-ad6c-5f31bd927b38","2025-12-05","hackernews","title","1"
"ADBE","911cfbe9-75e4-5a27-9285-f53a1403d852","2018-08-21","hackernews","title","1"
"INTC","912c6663-cc49-537f-9c9d-1aa2ad65501e","2025-10-22","hackernews","title","1"
"NVDA","913822b8-fc61-5743-a1d6-dd11ed67fff5","2025-09-18","hackernews","title","1"
"NVDA","914366e8-a130-5ea2-abf2-7e321171bb68","2019-08-07","hackernews","title","1"
"ADBE","914ad596-c4b6-55e9-a2b7-fb6b0d799063","2026-08-09","hackernews","title","1"
"TEAM","915ca581-2685-5854-9dd2-3da73af76f52","2018-08-04","hackernews","title","1"
"NVDA","91649faa-8ec9-5e8f-9813-61dd2859daaf","2023-09-05","hackernews","title","1"
"NVDA","9164b484-b296-5b87-9608-909f3c8ad009","2022-02-25","hackernews","title","1"
"INTC","91694795-fe0f-5fc1-96a2-23abc1cb33af","2019-08-28","hackernews","title","1"
"NVDA","917e2bfa-1521-53aa-ad74-2f5671de391d","2022-09-20","hackernews","title","1"
"MU","917ed414-5e06-57a7-8a41-66be969d13e4","2022-12-21","hackernews","title","1"
"ADBE","91883dc9-ebcb-5d2c-9d02-ae46631b2e97","2021-03-08","hackernews","title","1"
"INTC","918c4139-b304-53a4-9220-837c6eb13169","2019-06-13","hackernews","title","1"
"WM","91a21a55-b021-5904-bb58-ecc45e9530c1","2017-01-27","hackernews","title","1"
"CAT","91a39ab9-8028-5251-a6f4-ac33820a20fe","2023-04-03","hackernews","title","1"
"ADBE","91ade2eb-63b1-53f5-a077-457568331946","2021-03-04","hackernews","title","1"
"ADBE","91bfa1d4-a3fe-5248-8f6f-7c52f878c6db","2016-02-15","hackernews","title","1"
"INTC","91c2a809-be8b-58dd-971f-76b89fd039ba","2017-02-01","hackernews","title","1"
"MU","91c83297-5cab-5474-b2b3-ec58f1a912cd","2022-09-29","hackernews","title","1"
"NVDA","91c883d7-1b4a-5bfd-a620-fd2697935b3e","2019-09-10","hackernews","title","1"
"NVDA","91ce7066-2525-5fcf-bc04-48765143f09a","2023-09-19","hackernews","title","1"
"ADBE","91dac83d-454e-5242-a4fe-328241324866","2018-07-11","hackernews","title","1"
"NVDA","91e8db09-15e9-5621-a6fe-e0dbe029e514","2018-09-14","hackernews","title","1"
"ADBE","91ea21e7-61b2-5193-9550-42b4f97bc4ff","2022-03-31","hackernews","title","1"
"INTC","91f0c5a2-3340-5f4a-937b-4130740a86fb","2020-09-02","hackernews","title","1"
"ADBE","91f7e108-602d-5a94-aa13-7c915a46dc07","2016-11-06","hackernews","title","1"
"INTC","9229fe39-58e8-5e8b-9b81-61e1e5aab840","2020-01-23","transcripts","earnings_call","28"
"MU","92319e71-a4a5-57e1-bf88-d22344eafc84","2019-09-26","hackernews","title","1"
"DELL","9232645f-1012-55af-86f1-def57aca4ca5","2016-06-20","hackernews","title","1"
"TEAM","923368ca-f604-5b13-9be3-053688a8ce0f","2025-12-12","hackernews","title","1"
"TEAM","923ee5c6-a384-5d03-96b6-e0bdef7c24d4","2017-05-01","hackernews","title","1"
"DELL","9240f7a0-ba4b-50aa-8adb-d285cf68a2b9","2017-01-06","hackernews","title","1"
"CAT","9246cfb6-5545-5ecf-a385-c9f4c6ebf056","2021-05-27","hackernews","title","1"
"INTC","92483256-1b51-540a-aeb6-231eb884d576","2017-09-26","hackernews","title","1"
"INTC","924927c6-8f36-5db0-ac98-80e758920fac","2023-04-14","hackernews","title","1"
"INTC","924fa96d-3d58-5a40-8cf1-86c441ff30a7","2018-06-13","hackernews","title","1"
"NVDA","9256218d-f066-540d-b568-b7864855725a","2018-04-30","hackernews","title","1"
"INTC","92642250-f754-5afc-8d6c-c654960a996c","2026-03-15","hackernews","title","1"
"ADBE","92791b15-7775-5bc3-9c03-c282dc1d3bb2","2015-06-07","hackernews","title","1"
"DELL","928d52de-932e-5e60-b517-66d40785aaa3","2017-05-10","hackernews","title","1"
"NVDA","92911aed-c677-5ba7-9879-6266be0d5ecc","2021-09-20","hackernews","title","1"
"ADBE","92928cd3-9de3-504e-93e3-9fcc3c310a66","2024-05-08","hackernews","title","1"
"TEAM","92966562-499d-5bfd-a500-bccd762480ef","2015-06-12","hackernews","title","1"
"ADBE","92970a4a-67a2-58a4-875f-c5cd81e5474b","2026-01-16","hackernews","title","1"
"NVDA","92cccfbb-cdc4-5066-a884-98e5d194477a","2016-04-05","hackernews","title","1"
"ADBE","92cda18d-f421-5a16-b1e5-f2bc1895e431","2020-06-13","hackernews","title","1"
"INTC","92d42728-ddc4-50d4-b40b-8b5f22417719","2016-04-21","hackernews","title","1"
"INTC","92dd2a78-4953-5da3-b130-8a4b51ef1d2d","2016-01-20","hackernews","title","1"
"TEAM","92e41219-c57a-556e-b38b-1464c715a672","2017-03-29","hackernews","title","1"
"WM","92f42376-7bc1-5f4c-b3f7-229ca442c9a0","2018-11-09","hackernews","title","1"
"ADBE","92f85ad9-0760-5141-ac3a-5eadbaa6d610","2020-10-28","hackernews","title","1"
"DELL","92fb6fa9-9a33-5c3a-a466-11052747f717","2022-02-14","hackernews","title","1"
"DELL","92fc33f8-445b-5533-83c3-927d606ee453","2019-12-11","hackernews","title","1"
"NVDA","92fd1556-b884-5e0c-88b0-21acda197600","2020-06-18","hackernews","title","1"
"MU","930177f6-e1e3-56a7-b2f9-92aec2384063","2018-07-11","hackernews","title","1"
"INTC","930513ea-9422-5f81-bd56-54c01a3c9251","2025-03-05","hackernews","title","1"
"MU","93109cd5-4f44-503e-b2d9-5570b393c7b8","2022-12-22","hackernews","title","1"
"MU","931e4100-1cf0-5d4c-ade8-a51efe5af977","2022-01-06","sec_filing","10-Q","138"
"CAT","93206ed9-3a53-5b1a-9230-665add2ef2db","2021-04-29","transcripts","earnings_call","31"
"INTC","933032c0-c94a-5c4b-afd4-c2bf7c3c5fb9","2024-08-26","hackernews","title","1"
"INTC","933d7e3c-64f2-5437-9186-5c23765a1eaa","2015-11-15","hackernews","title","1"
"CAT","934019ec-3fed-58e5-858a-906a6223fe9d","2021-05-27","hackernews","title","1"
"ADBE","93522649-5789-51e1-93f2-5b2d87a29a68","2019-11-03","hackernews","title","1"
"INTC","9352cc48-efbf-5424-ae41-2a0f75577fff","2020-08-21","hackernews","title","1"
"NVDA","93560754-f128-5197-8ff7-6f1ac9b0b1bb","2022-01-26","hackernews","title","1"
"TEAM","935b548e-a872-5c60-9f81-abdf52ac4495","2025-10-31","sec_filing","10-Q","195"
"CAT","937470d2-61b2-5b15-96dc-206ba9bbb3e7","2023-04-27","transcripts","earnings_call","35"
"PG","938822b8-e97e-58cf-b02e-c13651c550dd","2026-01-22","transcripts","earnings_call","39"
"NVDA","938d71bf-3ea3-53ed-b020-7ac48d25f80d","2018-08-16","transcripts","earnings_call","28"
"INTC","938e1224-1dea-5de3-bccb-20da7fb020c2","2020-03-10","hackernews","title","1"
"INTC","93a79191-8deb-5b7e-beef-4a24306e8b47","2016-02-13","hackernews","title","1"
"TEAM","93a88fd3-d98f-5725-bc49-d91a199a37e1","2026-02-22","hackernews","title","1"
"CAT","93c584da-33de-5338-97e9-f01e67fbe420","2022-05-06","hackernews","title","1"
"TEAM","93ca3c7e-fb6e-530f-9b06-fee0d65fd16e","2017-12-07","hackernews","title","1"
"ADBE","93df0f06-5fcb-5629-9171-69633631ab20","2016-07-20","hackernews","title","1"
"INTC","93e02003-1933-52a7-84da-d071c5bdd811","2018-01-03","hackernews","title","1"
"INTC","93e50589-17ae-5f0b-b944-7e1a036e1f99","2025-08-18","hackernews","title","1"
"ADBE","93ff06b7-4539-5b09-a67d-77b273ac6b1c","2021-12-01","hackernews","title","1"
"INTC","94029145-971a-54eb-8782-59260119ae55","2021-02-25","hackernews","title","1"
"INTC","9402bdcf-9dde-5936-96b1-65ec80aba6ae","2023-08-03","hackernews","title","1"
"INTC","9403c088-7b60-577f-a954-401de2cf477d","2019-12-05","hackernews","title","1"
"NVDA","94042e68-cfa8-5eb2-b65f-e61fc835ad73","2022-10-28","hackernews","title","1"
"CAT","940eeb1b-f939-562c-9288-3f91e4430633","2024-10-30","transcripts","earnings_call","33"
"NVDA","942ebf67-abac-5a7c-afd9-7ac92b743a6d","2023-02-14","hackernews","title","1"
"ADBE","942f47dc-3958-53ed-9b60-761cfb47f9bb","2023-12-13","transcripts","earnings_call","35"
"TEAM","9436fa8d-31f1-532e-836e-aac795d14765","2017-04-25","hackernews","title","1"
"DELL","945b3d75-184f-58f6-9ef4-706b02e7da15","2025-11-29","hackernews","title","1"
"INTC","945cc6f2-c4a6-5d16-824b-bcbf89694c7f","2020-07-23","transcripts","earnings_call","27"
"NVDA","946d1139-ec1c-59c5-ad2f-99e02c6ec022","2026-05-07","hackernews","title","1"
"NVDA","9472f85b-8a06-5bde-a6c0-fb84f2116cda","2017-10-26","hackernews","title","1"
"ADBE","9474d1d6-e4c6-517d-a845-4df2d31a4ea0","2023-12-15","hackernews","title","1"
"ADBE","9480990f-9bfe-5b25-bef1-11b2888417da","2015-08-13","hackernews","title","1"
"ADBE","9488c3b0-1df7-5a8a-916d-0966aedfe3d8","2019-04-22","hackernews","title","1"
"TEAM","9488c7e9-6707-523d-b4eb-5bac94e45d44","2019-05-23","hackernews","title","1"
"DELL","94938f2a-007e-5fc8-a04b-ccaa3f6daac0","2015-12-01","hackernews","title","1"
"TEAM","949a6082-100a-5a92-9e34-1adab5a356ac","2018-06-18","hackernews","title","1"
"MU","949b2839-7a85-53e7-81ef-bf05b96ad4d6","2018-10-25","hackernews","title","1"
"INTC","94c77e09-33cd-5217-abb9-8abd9a933103","2016-07-02","hackernews","title","1"
"CAT","94ce83c2-02d4-5a8c-b898-013c2216415b","2016-02-22","hackernews","title","1"
"NVDA","94d0a8e0-d987-5e73-a356-a2c66b26bff4","2023-04-19","hackernews","title","1"
"NVDA","94dd5a6e-aa0d-5821-bf17-01d7f0a43a53","2019-02-08","hackernews","title","1"
"TEAM","94e62ea4-24f5-52b6-a965-5b909c8d32a1","2018-05-08","sec_filing","6-K","163"
"INTC","94eb508c-4585-5e62-bbb1-10c92378ba1b","2017-03-16","hackernews","title","1"
"NVDA","94ecaa1b-0314-51a9-a879-f855afd58aae","2025-11-04","hackernews","title","1"
"ADBE","950e8ce6-055e-5f65-b7a3-0f8647a03dc9","2016-10-19","hackernews","title","1"
"NVDA","950f740c-65fb-5fcd-8133-a2e052a7bb38","2023-06-03","hackernews","title","1"
"DELL","951c9d7f-faf0-5124-8781-b763e982de9f","2019-06-10","sec_filing","10-Q","183"
"NVDA","95330ea4-fe2d-5e3a-959a-739556e453e8","2020-05-05","hackernews","title","1"
"ADBE","953dcb8e-34eb-5dbf-9a6b-f2b15ea8ec0a","2022-10-28","hackernews","title","1"
"INTC","9554f9af-506e-5b9b-bbbe-da726a246f55","2018-07-22","hackernews","title","1"
"MU","955db737-9150-512f-938a-941afe217a4d","2015-07-14","hackernews","title","1"
"CAT","9564a7b3-a514-5ec9-9b2e-13b3a96cb5ad","2024-05-04","hackernews","title","1"
"INTC","9579a3dc-d19d-5aa4-a447-1da996fedbd5","2018-07-14","hackernews","title","1"
"INTC","957a347b-babd-517b-b854-84e344b94e7b","2021-07-29","hackernews","title","1"
"NVDA","95868b17-2d88-5b2c-be0d-1fdce260425d","2025-12-27","hackernews","title","1"
"ADBE","9586d88b-6399-5c6e-9ab7-c10b92ad9961","2015-03-31","hackernews","title","1"
"INTC","95875935-2493-5386-994f-bd46e192f518","2016-01-19","hackernews","title","1"
"INTC","958dc87c-3c7a-5ebb-82c6-cd8307cf6d69","2018-03-14","hackernews","title","1"
"INTC","95ad92cd-6e6b-5c27-871f-f3b5aec69173","2022-02-24","hackernews","title","1"
"TEAM","95bb3182-b96e-544f-bacb-c9a9d4ece28d","2021-03-13","hackernews","title","1"
"DELL","95c37e0e-6d1c-542f-ba7d-5f8df484a21d","2019-05-31","hackernews","title","1"
"MU","95c8f6a3-da8e-5b39-aeaf-4e757d062e9d","2026-06-25","hackernews","title","1"
"ADBE","95d2f9c3-5514-582d-8503-96152788ed55","2025-04-11","hackernews","title","1"
"DELL","95dcdb16-4cb8-54d5-aa4a-a52e1625eed2","2016-01-07","hackernews","title","1"
"TEAM","95e53630-85fd-554a-8ef6-24709faae917","2025-10-30","transcripts","earnings_call","24"
"NVDA","95e769f7-d4bd-5827-973d-2f4915c5be55","2016-07-22","hackernews","title","1"
"ADBE","95e7b7c5-e92f-578c-a412-12ba6db3db08","2022-05-30","hackernews","title","1"
"INTC","95ea450a-ab94-5d97-bb58-00baf0838bfe","2015-11-30","hackernews","title","1"
"NVDA","95f07064-73cb-5922-86f5-6a217934a7a5","2020-12-13","hackernews","title","1"
"MU","960f4240-ee84-511d-87c3-3f5d5820e30d","2015-10-01","transcripts","earnings_call","32"
"NVDA","961b921d-3db3-546f-9052-11e04eea1dd7","2016-04-10","hackernews","title","1"
"INTC","9621e948-5f77-5094-ad66-93bd636f1a55","2022-04-22","hackernews","title","1"
"ADBE","962230ac-2837-51fc-add0-21a890bc1ef8","2020-09-15","hackernews","title","1"
"WM","96294b43-53bd-5a27-8ba8-420b453b64e7","2018-11-23","hackernews","title","1"
"ADBE","9632bf5f-e335-5ccd-b3de-56bd5c80a799","2015-01-25","hackernews","title","1"
"ADBE","9638b2f5-630a-5737-b26c-18c747321785","2026-06-06","hackernews","title","1"
"WM","963a26fe-e443-5430-8c77-49214a01a010","2024-04-17","hackernews","title","1"
"PG","96478f4e-0e98-5a59-aae9-07880d7ec6ae","2024-10-18","transcripts","earnings_call","33"
"MU","96495464-e6da-5fa7-ac4f-e55615da7bfd","2018-07-30","hackernews","title","1"
"INTC","964bc12b-128b-547b-86e1-f7808dee964f","2024-05-08","hackernews","title","1"
"ADBE","964c25ae-fe8b-5128-bcd8-87f3405cae00","2018-06-22","hackernews","title","1"
"ADBE","96531831-ee18-5823-9724-6cfaaffad75e","2020-11-18","hackernews","title","1"
"ADBE","9653f388-c4d9-5b0b-95bd-c770c4195cdc","2018-02-03","hackernews","title","1"
"MU","96586f12-7370-5890-a645-adf175641ea4","2026-07-01","hackernews","title","1"
"DELL","965bff39-ef5f-571b-8d38-a19102fa25b7","2023-11-16","hackernews","title","1"
"NVDA","965c2b5e-48ad-58dc-b487-11f005fad428","2016-06-09","hackernews","title","1"
"NVDA","96642c60-1312-5604-874d-3ff2ea23736b","2016-11-14","hackernews","title","1"
"ADBE","9671ce61-11f8-5279-8368-a06bc5432827","2025-02-10","hackernews","title","1"
"INTC","967acc9b-7a45-512c-bbe6-887ea9199521","2020-06-11","hackernews","title","1"
"DELL","968e91c1-048d-50ff-8308-f24379451200","2015-07-21","hackernews","title","1"
"ADBE","9690b045-ec24-54ea-a685-40ffb60c3e2f","2022-04-05","hackernews","title","1"
"ADBE","9692c034-b3b2-5b2e-952e-cc61e562366b","2017-06-28","sec_filing","10-Q","155"
"ADBE","969b3fab-5857-5242-a547-8d6ad03aee5e","2023-12-16","hackernews","title","1"
"INTC","969e8b8f-ce2f-592d-a999-b9166b6180f1","2026-03-30","hackernews","title","1"
"DELL","96a989d2-05e2-5c88-a9ed-a700f7460e4c","2020-10-17","hackernews","title","1"
"INTC","96d294de-d165-5e19-93cb-a35cb80c14e7","2019-03-06","hackernews","title","1"
"MU","96f45ee1-f528-5a13-bc79-70e2de973a83","2018-01-24","hackernews","title","1"
"TEAM","96fc2f22-c3d4-57ee-9666-b8e151afd59a","2018-11-01","sec_filing","6-K","164"
"ADBE","9704924d-b626-502c-95ac-2eba56aa406f","2016-09-27","hackernews","title","1"
"TEAM","97071a29-914a-50ea-9444-887cb8d07b92","2017-04-25","hackernews","title","1"
"CAT","970f4f84-3e25-56d9-90e9-2feb89caf3d8","2016-08-20","hackernews","title","1"
"INTC","9712b4c6-c51c-55d0-ab2c-95036b3e0a1d","2020-01-16","hackernews","title","1"
"INTC","9719f1f3-f453-52e7-b5d0-440e97869bb9","2016-10-31","hackernews","title","1"
"TEAM","971a12f2-f2d3-5c16-97e7-33d386795738","2025-01-30","transcripts","earnings_call","28"
"INTC","971f6857-7725-5f8f-897f-bc6e64c82db7","2017-04-21","hackernews","title","1"
"DELL","972206e3-07cc-5007-934c-b6f55b848add","2017-03-27","hackernews","title","1"
"INTC","97233d02-54e5-5e84-b096-2f3853a46fff","2024-12-09","hackernews","title","1"
"MU","9732e5a6-bc18-5a15-8ea3-332ee47ec027","2024-06-26","transcripts","earnings_call","28"
"TEAM","9738af72-a9a1-5d33-b4d3-cf78191b522b","2016-05-26","hackernews","title","1"
"INTC","97607266-dba5-5bd4-8c27-71803dccd24c","2012-07-17","transcripts","earnings_call","22"
"DELL","97679128-07a9-51ea-b92e-c1d1676b7817","2017-05-15","hackernews","title","1"
"MU","976ac006-0330-58bd-8d64-01d915789711","2026-06-25","hackernews","title","1"
"NVDA","9771328c-d3b3-559c-b192-97b2dfd773bc","2020-10-09","hackernews","title","1"
"DELL","97a0f60c-6a16-5a1b-9aca-0dc207ff8911","2024-03-05","hackernews","title","1"
"TEAM","97a51898-a3b1-5fdd-ad5e-6cc88078bdb8","2023-06-23","hackernews","title","1"
"ADBE","97a73cbb-2b34-5459-ad37-ebeed3f9c6b8","2019-05-15","hackernews","title","1"
"NVDA","97aa351c-f5f0-55f9-9fa0-3b3774f61605","2017-02-22","hackernews","title","1"
"DELL","97c13f50-3acf-55d9-958f-34f8b74a1faf","2016-03-29","hackernews","title","1"
"ADBE","97c58406-77c9-5521-935f-de38b24fcb22","2021-08-19","hackernews","title","1"
"INTC","97c9914e-540e-563b-96f8-e02ce9d85b56","2018-10-25","sec_filing","10-Q","102"
"NVDA","97df2c65-a287-54ef-b726-6e3d86109981","2018-11-28","hackernews","title","1"
"NVDA","97e27de7-8cea-5c8a-9afd-e5733db40e0a","2021-05-31","hackernews","title","1"
"ADBE","97e2e9c3-7499-571d-8dc6-eb5db3f57fe0","2021-10-28","hackernews","title","1"
"NVDA","97e75168-0d6a-526d-8011-9cf9fd20ea6e","2016-08-23","sec_filing","10-Q","81"
"INTC","97f924cf-7966-5954-bb0c-0c6ebd0399e2","2025-08-18","hackernews","title","1"
"ADBE","9807619d-09fa-54a9-a2c4-13a8d9503aab","2025-11-20","hackernews","title","1"
"NVDA","98097503-cae7-5fd2-acbc-f8b3878db834","2025-03-02","hackernews","title","1"
"INTC","9811168f-5bd4-5651-907b-70fb8ce0b4a8","2016-05-24","hackernews","title","1"
"NVDA","9811f680-2c33-5281-9276-b8a9ba66c3eb","2019-04-23","hackernews","title","1"
"INTC","9812c3c5-30d5-5916-8752-73e5f3b4f28a","2018-11-17","hackernews","title","1"
"INTC","981b3b62-994a-584d-928c-d1106234bb21","2024-03-24","hackernews","title","1"
"TEAM","9837aba7-c59a-57c3-9ce6-3cab2e3077b1","2026-03-12","hackernews","title","1"
"INTC","9837dfd9-0389-5100-88ba-32b379e479ff","2020-10-22","transcripts","earnings_call","28"
"DELL","983c1bd9-7208-506f-ab2f-0e4d0f9ba146","2020-05-13","hackernews","title","1"
"NVDA","9841ebf8-77b2-5dff-b5fa-51350af33a24","2020-10-19","hackernews","title","1"
"ADBE","9842a113-448e-5cc5-be98-5113798032ca","2021-12-20","hackernews","title","1"
"INTC","984af092-2b2d-5ba2-a6d8-7427f80663b2","2022-07-20","hackernews","title","1"
"ADBE","984cc232-37b1-50f1-9c54-66dcdce64d79","2023-09-16","hackernews","title","1"
"INTC","9864b999-0391-5575-be0c-dc960154328b","2025-12-08","hackernews","title","1"
"NVDA","988e474d-7c0a-5200-8c39-bdc9cf9e2b3b","2023-03-10","hackernews","title","1"
"NVDA","989718f3-3646-5ea3-98ba-57df912387b9","2020-07-23","hackernews","title","1"
"NVDA","98984f62-1158-5b82-8a4f-306fe31e8d3c","2015-09-23","hackernews","title","1"
"NVDA","98a4276a-dc07-5204-9f88-4678aef78374","2021-10-22","hackernews","title","1"
"CAT","98a5e789-908d-585a-84b1-3bbfe7fbeb00","2026-02-13","sec_filing","10-K","313"
"ADBE","98b541b1-14c1-5702-8497-a18e2ccad96f","2026-01-12","hackernews","title","1"
"INTC","98d516a4-61a1-5017-9f99-e51db89c5211","2015-08-06","hackernews","title","1"
"NVDA","98ea6615-a92b-5e27-bd33-82fab57e58f0","2023-06-06","hackernews","title","1"
"TEAM","98f2ad22-3be4-5238-8d5f-5cae2f67bd05","2016-08-01","hackernews","title","1"
"INTC","990490ba-0235-5cd5-97af-7262b20387c4","2026-03-06","hackernews","title","1"
"INTC","990550f9-4d4e-5cac-bffb-3e37fffc2398","2019-09-11","hackernews","title","1"
"MU","9907232c-4ac5-5d1b-925a-50ca30990d5f","2017-06-06","hackernews","title","1"
"MU","99081402-3a8e-5cf7-a21f-6642e454f074","2023-12-14","hackernews","title","1"
"INTC","991bcb04-f4e3-525e-9567-8999b20d36ad","2023-09-30","hackernews","title","1"
"INTC","991c5975-27bf-5278-9d8a-6febfe323fab","2020-02-27","hackernews","title","1"
"MU","99296022-55d9-51c0-bf61-fd795086c1b8","2018-07-05","hackernews","title","1"
"ADBE","9935ddfb-c3fc-5941-ae01-01c9bf77f4ef","2018-01-30","hackernews","title","1"
"DELL","99361810-6d52-5d43-a7f7-8faa64e6e041","2016-09-30","hackernews","title","1"
"NVDA","99377755-0b13-5982-aa29-f6854c1d2451","2020-02-04","hackernews","title","1"
"NVDA","994533f0-ffce-53ab-9a97-90a998d11acb","2023-02-23","hackernews","title","1"
"DELL","9948cf9e-2ddc-50ff-be28-a0e0b35b1e85","2018-01-04","hackernews","title","1"
"INTC","9951c488-9f9c-5dba-8628-9f3346f63b4d","2024-01-21","hackernews","title","1"
"DELL","99670b5f-5942-5609-a4fb-1c3fb5a3ea7c","2022-05-03","hackernews","title","1"
"PG","9967bcc3-b397-52f0-8c09-7978fb4c944f","2015-04-23","transcripts","earnings_call","37"
"CAT","9971edcf-8add-588e-9d0e-aa2e87cdd626","2022-10-27","transcripts","earnings_call","34"
"INTC","9978ebdb-ca54-582b-a204-ba2758fc42b0","2020-10-03","hackernews","title","1"
"TEAM","997a8074-ce17-58eb-9295-f4091c7470c0","2022-02-09","sec_filing","6-K","2"
"NVDA","998f0d6a-3d7e-58ca-9d2d-adff33d02f09","2016-10-01","hackernews","title","1"
"ADBE","9999bb55-9729-5372-b6ff-32ffcd6c4a7c","2023-12-18","hackernews","title","1"
"INTC","99a194d9-15a9-5a90-b5fa-0103d638a1bd","2025-06-14","hackernews","title","1"
"NVDA","99a349cb-1971-5002-8ef0-a5c2194e6fe7","2026-04-15","hackernews","title","1"
"CAT","99a9383b-23fd-5d30-9188-8076bc70ff13","2022-08-03","sec_filing","10-Q","166"
"DELL","99bdcdd2-3762-5c6c-befe-674aef90a60a","2016-05-22","hackernews","title","1"
"NVDA","99c133f0-0615-5d26-9034-b0d0a01352df","2017-01-06","hackernews","title","1"
"NVDA","99c19fe6-36cf-5676-9152-e054550dcefb","2016-02-17","transcripts","earnings_call","37"
"NVDA","99c2ed8f-f553-5087-ba8f-8abd5f78aa05","2025-07-15","hackernews","title","1"
"NVDA","99c391e4-08a8-54eb-97f5-3557c248f286","2021-03-16","hackernews","title","1"
"ADBE","99c584b7-d771-55bd-98d6-2c62e5382f73","2021-07-20","hackernews","title","1"
"DELL","99e44d14-fefc-597f-a849-91715f259ce3","2021-07-27","hackernews","title","1"
"TEAM","99ef9382-29c9-54a4-ae8b-c977669caa78","2019-10-18","hackernews","title","1"
"INTC","99f8c778-2cbf-5d7b-8d4b-8df4d80fadb9","2020-04-17","hackernews","title","1"
"ADBE","9a068d1a-4bc0-5991-9cfd-2b787ff57564","2017-10-18","hackernews","title","1"
"INTC","9a19d4cb-e90a-5d1d-b05d-961919539ecf","2025-11-28","hackernews","title","1"
"INTC","9a34e1ad-93c0-5dca-b065-3bbe206c2539","2019-02-22","hackernews","title","1"
"TEAM","9a4fd5c0-7720-55e5-b12c-695b7b0de6ad","2021-09-03","hackernews","title","1"
"ADBE","9a5eaa66-808d-59ca-bc16-a6f34f4531ae","2020-04-25","hackernews","title","1"
"NVDA","9a65c304-bda4-54ce-947a-8bd72cb76572","2023-06-14","hackernews","title","1"
"DELL","9a68ecf9-626f-5b2e-b751-c24d72e1562f","2025-02-01","hackernews","title","1"
"NVDA","9a701d05-b83e-51ba-aed4-0c5034fd6626","2020-11-21","hackernews","title","1"
"INTC","9a8c0b07-5c21-5a07-b721-5db3daa41dfd","2015-07-15","hackernews","title","1"
"TEAM","9a979fad-5c2c-55b0-bc7d-873d943e8dd2","2025-10-21","hackernews","title","1"
"NVDA","9a9a0f06-3d21-54ef-95e1-d60c4bac1d09","2016-11-12","hackernews","title","1"
"NVDA","9ab79c99-04ca-54de-90c7-e178415b6b18","2025-08-27","hackernews","title","1"
"NVDA","9ab9328e-b09d-5b9e-87e2-722ed0201a46","2015-06-01","hackernews","title","1"
"TEAM","9ab952ae-86b9-55e6-a4af-658cdb745b94","2021-08-22","hackernews","title","1"
"TEAM","9ad08d21-9269-576e-8a97-36b76c433f6f","2016-08-19","hackernews","title","1"
"NVDA","9ad0a4d1-5355-5447-995c-bff94eb15cf2","2015-03-11","sec_filing","10-K","218"
"ADBE","9ad2d628-9300-58a1-ae20-53c733e60ba9","2015-12-20","hackernews","title","1"
"TEAM","9ada7a41-1986-55c7-a516-bc0c6ee4b356","2015-09-26","hackernews","title","1"
"NVDA","9add26af-7baf-530d-8c7a-9fec9e58f009","2019-07-04","hackernews","title","1"
"INTC","9adfc1c6-c9ad-5369-9fd4-391a553e7b51","2015-03-03","hackernews","title","1"
"TEAM","9aead926-643a-550a-b65a-fa3551606ac1","2021-04-20","hackernews","title","1"
"INTC","9b1d98f7-7816-5e55-bb7b-d3b7cab70ea7","2022-08-12","hackernews","title","1"
"INTC","9b304338-a641-56bc-867e-9d3f5f7b32dc","2017-06-01","hackernews","title","1"
"TEAM","9b4331af-6cc3-5445-ae48-f68bff0ccd96","2020-10-16","hackernews","title","1"
"NVDA","9b445c1c-6105-580d-876a-fd824f81668a","2025-11-19","transcripts","earnings_call","29"
"INTC","9b458b93-3905-5b83-abe0-fdd904375e92","2025-11-15","hackernews","title","1"
"TEAM","9b6bbefa-861d-5c8b-8773-bff1d15f71f3","2018-11-05","sec_filing","6-K","13"
"INTC","9b6e2ec4-9d8a-5675-9ce6-b87311db63f3","2022-09-29","hackernews","title","1"
"INTC","9b7603a7-6e94-5cd8-a3f0-c790a6185a8b","2021-01-16","hackernews","title","1"
"INTC","9b90d7f9-f5ed-5b5a-a0e3-e10ad4bf0dcb","2022-06-15","hackernews","title","1"
"INTC","9b93c517-456d-563e-99ee-f1dbd708d9f1","2025-11-23","hackernews","title","1"
"TEAM","9ba09af6-52ad-5a96-9b4b-1d7f58634edb","2018-10-01","hackernews","title","1"
"NVDA","9bbe951d-e7d7-5bfc-8b18-66f0fd187ab8","2026-03-11","hackernews","title","1"
"INTC","9bcb48d9-6a22-583d-8605-7dc890250cee","2026-05-05","hackernews","title","1"
"MU","9bd15885-7dad-5800-8d9d-128e8c0be41e","2023-05-31","hackernews","title","1"
"DELL","9bde0639-f210-5488-a876-bb0624a2a33d","2025-08-30","hackernews","title","1"
"DELL","9bdfb81a-cb83-57f1-9c82-7a3ee9910829","2025-11-20","hackernews","title","1"
"ADBE","9be96c1a-1048-573d-9397-abf37e21f871","2024-06-07","hackernews","title","1"
"NVDA","9bebd510-b6f5-5b89-be68-ed180ab54920","2026-03-05","hackernews","title","1"
"INTC","9bef2514-98ec-5868-bcb4-ca7b121cd103","2023-08-09","hackernews","title","1"
"NVDA","9bf92034-7a4b-5968-84ab-4e770ae0b59f","2026-08-27","hackernews","title","1"
"CAT","9bfecc1a-4e8a-520a-b3aa-f3f0b590bef4","2016-05-02","sec_filing","10-Q","180"
"TEAM","9c038b03-2890-5ab2-876c-eecf621cdd85","2015-11-05","hackernews","title","1"
"TEAM","9c156cfd-bddc-593f-a9e3-7b2a040442b1","2019-04-17","transcripts","earnings_call","25"
"WM","9c22e56a-b832-5303-baed-b5f5d716b21b","2018-07-25","transcripts","earnings_call","34"
"CAT","9c23412c-1186-5999-819d-453cdba7cd8f","2023-11-11","hackernews","title","1"
"TEAM","9c27b02d-c511-5b27-ad38-858edca84bbe","2026-06-13","hackernews","title","1"
"INTC","9c2f888c-4873-531d-80da-d43514f6a3c9","2017-03-28","hackernews","title","1"
"DELL","9c340345-2ed6-55f9-8a33-a59908aa5574","2017-05-10","hackernews","title","1"
"MU","9c366145-a6b2-5b26-9135-0dc9643d50bd","2021-12-23","hackernews","title","1"
"DELL","9c3f0c42-0783-5739-92a3-0fa8a9f5415d","2021-09-03","sec_filing","10-Q","195"
"TEAM","9c465d3c-fbd0-53d6-9b49-00bfb0d5cf9e","2015-06-10","hackernews","title","1"
"INTC","9c48cb1b-12e2-5c8c-8293-2b49ff4899ea","2020-04-30","hackernews","title","1"
"MU","9c5c929c-ccbb-5701-af9e-b227e6d0a420","2023-06-16","hackernews","title","1"
"NVDA","9c667f73-7bee-507d-b1aa-015c1c5eec07","2022-05-17","hackernews","title","1"
"ADBE","9c787084-3606-56ca-9422-b8adbcc1af64","2020-12-10","hackernews","title","1"
"INTC","9c7f13bc-6cde-559e-9e8f-702e681fa9e1","2018-01-20","hackernews","title","1"
"TEAM","9c837b60-2529-5497-af5d-445730787fcf","2022-07-04","hackernews","title","1"
"MU","9c841978-ec94-59d6-a593-79716105c8c5","2018-05-10","hackernews","title","1"
"NVDA","9c93250c-b9a3-5988-92f8-e9036aada46b","2025-04-11","hackernews","title","1"
"ADBE","9c995b3a-ad06-5f07-bfd8-07610242f987","2016-02-22","hackernews","title","1"
"ADBE","9c9cdc8b-cb23-5737-967c-85e668814a44","2015-06-23","hackernews","title","1"
"INTC","9c9f18d9-750f-5c0b-80f9-256d75f1d999","2025-07-04","hackernews","title","1"
"TEAM","9caab915-071d-5460-b49b-251716de7c50","2016-03-09","hackernews","title","1"
"INTC","9cab22a5-d043-5287-9ead-b46a5740c7fb","2024-10-21","hackernews","title","1"
"NVDA","9caf9a73-5441-5e6a-9a60-315a1a2d62c8","2021-05-01","hackernews","title","1"
"DELL","9cb2d2df-8b5e-5d4e-972e-0889739a40e4","2020-06-23","hackernews","title","1"
"TEAM","9ccd8d4f-edde-5971-8035-846df67a9f55","2016-04-27","hackernews","title","1"
"INTC","9ccfe42a-fa39-5b04-bd5b-de2aebc3fb1a","2021-04-21","hackernews","title","1"
"INTC","9ce35c45-cd2c-564e-8fbe-fa97e56d9d5e","2017-03-08","hackernews","title","1"
"ADBE","9ce73736-7c2a-5324-9cc4-2312faa1e16b","2024-12-28","hackernews","title","1"
"TEAM","9cec0f94-2daf-5a31-9079-3141dc4038cf","2022-06-30","hackernews","title","1"
"INTC","9cf0a758-7b66-512b-9db8-44a0adb6d3b0","2017-11-08","hackernews","title","1"
"MU","9cfa715e-27a7-51b4-9133-473aa1a78375","2026-08-25","hackernews","title","1"
"TEAM","9d03bcfa-11ce-5adf-b044-806697ead5cd","2026-03-15","hackernews","title","1"
"TEAM","9d07dd95-3fa0-5b73-8843-f846303eb38a","2023-05-05","sec_filing","10-Q","252"
"INTC","9d1543c2-69a5-5524-a866-1cdbc299e267","2023-09-23","hackernews","title","1"
"DELL","9d1d17e6-265c-5d5f-8fa9-c24dd5f590b6","2024-04-01","hackernews","title","1"
"MU","9d379ca7-a2ec-5906-ada3-e1241c8d23dd","2020-06-30","sec_filing","10-Q","144"
"NVDA","9d4a17df-7c1e-504a-b02e-17105583ae84","2015-06-29","hackernews","title","1"
"INTC","9d4aecb3-a126-5533-91e4-0665c3b5ae16","2022-04-29","hackernews","title","1"
"WM","9d4dce80-b06d-5a00-a855-7dc1203244de","2013-02-14","sec_filing","10-K","378"
"ADBE","9d529ae0-d314-5128-b31e-06144ab04149","2019-05-14","hackernews","title","1"
"ADBE","9d65816a-3d41-5ed1-ba06-ab060ba2a48a","2017-01-08","hackernews","title","1"
"INTC","9d773142-88f1-5afd-a202-562be77dcc39","2023-01-16","hackernews","title","1"
"MU","9d7888fe-0015-552e-8d9f-1b96f102159e","2021-06-03","hackernews","title","1"
"NVDA","9d815a08-cc85-5627-88f5-db1a71bcf09c","2016-10-10","hackernews","title","1"
"INTC","9d9eac1b-311d-514c-b47c-8c300bf22a60","2019-01-01","hackernews","title","1"
"DELL","9da503c1-1c4f-572e-b506-033dd43b1322","2017-07-22","hackernews","title","1"
"INTC","9da86d1c-2acb-540b-a35e-01f663ccc171","2026-04-12","hackernews","title","1"
"INTC","9db3d151-50ba-5fd1-b1a8-fed87b1efa67","2020-09-08","hackernews","title","1"
"NVDA","9dcedfa8-4291-50d2-96d2-4ae39fa86190","2020-08-20","hackernews","title","1"
"WM","9dd42185-2172-535e-afc5-a01fb8935feb","2015-07-23","transcripts","earnings_call","42"
"ADBE","9dd8a41f-826c-5e1e-8737-e09635083c33","2025-06-20","hackernews","title","1"
"DELL","9ddec053-12f1-523d-b301-8cb05415ed1a","2022-12-06","hackernews","title","1"
"DELL","9de2a685-2ed0-5444-8cf9-875e40841420","2017-12-16","hackernews","title","1"
"ADBE","9df4aade-964c-5975-bf15-988dc31694cf","2023-05-18","hackernews","title","1"
"ADBE","9df517c3-55fe-5f8c-8fdc-4ca1107fdff2","2019-11-05","hackernews","title","1"
"NVDA","9df8e8c8-f5d8-5341-a96e-7e6d75de9258","2020-08-23","hackernews","title","1"
"TEAM","9e00242a-4dd3-5636-90da-e9589c24f71b","2017-12-05","hackernews","title","1"
"NVDA","9e079c50-b532-5295-ab33-3903cf5420fd","2019-01-21","hackernews","title","1"
"INTC","9e346102-df95-55c0-8f03-1647c0dfecb9","2015-07-30","hackernews","title","1"
"ADBE","9e3f3ada-c410-5900-9f40-78be0b020aef","2022-02-16","hackernews","title","1"
"ADBE","9e442c5e-81ce-5308-8691-837795220af0","2026-05-18","hackernews","title","1"
"ADBE","9e473aa6-9c37-50d3-82af-9f09745b006e","2021-08-19","hackernews","title","1"
"NVDA","9e4889cd-213d-5fa9-82ce-5810e4874a13","2022-08-31","hackernews","title","1"
"DELL","9e589a58-bbcf-5f69-9dd6-acc6e4bbefc0","2023-09-12","sec_filing","10-Q","165"
"INTC","9e6affbb-9ece-51d5-802d-9d5179f13b29","2016-09-07","hackernews","title","1"
"ADBE","9e6f83ae-15ba-5143-9349-3a0082b220ca","2016-03-14","hackernews","title","1"
"DELL","9e848387-36ed-522b-95db-d22984480853","2020-08-30","hackernews","title","1"
"NVDA","9e86d8b5-3228-52b6-8ca8-472be6ad250a","2024-07-31","hackernews","title","1"
"ADBE","9e922d85-1cc6-5049-bdbe-66ef7410240e","2017-09-23","hackernews","title","1"
"DELL","9e93c4cb-ae1b-5147-9307-91f367f64109","2016-10-31","hackernews","title","1"
"INTC","9e99f294-c27a-552e-9f0c-2c8abccf5c38","2025-07-24","sec_filing","10-Q","124"
"DELL","9ec35dd7-3077-5bec-9ac7-6b8ca15d2533","2021-04-08","hackernews","title","1"
"PG","9eddaaa4-62a4-52bb-9a25-dc98a4a9acdd","2019-07-30","transcripts","earnings_call","45"
"DELL","9ee4504c-0894-5c0f-91e0-e0ae4da49324","2015-10-12","hackernews","title","1"
"NVDA","9eeebc2a-47c4-56fe-94cf-e1cd1e89ca66","2018-02-10","hackernews","title","1"
"NVDA","9ef25cb0-4541-5a10-857c-b62a84b762e3","2015-10-26","hackernews","title","1"
"TEAM","9ef5c475-3a3c-563d-9c0c-9160b3e68876","2019-04-11","hackernews","title","1"
"MU","9ef86c40-79f8-5757-8141-49c111d8ac03","2021-03-20","hackernews","title","1"
"ADBE","9f053ed4-3223-5240-ad99-5a23cf89ef20","2020-10-30","hackernews","title","1"
"NVDA","9f060a57-15ac-5a4a-9304-a0adfc6805dc","2019-01-28","hackernews","title","1"
"NVDA","9f07844f-169b-5786-b55e-dd9a1abf04f6","2024-01-24","hackernews","title","1"
"ADBE","9f0c6925-a78c-51f4-9ea1-1ef744f4735f","2024-06-17","hackernews","title","1"
"NVDA","9f118f95-2b14-5b29-91e1-f41fb96dbb27","2022-09-16","hackernews","title","1"
"ADBE","9f1ea94e-5ef7-59e0-b472-540099af03b5","2015-05-01","hackernews","title","1"
"TEAM","9f2ba849-64d8-5743-8663-91d1fba37890","2024-04-25","transcripts","earnings_call","29"
"ADBE","9f2f1f89-b1f0-579d-8dfd-13b7dd914353","2021-10-23","hackernews","title","1"
"NVDA","9f40d2e5-8a86-52cd-8b92-a5db157d158e","2025-04-15","hackernews","title","1"
"ADBE","9f4855d0-1c7f-5bbe-b3a6-aa12014d70ca","2016-03-23","hackernews","title","1"
"TEAM","9f4decf0-af49-5814-b162-b5f832626ce5","2021-06-24","hackernews","title","1"
"WM","9f5795fe-59ea-555c-b17f-18b4bc006ab8","2025-10-28","transcripts","earnings_call","43"
"DELL","9f5c3c97-74e1-539b-b280-82d3f5f8d520","2012-05-31","sec_filing","10-Q","113"
"INTC","9f69f373-5280-5e1b-86aa-811b319b1c13","2022-01-14","hackernews","title","1"
"INTC","9f6d8c13-cc59-55d7-a750-7feafc8ecfae","2015-08-19","hackernews","title","1"
"NVDA","9f7ff09d-fd98-5560-b632-35e77fd6dba8","2016-02-23","hackernews","title","1"
"INTC","9f814681-315f-5af2-b41c-b2696d2558f9","2025-01-04","hackernews","title","1"
"INTC","9f893b62-0ade-5083-a9cf-3e6a3a743211","2024-10-27","hackernews","title","1"
"DELL","9f92ceaa-82aa-5b27-b05c-d34e843622f3","2023-11-07","hackernews","title","1"
"ADBE","9fa558d6-2db7-5452-bfeb-e87ce5137a35","2015-12-03","hackernews","title","1"
"DELL","9fbb58f2-b8fa-5b5f-8c65-ebf44fdc3895","2018-04-12","hackernews","title","1"
"DELL","9fbdf8db-8ea4-5067-b02f-2f344b553bed","2018-12-11","hackernews","title","1"
"DELL","9fc772f2-c925-549d-8063-dcd2d33be980","2024-12-10","sec_filing","10-Q","159"
"ADBE","9fcc7aa8-bea5-51c6-90cb-b3c9b1595638","2022-07-25","hackernews","title","1"
"INTC","9fd74e0f-7408-57c3-a644-64d4efc33f82","2018-11-02","hackernews","title","1"
"DELL","9fdf7e52-9df2-5d60-9742-e1529dd0f5c1","2015-12-10","hackernews","title","1"
"ADBE","9fe4a035-aabc-5bce-b052-299a4c59988d","2018-10-16","hackernews","title","1"
"INTC","9fe98dbd-e005-5e2e-a995-b8c9ad783fcd","2019-05-26","hackernews","title","1"
"TEAM","9ffcb215-1b14-5b6a-a53a-0fc332de657d","2015-12-10","hackernews","title","1"
"INTC","a005024d-bc5c-5d3b-9643-91e56ccf436e","2023-09-12","hackernews","title","1"
"ADBE","a010211b-9eab-5ba3-bde4-a3a20e6e8590","2024-04-25","hackernews","title","1"
"NVDA","a0109c1a-e304-51ff-9c60-98713568f451","2023-05-29","hackernews","title","1"
"ADBE","a0119f82-d42b-538a-97db-75a9658e0320","2019-02-13","hackernews","title","1"
"INTC","a02d6eac-be6d-574e-b9af-6fdbe58c0e5f","2018-08-20","hackernews","title","1"
"INTC","a031f455-3fa5-57df-8cd6-ac2192f435de","2019-12-24","hackernews","title","1"
"NVDA","a03e0cc4-d614-519f-9404-c6436f47994a","2018-10-30","hackernews","title","1"
"ADBE","a0422009-9f95-5e35-88d4-4dd24cf415d8","2020-08-27","hackernews","title","1"
"DELL","a06b3870-3d70-5699-b02f-156163730755","2026-06-01","hackernews","title","1"
"DELL","a07b3b9b-b416-5e34-8e08-a415f94df902","2018-01-29","hackernews","title","1"
"INTC","a07fb00b-c0c1-5646-ad25-b87139ed0cc7","2020-12-24","hackernews","title","1"
"DELL","a07ff8c9-4152-50e3-b280-72ea8a53df53","2026-01-01","hackernews","title","1"
"INTC","a08bd8d8-b055-58b3-b687-e5cf2bfb0239","2019-06-27","hackernews","title","1"
"DELL","a08f954a-a90d-5ee2-872c-211684f9f49e","2021-03-05","hackernews","title","1"
"TEAM","a0973bf1-01cc-5d56-a3e2-d1065c659ee4","2016-02-18","hackernews","title","1"
"DELL","a09d5d52-7a35-5e70-ba8d-1a9c49307251","2015-02-20","hackernews","title","1"
"DELL","a0c7b9a0-8054-5ea8-ac48-ebf58c5cc1ec","2025-09-18","hackernews","title","1"
"INTC","a0df1188-ded1-5059-ad6f-a90ac56b3e62","2022-01-27","hackernews","title","1"
"TEAM","a0e1934e-fe7a-5315-b156-bb11d416ac6a","2024-05-01","hackernews","title","1"
"DELL","a0e526c5-0b26-540d-b90a-6fffe2e5ceb8","2015-07-14","hackernews","title","1"
"MU","a0e54134-dc2b-56ba-959e-ebb865d39b0a","2023-07-26","hackernews","title","1"
"INTC","a0f66edc-fd0c-5c28-9fc3-974f0df01064","2023-01-28","hackernews","title","1"
"NVDA","a0f751c9-d017-58dc-8e28-292206bef001","2023-12-07","hackernews","title","1"
"INTC","a0f87f5f-47f1-5127-81c2-44ac0b715920","2025-11-06","sec_filing","10-Q","132"
"ADBE","a0f89ac9-f30b-5aec-969a-e22033e39441","2022-08-25","hackernews","title","1"
"NVDA","a0fb6643-393f-5887-9283-8609518762ea","2024-11-05","hackernews","title","1"
"INTC","a1019548-990f-516b-b68d-97a1811fd746","2020-12-03","hackernews","title","1"
"NVDA","a104831c-773e-524c-894e-cd13adbe5085","2021-11-15","hackernews","title","1"
"NVDA","a1150b9d-c4f9-56e0-848f-7555d5441030","2015-11-11","hackernews","title","1"
"ADBE","a1160856-c547-51b2-938b-80aab86fe611","2022-03-29","hackernews","title","1"
"DELL","a1354e45-b353-5d48-b8b9-95c69706a9b3","2017-07-02","hackernews","title","1"
"ADBE","a13a739a-1623-59f5-9508-f66cfa21deba","2017-03-23","hackernews","title","1"
"INTC","a13d46e6-1897-5655-af37-adeaa898d323","2012-04-17","transcripts","earnings_call","29"
"INTC","a14afe3c-d88e-511a-ae98-3847afcf7316","2020-11-14","hackernews","title","1"
"NVDA","a14be0fd-c0d2-5a10-81cb-dbb7ef17e0bc","2024-02-21","hackernews","title","1"
"INTC","a14d40ae-0b65-5504-9627-b2f7e59c6416","2021-03-24","hackernews","title","1"
"NVDA","a152d57f-75b8-5d62-ad4f-770ebdb853cf","2017-04-25","hackernews","title","1"
"TEAM","a15dfa41-ed56-509d-8b88-0ae11fc523b8","2017-05-03","sec_filing","6-K","155"
"ADBE","a182311b-7fc6-5621-ad2d-e16e58e230fb","2019-06-25","hackernews","title","1"
"ADBE","a187403c-6d8b-52ee-9d64-dda8c9a1b687","2021-01-25","hackernews","title","1"
"CAT","a1966826-28c9-50ff-97a1-4bba2241853e","2022-08-22","hackernews","title","1"
"INTC","a19c803f-7b22-5192-911a-c404cda38b01","2018-05-20","hackernews","title","1"
"NVDA","a1a131e6-c964-5ae4-8735-1847e1176aca","2025-10-26","hackernews","title","1"
"DELL","a1a7646e-41d5-5784-a872-dae516319454","2016-06-21","hackernews","title","1"
"INTC","a1abba3c-6c62-52e1-b741-26c120a6ed9f","2015-01-07","hackernews","title","1"
"NVDA","a1af0e5a-36fd-58f1-808b-5f2cb34bc6a1","2017-01-05","hackernews","title","1"
"PG","a1cdbdad-cbb1-56a1-9d43-9795799c5f88","2020-01-23","transcripts","earnings_call","27"
"ADBE","a1ebacf7-6d3b-5963-9d52-9c1059c55b12","2016-10-04","hackernews","title","1"
"WM","a1eee3d9-486c-5277-8371-a740d5df735b","2015-10-27","sec_filing","10-Q","132"
"INTC","a1fe9fd1-fa27-543c-a0e0-5c2a0e56fb92","2023-01-16","hackernews","title","1"
"INTC","a2088bcb-0d6b-54a8-af02-61c74400caa4","2026-06-24","hackernews","title","1"
"NVDA","a223895d-2408-52d3-9fe7-d9e5d5fd8294","2021-06-20","hackernews","title","1"
"DELL","a22c13ef-3936-577e-8c1d-9036083bcd08","2025-03-25","sec_filing","10-K","348"
"INTC","a2395b33-3db4-5a4d-922a-0c3ef55af6cf","2021-03-13","hackernews","title","1"
"TEAM","a23964a1-9736-56bd-b09e-8c9ec04f4df2","2018-09-21","hackernews","title","1"
"NVDA","a23b874c-b621-5c66-b1bf-1c37c1512fb6","2022-06-05","hackernews","title","1"
"NVDA","a245385a-7b7a-5a56-af0a-219f8308c155","2015-04-17","hackernews","title","1"
"MU","a24d3d1f-c0ac-5a6c-8ff8-86acae7c9672","2019-09-26","transcripts","earnings_call","30"
"TEAM","a263aff4-f957-563b-bf65-18268688e50e","2026-02-05","transcripts","earnings_call","26"
"ADBE","a2686866-859f-533e-8c44-c2a599d8fec7","2015-10-05","hackernews","title","1"
"NVDA","a274fef5-ad3a-5ece-9487-77dda4a91bb1","2020-09-19","hackernews","title","1"
"TEAM","a279b2e5-697b-54fa-944c-eb410f45d19e","2018-08-10","hackernews","title","1"
"MU","a27ca626-196d-5988-90cd-b4c82c76b951","2013-10-10","transcripts","earnings_call","32"
"NVDA","a27f73d6-2d5e-5fde-90e6-5e6f87efd916","2018-06-26","hackernews","title","1"
"ADBE","a28ad7ad-031c-5130-ac49-53cbd246b3cc","2015-12-02","hackernews","title","1"
"CAT","a291f509-c7c2-5c4f-85e2-1036bd4d6a8e","2018-05-02","sec_filing","10-Q","182"
"INTC","a29cdba1-9de1-507c-a494-44a7f694f05e","2019-08-02","hackernews","title","1"
"DELL","a2c3fb00-6c21-54f9-bf22-4bf95f4b8792","2017-07-06","hackernews","title","1"
"DELL","a2e1c147-ad35-5225-a2ab-cfd6d7cf19c5","2026-09-08","sec_filing","10-Q","140"
"NVDA","a2e530fb-873a-56d0-a1ee-3617dbd082d5","2020-07-31","hackernews","title","1"
"INTC","a306e3ea-26cc-5181-9b57-d3e7bed4476f","2015-07-16","hackernews","title","1"
"CAT","a3181b1d-4260-5726-bd77-fb2021f9e92f","2023-08-01","transcripts","earnings_call","34"
"TEAM","a31ad3c3-aab2-51e2-8bcc-d322304d97a6","2021-07-12","hackernews","title","1"
"NVDA","a31adff2-40c5-5520-8cb4-b33ca6b86e3a","2020-05-21","transcripts","earnings_call","44"
"NVDA","a32a73d6-3398-5583-a85a-34d171e108c5","2019-05-27","hackernews","title","1"
"DELL","a37e837b-68d0-5074-92e0-cb9c74a86d7f","2021-03-17","hackernews","title","1"
"DELL","a383d817-a6bf-54a6-8094-71a1947f41b1","2026-03-16","sec_filing","10-K","334"
"INTC","a38cac1b-f145-58a2-8f0c-c860fe96547e","2017-01-04","hackernews","title","1"
"DELL","a39c327b-581e-5533-bfe0-29bb82e5d141","2015-12-07","hackernews","title","1"
"DELL","a3a159fc-d39f-57c9-94ca-0dca175d5a4e","2019-06-11","hackernews","title","1"
"NVDA","a3aa0d29-22c9-5f59-b415-29cae89824df","2020-12-11","hackernews","title","1"
"ADBE","a3b51981-2924-5541-9541-e8e4d4a6db0b","2015-06-24","hackernews","title","1"
"NVDA","a3b93490-cd94-5eea-a795-26641db2d6c0","2018-10-01","hackernews","title","1"
"DELL","a3c98053-240a-506a-ac37-e5448d74f831","2020-11-12","hackernews","title","1"
"NVDA","a3ce554a-6863-5806-9876-25a3bb5224fe","2026-04-01","hackernews","title","1"
"WM","a3ddef48-bcd6-5fd6-9a20-98d49a8dbee2","2015-04-21","hackernews","title","1"
"ADBE","a3f058f7-1f5a-5682-9012-eb6048dd42f5","2023-02-06","hackernews","title","1"
"NVDA","a405ff2c-48fb-55f5-8eac-0823bdacd03a","2020-05-14","hackernews","title","1"
"INTC","a413ac00-4c72-534f-a0cc-2ee47fc9f191","2015-11-17","hackernews","title","1"
"ADBE","a4157661-5946-58b8-8e60-49eb7756ed9b","2016-01-11","hackernews","title","1"
"ADBE","a418a0f4-5f7e-52ca-9917-0771aaa47337","2024-11-10","hackernews","title","1"
"NVDA","a420f2c3-69a0-53f5-8244-f45c4c97d86b","2022-08-31","sec_filing","10-Q","109"
"DELL","a437521d-887b-536b-aab4-9a6f628bc8c8","2018-01-03","hackernews","title","1"
"INTC","a44a9606-77fe-53ae-a370-5b81c3c4e55a","2016-12-17","hackernews","title","1"
"INTC","a454660c-c719-5132-a754-815c0d6ba7cc","2020-08-08","hackernews","title","1"
"ADBE","a4595a4f-ca1a-588b-89bd-0a59596cdce5","2021-06-28","hackernews","title","1"
"INTC","a467835f-65e9-57b0-ae2d-7344efaf2248","2021-04-12","hackernews","title","1"
"INTC","a471f7a1-334e-5464-803f-54c43e232892","2017-09-30","hackernews","title","1"
"ADBE","a484a047-c8f6-5531-875a-ad53c1c28699","2026-06-22","hackernews","title","1"
"ADBE","a485e0dc-f2b2-5d7b-8a48-db42d418c064","2019-04-17","hackernews","title","1"
"NVDA","a49530ee-ebdd-5f78-bb7d-d22b5d8def56","2025-11-03","hackernews","title","1"
"WM","a49623f8-e9b7-5b4d-8be2-7a1100a77fcf","2017-02-16","transcripts","earnings_call","42"
"INTC","a49ad057-c167-56d7-a0b8-1e8e7525bf3c","2025-05-14","hackernews","title","1"
"MU","a4b014c8-efab-5c93-b86d-f4fef9f1afea","2025-12-03","hackernews","title","1"
"WM","a4b3cea8-d864-5469-9f48-864da121aef6","2013-04-24","transcripts","earnings_call","34"
"DELL","a4bd3020-bfef-55d0-8aa7-1b2c4949cd42","2019-12-07","hackernews","title","1"
"INTC","a4bd5e44-b0ab-5d10-8448-1d57d58e3d90","2016-03-23","hackernews","title","1"
"INTC","a4bf2534-b92c-55d2-9170-bd2b7fadde78","2015-03-26","hackernews","title","1"
"TEAM","a4c7ef39-2327-5ca5-af97-951d84593da2","2018-10-29","hackernews","title","1"
"TEAM","a4ca193a-ba6e-5d6e-80fb-32741b8c8e52","2018-07-26","hackernews","title","1"
"NVDA","a4d92294-ee27-5988-9542-ffcdc981b5b9","2018-03-29","hackernews","title","1"
"INTC","a4e1981b-9f72-55c5-af62-55bbcd24f169","2022-07-19","hackernews","title","1"
"DELL","a4f28ca5-f117-5636-a650-27bd988b696a","2025-04-12","hackernews","title","1"
"TEAM","a4f40223-f441-5e22-aaf1-ab043ca0585e","2024-01-19","hackernews","title","1"
"INTC","a50a91b3-78e2-570a-b871-2830efecd35c","2024-04-23","hackernews","title","1"
"MU","a50c37c1-1a18-5907-b311-2c5f2a0d6177","2021-05-23","hackernews","title","1"
"NVDA","a50d41f7-61af-5b35-a502-0d0a156ba32a","2018-01-24","hackernews","title","1"
"INTC","a51a0886-4598-5c53-ae3f-394a22454797","2021-04-13","hackernews","title","1"
"TEAM","a528b212-4247-5e54-917e-45a869272220","2026-06-05","hackernews","title","1"
"TEAM","a52f14b2-b9f1-5f5b-9057-3b83dea0ccd2","2022-02-21","hackernews","title","1"
"NVDA","a52f4d85-8c9b-5978-b687-60cc4437a970","2018-11-10","hackernews","title","1"
"TEAM","a5318e81-d7bb-5509-9573-a55f7a1bee9c","2019-10-08","hackernews","title","1"
"INTC","a53234b5-21fb-5414-90b3-e8a832d8dbc4","2017-04-17","hackernews","title","1"
"CAT","a548dc2c-3dd1-57d4-afb1-11fbad45ac82","2024-04-25","transcripts","earnings_call","33"
"TEAM","a56515eb-a1a8-5409-ba09-6f997dfa8883","2019-02-13","hackernews","title","1"
"INTC","a568b20b-9566-5c97-8da2-0b85454942df","2025-03-22","hackernews","title","1"
"INTC","a5a000af-9b4b-5aa7-a5f6-581108b54447","2016-05-04","hackernews","title","1"
"ADBE","a5a0fea3-80b7-5d80-9b13-e0683ba59590","2020-03-08","hackernews","title","1"
"INTC","a5af9a91-1b4b-5c37-8d4c-c7ae3025a8c2","2015-04-20","hackernews","title","1"
"NVDA","a5beca55-1be1-5e65-9acf-523a7a472fd4","2018-11-16","hackernews","title","1"
"NVDA","a5c56bda-098d-5b43-9387-d6426e47e546","2015-09-03","hackernews","title","1"
"ADBE","a5ccd884-0b0d-5f46-8a16-b6cf9589fb56","2023-12-16","hackernews","title","1"
"TEAM","a5e1d1ca-19e0-59df-bdae-22c74aa2b7b4","2017-09-11","hackernews","title","1"
"DELL","a5e7de6c-86f0-5c9a-8b0b-eb9e56ac9906","2019-11-04","hackernews","title","1"
"INTC","a5ef34d0-5934-574a-91be-60141fd53c81","2016-04-19","hackernews","title","1"
"ADBE","a5f33cef-a83d-588d-9b44-b8f93bb204c9","2016-03-20","hackernews","title","1"
"TEAM","a6009496-85e0-570c-929f-2a6570fbf818","2020-11-20","hackernews","title","1"
"NVDA","a605cbd2-ec6c-570b-89f8-15eb0e6b0260","2015-09-20","hackernews","title","1"
"NVDA","a60a24e3-8f75-519e-9099-9e44d1642064","2019-03-19","hackernews","title","1"
"INTC","a61463b8-d0cc-5cd7-8979-9b959c045aed","2026-08-12","hackernews","title","1"
"NVDA","a6168ed6-19bf-5a46-b17e-321d5dbf9eaf","2022-02-16","transcripts","earnings_call","27"
"NVDA","a61d18b2-ea5b-5473-8c75-9df8dd2877ac","2014-05-21","sec_filing","10-Q","129"
"NVDA","a6259cde-67c3-5b42-85c5-260dd9c132c9","2017-11-20","hackernews","title","1"
"NVDA","a62fac6e-9d6e-540f-af59-cb9a870397ba","2015-09-30","hackernews","title","1"
"TEAM","a632aba2-2497-5e03-ae2f-4af88398dca6","2016-09-03","hackernews","title","1"
"ADBE","a634c49c-99e9-5e49-829c-fd4643e7b57d","2025-05-20","hackernews","title","1"
"TEAM","a6400cc8-e24c-5677-8e1d-879452aa38fb","2024-12-06","hackernews","title","1"
"INTC","a647d0b3-c15e-5b29-a80b-5c7737df431d","2018-09-30","hackernews","title","1"
"ADBE","a6502f57-85d7-5c8e-b503-dbdb178734d0","2024-02-21","hackernews","title","1"
"NVDA","a654a8fd-c294-5c1b-9d74-40e00e02e1df","2022-06-29","hackernews","title","1"
"DELL","a6666f82-91f6-508c-8e00-459cf8fd60b6","2020-02-18","hackernews","title","1"
"ADBE","a66878ff-597d-54c3-8fed-55d0a6296eaa","2016-09-20","transcripts","earnings_call","30"
"INTC","a669ebf8-c223-5293-ada0-99540f9a3fde","2022-10-12","hackernews","title","1"
"ADBE","a66af6f7-7ccf-57ef-be5c-1cc8f8f24527","2020-11-20","hackernews","title","1"
"INTC","a66d4a92-96c0-58eb-9fa3-d5c2cc257fba","2015-06-05","hackernews","title","1"
"INTC","a6722eb0-7268-5cb3-8a2d-584f597e1a38","2025-11-16","hackernews","title","1"
"NVDA","a6765085-9020-5285-968a-bf366a1f0ffc","2020-09-19","hackernews","title","1"
"INTC","a67fea0d-e793-51bb-9015-fcdc4e486aa7","2022-04-03","hackernews","title","1"
"MU","a68a914a-fef8-5e6d-a21f-2581627cff4a","2019-07-27","hackernews","title","1"
"INTC","a68b1e0d-2259-53ee-a0aa-9d8b922ad119","2018-05-01","hackernews","title","1"
"INTC","a697690c-be3b-5252-8028-164e3205e5e7","2019-03-21","hackernews","title","1"
"TEAM","a6abc292-4d1c-5c7c-9091-18473dc83588","2023-02-03","sec_filing","10-Q","236"
"ADBE","a6aea164-d5ca-55e3-9316-4d495fe9d025","2016-02-12","hackernews","title","1"
"MU","a6b878c9-f94a-53a1-a039-1649e785b737","2018-11-01","hackernews","title","1"
"INTC","a6b95b29-9885-59ac-aa29-00ab307bd1a2","2022-02-16","hackernews","title","1"
"ADBE","a6bfe90d-9647-5f7a-a326-c850eb73bb0f","2016-01-08","hackernews","title","1"
"PG","a6c2b83f-953c-5813-9054-633916435fa4","2023-04-21","sec_filing","10-Q","80"
"NVDA","a6c671e3-7282-53f4-b335-b2cdbafdf7e9","2024-10-12","hackernews","title","1"
"NVDA","a6cf0047-43d4-5946-84ec-17af7ab3ba1d","2024-09-24","hackernews","title","1"
"NVDA","a6d00f7c-71da-544f-be17-ad4f9c878dfb","2024-01-26","hackernews","title","1"
"INTC","a6d62a01-69ef-58af-aa8d-577211239c3d","2026-04-07","hackernews","title","1"
"INTC","a6da7b9c-0913-58bf-9562-266c91b877e6","2018-03-20","hackernews","title","1"
"ADBE","a6dbdb11-73fe-55ff-b988-798132395635","2019-03-27","hackernews","title","1"
"DELL","a6f31d06-1013-5e13-bab8-241ef50b7bb5","2016-06-24","hackernews","title","1"
"MU","a7035dc0-6fe0-52c6-a5e1-ea137e929264","2023-07-26","hackernews","title","1"
"ADBE","a704144b-fa38-5aba-8b7a-42faeddacba5","2026-05-19","hackernews","title","1"
"TEAM","a7102ab0-15a5-5bfa-9dbb-c6c610545549","2018-10-18","transcripts","earnings_call","25"
"ADBE","a7112720-6607-5a03-b7ef-38ab9abf92a7","2020-03-12","hackernews","title","1"
"INTC","a71e699f-ff80-530e-a2c1-c3ddd19fda3a","2024-07-21","hackernews","title","1"
"ADBE","a739171a-692d-5d67-9af3-56bc790ed367","2016-05-03","hackernews","title","1"
"NVDA","a746a66d-493b-50c5-91b3-60aeae7c987e","2017-09-22","hackernews","title","1"
"NVDA","a74f37cc-c964-514f-8fe2-33e20eb5fe68","2025-02-26","hackernews","title","1"
"ADBE","a7703010-ede8-5c4b-a5e2-5d96e93c4f57","2015-11-30","hackernews","title","1"
"INTC","a77127cc-65ad-5c10-8708-aafe5d8b39bf","2021-12-08","hackernews","title","1"
"INTC","a7730485-f68f-5b62-8b09-083312d5cb76","2024-03-20","hackernews","title","1"
"DELL","a784d2ab-9d85-54f6-9c85-c98073cc0b59","2022-06-06","sec_filing","10-Q","160"
"NVDA","a788283a-16ae-52b4-8954-4a219107c92d","2021-12-05","hackernews","title","1"
"INTC","a7901c9d-84af-5cc2-8154-194e88566a59","2023-09-04","hackernews","title","1"
"NVDA","a794f9b0-fe94-5c15-8870-973138d70b4c","2024-11-26","hackernews","title","1"
"NVDA","a7963304-5a4c-5c4c-b2da-43446fc9c52a","2024-07-03","hackernews","title","1"
"ADBE","a7a59e1d-c300-5c0d-a320-2548df9f4d36","2023-01-05","hackernews","title","1"
"NVDA","a7a92e25-4384-5d79-9638-cc48bb4d7a8e","2020-11-07","hackernews","title","1"
"TEAM","a7a9b7ec-b7cd-5e64-80c7-a2ee62ccc060","2018-03-02","hackernews","title","1"
"DELL","a7ab9800-480a-5cea-8bb8-82c58a26f680","2023-06-12","sec_filing","10-Q","146"
"ADBE","a7b2763f-7418-5721-a115-43bc878a2e05","2015-11-11","hackernews","title","1"
"MU","a7b7b793-2edd-54d2-9279-4f2c4305ae7f","2026-07-27","hackernews","title","1"
"DELL","a7ca833d-a78b-59cc-80ab-ce3f3d2befae","2021-12-03","sec_filing","10-Q","211"
"DELL","a7d14b5c-3384-5e0c-a126-aeeb0bb74b65","2026-06-01","hackernews","title","1"
"INTC","a7d8a921-76cc-5c74-b5de-f167c0ee0769","2019-07-25","transcripts","earnings_call","28"
"ADBE","a7dc2f31-9a4d-53ac-b184-187fe35ac4c0","2015-06-23","hackernews","title","1"
"ADBE","a7e6c789-b7a6-512d-bbc8-3134a701bdf3","2021-01-25","hackernews","title","1"
"TEAM","a806d3c9-72fa-50df-9fa3-cbecb1eb5ce3","2015-05-06","hackernews","title","1"
"ADBE","a8094fcc-62ce-5aff-b118-5dd68ff6f70e","2023-03-17","hackernews","title","1"
"MU","a81304a5-fb55-566c-afa5-a060f103398d","2016-04-08","sec_filing","10-Q","133"
"ADBE","a81f0e0e-d963-57ef-bb30-413fad4bd1bd","2020-12-04","hackernews","title","1"
"INTC","a8249c25-2a26-5201-a270-8088f0b58e0c","2021-05-12","hackernews","title","1"
"TEAM","a825a8e7-5fb8-575a-9b71-5df3776099e8","2018-01-18","transcripts","earnings_call","23"
"NVDA","a82c94b1-d722-5d79-9a3e-0f0b77289bfa","2022-11-18","sec_filing","10-Q","99"
"CAT","a82d4940-2fa3-5318-8816-4a73959f761b","2022-05-02","hackernews","title","1"
"NVDA","a831a777-9dbe-5a0f-b40f-122cccde6bb5","2023-08-07","hackernews","title","1"
"DELL","a835d6eb-adf3-5d45-92dd-0f9a9e3eb100","2017-10-21","hackernews","title","1"
"INTC","a83d7efb-008c-5f8d-b7d1-c916b1c8d728","2017-06-25","hackernews","title","1"
"NVDA","a84fc7e1-32ac-53b3-bea5-d90324d30299","2019-09-21","hackernews","title","1"
"WM","a85ea29f-5836-5327-819d-35499c119fc9","2016-02-18","transcripts","earnings_call","39"
"NVDA","a8619173-bed3-515e-9597-9b60c25f290f","2020-10-06","hackernews","title","1"
"MU","a869c89c-de6b-5d63-858e-b3f5d1e08286","2016-12-05","hackernews","title","1"
"INTC","a86df1ee-77ae-519d-8765-59bd11b85d8a","2019-08-17","hackernews","title","1"
"INTC","a86f37bd-8b2c-5e19-8c38-1c09cfd70493","2017-08-24","hackernews","title","1"
"DELL","a87cb6f5-2226-500f-bad1-ab1d99a5fee7","2020-10-23","hackernews","title","1"
"DELL","a88449e0-18f2-57b3-9dc9-c5a8fca8a730","2019-05-28","hackernews","title","1"
"NVDA","a887631f-b872-5f89-8995-054cc5013786","2025-03-12","hackernews","title","1"
"NVDA","a88cca9a-5f32-50ac-ba8b-4d344c81c452","2025-09-21","hackernews","title","1"
"MU","a8aff138-ff93-5658-9c07-2caa99d03908","2023-08-08","hackernews","title","1"
"MU","a8b31b79-67c0-5b95-b003-6c7f0f76722a","2025-11-08","hackernews","title","1"
"INTC","a8c265d1-9ef5-5df0-a2de-f33fd3c369e9","2021-02-12","hackernews","title","1"
"INTC","a8d19cce-fe19-5bb9-b41a-9f6fee7d3f7b","2025-11-16","hackernews","title","1"
"TEAM","a8da6c53-0d9c-5bf0-b0de-dd41f126ab28","2021-09-06","hackernews","title","1"
"TEAM","a8e1d4da-54a2-53e8-9410-573b6451cf32","2015-12-01","hackernews","title","1"
"NVDA","a8e21a70-465d-56d9-8a0c-3dc420f0b7cb","2025-01-12","hackernews","title","1"
"MU","a8e957cb-f70b-597a-a7a3-a533139adaa1","2022-07-26","hackernews","title","1"
"DELL","a8e9e2a5-ae0b-51fb-8460-29388710a080","2020-03-01","hackernews","title","1"
"INTC","a8f804b9-869d-5f2f-84ba-819cf092b961","2015-10-13","transcripts","earnings_call","25"
"INTC","a8fdc6a5-9eab-585e-839e-fe9c58d17178","2015-08-05","hackernews","title","1"
"ADBE","a9032bbd-330f-560a-92a2-ff317793eabc","2015-07-16","hackernews","title","1"
"MU","a91877b1-b0c7-527b-a299-a340390db5fd","2025-03-10","hackernews","title","1"
"MU","a93389fc-b174-5f55-b677-ae07545a6d88","2020-08-14","hackernews","title","1"
"INTC","a942c705-c4c5-5466-af6e-4d522c358e43","2022-08-27","hackernews","title","1"
"TEAM","a9529266-0fb0-57ef-ab31-a864503969ac","2022-08-15","hackernews","title","1"
"TEAM","a95ea055-f288-55a7-aeb1-929923402b40","2020-06-21","hackernews","title","1"
"ADBE","a964d257-fe12-5311-bd05-5f3e84028bc4","2023-05-23","hackernews","title","1"
"ADBE","a9687661-b4f6-5fd8-9214-f66ca1bd734b","2015-09-01","hackernews","title","1"
"INTC","a96c7dfb-6975-5d88-9785-7bc9c0279936","2023-05-25","hackernews","title","1"
"WM","a96ec47c-cb21-5612-ac03-6745d22cfca7","2018-02-15","transcripts","earnings_call","41"
"WM","a9727806-1404-524e-86d3-ac90e3b74cb6","2024-07-25","transcripts","earnings_call","40"
"NVDA","a974c10b-62b7-5a8a-bebb-03f6ec23fd40","2023-02-23","hackernews","title","1"
"TEAM","a978b82c-32b9-5a44-af9a-d90dffef8684","2016-02-16","hackernews","title","1"
"ADBE","a982c3d8-2a18-51a6-8ed8-5fbd4943a287","2017-11-27","hackernews","title","1"
"PG","a9899bc1-d804-5450-8ff4-2534600e0dd2","2021-10-19","transcripts","earnings_call","31"
"INTC","a98c8ff6-fffd-5327-aec9-ded2af8cf3ef","2021-02-03","hackernews","title","1"
"CAT","a99821ec-6d19-549e-92da-fb4dfdc03a13","2025-08-18","hackernews","title","1"
"NVDA","a9987ed1-d838-5c36-a08b-9e5486781901","2025-05-28","hackernews","title","1"
"NVDA","a99df1f6-347d-5125-8ccf-b78037cce21d","2023-12-21","hackernews","title","1"
"MU","a9a3ae50-1834-54f0-b500-2f183de9f845","2020-09-02","hackernews","title","1"
"WM","a9aafbde-28f9-5690-a1e4-b51f84fee0c9","2024-07-12","hackernews","title","1"
"NVDA","a9bdde78-2ecb-5e01-a2af-d89c4a8e71ed","2023-08-04","hackernews","title","1"
"ADBE","a9c69dd4-40f4-52fd-a00d-c94ffcb4c345","2020-04-30","hackernews","title","1"
"TEAM","a9c8f760-8e6d-5e16-846e-9bceebd395de","2025-01-12","hackernews","title","1"
"INTC","a9ce5392-6764-5fdc-9cdd-56ae8f8c660c","2021-09-28","hackernews","title","1"
"ADBE","a9dfc0a1-1200-53c2-aec6-85c443cff274","2026-03-12","hackernews","title","1"
"TEAM","a9f20e33-de94-5133-ae9d-85aee8b22945","2022-02-20","hackernews","title","1"
"CAT","a9f8f0b6-59c9-515d-9e74-cfe868eed9c1","2022-08-14","hackernews","title","1"
"NVDA","aa09e096-d8a1-5dfa-ab87-31afad685340","2022-01-14","hackernews","title","1"
"NVDA","aa2fc79b-321f-5921-b760-7da4054c7e2b","2019-06-06","hackernews","title","1"
"TEAM","aa31d185-9aa1-55e3-9665-56940bf3d60b","2017-01-20","hackernews","title","1"
"DELL","aa362b5b-d91f-5c90-b330-a82e7b95e2e6","2023-02-06","hackernews","title","1"
"NVDA","aa40d679-93a2-5a5f-b4f6-dedd655ee5bf","2020-12-07","hackernews","title","1"
"TEAM","aa45f4ad-f5b9-5d3b-95a8-530b9e97311c","2016-06-21","hackernews","title","1"
"ADBE","aa477332-ca7d-54e9-90a9-29e12a2c6bc2","2018-06-27","sec_filing","10-Q","157"
"DELL","aa48bce2-ebe7-5630-856a-cb3bfad8b5fc","2017-07-17","hackernews","title","1"
"NVDA","aa49b408-e464-54ad-a944-0576083e1dec","2025-12-27","hackernews","title","1"
"DELL","aa52a96d-c090-5ffd-a7b1-9b5e9a626683","2021-08-04","hackernews","title","1"
"INTC","aa544c47-ff0f-5bc4-bd9e-4ff067a24968","2026-01-05","hackernews","title","1"
"ADBE","aa562cb7-be0f-5a82-9e2a-5e05cf2cd2c8","2026-04-30","hackernews","title","1"
"INTC","aa5b93d3-7f15-5029-aa74-44c9db33fa94","2016-11-26","hackernews","title","1"
"MU","aa62b366-f55f-585f-922b-0a5eca6d1e33","2024-06-05","hackernews","title","1"
"WM","aa6a7f04-aa0e-5b55-8f29-276b3542de8f","2021-08-18","hackernews","title","1"
"ADBE","aa6d0c7a-f5a2-5a7f-9440-d7abcb1a207b","2015-04-12","hackernews","title","1"
"MU","aa77f3f8-394b-57de-a658-0c5c0c241f10","2018-05-23","hackernews","title","1"
"NVDA","aa9514ee-3d63-561a-b20b-62aa06e3b278","2020-09-29","hackernews","title","1"
"INTC","aa9697fa-b7da-5335-8b15-d4e3a1c08dfc","2015-10-12","hackernews","title","1"
"TEAM","aa98a0e7-5879-534e-95d7-7aca9650ca4f","2015-04-30","hackernews","title","1"
"DELL","aab3f168-f15d-59c4-a9c8-457407f39f66","2026-02-15","hackernews","title","1"
"ADBE","aad2c195-db48-5fb4-803e-59526deb2be0","2018-09-20","hackernews","title","1"
"TEAM","aadec027-63be-55b4-9451-232b54b5bb5a","2018-03-24","hackernews","title","1"
"DELL","aae04888-1a61-5c8f-83cc-0dfe0d685483","2017-01-19","hackernews","title","1"
"CAT","aae180f2-41be-5c71-8dfc-1e62e13a9051","2022-04-28","transcripts","earnings_call","34"
"NVDA","aaef1071-ca95-5f44-a00c-dae316d49b4a","2025-07-25","hackernews","title","1"
"TEAM","aafb7e13-83c8-53f1-a71d-016218aa97e5","2021-01-25","hackernews","title","1"
"MU","ab02cda3-244a-50f9-8f25-8db1bd42a216","2025-03-24","hackernews","title","1"
"INTC","ab06f057-1538-5be6-96e6-9920885edc2b","2016-07-03","hackernews","title","1"
"NVDA","ab2ffa3c-f529-5c93-b08a-136e53c42d73","2017-12-29","hackernews","title","1"
"INTC","ab37743f-28c8-5814-aece-24f0d924909a","2022-11-23","hackernews","title","1"
"INTC","ab38cb2e-400c-52be-9649-a3c1e51b0e27","2017-07-01","hackernews","title","1"
"NVDA","ab496d28-2036-5093-9f4c-dcf37ca9072d","2026-01-31","hackernews","title","1"
"ADBE","ab5525b4-deda-5386-b62f-ae14b9db08f6","2020-02-15","hackernews","title","1"
"INTC","ab6037b1-1232-5d16-a37e-0e4cef168240","2025-12-11","hackernews","title","1"
"NVDA","ab72d941-8fdc-5767-b285-9d93e8a69f53","2020-12-01","hackernews","title","1"
"ADBE","ab9f4588-764d-59ee-a218-07368442a5c1","2021-02-22","hackernews","title","1"
"ADBE","aba44a57-d0e3-573d-add6-46cd431ee234","2022-12-02","hackernews","title","1"
"WM","aba59de7-8537-51db-bc28-5e03738a1a45","2025-10-28","sec_filing","10-Q","111"
"NVDA","aba6f989-e113-5465-9abe-5f0bb0cb0ed1","2015-05-18","hackernews","title","1"
"DELL","aba8f5fa-e6fa-55d0-a7f6-b7af7dc5ceed","2024-05-22","hackernews","title","1"
"ADBE","abb84d20-205c-5d3d-81cb-5b19ccad1a01","2022-09-18","hackernews","title","1"
"NVDA","abe3202a-046a-546b-99d7-0c2d7a23c3b9","2026-01-20","hackernews","title","1"
"INTC","abffb80f-de67-5f51-a28f-8fb3f3756059","2018-06-13","hackernews","title","1"
"NVDA","ac02f1e7-14c4-5f52-9d7c-dc6d619d454a","2021-09-28","hackernews","title","1"
"DELL","ac293547-b4bd-5527-a520-dd047f18f1a8","2019-09-05","hackernews","title","1"
"ADBE","ac2b1f39-4090-53ef-9db3-3b057576d818","2020-09-23","hackernews","title","1"
"MU","ac2eef9e-9a4b-5aa8-985e-c3488ee45aa1","2023-10-03","hackernews","title","1"
"ADBE","ac33d5da-f742-575e-9472-58a0460ccd9a","2020-03-22","hackernews","title","1"
"ADBE","ac4504c5-e22f-57af-8d23-efc72300f168","2025-03-12","transcripts","earnings_call","36"
"INTC","ac4904df-77e3-5361-ac81-6a8689d2fbf8","2015-10-19","hackernews","title","1"
"NVDA","ac520801-5b09-55aa-b5e1-12af581bc4ad","2023-01-27","hackernews","title","1"
"MU","ac692729-a73a-597f-bbcf-9b90e9b8f532","2017-09-26","transcripts","earnings_call","30"
"DELL","ac79aeb7-ba6e-50ae-a0fa-b0a3838a483f","2025-09-22","hackernews","title","1"
"ADBE","ac7ecd8e-c714-555c-ac69-19d04cb86ca5","2021-05-25","hackernews","title","1"
"DELL","ac8e13a6-3e4c-51ab-913d-1a0ec47465c0","2020-11-04","hackernews","title","1"
"INTC","ac9ba00c-7044-55c9-9ac0-8b42db53067b","2020-05-03","hackernews","title","1"
"NVDA","acb14e7b-42d9-5e37-bcde-a51a1946132e","2021-04-19","hackernews","title","1"
"DELL","acbb66e2-056e-5430-b3df-78127fcc301e","2023-12-08","sec_filing","10-Q","166"
"ADBE","acbc2d61-87b6-5ac3-ac09-de25c3f60ba5","2015-10-07","hackernews","title","1"
"MU","acc29289-7e72-5d84-9f93-71c143c0da9f","2024-04-18","hackernews","title","1"
"ADBE","acd58516-b14e-5c71-9953-b8ac5ba8d796","2016-03-30","sec_filing","10-Q","156"
"DELL","acf2d532-f418-5c27-9d5a-e52a6bc9e9ad","2016-11-03","hackernews","title","1"
"NVDA","acf777ca-b760-5eb8-88fa-63b4ae19bc13","2022-08-19","hackernews","title","1"
"TEAM","acfa0b90-3614-588b-b565-adf3e3fb5fd7","2025-09-18","hackernews","title","1"
"NVDA","acfcc7cd-39e1-534a-b5a6-0118b90f448c","2014-02-12","transcripts","earnings_call","30"
"INTC","acfcd0cd-923d-5b2b-aa7a-25275e664f8c","2018-02-07","hackernews","title","1"
"CAT","acfcdc1f-86f1-5d83-a9d3-9dff3581cc89","2025-11-07","hackernews","title","1"
"PG","acfed2e7-3148-593a-978b-bb652fd9d7d4","2014-10-24","transcripts","earnings_call","35"
"INTC","ad00c3a6-f86d-5e64-97d3-62cb5479c801","2020-03-31","hackernews","title","1"
"DELL","ad00e84f-0f5d-5d0d-b9bf-c1dd59094371","2020-10-14","hackernews","title","1"
"INTC","ad0e80b4-15cc-573d-9e70-eb62da29f16d","2014-07-25","sec_filing","10-Q","111"
"ADBE","ad12de00-e75d-5aff-8738-eab03062eeba","2017-07-25","hackernews","title","1"
"NVDA","ad2487b9-0660-5308-ac92-621bba7529be","2023-01-23","hackernews","title","1"
"TEAM","ad2acc70-e5d3-52ed-a131-e6c5ec79b2d1","2022-07-23","hackernews","title","1"
"NVDA","ad3b5d2b-d352-521b-b0e1-89be0c878b20","2017-05-16","hackernews","title","1"
"MU","ad46dcbe-5797-5e41-9c92-0e418430ca70","2020-11-26","hackernews","title","1"
"TEAM","ad4fe355-6fa4-541b-a45a-352e236bb895","2019-04-19","hackernews","title","1"
"NVDA","ad6670b8-9474-5f76-bc6a-35dd392007ac","2023-01-18","hackernews","title","1"
"NVDA","ad70ad5e-d0f5-59eb-8498-6bb500bfaccf","2016-03-16","sec_filing","10-K","227"
"NVDA","ad730fb7-9446-57ce-9e3e-68ae26c9de84","2021-09-07","hackernews","title","1"
"ADBE","ad76e132-8354-5d0e-9d40-b6631e5db561","2015-01-20","sec_filing","10-K","297"
"NVDA","ad7941be-2a9a-557f-8759-54aa645d6c53","2026-03-05","hackernews","title","1"
"TEAM","ad899de7-6fe4-5d52-95a3-23d34e060f5a","2018-10-18","hackernews","title","1"
"NVDA","ad9c8259-e8f3-5002-82e8-2f764345a62c","2018-10-10","hackernews","title","1"
"NVDA","adaaa57a-a175-5273-93ba-060e78a40ea7","2016-06-28","hackernews","title","1"
"ADBE","adae6167-f409-5fd8-857e-d52003a1f89e","2022-03-11","hackernews","title","1"
"PG","adb7a1c3-ac15-5218-87c6-665d4aca14ab","2016-10-25","transcripts","earnings_call","31"
"WM","adb80a05-9fa2-5e9f-b556-164557659086","2021-07-31","hackernews","title","1"
"INTC","adc4d0be-9ea3-5adf-8171-b18819e8eb5e","2013-04-29","sec_filing","10-Q","90"
"PG","add67993-3a75-506a-aabc-52ea2d06f2e8","2023-10-18","sec_filing","10-Q","63"
"INTC","ade07be9-d976-570b-b00c-d3e82bd9c6f4","2015-08-01","hackernews","title","1"
"NVDA","ade342ef-b88a-523c-9c62-e97aaf345442","2015-07-25","hackernews","title","1"
"MU","ade3f5a1-0dc7-537e-bd34-c6d7b39f1e40","2026-02-18","hackernews","title","1"
"ADBE","ade4de11-ba81-5248-8c58-dcae9816931f","2024-06-17","hackernews","title","1"
"NVDA","ade59777-616f-58e6-885c-bfda1a8ea01c","2023-11-06","hackernews","title","1"
"NVDA","aded530d-c097-5538-ac07-51d55d2e8563","2016-02-16","hackernews","title","1"
"ADBE","adf3457e-9162-5584-9cc2-2ce8ea15d84d","2015-03-06","hackernews","title","1"
"MU","adfc5bea-2244-55d2-bac6-e3ad2a482e5b","2024-11-14","hackernews","title","1"
"ADBE","ae091f1e-ca18-5c01-af7b-1040ef5f1e32","2016-03-19","hackernews","title","1"
"CAT","ae09b099-4afb-555e-a7f4-0a792eacf761","2024-05-20","hackernews","title","1"
"ADBE","ae1df611-3a7a-57fa-91f4-d087c968d55e","2015-10-06","hackernews","title","1"
"NVDA","ae24064e-0652-5b7b-a52c-0dfe413e4a6f","2025-10-15","hackernews","title","1"
"TEAM","ae5e9be2-8a90-5345-909e-3ac345decb32","2016-05-24","hackernews","title","1"
"ADBE","ae66ed6a-5597-5723-901a-dc88dc909ca2","2015-02-08","hackernews","title","1"
"NVDA","ae6a2f08-ed52-5b61-89b4-5d631e0a0349","2024-03-20","hackernews","title","1"
"INTC","ae6b2fa9-a009-519a-8a66-bbb70771039b","2016-02-10","hackernews","title","1"
"NVDA","ae8d9dfc-ec9d-5dda-b57e-5a67b0c49655","2020-01-10","hackernews","title","1"
"INTC","ae98a1b4-c796-523f-8d7d-9bb972758a6b","2015-02-16","hackernews","title","1"
"DELL","ae9bce55-82c8-5bf3-9031-e58c94ed0587","2018-04-11","hackernews","title","1"
"ADBE","aea22c2e-8346-5199-ac1d-98462c4e2e49","2019-04-26","hackernews","title","1"
"INTC","aeaccadc-31c2-5600-897e-6b255c25f8ff","2025-07-04","hackernews","title","1"
"ADBE","aec08e29-2bd1-50e0-a94d-402baf72a3d7","2017-03-16","transcripts","earnings_call","28"
"ADBE","aec772c2-1b74-52d3-8239-668ea4f2d315","2019-09-17","hackernews","title","1"
"ADBE","aed8460d-c8b6-57af-81a3-e4dd6d7ca91f","2015-04-08","hackernews","title","1"
"MU","aed910b7-19df-511c-af23-e0a828a424c5","2020-01-09","hackernews","title","1"
"NVDA","aedef1b8-fe47-5b61-880b-694590e1fa26","2022-03-18","sec_filing","10-K","208"
"INTC","aedef966-9c45-5f86-816a-f9d5ad7e406e","2026-01-22","transcripts","earnings_call","31"
"NVDA","aef9e71e-7b50-5041-930f-8a31a49a96b8","2026-05-26","hackernews","title","1"
"INTC","af02b2d8-f92e-5a04-bb9a-a3281616b742","2016-08-24","hackernews","title","1"
"ADBE","af0608c2-4651-5b07-8868-ca62d6f96966","2020-09-09","hackernews","title","1"
"ADBE","af213275-3e2f-5852-9724-e21f16d434df","2021-02-04","hackernews","title","1"
"TEAM","af2343ce-6c0c-56bc-9af2-9802145c641a","2015-12-11","hackernews","title","1"
"WM","af4e0b9b-84eb-5613-9a4c-ae2cbe0a0068","2015-04-29","sec_filing","10-Q","118"
"DELL","af5c2cfc-b4bf-5a1c-bd60-94458e7a7daa","2016-07-20","hackernews","title","1"
"WM","af5e30c4-753d-56fc-93da-229dcb69aa2c","2022-01-12","hackernews","title","1"
"TEAM","af5ef2e1-7597-5232-987a-28237de68b83","2016-04-06","hackernews","title","1"
"ADBE","af8517f8-59e9-5c5e-b3f2-556e5007939c","2024-01-18","hackernews","title","1"
"ADBE","afaf0040-1234-5cf3-85fd-2aa293a66ef3","2019-12-16","hackernews","title","1"
"NVDA","afb13f55-21a9-593f-bd93-ffebf0119ae2","2022-06-08","hackernews","title","1"
"TEAM","afb821c6-25bb-5899-9b21-c8a475928fc6","2022-04-11","hackernews","title","1"
"CAT","afd3897b-b7a4-5ea8-9a6f-def995f2e15e","2020-01-31","transcripts","earnings_call","33"
"ADBE","afeaa3cb-57ba-5983-a44d-d9afb0f5b47a","2026-06-25","hackernews","title","1"
"ADBE","afee9f06-9653-5d7c-af55-cdcd485afafe","2015-08-26","hackernews","title","1"
"CAT","b01049a1-147f-5db5-b4cf-454169762658","2024-11-16","hackernews","title","1"
"NVDA","b018567e-58e4-5306-8ae2-dd15f2bbd38f","2026-08-11","hackernews","title","1"
"CAT","b02ca8dd-333e-5d70-bb8e-a84c818e78d9","2017-07-03","hackernews","title","1"
"NVDA","b035db6b-9975-584b-a20e-df2443718373","2025-05-08","hackernews","title","1"
"ADBE","b041547a-edb3-59c6-84d8-4f878ba53a51","2019-05-14","hackernews","title","1"
"NVDA","b04e5982-d04a-5554-9b15-92b6222eae52","2017-04-17","hackernews","title","1"
"MU","b0579251-19d7-5036-8644-db2df5125d22","2017-12-20","sec_filing","10-Q","106"
"PG","b05996fa-2121-5626-85a2-c54a8c27ccaf","2026-01-23","sec_filing","10-Q","91"
"NVDA","b06901af-1216-5cdc-965a-33dec1f4e00d","2020-12-06","hackernews","title","1"
"ADBE","b069fd09-6042-5b40-bcf5-bbad5fb6111d","2017-05-22","hackernews","title","1"
"ADBE","b06b3a06-b5a4-5425-818a-334cb238d289","2023-11-28","hackernews","title","1"
"ADBE","b076f00c-1b13-5fe2-96fb-8bf573a038a9","2024-06-13","transcripts","earnings_call","36"
"MU","b09b2fb5-16f9-5743-a676-aa4cc6426a6b","2023-10-01","hackernews","title","1"
"CAT","b09d9d30-c76c-55f4-ab89-df16f545f750","2020-10-25","hackernews","title","1"
"INTC","b0b17872-8408-501e-a558-589c2590c53a","2016-05-27","hackernews","title","1"
"CAT","b0b423ab-1ccf-5d89-aa2a-1d2ba80bff51","2017-07-24","hackernews","title","1"
"NVDA","b0bb454f-aa79-5218-8137-65226c658336","2015-03-12","hackernews","title","1"
"INTC","b0c021c9-4bd5-5a09-b806-06c486e8a546","2016-09-16","hackernews","title","1"
"INTC","b0c80c4d-bf96-5a48-8244-f78f1dc46027","2015-11-16","hackernews","title","1"
"ADBE","b0d96667-2c84-5a37-a48a-a5eecfb5d3eb","2016-07-25","hackernews","title","1"
"INTC","b0e0139f-a21d-5aa2-8521-4c16ac6ad8df","2025-10-09","hackernews","title","1"
"DELL","b0eae100-479e-54e7-94f1-247529f38dc7","2024-06-20","hackernews","title","1"
"INTC","b104832c-9b87-5f77-b04b-e9a7f1e0d0db","2023-10-26","transcripts","earnings_call","37"
"ADBE","b11ca866-980f-5dae-b8bc-60beeb4ff28c","2023-03-21","hackernews","title","1"
"INTC","b11d08a2-40e3-5ed6-b09f-fe42b3329112","2018-05-10","hackernews","title","1"
"NVDA","b11eec88-6d43-59d1-aa78-ccc9407918d5","2026-01-16","hackernews","title","1"
"INTC","b121f4ac-8d77-5bb5-a36f-8aa939a503c1","2020-12-29","hackernews","title","1"
"INTC","b127de99-4039-57ce-a744-499675da07e7","2024-05-18","hackernews","title","1"
"NVDA","b13c800c-a470-5736-921c-7d9b41a171ad","2013-08-21","sec_filing","10-Q","142"
"ADBE","b14b46d8-365e-5d37-80cc-3c0149facbd4","2017-01-15","hackernews","title","1"
"ADBE","b15a98a9-9e7b-5390-81a1-9a61a231a433","2017-08-30","hackernews","title","1"
"INTC","b1618524-0475-5bbb-a7e0-14157f0c2bf3","2026-02-27","hackernews","title","1"
"WM","b1663768-8be6-587c-a5b8-fee084730228","2014-04-24","transcripts","earnings_call","35"
"ADBE","b16b0a10-0d9e-5492-ac56-413e0c5e2c13","2020-10-29","hackernews","title","1"
"DELL","b16dde2a-e9b6-5984-9a35-a88a92de7178","2024-05-08","hackernews","title","1"
"DELL","b16f70f6-0148-50d0-96e3-909214625205","2020-03-03","hackernews","title","1"
"DELL","b17e6b4a-8453-58a4-8226-2b37941c48b1","2017-07-10","hackernews","title","1"
"NVDA","b18e5bed-f6ae-50b4-bbd9-bfe62821751e","2023-09-04","hackernews","title","1"
"INTC","b1928337-9aa4-5f62-bbf6-e82cf3b6cc24","2019-02-12","hackernews","title","1"
"MU","b1ade0b2-d96e-5451-910d-8823e37f6e3d","2023-02-14","hackernews","title","1"
"NVDA","b1be33f5-0c5d-54ed-98d7-c2ad995fda86","2021-11-18","hackernews","title","1"
"NVDA","b1bf78cc-3b79-5904-b32e-46e9a86a7fd0","2024-02-15","hackernews","title","1"
"DELL","b1cf25df-cf79-5cf7-94e7-e0d3243a9384","2018-11-30","hackernews","title","1"
"NVDA","b1e3a7e6-fecc-50fa-a877-5916df038522","2019-02-03","hackernews","title","1"
"NVDA","b1f10297-887b-55a6-b28f-bf904f43de78","2017-02-07","hackernews","title","1"
"ADBE","b1f66965-6619-5a80-a00d-8da50276b7c1","2024-07-10","hackernews","title","1"
"ADBE","b1f8b4d9-53fb-5b1d-a41c-634fe1869ff4","2019-06-18","hackernews","title","1"
"TEAM","b1fbce07-4248-5236-a175-ff99aed709ce","2023-10-18","hackernews","title","1"
"WM","b1ff995a-54e0-5e29-8677-5c2596c2a66d","2021-04-27","sec_filing","10-Q","94"
"TEAM","b2007255-5555-5d4c-ae5a-bb5fcf1f06e2","2019-08-23","sec_filing","20-F","359"
"INTC","b2100dd4-b6f8-5a1a-bca4-fc7b38555112","2025-04-10","hackernews","title","1"
"INTC","b2102d05-8e97-5546-93fc-b3ed86cf701e","2025-12-19","hackernews","title","1"
"DELL","b23de282-8ac0-57ad-822e-5f34a8ff5bd7","2025-09-22","hackernews","title","1"
"DELL","b24f70d6-9525-55f4-86a0-b91764f938fc","2022-06-01","hackernews","title","1"
"NVDA","b251fa5e-dbd6-5e6d-a451-04ae54078f84","2016-08-15","hackernews","title","1"
"INTC","b266da5a-ab7e-542e-bf83-fedfce7fa892","2026-04-24","hackernews","title","1"
"INTC","b2682e3e-7cc8-5c28-b0b3-caccd047f060","2018-10-08","hackernews","title","1"
"TEAM","b268c61c-aaef-59e5-a5c2-97e22fd515bf","2018-09-04","hackernews","title","1"
"NVDA","b2691109-090d-5526-a54e-3f7db0099812","2018-01-08","hackernews","title","1"
"INTC","b278046f-9328-5b0e-b97d-b2ea43a75274","2024-08-01","hackernews","title","1"
"ADBE","b29b4885-367c-5d27-84fe-cb365d6fa4e1","2018-02-06","hackernews","title","1"
"NVDA","b2a6c9bd-6700-5d96-9bf5-54701c6a0612","2022-01-17","hackernews","title","1"
"NVDA","b2afc5f2-1b92-5af4-8790-43f5e05df987","2018-03-20","hackernews","title","1"
"NVDA","b2da7136-fa1b-51ab-85a7-9da868ef7106","2018-11-15","hackernews","title","1"
"ADBE","b2df2926-14c5-548e-9d41-ac66985727f8","2025-04-11","hackernews","title","1"
"ADBE","b2e13401-f962-5fbd-b945-d2b9a1503a8f","2015-09-16","hackernews","title","1"
"TEAM","b2f36514-690a-523b-8b44-5074e07b0e50","2020-11-12","hackernews","title","1"
"NVDA","b300e243-d0c5-5cfd-abce-5bb5bb900f14","2022-03-04","hackernews","title","1"
"NVDA","b3031274-e958-50f7-8d34-c4410927767c","2018-07-10","hackernews","title","1"
"ADBE","b3066907-046d-5db8-8c12-145b9d2399b4","2023-09-18","hackernews","title","1"
"MU","b30be4f4-1c4d-5466-a56b-9339b17cb71c","2022-12-21","hackernews","title","1"
"ADBE","b3357a43-16bb-509e-a19a-9850ebedb8b0","2026-02-02","hackernews","title","1"
"NVDA","b337e891-9cfc-54f3-a030-c489802205b2","2023-07-19","hackernews","title","1"
"TEAM","b3472dce-91ee-53c6-836d-ba3008639aab","2022-05-12","hackernews","title","1"
"NVDA","b34b2468-fc8e-5b47-9857-571d1a06fc3c","2016-03-21","hackernews","title","1"
"NVDA","b352d7a4-7f5d-5459-aefa-676039846c96","2026-04-10","hackernews","title","1"
"INTC","b3579b4a-590d-502d-b265-401cfa25efb3","2024-04-03","hackernews","title","1"
"NVDA","b35f3c28-f5bc-5935-94f0-8d29f79cf72b","2022-07-14","hackernews","title","1"
"ADBE","b36615bd-a504-59b2-86cc-c95faa0bbf9a","2018-11-12","hackernews","title","1"
"DELL","b38189c4-30cb-51a8-bce1-c7bcc007d7fe","2021-06-24","hackernews","title","1"
"DELL","b38841df-be2a-5c84-a565-4bf44522d207","2015-10-08","hackernews","title","1"
"MU","b39ac558-116f-570c-9cc2-5e53f86bd2ab","2025-06-30","hackernews","title","1"
"ADBE","b39b7563-1035-5663-9d82-846c5c93c905","2015-09-16","hackernews","title","1"
"INTC","b3a28cbd-74af-5dda-a7e8-f36df434208d","2021-11-03","hackernews","title","1"
"DELL","b3a94783-5c86-58d2-b931-fadd1326d13d","2015-10-12","hackernews","title","1"
"INTC","b3c33585-6eb2-5b25-848b-de1fada5e680","2017-04-27","sec_filing","10-Q","68"
"NVDA","b3c9f263-0e77-5e08-8818-45e54453bab9","2019-11-06","hackernews","title","1"
"ADBE","b3cbb05c-9523-5c96-8b17-b0f6bd6bb744","2015-03-25","sec_filing","10-Q","156"
"TEAM","b3dc379e-3314-570c-bc94-77fed87ce4be","2016-05-23","hackernews","title","1"
"MU","b3dc7bba-6571-5a6a-b79a-b36ea0965223","2022-10-04","hackernews","title","1"
"INTC","b3e3d689-6760-5168-aa36-e2963b7a606a","2023-02-01","hackernews","title","1"
"CAT","b3f0490c-83a8-5bc5-a609-9210a90c125d","2019-10-23","transcripts","earnings_call","35"
"DELL","b3f2f4cf-394c-5eb0-8b35-0062c55d96d8","2023-10-12","hackernews","title","1"
"DELL","b3f85529-ff8b-55da-8dd4-44c986622072","2016-05-13","hackernews","title","1"
"TEAM","b3fc1fd7-e7f6-5abb-96f8-0a1bace74dbb","2017-01-16","hackernews","title","1"
"INTC","b401d6b0-a540-5579-bb41-ee7652ae399c","2020-12-13","hackernews","title","1"
"INTC","b416b004-bb36-5af0-9c64-1d1b71ab1023","2021-01-22","sec_filing","10-K","319"
"INTC","b4223f5a-fcdc-5ac7-b88f-2b7a63ed259b","2023-02-18","hackernews","title","1"
"DELL","b432619b-7be3-5fe8-af34-caf0e5f8fd9c","2017-06-12","hackernews","title","1"
"DELL","b44b5831-3b38-5587-af4f-1f72d8e2f704","2017-03-14","hackernews","title","1"
"NVDA","b4523989-ad55-5508-aa71-fe1314b61d21","2024-11-02","hackernews","title","1"
"TEAM","b45ab36f-77cf-527c-a8a9-efa064cdf482","2025-04-20","hackernews","title","1"
"DELL","b45dce57-eae1-518d-843e-b325c6558bdb","2020-11-17","hackernews","title","1"
"MU","b47bf12e-5cad-5ea1-9286-2040b88893c8","2026-04-29","hackernews","title","1"
"ADBE","b47ec6c9-ec1e-5abd-9c4c-52d9be5fb181","2020-02-25","hackernews","title","1"
"INTC","b47fe0e1-ba39-570a-b60b-51d06f31d737","2022-01-26","sec_filing","10-K","327"
"INTC","b4853c43-09c0-53e4-b353-13ae86f4ee82","2025-11-19","hackernews","title","1"
"ADBE","b48df25e-f907-5ef8-89fd-30d97337b2ba","2021-06-22","hackernews","title","1"
"DELL","b4a1d9e0-015b-5da1-9f96-29506949afec","2024-07-22","hackernews","title","1"
"DELL","b4d47d5e-d6e4-54a2-b521-d6b361557aa4","2016-09-07","hackernews","title","1"
"INTC","b4dc29e5-3331-58bc-98fb-598fb0033361","2019-02-01","sec_filing","10-K","294"
"INTC","b4e84e48-abfd-501a-b9b1-294237337a6e","2015-06-08","hackernews","title","1"
"TEAM","b4fd1aff-cfd7-54bc-a835-d30b442741b3","2024-12-23","hackernews","title","1"
"INTC","b4ffffb2-1a9c-55fb-96dc-300059484531","2020-09-17","hackernews","title","1"
"INTC","b50762cd-ba35-5fb0-8490-d25265a862bb","2024-01-22","hackernews","title","1"
"NVDA","b50a3f47-a589-59b5-aa3a-9b2dd10a2c80","2016-04-21","hackernews","title","1"
"NVDA","b524afab-a665-583b-9a0c-23866f3a0c91","2016-07-20","hackernews","title","1"
"ADBE","b5298995-abea-5748-85fa-56675e7f40aa","2019-10-08","hackernews","title","1"
"INTC","b52c8d13-87c8-5af4-910f-41afe7651fc2","2014-10-29","sec_filing","10-Q","123"
"NVDA","b541e9de-5d2f-50d2-b6f9-4c235f5cb88b","2024-03-04","hackernews","title","1"
"INTC","b546d04f-0c0a-510f-a7b4-fe5a55047ca0","2025-12-01","hackernews","title","1"
"NVDA","b54bd4dc-e3d0-5e13-986d-fd7aacb90fd8","2024-05-17","hackernews","title","1"
"INTC","b54be0e4-d587-502e-a5f0-c4a180fac926","2015-10-21","hackernews","title","1"
"CAT","b5501356-7b2e-5738-9074-438f7777076b","2023-08-02","sec_filing","10-Q","170"
"INTC","b55ac68e-fa92-52cf-9cb7-1b89f9de9374","2020-11-12","hackernews","title","1"
"NVDA","b55af01e-27fc-5958-8524-b669c963fa22","2026-03-16","hackernews","title","1"
"ADBE","b55fdf23-ef12-51a3-9020-ce02d83cd6b2","2026-02-04","hackernews","title","1"
"MU","b5618152-1588-5190-8fbb-ac7eb6baf502","2026-09-12","hackernews","title","1"
"NVDA","b5666f13-4f82-529c-9c1f-3c5a3beea8d5","2016-05-07","hackernews","title","1"
"INTC","b56e0e44-e91a-5c89-9226-12a5e4999efc","2024-06-06","hackernews","title","1"
"ADBE","b576d9f1-f6fc-54fd-bb70-5dd09b09132f","2015-03-02","hackernews","title","1"
"INTC","b5780d1b-532e-50ed-8a16-f2c5151e6b14","2024-05-29","hackernews","title","1"
"TEAM","b57909f6-04d5-599b-b96f-a88e590b2c0b","2016-07-20","hackernews","title","1"
"INTC","b57aaf11-7678-5b1b-9592-50112859cfb4","2019-04-25","sec_filing","10-Q","71"
"INTC","b57c663f-0f2b-558c-9f1d-ee27845e3748","2025-07-24","transcripts","earnings_call","30"
"ADBE","b5836537-1c95-5c84-a1ca-caded1c6432e","2021-04-13","hackernews","title","1"
"NVDA","b5acc169-5853-507b-b941-a17ed408d28b","2015-05-26","hackernews","title","1"
"NVDA","b5b7df3b-14bd-58ea-ac78-f26f317b75da","2021-03-15","hackernews","title","1"
"ADBE","b5bed3ca-6194-508d-ac5d-00e2db800c85","2015-07-15","hackernews","title","1"
"TEAM","b5dfed11-9e5b-5961-9161-0a7f097408c9","2015-09-25","hackernews","title","1"
"NVDA","b5ea8691-e272-53fe-bf98-77d0b0afd60c","2017-02-10","hackernews","title","1"
"ADBE","b5f4dc63-1caf-5438-a3a2-bc9214b405a2","2023-11-28","hackernews","title","1"
"INTC","b60997a4-41bd-5f07-a234-c7f325e64cb5","2023-07-07","hackernews","title","1"
"MU","b616da54-d3e6-555c-81f0-cfe810d36779","2017-10-09","hackernews","title","1"
"INTC","b61f86e2-c1a9-50f3-b2dd-adf9c2635067","2016-08-17","hackernews","title","1"
"NVDA","b6241ce5-4697-5422-8a40-ca5cd694f4a6","2022-10-14","hackernews","title","1"
"NVDA","b62dcf10-ea1d-56a1-96d2-a7abcbd92ee0","2019-12-19","hackernews","title","1"
"DELL","b632971e-ca03-5a62-b2ec-61bf0b549bbf","2017-03-31","sec_filing","10-K","438"
"TEAM","b6345596-d9ef-5b1c-a7be-2aa667a144e3","2019-07-05","hackernews","title","1"
"INTC","b63d00b9-1c79-5ce7-8aa0-12dd746c3a59","2018-08-23","hackernews","title","1"
"NVDA","b64228e8-e16e-5813-a0b5-b1a58a42ef08","2019-12-05","hackernews","title","1"
"NVDA","b6502b94-621a-5245-97a8-aa1262f53990","2019-08-26","hackernews","title","1"
"DELL","b65d8ffc-b173-5285-810f-122caf51939e","2018-05-25","hackernews","title","1"
"INTC","b676c32b-cd12-5799-905f-0d9edd2917f0","2026-07-11","hackernews","title","1"
"DELL","b67b3e08-4ae2-55db-b5e6-74585bd0dc0d","2023-09-10","hackernews","title","1"
"ADBE","b67f28d0-8f16-5470-873d-3bd4fc2c67f2","2016-09-26","hackernews","title","1"
"ADBE","b6851b76-be40-5d5c-ad22-f4f77a39e2b4","2015-08-05","hackernews","title","1"
"NVDA","b6876c7c-175f-5568-b551-6e980348fad6","2016-11-14","hackernews","title","1"
"MU","b692c911-3a34-526c-b1d9-03979873e3be","2018-09-03","hackernews","title","1"
"ADBE","b69588fa-0e59-57c2-8f14-d3a872f3daf3","2017-07-25","hackernews","title","1"
"ADBE","b6ad59f8-553f-54f1-ae48-33e93a5e3c8e","2019-12-16","hackernews","title","1"
"MU","b6b5da9f-f26e-55c6-99a5-80c1f1ed3a8a","2022-03-30","hackernews","title","1"
"DELL","b6b889d7-6c96-5ab2-a7a0-48902b4625bc","2020-02-04","hackernews","title","1"
"INTC","b6c1e6e5-4650-5e0f-88fc-c12e3a89fe6d","2021-04-06","hackernews","title","1"
"MU","b6c2c317-9a4b-5e1d-838e-3dfefa206628","2023-12-11","hackernews","title","1"
"INTC","b6cbc880-4bb0-5c5c-bae8-cc830e9e3826","2016-08-16","hackernews","title","1"
"TEAM","b6cf77e1-4119-5851-891b-d7d2de08aa2c","2025-09-04","hackernews","title","1"
"INTC","b6d1a66c-5d45-59a2-8984-5835077071c4","2024-12-11","hackernews","title","1"
"INTC","b6d74ddf-eff5-5df4-82ce-b93ffe6460a7","2020-03-12","hackernews","title","1"
"INTC","b6f35046-f122-58a6-aa3d-381b493ea895","2025-01-28","hackernews","title","1"
"INTC","b71b2d05-c58a-57c3-9a0d-fd71e78b1371","2015-06-12","hackernews","title","1"
"INTC","b72befa5-498b-56aa-b632-8a4abc7e5f67","2021-12-13","hackernews","title","1"
"NVDA","b7307197-fc09-5343-a438-ac205c0cc122","2015-02-05","hackernews","title","1"
"NVDA","b737c8b0-d14b-5745-9aaa-7a932365ed41","2024-05-22","hackernews","title","1"
"INTC","b74d2488-a7b0-50f0-9137-59a37e32f5ad","2022-12-08","hackernews","title","1"
"DELL","b7596785-def4-5c38-9a7e-86f6df441e9b","2019-07-25","hackernews","title","1"
"DELL","b75e9e02-9f52-56f0-b589-24f93af288c5","2024-03-25","sec_filing","10-K","352"
"NVDA","b782e38a-cfdc-50ac-9062-09ee6d669a9a","2022-06-30","hackernews","title","1"
"NVDA","b787d5d4-6f4f-5b8e-86c2-86232215a05f","2019-03-19","hackernews","title","1"
"INTC","b7974bac-0f49-5171-8dba-9c7ef9b1f933","2026-08-06","hackernews","title","1"
"INTC","b79a6397-3a9c-5c7b-99ea-b31b2ab04a62","2016-08-16","hackernews","title","1"
"DELL","b7a43f64-1f17-5199-a05c-912ffec84ad0","2015-06-13","hackernews","title","1"
"INTC","b7a576df-2f84-51a4-8808-14e157e49827","2022-11-25","hackernews","title","1"
"TEAM","b7ab0ebd-cffa-5b28-bddf-972ca84bfce4","2017-11-27","hackernews","title","1"
"ADBE","b7c8c258-626f-5cf5-8557-b29918aeb5f7","2024-05-01","hackernews","title","1"
"DELL","b7ca90ea-d89c-5855-9d05-a0b95b24ac1d","2023-07-03","hackernews","title","1"
"NVDA","b7df64dc-6e08-5bff-af5d-3c89b16f6494","2015-04-25","hackernews","title","1"
"PG","b7e065d9-0da0-5e99-b160-5c3a797f5e1f","2021-10-19","sec_filing","10-Q","72"
"MU","b7e2e541-5748-5539-b96e-16e4f02afc1f","2025-08-04","hackernews","title","1"
"ADBE","b7e5f3e1-7aef-5223-a045-f0fdfe02411c","2022-06-29","sec_filing","10-Q","146"
"MU","b7eca7b2-fa3a-55ef-b42b-a0c033c724ba","2024-07-23","hackernews","title","1"
"TEAM","b7f7b48b-f0a9-52bd-991c-501d2889ba71","2020-07-27","hackernews","title","1"
"MU","b802a63c-59d2-5b14-beb4-cb34a726a61d","2024-04-24","hackernews","title","1"
"TEAM","b80ae6bf-8c44-5599-8976-03fc5e9fbd88","2018-04-19","sec_filing","6-K","4"
"INTC","b80e09fd-da39-509b-bd7e-fd91d3bfb698","2021-02-26","hackernews","title","1"
"NVDA","b81b40a0-c5c4-5a3f-ab72-4d209cb25061","2021-06-01","hackernews","title","1"
"INTC","b81b8be4-a284-5f31-8ad9-a7c1fe055b16","2018-04-27","hackernews","title","1"
"NVDA","b8392d49-899c-504d-94d3-1bb995d24fae","2020-05-01","hackernews","title","1"
"INTC","b839a3c7-063c-5ccf-a745-ee5789c9f976","2017-08-16","hackernews","title","1"
"INTC","b83b66ea-e882-57be-bf93-d6c502a2a426","2018-09-18","hackernews","title","1"
"ADBE","b83fefc1-867d-588d-8589-5f0419771945","2018-09-24","hackernews","title","1"
"CAT","b84eca4c-82de-556f-b9ea-f1b0a43a3ebe","2026-04-15","hackernews","title","1"
"WM","b85a2ec9-0fe0-519f-a00b-0011f5f564e4","2014-04-24","sec_filing","10-Q","110"
"ADBE","b86635b8-dc50-525c-b457-e09e0c900dd5","2021-06-25","hackernews","title","1"
"NVDA","b87b46fa-4f2d-5e54-83ae-6d3986d29eda","2019-01-07","hackernews","title","1"
"INTC","b87e7c2d-e197-5c17-89a4-c8cbb8e58663","2018-08-23","hackernews","title","1"
"DELL","b87e8779-30da-548e-8c23-71b1ac3fd6a4","2019-12-09","sec_filing","10-Q","217"
"MU","b88a67a5-2fb4-5b16-9694-9e6ace166798","2026-07-25","hackernews","title","1"
"WM","b88c97fe-8bfd-5fc8-aee7-27d9e94651d6","2014-02-18","sec_filing","10-K","404"
"NVDA","b88df370-480a-538b-93eb-8fab0a600ed7","2023-11-13","hackernews","title","1"
"TEAM","b892d1a3-e30e-5403-b023-898f12b97c88","2023-11-08","hackernews","title","1"
"TEAM","b8a04b4a-9cd6-5a75-a3bd-4f6bc826a2a5","2021-05-19","hackernews","title","1"
"NVDA","b8a51796-8f25-5f03-8fd7-caa5b349b171","2024-01-20","hackernews","title","1"
"ADBE","b8adb23d-9b67-5eb4-aacf-1d226c4cbede","2018-08-15","hackernews","title","1"
"ADBE","b8bfc998-9940-5065-9ea3-16ccdea1b445","2016-08-06","hackernews","title","1"
"TEAM","b8c3890e-041f-54dd-9201-b80c01c02951","2021-08-02","hackernews","title","1"
"ADBE","b8cde8e2-7893-5d5d-9b17-22b9dc308524","2017-03-29","sec_filing","10-Q","149"
"ADBE","b8cf454a-61fe-5303-a7f0-839aaa6bdecf","2016-03-13","hackernews","title","1"
"NVDA","b8de16b6-446f-5f7c-8f78-a0bb36ca0a2e","2016-06-12","hackernews","title","1"
"NVDA","b8e0bb0f-8950-5c04-8ec8-e2604eb83218","2019-05-18","hackernews","title","1"
"INTC","b8e2b146-d5e8-5cf1-8db3-bd68b9736bc8","2024-01-30","hackernews","title","1"
"TEAM","b8ed3d98-02ea-57cc-aad6-6ca4c5fdeaed","2017-10-10","hackernews","title","1"
"ADBE","b8f0c6fa-852b-5fc4-9085-1fbabbed8a31","2016-04-25","hackernews","title","1"
"NVDA","b9186af5-38dc-5df1-ad7b-b902474c1e16","2017-11-10","hackernews","title","1"
"DELL","b9276d2b-ff41-514b-9fc7-a10a45939cd5","2019-03-24","hackernews","title","1"
"NVDA","b9335edd-dace-5ce9-b006-2e58e2d9b64f","2021-07-19","hackernews","title","1"
"TEAM","b9370e80-a22c-5d2a-9579-12449ea83286","2025-08-07","transcripts","earnings_call","28"
"INTC","b944f061-3f54-5c4a-95a7-32694e79d77a","2024-05-31","hackernews","title","1"
"NVDA","b94b922f-6bd3-5f8f-bd2c-b466850398c7","2018-03-26","hackernews","title","1"
"NVDA","b95de225-318d-550d-9bc4-46cafb2b3d75","2024-06-17","hackernews","title","1"
"ADBE","b960def3-78cd-5651-a023-ba6a1cdeb05e","2015-12-28","hackernews","title","1"
"INTC","b9653272-bfd1-56f9-aac6-7ee36f42fdcf","2015-09-24","hackernews","title","1"
"DELL","b96fc194-3703-534c-9e52-b11295d3d7fc","2021-03-21","hackernews","title","1"
"NVDA","b97639a5-8847-50af-82ec-95b4c76eb995","2023-03-06","hackernews","title","1"
"NVDA","b99a5c62-b419-51a3-8d5a-74d5b264e341","2015-01-05","hackernews","title","1"
"MU","b99dcee8-b325-5a3b-930b-58c8e22c379b","2025-09-24","hackernews","title","1"
"NVDA","b9a2768b-1038-5e88-a33f-63795ad6dacf","2017-07-28","hackernews","title","1"
"NVDA","b9ac108f-655a-5ffc-9a32-5c3acf6ffbe2","2017-01-26","hackernews","title","1"
"MU","b9adf931-d075-5706-91c7-36f7c4db1dd4","2023-11-11","hackernews","title","1"
"ADBE","b9b1341d-4364-5457-8ccc-1fbb15656502","2015-04-21","hackernews","title","1"
"MU","b9b99aa9-2663-5ea7-8f23-d975d779cfc2","2024-09-26","hackernews","title","1"
"INTC","b9bbc5d6-b25c-59c0-861e-2840916c70e7","2025-11-13","hackernews","title","1"
"DELL","b9ecac69-b3f9-5e42-9b87-a07f8b531f61","2021-07-19","hackernews","title","1"
"ADBE","b9ff2f37-6948-588e-baaf-b981880302b8","2024-07-23","hackernews","title","1"
"DELL","ba105639-5462-5232-8ab0-c2cfda1974ef","2015-12-10","hackernews","title","1"
"TEAM","ba2d7820-3092-5978-93f1-8b4e4a455a01","2015-11-09","hackernews","title","1"
"DELL","ba349d56-cd55-5121-bbd9-653653d3209e","2016-09-12","hackernews","title","1"
"NVDA","ba38a9a4-9eb9-5401-a394-6b2c9688b72c","2018-12-03","hackernews","title","1"
"DELL","ba75bf09-fa02-5e50-9f4a-18fdcf82207b","2025-12-05","hackernews","title","1"
"INTC","ba9124e3-8d14-5f10-9f0a-1cecea9dbc48","2021-07-26","hackernews","title","1"
"WM","ba9591bd-e6bf-5977-a2a7-383b9721043f","2024-09-18","hackernews","title","1"
"ADBE","ba9614fd-6d52-5a5d-a94e-e9b0f332c64a","2018-12-07","hackernews","title","1"
"CAT","baa73d3f-8fc1-5e3e-96ad-5291eafa53a0","2021-05-05","sec_filing","10-Q","144"
"NVDA","baadda96-3068-549f-ac7b-e01d0e814a64","2017-05-09","transcripts","earnings_call","28"
"DELL","bacbb513-6fa4-53c8-b8cf-b0c23e0e7080","2021-03-17","hackernews","title","1"
"WM","bae4c968-917c-5d87-b24b-e96a50d5cfda","2015-07-23","sec_filing","10-Q","129"
"TEAM","baf1ebd8-8898-52be-befb-a8c9963f853b","2023-10-31","hackernews","title","1"
"NVDA","baf2375e-6caf-524d-87bc-06733b0024db","2024-06-06","hackernews","title","1"
"MU","baf829fa-39ef-5199-88d0-4fe8aeb31c5c","2020-03-25","transcripts","earnings_call","31"
"INTC","bb06284a-e639-5f32-a9b0-ac3dd96dd806","2017-01-03","hackernews","title","1"
"INTC","bb078d53-6afe-5644-9ef9-8ca3fb9533e4","2016-06-15","hackernews","title","1"
"NVDA","bb0ca817-fe4d-5eac-a922-8c2da157c5e8","2022-12-01","hackernews","title","1"
"DELL","bb1a3266-f838-5891-a5d1-72c8f80cd4f7","2022-02-14","hackernews","title","1"
"NVDA","bb33fa5f-4246-5531-93e0-9b01466247db","2021-11-29","hackernews","title","1"
"INTC","bb39b547-1013-568d-bcb4-031bb44402c0","2025-04-28","hackernews","title","1"
"NVDA","bb3a65a3-7fb5-591b-b48e-2cdf61e476b1","2020-06-23","hackernews","title","1"
"INTC","bb4536a9-9021-55d9-a614-2cdc4daf1810","2024-10-16","hackernews","title","1"
"INTC","bb4d8313-4044-5210-950f-7005c6e59490","2020-03-20","hackernews","title","1"
"ADBE","bb5aef7d-d99f-5639-841b-44188f435b0f","2025-09-24","sec_filing","10-Q","138"
"MU","bb5d3c55-af08-58ca-bb8f-ef7e183f01c7","2024-05-13","hackernews","title","1"
"INTC","bb680554-88dd-5198-aed5-9f3643d5778d","2021-04-22","hackernews","title","1"
"CAT","bb6cf04d-8e6c-5a81-8c25-40df0f5af971","2023-03-21","hackernews","title","1"
"ADBE","bb78c3c9-994a-5cdc-beb7-4209e260379d","2020-02-05","hackernews","title","1"
"NVDA","bb7d6cc8-ef6f-5817-9350-04bab2929952","2018-02-28","sec_filing","10-K","200"
"NVDA","bb7e9394-c2d5-5741-b280-03d77df29fa1","2016-09-28","hackernews","title","1"
"NVDA","bb80cf83-4bc1-54f8-90bc-16e342444d20","2019-01-23","hackernews","title","1"
"INTC","bb844720-f30f-5211-bb25-6746033721f6","2018-06-22","hackernews","title","1"
"NVDA","bb876161-3c34-5520-8bf6-d942d20fa71b","2024-08-04","hackernews","title","1"
"INTC","bb8a563a-e837-543a-924a-a7ddade75575","2026-04-20","hackernews","title","1"
"DELL","bb8df5f9-c70c-5e7f-9da7-cb87b3fccfc6","2018-07-02","hackernews","title","1"
"ADBE","bb8f92de-ebc3-5f39-8422-31d735c8f863","2019-07-06","hackernews","title","1"
"INTC","bbbd4438-71bc-5091-a839-1c81b5f1fa51","2026-08-25","hackernews","title","1"
"NVDA","bbc4dae3-e27f-5602-ae4d-28ec41e563bb","2022-03-24","hackernews","title","1"
"TEAM","bbc9af90-08b3-5979-a2f6-57c0245c728e","2016-10-12","hackernews","title","1"
"WM","bbdf5b99-b157-594d-afff-a5550a22d56d","2022-12-10","hackernews","title","1"
"DELL","bbf9292a-f920-5bfb-b3be-f165718a8bdf","2019-04-29","hackernews","title","1"
"NVDA","bc0c3f36-a539-5e60-be56-f4ba8ba9b495","2018-11-17","hackernews","title","1"
"NVDA","bc122d35-42e0-5440-8b43-adea5a56b50c","2024-12-18","hackernews","title","1"
"NVDA","bc15f6c8-2c82-5a39-bcab-4036430d8c36","2021-10-01","hackernews","title","1"
"TEAM","bc1eb24e-3dd3-56ae-91cb-e400d9686e42","2019-10-17","hackernews","title","1"
"INTC","bc292754-a00f-56c0-a769-c7bc354472df","2025-07-06","hackernews","title","1"
"INTC","bc4a45d7-f6ec-59c4-9b2c-7ef62c5aa15f","2017-03-19","hackernews","title","1"
"ADBE","bc4a6fa6-688e-5cf5-befa-c53066be7aa5","2020-02-24","hackernews","title","1"
"NVDA","bc53e1b5-07a9-5a4e-b961-d107d170c414","2015-01-05","hackernews","title","1"
"INTC","bc575495-3114-5f1f-82ae-96641db89a11","2018-07-25","hackernews","title","1"
"DELL","bc5dca0c-25d0-531c-b3ed-7226954c2d99","2019-12-20","hackernews","title","1"
"DELL","bc64a0a3-86aa-5a9d-849a-01a90253f01d","2017-03-07","hackernews","title","1"
"DELL","bc78812a-537c-578e-b6ae-2cc567183a3d","2016-02-24","hackernews","title","1"
"INTC","bc909d18-1c68-5ceb-b3eb-3e8b983cda69","2015-02-23","hackernews","title","1"
"NVDA","bc90dfa6-b4ae-58ed-8c99-f41f4c3abf51","2016-08-17","hackernews","title","1"
"DELL","bca6ebab-faf5-5bb2-b599-fa17ecf23138","2020-02-27","hackernews","title","1"
"NVDA","bcacb012-924c-53d8-9e97-eed3e04592cc","2021-05-18","hackernews","title","1"
"NVDA","bcb8643d-f396-5696-8d4b-4f463bc5508a","2021-05-18","hackernews","title","1"
"ADBE","bcbd6e8c-c226-5334-96b0-f723c935e660","2026-03-12","hackernews","title","1"
"DELL","bce53c35-2a01-5840-96c0-372afe8f3a8e","2026-07-15","hackernews","title","1"
"NVDA","bcfdde8f-a6e2-50da-8cf7-81bc957a9e38","2016-03-02","hackernews","title","1"
"ADBE","bcff5f2e-4a7d-5840-be51-281ee55e7812","2021-02-19","hackernews","title","1"
"DELL","bd086583-4386-5e22-ab16-8655a2abd487","2023-11-29","hackernews","title","1"
"DELL","bd0ea235-08ca-5b90-af34-2a556d504808","2019-05-02","hackernews","title","1"
"TEAM","bd145f34-8556-5318-917f-56cab4910f47","2025-07-07","hackernews","title","1"
"NVDA","bd15663f-b060-5cd8-ab69-e8d4c1a0c846","2016-01-20","hackernews","title","1"
"NVDA","bd249c1e-96a8-595f-bf3e-69383ff865c4","2023-06-18","hackernews","title","1"
"DELL","bd3019da-6a4c-579e-b383-cadb10cc3ed6","2015-11-23","hackernews","title","1"
"INTC","bd41f4d5-deb1-5c8d-8bd7-2d18b0d4b192","2015-01-27","hackernews","title","1"
"DELL","bd472105-5820-59fa-91d6-eced1d15455c","2023-03-17","hackernews","title","1"
"TEAM","bd4a2c2e-9c2a-53c1-b644-cdf55cdeb31a","2022-04-28","transcripts","earnings_call","34"
"NVDA","bd504a51-eb38-5fcb-9bf9-0a0cd4527422","2025-08-14","hackernews","title","1"
"NVDA","bd504b0f-7552-5d42-bcf8-6d75a74ef149","2026-03-09","hackernews","title","1"
"TEAM","bd600dc1-99ac-5a1b-9cca-4038512dcb8a","2020-06-24","hackernews","title","1"
"NVDA","bd67b37d-02bb-5f54-b4cc-073e878390b1","2022-09-23","hackernews","title","1"
"TEAM","bd6af88b-daa6-5a56-8817-cb34c55905fe","2018-07-27","hackernews","title","1"
"DELL","bd6e2fe1-9bfd-5a54-9bb3-37aa92d340ad","2017-10-10","hackernews","title","1"
"ADBE","bd7e5b6c-9ca0-5c49-913e-39f08c1a09f0","2015-08-13","hackernews","title","1"
"NVDA","bd7f510e-0496-5262-87e8-d0f3b630fa15","2023-07-03","hackernews","title","1"
"DELL","bd827e97-b439-5990-a7a9-fb13a7bb5be7","2026-05-21","hackernews","title","1"
"MU","bd88105c-6b13-554a-9d6b-26d292560af8","2026-06-30","hackernews","title","1"
"DELL","bd8c5662-6e78-5b37-bc30-cb6173b2a46d","2020-06-02","hackernews","title","1"
"INTC","bd8cb47e-08e1-5ec0-ba7e-9ee31ed068e4","2022-05-25","hackernews","title","1"
"INTC","bd8de522-b846-5cb4-880b-5edb9cf384be","2016-06-16","hackernews","title","1"
"ADBE","bda2e568-4e6b-5de6-997c-ddc68c401531","2015-02-18","hackernews","title","1"
"MU","bdb57114-c82c-5bd8-b384-db7147361a1a","2020-08-17","hackernews","title","1"
"INTC","bdc13822-a1fc-5763-b496-09bd13aa65cb","2019-12-12","hackernews","title","1"
"INTC","bdc27b99-3a00-510f-b5a8-5225ff488a4d","2024-04-22","hackernews","title","1"
"WM","bdc7dbbe-45cb-5166-88d9-adf0489d86b1","2021-02-18","transcripts","earnings_call","43"
"ADBE","bdda106b-4ca3-5b29-9337-195112910b9c","2021-09-05","hackernews","title","1"
"INTC","bddd9c03-b45b-59e4-b172-d3a0140af27d","2018-05-25","hackernews","title","1"
"TEAM","bddfced8-9d36-590d-bfb4-eb3691df22eb","2023-10-04","hackernews","title","1"
"DELL","bdea52bf-969f-5ec8-8a48-c0d733b963bd","2021-03-03","hackernews","title","1"
"INTC","bdf46349-8a13-5709-859e-a399535e4155","2019-04-26","hackernews","title","1"
"ADBE","bdf81263-4e56-5f7a-bddb-4f6d2c87733b","2023-04-17","hackernews","title","1"
"INTC","bdfade34-2993-51b2-bda9-0f5679f79d29","2018-04-03","hackernews","title","1"
"INTC","bdfb1c86-dda2-515c-832e-2135baaa3903","2026-02-08","hackernews","title","1"
"DELL","bdfc8b42-3606-52f7-baef-fdce6b13318a","2024-06-19","hackernews","title","1"
"CAT","be03cf6b-ac80-546b-9fd4-80918bec14e6","2017-05-03","sec_filing","10-Q","179"
"ADBE","be0435f0-93c4-5b85-b8c8-8a9e0ff6b74b","2018-07-12","hackernews","title","1"
"INTC","be0486b8-cacb-52b8-bb39-314193bbf4b8","2025-12-29","hackernews","title","1"
"INTC","be05e7e2-2e00-5ca0-9b35-4d036d761a24","2025-09-23","hackernews","title","1"
"MU","be28479f-0207-5bd1-a08f-c7c903028501","2022-12-25","hackernews","title","1"
"DELL","be2facf2-dc1b-5101-9735-65c5d76e0231","2016-01-07","hackernews","title","1"
"INTC","be35904a-6b33-5485-a6ec-3f5ecb87c341","2018-11-11","hackernews","title","1"
"TEAM","be38e0ed-b6d5-540e-9a23-b892369b57d6","2017-12-18","sec_filing","6-K","3"
"WM","be4ee847-c9a0-50a3-aac9-bd86eeaf046a","2018-02-15","sec_filing","10-K","327"
"INTC","be6358ab-1bb1-576d-a7a0-f2efcd46f920","2023-04-12","hackernews","title","1"
"NVDA","be83a510-7a6a-5fa4-b975-6a41f71a98d6","2018-06-21","hackernews","title","1"
"DELL","be89f432-2369-5439-97ed-2bc85bc9a0ac","2016-08-22","hackernews","title","1"
"ADBE","be8bf244-3be8-59f6-b6fe-a3cc2b93a9c5","2026-02-04","hackernews","title","1"
"INTC","be9357b6-3dc5-5e13-9cf9-a0c6dd8dce35","2015-02-10","hackernews","title","1"
"ADBE","be9d3c13-e119-50d8-b7ad-1d90a98a9286","2025-08-19","hackernews","title","1"
"NVDA","beb19b04-3e9e-5915-bc8b-d036b4d80218","2024-07-19","hackernews","title","1"
"MU","beb63bfd-6134-5405-88e7-3d65c55dd7ad","2023-12-20","transcripts","earnings_call","27"
"WM","bec35705-49c5-511f-94c4-53722a646f13","2022-02-02","transcripts","earnings_call","47"
"INTC","bee771a9-70d6-5ed6-89ca-88b4f1e66514","2024-01-20","hackernews","title","1"
"INTC","bef8926d-b365-5dc2-a584-0946eba40c0f","2019-03-20","hackernews","title","1"
"ADBE","bf007499-c5c0-58d5-b2d1-c2d304a094c0","2024-09-12","hackernews","title","1"
"TEAM","bf016f86-6f1e-5ebe-bb57-22652255ac1e","2022-09-21","hackernews","title","1"
"NVDA","bf07ccba-bd7c-5053-91e0-9b04160a6102","2020-08-19","transcripts","earnings_call","28"
"DELL","bf1a2526-98d1-5271-b17d-7f9d82f25ade","2021-06-23","hackernews","title","1"
"NVDA","bf32a1b6-0ba5-54ed-bd31-c87be7f2aef3","2026-02-21","hackernews","title","1"
"ADBE","bf34c6f8-739a-564c-a6eb-88110da310e6","2018-02-15","hackernews","title","1"
"TEAM","bf3503c8-1280-517b-8740-6290054c7c5b","2026-04-23","hackernews","title","1"
"ADBE","bf360f8f-f292-53ca-ade4-9d5894172d10","2016-09-08","hackernews","title","1"
"DELL","bf363b17-547f-5b7d-96eb-a20d0d849d7e","2023-10-31","hackernews","title","1"
"TEAM","bf38e266-ba5f-5bc6-b0cd-0d58664f035f","2020-10-17","hackernews","title","1"
"CAT","bf3c6d4c-9bd7-5a45-aa1b-e309f57bcaf5","2017-05-19","hackernews","title","1"
"DELL","bf3deac1-9dd6-5272-bb51-f91b0a070273","2015-10-13","hackernews","title","1"
"DELL","bf40cb76-31cb-54ab-808f-8623b9b562c2","2016-04-03","hackernews","title","1"
"TEAM","bf40ccb5-1713-5bde-b3ee-46f83429aab3","2017-08-29","hackernews","title","1"
"INTC","bf452548-2cc8-5c35-8ee0-1e3cb88eb9dc","2018-11-06","hackernews","title","1"
"INTC","bf6f9c97-f5d9-58c7-8741-c997431c4fe5","2025-02-28","hackernews","title","1"
"ADBE","bf747d6c-fb7a-5bca-8bb2-0e71fd830a1e","2015-07-08","hackernews","title","1"
"NVDA","bf752d04-43bd-5b8e-9586-ca6cb113f666","2026-05-06","hackernews","title","1"
"INTC","bf8f5651-7459-565e-be78-3f6c13b35a3a","2025-08-05","hackernews","title","1"
"ADBE","bf905c0c-582b-5d2b-84ea-d67983885925","2023-07-28","hackernews","title","1"
"INTC","bf94d7f3-3c62-57ea-9614-75651bc1e75a","2020-06-22","hackernews","title","1"
"NVDA","bf980eae-2f64-5918-9d9c-1d462f2058aa","2022-02-07","hackernews","title","1"
"NVDA","bf9c1cd3-4e38-50c8-ba60-46c47860c83b","2017-09-27","hackernews","title","1"
"INTC","bf9c5d12-77fa-5ed9-8688-ccbd62f4adeb","2017-02-26","hackernews","title","1"
"WM","bfa1bf42-8e95-5648-9a8f-d6523b6af639","2012-04-26","transcripts","earnings_call","30"
"NVDA","bfaab988-1868-5e55-bc52-57c0bb9cebcb","2015-06-25","hackernews","title","1"
"NVDA","bfabf8cb-7f82-5e0c-b2c0-126e0adbbb72","2016-03-12","hackernews","title","1"
"INTC","bfb9b060-9c64-5593-8930-ef50a92ad065","2026-01-11","hackernews","title","1"
"MU","bfbe7415-0414-555a-916b-cf87043d0027","2017-10-22","hackernews","title","1"
"NVDA","bfd20d90-7934-5f42-8ccb-bb19d83df48e","2022-03-05","hackernews","title","1"
"ADBE","bfe4b7a4-a432-5589-b903-79683c9dd0da","2023-11-07","hackernews","title","1"
"ADBE","bfed4851-3efb-5a91-ac79-03f2e55e2cb3","2018-05-15","hackernews","title","1"
"INTC","bff05b91-bba5-5975-beea-47d65732fb16","2025-06-06","hackernews","title","1"
"INTC","c0024024-94c6-515c-abab-4597b2bb361a","2019-02-22","hackernews","title","1"
"NVDA","c016e47a-2185-5b49-b7c0-f111c4627f44","2024-09-01","hackernews","title","1"
"NVDA","c01e0f01-250d-5fee-ba00-48aaa94223ec","2019-02-11","hackernews","title","1"
"INTC","c0226f8e-7629-5b7d-b136-06d6f20630aa","2026-07-23","hackernews","title","1"
"MU","c0274f63-8bf8-5a96-ac43-5303b66d564c","2019-09-22","hackernews","title","1"
"NVDA","c0295745-7bcb-5a7d-8913-fb179e8a8330","2020-08-15","hackernews","title","1"
"DELL","c031d354-422a-59de-b811-0aca15ce6ad1","2022-03-04","hackernews","title","1"
"TEAM","c03505b2-ee29-522c-91c5-40d48e79a392","2022-08-04","sec_filing","6-K","2"
"ADBE","c038a9a8-cb33-5a86-9abb-5513e7d2e477","2025-03-16","hackernews","title","1"
"INTC","c04646cb-9b43-53d7-90c4-af1d3c3e6412","2019-09-10","hackernews","title","1"
"INTC","c04ad8b1-ac1b-5682-81ec-94331b95a5f9","2016-11-26","hackernews","title","1"
"NVDA","c04d27ac-c6d7-5612-acf1-57df48ae19dd","2025-11-16","hackernews","title","1"
"DELL","c0506cd3-1fb2-5b2a-ac27-80d935931599","2015-06-04","hackernews","title","1"
"INTC","c056bbe4-b873-5c05-b465-6bdfa85b2d32","2017-03-09","hackernews","title","1"
"ADBE","c05cc5a7-9075-50b6-9aea-65fa67e567ad","2020-03-19","hackernews","title","1"
"MU","c083fa7f-3cd1-57f9-b929-615e3cba315b","2020-06-24","hackernews","title","1"
"ADBE","c095c4bb-09e2-5c69-b998-31150abd5926","2021-03-31","sec_filing","10-Q","135"
"INTC","c0a74a82-aa2b-5a0c-a4ec-547097ffdbc2","2019-07-17","hackernews","title","1"
"ADBE","c0a9173b-9056-5cc0-9d9c-b99a53d5088a","2017-04-24","hackernews","title","1"
"ADBE","c0b862fc-a2fc-5f2f-87ee-c3f8286e3a01","2021-05-04","hackernews","title","1"
"INTC","c0cb601e-e5d2-5037-ad97-2423749533d3","2025-02-19","hackernews","title","1"
"MU","c0cf0e38-92ed-545e-95a1-dfa3f5775e2a","2014-04-03","transcripts","earnings_call","33"
"ADBE","c0cf6c1e-ab7a-5e44-b812-4970e4c01218","2018-04-11","hackernews","title","1"
"NVDA","c0dd7719-eac3-5c25-b9f3-8466bbffb7b4","2025-03-31","hackernews","title","1"
"ADBE","c0e04174-8c06-5df7-99e5-af0b9a5192d7","2016-06-17","hackernews","title","1"
"TEAM","c0f2f30c-5df4-5c87-9eb5-502a32ad8186","2024-02-05","hackernews","title","1"
"PG","c1197f7e-894f-5365-af34-9401f56d60d8","2019-01-05","hackernews","title","1"
"INTC","c12d1f6f-91a3-5a47-8dba-f782a246c227","2015-05-28","hackernews","title","1"
"ADBE","c137277b-12b0-59f7-9da4-e0d143b62919","2022-06-13","hackernews","title","1"
"NVDA","c1421ffc-71e1-5203-8740-01601755fd19","2026-02-02","hackernews","title","1"
"NVDA","c1488993-a685-578f-9d03-09cf6a1a1a4a","2021-12-07","hackernews","title","1"
"DELL","c149a241-3e4e-5982-95a2-2358df2ffb34","2018-04-03","hackernews","title","1"
"INTC","c156abe5-c578-5da0-b78b-2fdfff35c90b","2021-05-20","hackernews","title","1"
"MU","c15927bf-689d-55cd-a060-a3c47a3e6d54","2026-05-06","hackernews","title","1"
"TEAM","c15a9d57-1731-5440-8c3c-d8007bb41c95","2026-07-02","hackernews","title","1"
"DELL","c17ddc3a-cf1a-5616-9320-b62f022445b4","2018-05-28","hackernews","title","1"
"INTC","c18d1663-5cb1-56e8-a32d-954e4bff7fca","2013-10-15","transcripts","earnings_call","29"
"INTC","c18f3cec-5002-5377-b509-091ba227a98b","2015-12-30","hackernews","title","1"
"INTC","c191c032-c453-57f7-b8ab-1551a1c17c47","2015-06-01","hackernews","title","1"
"NVDA","c194b56b-0152-52e2-9bb4-8ed22b9de85a","2022-08-17","hackernews","title","1"
"NVDA","c195e331-c1c8-59b5-9b60-d5f278e4fee5","2018-08-20","hackernews","title","1"
"CAT","c19e8df5-da42-53b4-a27c-3fe40f0badfd","2017-03-03","hackernews","title","1"
"INTC","c1a70047-00a9-5414-9462-04f6cf634258","2012-05-04","sec_filing","10-Q","85"
"INTC","c1aa95c1-fc1c-5465-a1fe-d86b986bfb53","2023-11-12","hackernews","title","1"
"INTC","c1af954b-e3fe-53ff-9274-d38ded232380","2023-07-26","hackernews","title","1"
"INTC","c1b1a8d5-3591-5c0a-9640-3cf8309100f4","2025-03-12","hackernews","title","1"
"INTC","c1b45aeb-9ead-5643-9d60-4dd67d7d45c2","2021-12-21","hackernews","title","1"
"ADBE","c1bccec2-d4dc-5e55-8685-eb265f5c29ae","2015-01-29","hackernews","title","1"
"ADBE","c1d22e2d-4dbd-5177-a9dc-02af7a55709f","2020-01-27","hackernews","title","1"
"INTC","c1d6cb08-6442-5763-8b74-cbb1ef783d83","2021-08-31","hackernews","title","1"
"ADBE","c1d6d27a-5ad2-5176-8ff7-49b5a30d9776","2015-06-19","hackernews","title","1"
"DELL","c1e35d10-c9b8-5a20-b2f2-f5a3a048ad46","2020-12-03","hackernews","title","1"
"INTC","c1e8280a-e1f9-5f0b-bf69-10edad867dca","2020-10-20","hackernews","title","1"
"INTC","c1f4263a-dbb1-5652-a45b-cfc29417a875","2018-07-22","hackernews","title","1"
"ADBE","c1fade81-144f-5dab-a291-18c69c113c6a","2016-12-02","hackernews","title","1"
"DELL","c1ff84fc-6750-5e94-9921-e20db544e697","2026-05-30","hackernews","title","1"
"NVDA","c2032ce1-d9aa-5c42-bb2f-992acb2461ba","2021-02-19","hackernews","title","1"
"INTC","c209347c-629f-5651-9bff-823e20f4ab0e","2018-10-23","hackernews","title","1"
"INTC","c2276f38-6d1b-5ca3-a12d-0cbfcdc86606","2025-04-04","hackernews","title","1"
"ADBE","c23e72af-9714-5e40-b235-2d1225e2c325","2020-10-05","hackernews","title","1"
"ADBE","c242198b-86af-5e0d-8532-8b10ea1b2bbd","2024-03-14","transcripts","earnings_call","38"
"INTC","c24534a0-d454-5a49-9843-8ff5f490a2f3","2017-11-27","hackernews","title","1"
"INTC","c24d5eab-bbbc-599d-9d99-3fa3cff7cdde","2025-10-09","hackernews","title","1"
"MU","c25d2496-2575-56a7-8f6e-cddce7ee692f","2021-03-31","transcripts","earnings_call","30"
"NVDA","c25f7d02-a2ba-509b-84ee-a6424fbece5f","2022-11-20","hackernews","title","1"
"ADBE","c2735db2-f6eb-58a5-90bc-4f5a077c21e1","2021-10-24","hackernews","title","1"
"TEAM","c27b5887-b783-5433-b094-9c06f9e6db80","2019-04-24","hackernews","title","1"
"TEAM","c28a5241-57a1-5b5d-bc95-c21f70078b24","2022-11-02","hackernews","title","1"
"MU","c298559a-a2fc-5ab3-9c15-7d35177880fa","2016-10-14","hackernews","title","1"
"NVDA","c29a9bdd-7772-5652-b0ea-fea39afbcbf9","2020-05-04","hackernews","title","1"
"NVDA","c2a2b6d6-8d56-59e5-83dd-9be0033dc77f","2018-04-23","hackernews","title","1"
"DELL","c2a68026-e158-58f0-8fd7-b192be12f8d7","2020-04-27","hackernews","title","1"
"MU","c2a6d3f0-147a-509a-9af5-d2c819d154d4","2012-03-22","transcripts","earnings_call","36"
"ADBE","c2ad766b-bcdb-5f90-90e3-dfdd5df3e594","2016-12-18","hackernews","title","1"
"ADBE","c2af2df9-1793-5287-adfc-23fa06585ddb","2023-07-27","hackernews","title","1"
"DELL","c2af7c05-910b-56d8-ab11-89ad1860d8e9","2021-06-26","hackernews","title","1"
"INTC","c2b9c0eb-d420-5bfd-9d31-16e1c8a91bbb","2015-03-27","hackernews","title","1"
"NVDA","c2c4cdc6-ff3b-595f-9aa3-35f81ad6a741","2024-04-24","hackernews","title","1"
"DELL","c2d699b2-3891-57e0-998f-1372bc72d08d","2024-09-06","hackernews","title","1"
"ADBE","c2dc94d1-1578-5a30-b0f9-47830030a2e6","2024-02-13","hackernews","title","1"
"NVDA","c2e16c3c-75cf-5dd7-bb5d-75cd7fcf8194","2022-01-10","hackernews","title","1"
"NVDA","c2e63ea5-b085-5d94-9497-d887ea14f4aa","2024-08-05","hackernews","title","1"
"TEAM","c2e828e3-52e8-5062-8e9e-9ff620b98b6e","2021-06-25","hackernews","title","1"
"DELL","c2f5453b-750a-5c22-939f-c03530bdbb05","2020-04-14","hackernews","title","1"
"DELL","c2fa8ff9-666d-59c1-8584-992a5bad9930","2026-02-24","hackernews","title","1"
"DELL","c3011b4c-280b-5c42-a2b4-fc799f129985","2021-11-02","hackernews","title","1"
"ADBE","c3074f6e-49b0-5ab3-a715-fab87811d2dd","2021-03-13","hackernews","title","1"
"INTC","c30e2620-f427-5bf5-845c-27fb79494b92","2023-04-27","transcripts","earnings_call","36"
"INTC","c318a2c7-b814-5975-8aa9-3d9fa263d0d5","2015-03-03","hackernews","title","1"
"ADBE","c320b686-4384-5913-8e56-8c503545d9e0","2020-12-09","hackernews","title","1"
"MU","c32c27ea-f1f6-5548-b0d2-227817af782f","2018-06-22","sec_filing","10-Q","129"
"NVDA","c33e322b-1490-5da1-9813-3257405b18a8","2017-08-25","hackernews","title","1"
"NVDA","c34815ca-ade2-5d12-b937-75efdf8443bb","2018-04-25","hackernews","title","1"
"INTC","c3513f2a-e6ce-5be2-b211-63bfb3702297","2019-10-24","hackernews","title","1"
"INTC","c356d458-31fc-5b37-ad96-5715fbc82c14","2021-12-30","hackernews","title","1"
"NVDA","c361d5bd-57b7-5d60-940e-119ff5db028f","2016-05-23","hackernews","title","1"
"TEAM","c3622b00-640e-5ac9-abad-88901943f70f","2015-07-03","hackernews","title","1"
"INTC","c36bfaec-702d-5936-9073-78be37d121a3","2023-06-06","hackernews","title","1"
"TEAM","c36d93fb-ca4e-528e-bfe6-cdd18ac636d1","2016-02-16","hackernews","title","1"
"DELL","c3714664-b173-51b2-90df-cdd4e1123ca2","2026-05-08","hackernews","title","1"
"TEAM","c376add4-faba-5f98-a731-4635591ec05d","2024-12-10","hackernews","title","1"
"ADBE","c37ee44e-2839-5e2c-abd4-f118a3fce636","2022-04-05","hackernews","title","1"
"INTC","c37f438c-9167-57f0-b435-6ad854f92a83","2018-09-29","hackernews","title","1"
"INTC","c381f665-f5b5-5c2e-98a2-317fe4cf6a3c","2026-05-01","hackernews","title","1"
"TEAM","c3889c65-4a52-575a-a6b8-baba39d42a4a","2022-04-18","hackernews","title","1"
"INTC","c38a9035-95d4-5d07-8f37-0dab1b0d8057","2021-03-30","hackernews","title","1"
"DELL","c38e8454-d912-5dc4-8ba4-fda9d4ac12da","2023-01-15","hackernews","title","1"
"INTC","c39482db-ae40-52c0-b894-eef4c4f78b9d","2016-09-06","hackernews","title","1"
"ADBE","c3994cf8-c1ac-59cf-9eb4-9b6143e26d84","2024-05-26","hackernews","title","1"
"DELL","c39ac8c6-be12-559d-a5bc-bff9d35772ae","2018-03-29","sec_filing","10-K","443"
"TEAM","c39cc1ae-73fc-5ee7-a3b4-280259322e5c","2021-06-24","hackernews","title","1"
"DELL","c3db2310-5f67-55a3-b83a-d48a00864f86","2019-01-15","hackernews","title","1"
"NVDA","c3e331c9-8877-5d19-85d5-86e0c5e34642","2024-09-28","hackernews","title","1"
"TEAM","c3f90c49-cec7-5bc6-a05c-fe34b4e602b8","2025-05-01","transcripts","earnings_call","25"
"MU","c3fd3eb6-edfb-5564-b7ad-3380e56541fa","2023-09-28","hackernews","title","1"
"INTC","c3fe8bb8-1f69-5439-8484-df2efdb44b65","2023-12-16","hackernews","title","1"
"CAT","c400bdc6-0b79-5620-b453-3658fd7b021e","2021-02-17","sec_filing","10-K","341"
"INTC","c41cb65d-d25a-543d-83a0-80570c2a521d","2018-07-05","hackernews","title","1"
"INTC","c440a04b-ff11-5651-b5ab-fb53a36e6a0a","2025-09-26","hackernews","title","1"
"INTC","c444b336-7677-5999-9c06-70c15a25a90b","2022-08-05","hackernews","title","1"
"INTC","c44798e2-b1aa-59e0-9ad2-0789e800aae0","2019-01-14","hackernews","title","1"
"DELL","c4489d29-66c9-5eb3-bdbc-4f04d03b11c6","2019-01-19","hackernews","title","1"
"INTC","c44f4e25-d589-5ba3-a8d6-cd0367fb4bbb","2016-06-13","hackernews","title","1"
"ADBE","c45facfd-0470-50a3-9ca4-b233f5c770d3","2016-09-06","hackernews","title","1"
"DELL","c467e527-2197-5de5-b943-a89192a113b5","2019-05-11","hackernews","title","1"
"NVDA","c468e666-a298-505b-9a26-045b9128d2bd","2020-02-20","sec_filing","10-K","182"
"MU","c46bdfd0-a8b9-5756-8603-2850e20f3070","2025-12-04","hackernews","title","1"
"NVDA","c47c1879-47b3-56b0-98e6-40c5bafb2a92","2017-11-21","sec_filing","10-Q","71"
"CAT","c494b09d-ce8d-53be-af08-49b0a4ad2fff","2023-05-03","sec_filing","10-Q","136"
"ADBE","c495a682-90af-5662-88ba-922f51017cf9","2026-07-06","hackernews","title","1"
"DELL","c497bcaf-9385-5c8b-844d-6f13ec1bb0c9","2018-09-11","hackernews","title","1"
"INTC","c49be719-ec3b-5964-8a27-9e61245822e8","2023-06-10","hackernews","title","1"
"NVDA","c4a06b09-0cff-5f27-b628-9db235b34197","2016-10-11","hackernews","title","1"
"INTC","c4a3a45e-7673-529c-95c0-7286a971a641","2018-05-01","hackernews","title","1"
"NVDA","c4b0c60c-a491-5e3d-85ff-60caab4ade13","2017-08-18","hackernews","title","1"
"ADBE","c4bd01f9-1cf8-5c3d-b693-4713527367fd","2024-04-13","hackernews","title","1"
"CAT","c4c44abc-278f-566f-a3e7-aa01b9dfb48d","2019-05-27","hackernews","title","1"
"DELL","c4cba302-249c-57ab-a18b-84ade096156e","2026-05-16","hackernews","title","1"
"TEAM","c4d92976-0c56-5b6f-bd77-c2f9903b8d50","2017-03-31","hackernews","title","1"
"WM","c4df7427-a6db-5131-bd47-1e73ee4c8c12","2019-07-25","transcripts","earnings_call","39"
"DELL","c5060042-9fc3-5397-acd6-3f33ee44882c","2015-01-27","hackernews","title","1"
"MU","c512dca0-b6dc-5cfc-b26e-0fa62869eacb","2020-11-09","hackernews","title","1"
"INTC","c5283ff6-3c25-5136-a6f5-bd7e450ca315","2019-10-03","hackernews","title","1"
"TEAM","c5388c92-17d2-5b05-8fc9-b9b302b54dfa","2017-11-02","sec_filing","6-K","138"
"MU","c57060c3-9f98-504a-a5d2-76b4849f31a2","2024-06-05","hackernews","title","1"
"MU","c5754cab-fd26-563e-a43e-2143180fd89e","2018-05-01","hackernews","title","1"
"WM","c5829a51-035c-512a-b591-ff147e367eec","2018-01-05","hackernews","title","1"
"INTC","c596c2b3-31d4-5849-ae78-0bdbcdc9027f","2017-09-20","hackernews","title","1"
"INTC","c599b1ce-aa41-5722-bb38-ba9cda8614a4","2024-08-08","hackernews","title","1"
"INTC","c5aa1f8f-002e-5f37-a95a-d3ad82260758","2025-02-16","hackernews","title","1"
"ADBE","c5b4ac78-e5d8-5490-af48-170775e6c28e","2018-03-26","hackernews","title","1"
"INTC","c5b651cf-5304-552b-807e-19a4e59f0565","2015-10-05","hackernews","title","1"
"NVDA","c5b67993-88d6-57e8-9763-9aa6e7d7d03d","2020-06-20","hackernews","title","1"
"NVDA","c5ca469f-231c-553f-bc46-b5923f613b66","2024-07-28","hackernews","title","1"
"NVDA","c5db209b-d8e5-54da-8d5e-74505858abf0","2017-03-08","hackernews","title","1"
"ADBE","c5db54be-8bb8-5053-8bbc-c1e834764192","2019-01-24","hackernews","title","1"
"INTC","c5e8568e-6cf1-52d6-8407-961d384c4676","2017-01-03","hackernews","title","1"
"ADBE","c5f7f46a-40d8-5a41-91a7-b7be4e8df5e5","2017-07-25","hackernews","title","1"
"TEAM","c5fbe0fe-c9f0-595b-b3fd-4c3c10bbba72","2026-05-17","hackernews","title","1"
"INTC","c6011716-a229-5d7a-9b47-0710b47b8ae2","2024-04-03","hackernews","title","1"
"TEAM","c601e7d0-76dc-538a-818d-b00f9dc6b5b7","2020-01-02","hackernews","title","1"
"INTC","c606857a-4e73-5812-bf7f-9c0ecbd19630","2026-09-15","hackernews","title","1"
"NVDA","c615c6ca-3bc5-586a-b3a9-d573ff9292a6","2022-07-29","hackernews","title","1"
"INTC","c621262c-6124-595f-9fb9-ffe39103d544","2015-10-27","hackernews","title","1"
"ADBE","c6286f06-d963-5c7f-9af6-a5a2c2dd1a9e","2022-10-29","hackernews","title","1"
"NVDA","c62ad616-18cf-5262-a2ec-e7d848fae985","2020-10-22","hackernews","title","1"
"INTC","c637ec12-c299-5acb-a69f-ffa47a66fa09","2016-06-01","hackernews","title","1"
"ADBE","c63a1426-416a-5d20-810c-a34d51a35803","2017-01-28","hackernews","title","1"
"NVDA","c63df733-89e4-52f9-93c4-2c5f772328d1","2024-10-02","hackernews","title","1"
"TEAM","c64bf293-a221-5b14-980a-ef212d678847","2019-02-15","hackernews","title","1"
"ADBE","c65c477b-2c30-59cd-ac59-cc6a012be2ed","2024-01-25","hackernews","title","1"
"NVDA","c6679149-05d1-5034-b6a3-7775b3c9f7fc","2019-05-16","hackernews","title","1"
"NVDA","c676ebc7-1a28-5875-91c7-dcde48901451","2024-11-05","hackernews","title","1"
"INTC","c67ca2bf-03ab-57ad-9659-f9ee8d6cb20a","2026-07-14","hackernews","title","1"
"TEAM","c6813584-071f-50c2-8d4f-0258c66bfa4a","2019-10-16","hackernews","title","1"
"INTC","c6928d6b-751a-5b34-9847-9398fba2026a","2024-03-28","hackernews","title","1"
"INTC","c69a80b5-bbb8-5828-98bb-f0921a6eab8a","2023-12-03","hackernews","title","1"
"TEAM","c6a0ba30-00a4-5af5-939d-de5738aac1f9","2022-07-23","hackernews","title","1"
"TEAM","c6baaa3d-1bf7-51d8-a4c3-76fa5f9acc89","2024-12-16","hackernews","title","1"
"TEAM","c6bc98fe-00c5-533f-929d-b7747a12ee65","2023-11-03","sec_filing","10-Q","192"
"TEAM","c6cd9321-4482-5852-948d-72db27d8f289","2017-03-30","hackernews","title","1"
"MU","c6e2f580-a19f-5f10-8e66-33a0c98dd996","2018-08-15","hackernews","title","1"
"NVDA","c6e361a5-7292-51f2-9487-bfd305d287e0","2019-02-28","hackernews","title","1"
"ADBE","c6f912ff-78c2-51a0-96ba-f557d8e4d90d","2023-10-10","hackernews","title","1"
"ADBE","c6fde27b-1f9e-5ff8-95ca-4eb319e9babd","2019-03-27","hackernews","title","1"
"INTC","c71650ca-eee1-5c35-a19e-de9c5d7b5b59","2017-07-04","hackernews","title","1"
"TEAM","c722e133-2bf6-5e62-a4c6-b7401200df75","2017-04-27","transcripts","earnings_call","22"
"NVDA","c766420b-4985-5bdb-bd9c-e92dd10c7b05","2023-11-13","hackernews","title","1"
"TEAM","c770ff41-8a2c-5640-bb23-ab42863bdfa1","2019-03-18","hackernews","title","1"
"NVDA","c7743cd1-b226-5689-8f6b-354d4c2ed533","2017-12-08","hackernews","title","1"
"TEAM","c788a273-727f-5157-96a6-41dd0a9d8313","2015-09-28","hackernews","title","1"
"ADBE","c792a98f-9889-5e47-ba07-4b7566e72340","2019-10-14","hackernews","title","1"
"INTC","c7a3a960-cc48-529e-84fa-73e48e7ecc68","2023-06-23","hackernews","title","1"
"NVDA","c7a5b4ff-736c-5f16-8e31-322978187738","2019-02-02","hackernews","title","1"
"DELL","c7c0b787-ef44-5d96-8399-27d5d2623eb2","2020-05-13","hackernews","title","1"
"NVDA","c7c172e1-a172-5d00-b7fb-c37127627933","2018-02-08","transcripts","earnings_call","29"
"NVDA","c7e0cec8-9ff8-5386-9c9a-9879d4e813ec","2017-01-13","hackernews","title","1"
"INTC","c7e46d6c-e5d3-5d5d-956e-d49e9814c267","2022-04-28","sec_filing","10-Q","100"
"NVDA","c7e99e74-6640-504a-a189-c2bd74659a5e","2026-06-02","hackernews","title","1"
"ADBE","c7e9eba5-1bc4-5fbd-8c59-b8b3f2db0efd","2020-11-19","hackernews","title","1"
"NVDA","c7ea4583-6c73-585d-bd93-a5a50e80de3b","2021-02-25","hackernews","title","1"
"DELL","c7ed6ae3-742b-5949-b39c-4a7aa1ea4321","2018-06-12","hackernews","title","1"
"ADBE","c7f55ac6-0fc1-5b65-8072-a5aa20e867b7","2022-01-14","hackernews","title","1"
"MU","c804764e-a82e-544c-91b6-f85f807252ef","2026-03-30","hackernews","title","1"
"TEAM","c807131d-ec15-5a53-9550-016831e7c0d0","2015-12-13","hackernews","title","1"
"INTC","c807efe2-50e1-589b-a6c2-9ae7c86d4fac","2026-07-23","transcripts","earnings_call","28"
"DELL","c8162ced-1cb3-58f1-a4d3-7a76e8bd01ae","2021-02-21","hackernews","title","1"
"INTC","c81ceab9-23c0-550f-8973-9fdefc393c28","2020-07-23","hackernews","title","1"
"INTC","c827a4e4-a7ad-5791-9bdd-8e35aa217b35","2019-09-20","hackernews","title","1"
"ADBE","c82d4e9f-d103-54f9-878a-143de458138e","2018-03-18","hackernews","title","1"
"NVDA","c835049a-06a5-507e-95ea-d950a3669258","2020-04-22","hackernews","title","1"
"TEAM","c8354353-872b-587d-9b55-766a87dc66d7","2018-01-31","hackernews","title","1"
"NVDA","c8503b40-2752-5534-b501-d3adeca97067","2024-05-16","hackernews","title","1"
"TEAM","c85e818d-8eea-58ee-a976-c7aa1d45d2ce","2017-11-26","hackernews","title","1"
"DELL","c867f333-ef14-54db-8db2-534dbeddf559","2015-03-16","hackernews","title","1"
"ADBE","c8721bba-774a-540d-b665-164cf217e388","2023-07-13","hackernews","title","1"
"NVDA","c873cdea-ccbf-5e1b-b6d3-94fe1af5effe","2024-05-30","hackernews","title","1"
"MU","c88683ee-308b-574f-92c4-7c30ca2ab9ef","2024-03-04","hackernews","title","1"
"CAT","c88d5eab-7b9d-5f51-b5be-f508db198112","2026-08-05","sec_filing","10-Q","187"
"INTC","c892bae5-15d7-5c13-a103-307f30bcd281","2024-09-20","hackernews","title","1"
"DELL","c8942633-1eb7-5a0f-8595-95d60815bf2d","2016-07-01","hackernews","title","1"
"DELL","c8959e1c-0cfe-54ed-8f1b-cff6f161e1e9","2019-02-06","hackernews","title","1"
"TEAM","c898f954-501d-5187-a84d-c308f36bdf99","2026-03-13","hackernews","title","1"
"ADBE","c8aa6061-9608-5f56-9ab8-2691e08e3f0c","2017-01-11","hackernews","title","1"
"TEAM","c8b0449b-aa21-5c43-8e31-c792245e0e9d","2019-12-14","hackernews","title","1"
"DELL","c8ba3316-0521-5a05-8af0-fd632701969b","2018-07-22","hackernews","title","1"
"NVDA","c8bc91fd-a762-5be1-996a-fb72495330b3","2015-08-23","hackernews","title","1"
"DELL","c8c43d07-b82b-5375-b919-70a313a797e8","2019-07-15","hackernews","title","1"
"TEAM","c8c7b540-73e2-58be-8708-38621074856d","2018-07-26","transcripts","earnings_call","24"
"TEAM","c8d60871-1980-5660-8b4d-6bc41e73a7d2","2017-01-06","hackernews","title","1"
"ADBE","c8dd4cc1-c002-5fd6-a378-fac1c3b414ab","2022-02-12","hackernews","title","1"
"PG","c8dfba65-ed61-56cb-8382-1ce8b4aae6a4","2021-01-20","sec_filing","10-Q","93"
"DELL","c8e1c1e0-842c-5c76-be36-7a6a16eca6e8","2016-09-16","hackernews","title","1"
"TEAM","c8e64ee8-5d7a-5cd6-9d51-cc9a517db142","2023-03-07","hackernews","title","1"
"ADBE","c8eb5f77-7de6-553b-9c96-650bdc276a69","2017-09-27","sec_filing","10-Q","156"
"TEAM","c8f0d3b3-6301-5557-ab67-50045e3c3296","2021-09-05","hackernews","title","1"
"INTC","c8f7d2b5-5298-538d-8f6d-8b97424a4a1a","2019-10-24","transcripts","earnings_call","26"
"INTC","c907f7f6-2bb6-5637-843e-6a99b321e90d","2018-01-04","hackernews","title","1"
"NVDA","c911cbe7-eb38-523f-bdbd-19bdc59956ee","2016-10-18","hackernews","title","1"
"ADBE","c91619b4-205e-5040-afdb-a009ae5a5d31","2017-08-03","hackernews","title","1"
"ADBE","c928effc-8dd2-5863-bb26-d85ed9973a30","2018-03-26","hackernews","title","1"
"CAT","c92d0b52-3110-5327-9005-fcc6c7c551f4","2015-08-03","hackernews","title","1"
"NVDA","c9329813-e3c5-5cbf-85ae-84c6f8d19584","2023-12-13","hackernews","title","1"
"NVDA","c94a36ea-7769-5c4e-b325-4c51f92041b9","2018-12-16","hackernews","title","1"
"ADBE","c950a42d-3709-5f52-ab38-42dd5a4fb00c","2023-12-14","hackernews","title","1"
"DELL","c951bdfd-006f-5b92-8d17-eeb83bdfecea","2021-07-29","hackernews","title","1"
"INTC","c955f36b-a596-51ad-be2c-febef2fe2440","2020-02-25","hackernews","title","1"
"TEAM","c95974e7-d48d-50ca-a80a-6428edea6ca4","2021-12-03","sec_filing","6-K","3"
"INTC","c95e1640-be85-5f19-83c6-ff7fc5ca741c","2015-01-26","hackernews","title","1"
"DELL","c963f867-cb07-5d74-8738-2a1120e6c5c9","2017-01-27","hackernews","title","1"
"NVDA","c974da98-6b52-5949-af32-b0f2f8a84031","2017-06-13","hackernews","title","1"
"MU","c977d929-b123-5026-ad8a-601b32aaa4b0","2025-06-11","hackernews","title","1"
"NVDA","c98b389a-2ec3-583e-b8a3-9386323334b4","2021-07-24","hackernews","title","1"
"NVDA","c9932c1e-a1c2-59c6-be46-4f97da8d5eb3","2024-03-23","hackernews","title","1"
"ADBE","c99521c7-2f7f-52a0-8001-587bae0e74d5","2017-11-18","hackernews","title","1"
"NVDA","c99789fc-d804-58b3-b5e3-3cce09c91e4e","2017-11-24","hackernews","title","1"
"ADBE","c99d6d59-293f-53be-b10c-133250fd7343","2025-02-12","hackernews","title","1"
"TEAM","c9a1d4ec-b392-5676-badb-f72bf2b703aa","2022-10-05","hackernews","title","1"
"INTC","c9a2e371-090f-5ced-8e23-9eac38c7e03c","2025-02-19","hackernews","title","1"
"DELL","c9a5ce08-1e96-58b9-b3d9-a070a7fc340e","2022-08-25","transcripts","earnings_call","35"
"NVDA","c9ab3c70-c4eb-5934-b31d-9ef0158492fd","2022-09-16","hackernews","title","1"
"DELL","c9c1f371-a8b3-5ef5-955e-32fb6ebe3f77","2021-09-24","hackernews","title","1"
"TEAM","c9c449f1-a06e-5b0f-a528-52deff3c2e9d","2015-05-06","hackernews","title","1"
"DELL","c9c5e69b-a33f-548d-8b15-fbc33b515a9b","2019-05-01","hackernews","title","1"
"MU","c9d7c21f-d34c-5c8a-8983-ea6ede00decc","2021-09-29","hackernews","title","1"
"NVDA","c9d9e804-2e76-52ec-a1f9-c375e19a9fc1","2026-02-25","transcripts","earnings_call","31"
"TEAM","c9f32890-ecd7-55ac-9f62-3ba016a6a4e3","2023-07-21","hackernews","title","1"
"NVDA","c9f75ebd-30a7-5c13-be10-4a99273173d9","2022-10-15","hackernews","title","1"
"DELL","c9fecf29-7631-5542-92b3-ee1895f194d0","2018-05-26","hackernews","title","1"
"INTC","ca0815dc-197a-5f61-8dba-cc12ec7205e3","2016-10-25","hackernews","title","1"
"TEAM","ca0a9d55-e5b6-5daa-81d1-675f0ee52c18","2018-04-27","hackernews","title","1"
"ADBE","ca12cc42-cf82-574d-becf-b4734a7ae040","2015-12-19","hackernews","title","1"
"DELL","ca183d49-d035-535b-a216-e08bbb6276a6","2017-01-09","hackernews","title","1"
"TEAM","ca205972-c9dc-5e2b-9da9-07e3592bdc20","2022-04-11","hackernews","title","1"
"WM","ca21414f-83b9-5cd9-ba5f-c7a9fa03429b","2020-05-06","transcripts","earnings_call","48"
"DELL","ca246cdc-f10d-5353-9f3e-cf8fdd7be77d","2020-01-19","hackernews","title","1"
"DELL","ca25b2cc-b0d4-5496-add6-a546bca006e4","2017-02-02","hackernews","title","1"
"TEAM","ca36e037-8ebd-5557-947b-ea262a34df4c","2016-07-11","hackernews","title","1"
"ADBE","ca3b461c-5e9e-5d71-a456-f29063d7d07d","2023-12-18","hackernews","title","1"
"NVDA","ca54d11a-752e-56d1-be99-aa007bb7fd25","2024-01-26","hackernews","title","1"
"INTC","ca742dd4-dc0f-5230-950e-e3c27f2d3d12","2015-07-22","hackernews","title","1"
"ADBE","ca76717a-8375-5641-be67-d0dcd0150578","2024-06-26","sec_filing","10-Q","138"
"ADBE","ca84b426-7b68-5e68-b63b-afadf070c8e1","2021-01-15","hackernews","title","1"
"INTC","ca8ed17e-9e5e-5c13-acdf-35db237d8e8d","2019-05-14","hackernews","title","1"
"TEAM","ca9b115a-c32d-5bd8-834d-98adfb1e668b","2015-09-22","hackernews","title","1"
"TEAM","ca9e0dbc-e8f9-5f7e-a903-7f4eef36a800","2018-05-16","hackernews","title","1"
"NVDA","caa3d0ec-b1a7-5e68-9b1f-476fc0d8c247","2022-02-26","hackernews","title","1"
"NVDA","cac1c742-fe0d-58d8-b68f-c73b31d349b1","2025-04-24","hackernews","title","1"
"MU","cac6150c-64fe-58ac-b58d-da8b07797693","2020-04-27","hackernews","title","1"
"NVDA","cac85175-f281-55e3-86ab-6a814d8739fc","2026-09-07","hackernews","title","1"
"INTC","cac9bd14-decf-520c-935b-88b1f778dde4","2022-05-15","hackernews","title","1"
"NVDA","cae713f0-8ccb-5670-8c30-f0d89b59b80c","2022-05-14","hackernews","title","1"
"TEAM","caf8a5b8-0d63-5a02-9328-cd422660164d","2020-10-20","sec_filing","6-K","2"
"NVDA","cafb8dd2-1974-52c1-b6aa-c4426bad4800","2019-06-21","hackernews","title","1"
"DELL","cafc99bb-a0ae-580a-ba12-2744831c8cb4","2019-01-19","hackernews","title","1"
"ADBE","cb09379c-1e11-5403-b852-04bd81fd0297","2015-03-23","hackernews","title","1"
"INTC","cb0d9688-98d7-5082-b210-3ca7594ec8c7","2023-01-25","hackernews","title","1"
"NVDA","cb172cc1-f6de-5b57-b285-de63b6a607f4","2019-11-18","hackernews","title","1"
"INTC","cb19d729-d33f-5a9a-a7b3-b12fc3dfc934","2024-03-17","hackernews","title","1"
"DELL","cb1a77f8-414d-5e73-a04f-00dc38e686dd","2024-05-15","hackernews","title","1"
"DELL","cb1b98da-590a-5dcd-9a1e-5d6ddc92ecc5","2021-07-28","hackernews","title","1"
"INTC","cb257e94-c864-54ce-b8a3-adae32aea19e","2018-12-23","hackernews","title","1"
"NVDA","cb381fe3-0bd4-526d-a60e-301261d6c50d","2015-10-26","hackernews","title","1"
"DELL","cb39dd7d-93a6-5af2-ba0d-020b58eaf1d5","2015-04-15","hackernews","title","1"
"INTC","cb5c0142-75ba-558e-a275-cdd18d2baa15","2017-02-24","hackernews","title","1"
"ADBE","cb6205fb-859b-57cc-98e6-f35bb0370ad4","2015-05-28","hackernews","title","1"
"INTC","cb634110-bd54-5def-aaf8-028c6c21cc9f","2013-07-17","transcripts","earnings_call","28"
"NVDA","cb66a7c6-205a-5358-af27-c895064d7764","2026-02-18","hackernews","title","1"
"DELL","cb6ebcfe-fe28-5a83-b2ba-1b4877c175dc","2016-07-26","hackernews","title","1"
"PG","cb7c56b4-e118-5e2f-bf77-9f507c280036","2025-10-24","transcripts","earnings_call","30"
"NVDA","cb840498-88c4-5120-b2a2-0e5fd52f3d5c","2023-03-25","hackernews","title","1"
"ADBE","cb931222-a1ad-5fd5-9fed-759f2c1d7543","2024-11-01","hackernews","title","1"
"ADBE","cb9f5493-f3cd-5a04-aa37-3c0282607a72","2019-07-04","hackernews","title","1"
"ADBE","cba3634c-76a5-55be-b0e1-2afaed802bc7","2025-01-12","hackernews","title","1"
"ADBE","cba4e399-a700-5f40-9dd1-b852eeed886c","2025-12-19","hackernews","title","1"
"NVDA","cbad41ed-9f6e-5cf9-ba0f-53c4b17641f6","2026-01-19","hackernews","title","1"
"ADBE","cbbe309a-9118-581e-ab92-9d674303d7cd","2018-04-25","hackernews","title","1"
"TEAM","cbbe8040-c4be-54d4-83b5-c67a7986d476","2022-04-13","hackernews","title","1"
"WM","cbccb311-499c-557e-be62-41cb3d9a89fb","2016-04-28","transcripts","earnings_call","41"
"NVDA","cbcf4c3f-cb0b-53fb-9254-6b75cb7c81b3","2018-05-11","hackernews","title","1"
"INTC","cbd2f4a2-3432-5713-ac19-441d6b9a608a","2022-11-04","hackernews","title","1"
"INTC","cbd517e5-4125-55d9-827b-4f48d05c6f62","2021-10-27","hackernews","title","1"
"TEAM","cbd6f01b-658a-5dc3-a0e9-58dae526d8c2","2018-09-04","hackernews","title","1"
"DELL","cbe6ff5c-1f69-5cd6-8dc0-4e63ff43df3f","2015-11-27","hackernews","title","1"
"TEAM","cbedda4b-4e80-5b50-97f4-f66f3374d9bc","2022-01-24","hackernews","title","1"
"ADBE","cbf04a0b-845e-5f39-a85b-adc8a3b4cd4b","2015-08-27","hackernews","title","1"
"ADBE","cbf3d682-8ae5-5432-8c71-03dabb3a08dc","2016-04-08","hackernews","title","1"
"ADBE","cc053938-1a55-5932-919c-e7487d339edd","2021-10-21","hackernews","title","1"
"INTC","cc08e049-ac02-526c-b91a-3c3e0a783554","2017-12-12","hackernews","title","1"
"NVDA","cc18ee1e-8f31-5847-be38-f0260f69dcc0","2020-05-14","hackernews","title","1"
"NVDA","cc1a5c51-e4bb-5435-b93d-e554c2d99aa6","2026-06-01","hackernews","title","1"
"INTC","cc21da5f-6f95-5c14-945a-ab8ddc39c674","2018-07-26","sec_filing","10-Q","103"
"ADBE","cc27bd20-d8d7-52fc-836f-ab77162858f7","2020-09-15","transcripts","earnings_call","34"
"NVDA","cc2c8d04-ba7e-5134-8b02-3aaf9bcf0043","2025-09-11","hackernews","title","1"
"MU","cc33b092-96fd-5dd1-be58-dd50e4565c3c","2026-07-14","hackernews","title","1"
"DELL","cc502cde-2215-5b53-80c2-4a627dafa6ff","2023-02-28","hackernews","title","1"
"ADBE","cc52faeb-24fd-5a28-b364-23c15968ea31","2019-04-02","hackernews","title","1"
"INTC","cc5f85f1-14a0-5e0c-8ede-29501145fa3b","2021-04-22","transcripts","earnings_call","30"
"NVDA","cc830fbb-43ec-52c3-9f39-1862dd77cf10","2021-08-04","hackernews","title","1"
"TEAM","cc989e4c-f959-5f69-88b3-849b51ea78c2","2017-12-06","sec_filing","6-K","4"
"TEAM","cc9db6a3-25c6-5b02-9146-36f4d396402f","2021-10-19","sec_filing","6-K","1"
"NVDA","ccb3f0f9-03d9-5a6a-a0b5-a04b6574f478","2026-07-02","hackernews","title","1"
"INTC","cce30934-6f43-5613-99ef-33d72570cc20","2018-12-12","hackernews","title","1"
"ADBE","ccf4e721-753f-59bf-9cc3-9e6134c233de","2016-01-30","hackernews","title","1"
"ADBE","ccff035a-34c6-5310-b6a2-3a5082a40b12","2020-06-24","hackernews","title","1"
"NVDA","cd1634ea-3f91-5942-87d9-34301980acf3","2017-05-03","hackernews","title","1"
"ADBE","cd2d8215-ba2f-5cd1-a7b8-d8899dc0bea2","2023-10-16","hackernews","title","1"
"INTC","cd4c8af0-0955-5341-89c8-6a1bd16eec03","2024-10-09","hackernews","title","1"
"DELL","cd4ed327-228e-53a2-b544-dfa9f77aaa09","2017-06-30","hackernews","title","1"
"TEAM","cd57329f-8493-5098-986f-9cf3892559f2","2015-10-27","hackernews","title","1"
"DELL","cd63b104-3418-5950-b344-a838d4f665f8","2017-07-10","hackernews","title","1"
"DELL","cd6b0d12-d063-544c-93ef-31ee645703b4","2023-03-24","hackernews","title","1"
"NVDA","cd714079-bb09-575e-935f-c986b5317431","2016-09-01","hackernews","title","1"
"PG","cd76b77b-52f5-53e8-bd1c-e04e0a54eedf","2024-01-23","transcripts","earnings_call","38"
"DELL","cd7d2f68-8406-5751-869f-84e5818be5b3","2024-03-19","hackernews","title","1"
"INTC","cd82a589-3595-5ee0-b63f-d5f4394a94d2","2024-02-28","hackernews","title","1"
"MU","cd884995-2699-5d79-ad22-d42b0248346d","2023-05-26","hackernews","title","1"
"ADBE","cd9800c5-69d6-5eae-ab40-0058d3c957fd","2015-12-17","hackernews","title","1"
"TEAM","cd9df25c-349d-547d-ac3d-bdf171133955","2018-10-19","hackernews","title","1"
"NVDA","cd9fb7aa-18b8-54f0-a656-75f50d87626e","2022-05-25","transcripts","earnings_call","29"
"ADBE","cda56831-7ad1-52c1-b736-86e958bad925","2019-04-05","hackernews","title","1"
"NVDA","cdbfa979-272f-554e-be26-2d5e24983b87","2015-11-11","hackernews","title","1"
"CAT","cdd25b0c-53d2-5581-b556-fa12d0c310e5","2023-07-09","hackernews","title","1"
"NVDA","cdd91dd1-1fa1-56a9-9d6e-dc20b182832c","2023-08-24","hackernews","title","1"
"NVDA","cddd8906-cb71-5af0-975e-6a135a56019d","2025-04-27","hackernews","title","1"
"DELL","cdfc47fc-a9cc-5c72-a330-4c221ebf96e4","2020-12-07","sec_filing","10-Q","205"
"INTC","ce129d29-cb92-50bc-abfd-da93142ccccb","2016-04-26","hackernews","title","1"
"ADBE","ce2601a8-ba46-5187-b253-3745572da88a","2021-04-13","hackernews","title","1"
"NVDA","ce2ca65f-9f73-580a-b794-832ee9b5765f","2015-02-07","hackernews","title","1"
"TEAM","ce2fdee5-1d6f-559c-b875-28852c645b1e","2020-04-17","hackernews","title","1"
"INTC","ce434ac9-5d7e-5d56-a3df-d6da24d99229","2018-09-15","hackernews","title","1"
"INTC","ce512317-da86-5586-9e13-efb943a5c8a2","2015-12-31","hackernews","title","1"
"NVDA","ce5c7c2b-0309-551f-a74b-a808a44f6d11","2021-11-17","transcripts","earnings_call","29"
"NVDA","ce62d214-2eb7-59d7-9a8b-3a5af024d192","2025-11-11","hackernews","title","1"
"ADBE","ce719ec2-312f-5aba-9140-c844557479e6","2022-11-02","hackernews","title","1"
"TEAM","ce77c940-0d4f-52c5-a217-c221322355bc","2016-06-06","hackernews","title","1"
"MU","ce88910a-d7d2-574f-a9f7-f52a930d58a1","2017-12-19","hackernews","title","1"
"DELL","ce892999-1701-5b53-ba61-27bad93ae0dc","2026-05-30","hackernews","title","1"
"ADBE","ce8dd448-1119-5c24-b61a-daa88f3f5c5a","2016-06-15","hackernews","title","1"
"INTC","ce8eb173-a741-586f-9d3e-e65c684f7b6e","2024-06-04","hackernews","title","1"
"DELL","ce8fc46a-9cd5-5992-91ac-ef228f4a7918","2015-01-06","hackernews","title","1"
"ADBE","ce937d55-f20c-5e65-a2e3-32b391d609c9","2014-01-21","sec_filing","10-K","282"
"NVDA","ce9588eb-1da2-5190-90c9-cf08cd5da0f8","2025-06-04","hackernews","title","1"
"INTC","ce97d7f5-e342-5e4c-9dc9-0d4a4924c0fe","2022-05-15","hackernews","title","1"
"INTC","cea03c35-15de-5621-b810-0d5239824713","2020-02-29","hackernews","title","1"
"CAT","cebe10b6-6a1e-5cd2-a714-8524207e0df4","2013-02-19","sec_filing","10-K","92"
"ADBE","cec57ace-d0bb-56ea-a591-aa855b603d00","2021-10-29","hackernews","title","1"
"NVDA","cec9424c-0aa6-5591-8e28-3b7e7d8dd7c3","2024-04-09","hackernews","title","1"
"NVDA","cecfb270-77c6-59f5-a9cd-d1c18fda356e","2023-07-03","hackernews","title","1"
"NVDA","ced4ab13-26ba-5d31-b9cb-034dd8c77805","2013-02-13","transcripts","earnings_call","29"
"ADBE","ced675c3-641b-5bf1-a8ff-5c4b6d24e0fa","2025-05-19","hackernews","title","1"
"INTC","cef042a9-bb0d-5c19-ba50-f8ffb6b8f8fd","2025-11-24","hackernews","title","1"
"ADBE","cf143769-f4be-5304-b662-397438cad77f","2023-07-07","hackernews","title","1"
"INTC","cf1e2a69-7062-5b7a-a64f-b128b3e5afb4","2022-03-23","hackernews","title","1"
"NVDA","cf313f38-4573-575f-93ff-4f7d5cfb17c9","2026-04-04","hackernews","title","1"
"INTC","cf396163-a316-500e-94f3-8ca471410088","2021-10-20","hackernews","title","1"
"INTC","cf3b9d96-dab7-5799-b62b-7723d6e1a8cd","2016-02-12","sec_filing","10-K","314"
"TEAM","cf40fe63-38fb-5266-8a32-21698f6508ab","2021-01-21","hackernews","title","1"
"INTC","cf5782b4-ec93-5b15-bdeb-d749bbd15623","2023-07-27","hackernews","title","1"
"ADBE","cf5a1cfe-9b0b-5a59-8998-64d0b3599b60","2024-02-01","hackernews","title","1"
"ADBE","cf61192c-9bc8-5da4-a9f2-eda68a2d3607","2019-02-06","hackernews","title","1"
"NVDA","cf6823a8-9744-5e1a-b8f8-956bb9d7e9b6","2026-09-03","hackernews","title","1"
"NVDA","cf6e9ca1-5ead-58fe-bbfd-d572d166fee5","2016-12-13","hackernews","title","1"
"INTC","cf725de5-8ab8-59c3-839c-04fec97893b9","2025-04-24","sec_filing","10-Q","89"
"ADBE","cf73a42f-618b-5bcc-9be3-8236b1ecb0fc","2024-01-20","hackernews","title","1"
"ADBE","cf7fe50b-f5e4-56f3-b5d9-63527fdfd2fe","2017-11-03","hackernews","title","1"
"ADBE","cf80895c-c44a-5e5e-9e70-5224124cc9e7","2017-06-13","hackernews","title","1"
"MU","cf85186f-8e00-5745-aa07-4c2080f8d0ed","2023-05-21","hackernews","title","1"
"DELL","cf86846c-6180-533b-bf76-87c4ec200cf0","2025-04-06","hackernews","title","1"
"ADBE","cf880b0d-5f44-548c-804d-d0dca5e0c07b","2018-03-18","hackernews","title","1"
"TEAM","cf964e92-b480-5670-a4bb-56ed73a9c9a7","2017-08-09","hackernews","title","1"
"NVDA","cf99b8b4-a68f-570f-b456-c27452461450","2019-09-04","hackernews","title","1"
"WM","cf9ed0c7-268a-53d9-9896-2caba3ae687c","2019-04-25","sec_filing","10-Q","98"
"CAT","cfa0cfe0-7a38-5cdd-b53f-e4404fd9730c","2020-07-11","hackernews","title","1"
"ADBE","cfc38efb-8f6a-54d3-afab-94e9dc5f5cc0","2021-04-17","hackernews","title","1"
"NVDA","cfc966bf-a67d-50ce-a0f7-32cab6349785","2020-10-05","hackernews","title","1"
"INTC","cfcbe974-7d84-579d-ae55-e2cfe6006dbe","2020-01-05","hackernews","title","1"
"NVDA","cfd7fa10-4352-55db-a4fc-903fa3c0baf7","2016-08-16","hackernews","title","1"
"INTC","cfde89de-64ff-59cf-8283-997f5d1e56c5","2020-02-18","hackernews","title","1"
"TEAM","cff7ac5d-3fd1-5cfd-9ff8-c1d98fe1f725","2024-04-14","hackernews","title","1"
"TEAM","d001cf06-50e2-5eb1-93b2-0b2bd9c07cdd","2023-09-18","hackernews","title","1"
"NVDA","d00e4f98-8a83-55a0-b23a-aad279332424","2022-11-16","hackernews","title","1"
"TEAM","d0110d13-ebfd-584c-a883-a0a964e240a4","2020-02-20","hackernews","title","1"
"INTC","d017e8a8-2945-5fcf-8b02-62ce2229d759","2015-06-16","hackernews","title","1"
"NVDA","d01ab3fd-beed-5749-8c98-8a094b8ea812","2023-04-06","hackernews","title","1"
"NVDA","d01b7410-ec7d-5381-88db-51c40d77a8a1","2024-10-11","hackernews","title","1"
"DELL","d0246cee-184a-583c-9dd1-6ea6ce13cc8a","2023-01-05","hackernews","title","1"
"TEAM","d031ed2a-8da2-50c5-b4f1-e8425cf8bff6","2018-08-02","hackernews","title","1"
"NVDA","d03bed22-6302-5429-823f-0cfa7b083137","2022-04-20","hackernews","title","1"
"NVDA","d03bffa5-c66f-5934-b07d-50ce3e7e2d13","2023-05-30","hackernews","title","1"
"INTC","d03c1323-c87d-5557-96db-42e4b809ad91","2015-06-02","hackernews","title","1"
"INTC","d044eae8-67bd-5d70-8ef1-8483492252ef","2023-04-23","hackernews","title","1"
"INTC","d05ce13a-6aa8-519a-8cf7-e6d2f49200cb","2017-10-26","transcripts","earnings_call","29"
"TEAM","d06211c8-9c6a-53c7-b756-eeb2caf41bf5","2015-11-16","hackernews","title","1"
"NVDA","d06e0499-2535-573a-a513-0a9a465c6715","2021-02-25","hackernews","title","1"
"PG","d09708d3-c0c2-5170-a7b3-a66df472fc26","2015-04-23","sec_filing","10-Q","91"
"CAT","d09db4be-dd95-55c7-9a12-895e1318c974","2017-06-21","hackernews","title","1"
"NVDA","d0a1ae0b-403b-5630-a409-d96acd56550f","2024-09-17","hackernews","title","1"
"NVDA","d0a9572f-f8c4-5ceb-b2b8-2fc06a5341af","2013-11-07","transcripts","earnings_call","28"
"TEAM","d0afe156-a9f3-5a81-969f-2568d175ca41","2026-05-01","hackernews","title","1"
"NVDA","d0b37e29-1e61-5394-a21a-28a750ec8f86","2024-01-07","hackernews","title","1"
"NVDA","d0c4d916-9206-57de-8a1a-70480b0bab5f","2024-07-17","hackernews","title","1"
"NVDA","d0ca46fe-a55e-5d06-a7ac-d30496c5ba21","2021-10-28","hackernews","title","1"
"NVDA","d0dd04a8-8b0d-5a81-8ed4-37c9558d480f","2020-06-03","hackernews","title","1"
"TEAM","d0e68fdf-2d38-53d6-b062-91d5484b0093","2019-12-12","hackernews","title","1"
"MU","d0f6065c-a77d-59f8-810d-cc79826c0555","2018-04-06","hackernews","title","1"
"INTC","d0fb501a-d05f-5163-b2ac-2a5e9f882410","2019-11-06","hackernews","title","1"
"DELL","d12cad2c-aceb-5e03-9d97-2b50472f184b","2025-11-26","hackernews","title","1"
"TEAM","d1305d20-9bd9-53c4-9e70-ac2dc6eea52a","2020-05-12","hackernews","title","1"
"NVDA","d16acd16-98bd-5372-b075-2b1a6dee50d9","2016-06-29","hackernews","title","1"
"NVDA","d16d66c6-d6ad-519d-a7da-8e00963775d2","2025-07-09","hackernews","title","1"
"INTC","d16ddd16-b09c-5cf9-bd7b-b9db7802d65f","2016-06-01","hackernews","title","1"
"ADBE","d1759c37-0505-57b4-b95a-98468dcab777","2025-04-07","hackernews","title","1"
"PG","d17e0c2c-6566-516d-817d-d612f4b118bf","2024-10-18","sec_filing","10-Q","69"
"CAT","d1825644-c8f8-55ba-9cb5-653f4b11acbe","2020-08-16","hackernews","title","1"
"ADBE","d1858a8c-c6cc-5861-bf12-fa741c4efb7a","2020-08-11","hackernews","title","1"
"INTC","d189d4ae-5f57-5dd5-a5c0-4ae47f7590af","2017-08-11","hackernews","title","1"
"PG","d195612a-10e8-5b6b-9f5f-181575e55844","2019-04-23","hackernews","title","1"
"NVDA","d19c6c09-e6b7-5c8e-bc7b-2c7c739bb40a","2019-05-30","hackernews","title","1"
"NVDA","d1a25d9e-e7ef-55b1-aeff-bd8234f09fcc","2024-10-02","hackernews","title","1"
"ADBE","d1a2d9f1-cd20-5842-b29b-6be1066451b9","2015-02-05","hackernews","title","1"
"DELL","d1a32ac3-c74c-5564-9f07-7be6801ed77c","2021-07-27","hackernews","title","1"
"TEAM","d1a3f0d9-f15a-5b19-b37e-a9ab6f72fbe0","2015-09-22","hackernews","title","1"
"TEAM","d1a4417d-55e7-5bde-8364-d2941e37e71b","2023-10-04","hackernews","title","1"
"TEAM","d1a6dc15-35d8-5226-8306-95e7012f9468","2026-03-11","hackernews","title","1"
"MU","d1ace2dc-159e-5abd-b94e-dfd3ba48af3a","2025-12-03","hackernews","title","1"
"INTC","d1b54f36-1d63-58ec-8596-67ab7d9058b0","2016-11-19","hackernews","title","1"
"ADBE","d1b62cd6-b827-502b-b6c1-503ab03b77ac","2025-08-29","hackernews","title","1"
"DELL","d1bd467a-0216-5a01-8f2b-30a391e47fd3","2022-04-19","hackernews","title","1"
"ADBE","d1c0dc6b-4f7e-5be2-bba8-f0277e9351b8","2019-06-18","transcripts","earnings_call","29"
"NVDA","d1cdba51-27cb-52a1-9fb7-a5c75201c4ae","2016-01-05","hackernews","title","1"
"ADBE","d1ce812f-c914-53eb-9e3d-a3fc464b44b9","2019-09-14","hackernews","title","1"
"ADBE","d1d3b0fb-bd33-5d31-a9dd-3977c2b7958b","2022-10-24","hackernews","title","1"
"INTC","d1d4c2e4-9595-5566-8301-0cd6affb08f9","2020-04-01","hackernews","title","1"
"INTC","d1d7da31-da75-5b45-979f-17f61c143bb6","2018-04-13","hackernews","title","1"
"NVDA","d1dccebf-fc02-5cdd-ba6c-1f3c571eb0b5","2025-03-20","hackernews","title","1"
"PG","d1e06062-599b-5d9c-8197-04eedddde8aa","2020-07-30","transcripts","earnings_call","34"
"PG","d1e61566-395b-59c3-a3b3-839976e8e9a6","2018-08-24","hackernews","title","1"
"DELL","d1e6e462-53f2-59dc-86f5-215fda1820f1","2016-09-08","hackernews","title","1"
"DELL","d1e8d425-dcff-5bb8-b06b-9220d21664f6","2015-06-26","hackernews","title","1"
"MU","d1f208e5-e4ca-5701-b2a6-649d28feb2e4","2024-03-12","hackernews","title","1"
"INTC","d1f4acb2-5b91-5a11-baa4-70899d61e605","2024-01-19","hackernews","title","1"
"NVDA","d201af02-fea2-5560-b917-3a5a6f36d06e","2021-05-19","hackernews","title","1"
"WM","d2057c91-ddb4-5352-81e2-fcb3fab30998","2013-10-29","sec_filing","10-Q","134"
"INTC","d206fef1-6349-5ca4-8a68-ae0cd0ed2261","2024-06-06","hackernews","title","1"
"INTC","d20ceb66-2efa-52bd-8597-998727af9067","2024-12-24","hackernews","title","1"
"INTC","d213d535-1985-5799-b730-d5c63cc42f95","2015-03-12","hackernews","title","1"
"NVDA","d217f4b1-f391-5895-bf80-d0ce63e17575","2021-11-20","sec_filing","10-Q","97"
"ADBE","d21b2e2d-185f-5dcc-b8d0-e2ec2dc8bf42","2019-02-04","hackernews","title","1"
"CAT","d23011e5-b3cd-5ff0-a97e-fa6257690ee5","2018-03-16","hackernews","title","1"
"NVDA","d239db5f-6436-54f7-a7a6-5c51c5bb31d4","2025-01-12","hackernews","title","1"
"NVDA","d23ab4c7-feca-5702-877d-12d0472fb757","2016-01-14","hackernews","title","1"
"INTC","d23ddc4e-c6d5-521f-8818-c66799a3e26b","2024-07-12","hackernews","title","1"
"DELL","d24eee0e-a1cc-5824-8d0e-7c1a14385895","2017-08-31","hackernews","title","1"
"ADBE","d255e14e-3750-5b3a-8ef6-ab333f5fdc58","2024-01-04","hackernews","title","1"
"ADBE","d257c2fa-af4e-5274-af31-5cb95bdd9c55","2015-04-06","hackernews","title","1"
"DELL","d259b681-4029-53c0-a3b1-0cd1e6912b9f","2017-04-14","hackernews","title","1"
"WM","d25b58ed-6052-58ee-b027-cd6076bc8d60","2016-02-18","sec_filing","10-K","375"
"ADBE","d2605add-aaa6-52ef-80ac-583770ae2cb6","2017-05-15","hackernews","title","1"
"DELL","d26bc824-a50c-54d9-8877-3f9f9518ebf2","2024-10-02","hackernews","title","1"
"ADBE","d27c7d7b-6edb-59dd-a8f8-c9da2155dc87","2015-09-17","transcripts","earnings_call","34"
"ADBE","d28ebc44-3e69-5515-8f5d-9c51b6bcd736","2017-08-09","hackernews","title","1"
"ADBE","d2977ed1-9074-5a82-a2ba-3057e0ebc807","2018-11-26","hackernews","title","1"
"MU","d2c34d9b-48dc-5a0c-961e-1ab61915d2f4","2019-10-17","sec_filing","10-K","236"
"DELL","d2c4887b-9cb6-528d-9081-cda2a84db56f","2020-10-06","hackernews","title","1"
"NVDA","d2c5a8b8-446c-5849-8b25-ae57e99baf58","2016-10-04","hackernews","title","1"
"INTC","d2c9a3b6-b029-5283-a376-51d04b235960","2020-10-22","sec_filing","10-Q","93"
"DELL","d2cdef6a-ad52-587d-b945-81ad88039862","2026-03-17","hackernews","title","1"
"ADBE","d2d1f29f-8059-5d91-a778-34dd0424d1d1","2023-02-15","hackernews","title","1"
"ADBE","d2d2a5b0-cd7d-58cc-9b28-503618c20315","2017-12-21","hackernews","title","1"
"MU","d2d4e699-59d5-5d1c-bedc-15bf30c99498","2023-11-13","hackernews","title","1"
"NVDA","d2ee748a-3ffc-56ce-8bb6-bac5d2820e18","2024-07-17","hackernews","title","1"
"ADBE","d2fd7611-24b2-52b1-9a8c-18729e4d247f","2016-01-19","sec_filing","10-K","291"
"NVDA","d3005f0e-2936-5fcf-81f7-3171da8dbf09","2024-12-16","hackernews","title","1"
"INTC","d3021efc-a452-54a8-aff7-0661558f6d9f","2026-03-10","hackernews","title","1"
"PG","d3166d72-fa86-56d8-b6f6-a01a26baefb1","2017-10-01","hackernews","title","1"
"ADBE","d31de365-34bd-53ca-8251-6a04e423b0e1","2025-12-10","transcripts","earnings_call","33"
"ADBE","d32876f4-678e-55a4-a8fe-9c3302c37699","2025-06-04","hackernews","title","1"
"INTC","d33bbbb1-6367-512f-9a2e-ea49a4f5f093","2021-01-19","hackernews","title","1"
"DELL","d347a99e-4d60-5b7f-bf2b-959b17c81000","2016-05-08","hackernews","title","1"
"PG","d35b2abd-ecdd-5565-9132-ee5738e01eb2","2022-04-20","transcripts","earnings_call","34"
"DELL","d35efda8-3280-5a7f-aa1b-10049eb4a3fd","2018-04-20","hackernews","title","1"
"PG","d36ba29b-b659-550f-8c3e-3ad84d79e485","2022-07-29","transcripts","earnings_call","31"
"DELL","d3805dc7-4e20-54d8-8b11-0fc021f9f2b8","2025-09-18","hackernews","title","1"
"NVDA","d38ed3b1-56e7-5e82-9416-e19404ef170e","2021-10-23","hackernews","title","1"
"ADBE","d39a267e-2782-5ef1-96e2-f8258ab3dd91","2025-01-25","hackernews","title","1"
"ADBE","d39b3e0d-7475-5459-8e40-8d22c93ad305","2021-03-16","hackernews","title","1"
"INTC","d39d2c8c-7c9a-5a81-a7e9-cbd46cc446df","2026-02-14","hackernews","title","1"
"TEAM","d3a4daec-7afa-582e-84ee-ea629d7d594c","2021-09-09","sec_filing","6-K","3"
"ADBE","d3ad5f5c-521e-5eef-bac6-da9d12d87d41","2024-03-24","hackernews","title","1"
"INTC","d3b82d41-9513-52ed-a3be-69834fb9abe2","2021-02-03","hackernews","title","1"
"ADBE","d3c03395-0eac-5142-80f0-1d607e50e49c","2026-03-13","hackernews","title","1"
"DELL","d3d5fd11-8174-559f-92ae-a2113aabf2fb","2018-03-13","hackernews","title","1"
"TEAM","d3d8aaf7-19c7-5140-8614-de07713e66bd","2020-08-10","hackernews","title","1"
"ADBE","d3dcb8cd-63a0-5f4f-be32-c3129377f46a","2024-01-05","hackernews","title","1"
"TEAM","d3f6e549-63b4-548a-9b58-9c87d32b3417","2022-09-19","hackernews","title","1"
"DELL","d3f79ed0-9b11-51d0-abfe-3241169fd721","2015-12-15","hackernews","title","1"
"DELL","d3fe21b7-b1ab-5b6d-9756-cd5a62d50002","2020-06-10","hackernews","title","1"
"DELL","d4061a3b-32e5-5ae8-a367-035b51d320bf","2026-01-27","hackernews","title","1"
"ADBE","d41d257b-fcce-599f-8b0a-49988cf66cae","2023-04-03","hackernews","title","1"
"DELL","d4316926-6e0b-553d-b293-306d690a1a97","2026-03-15","hackernews","title","1"
"CAT","d4370f43-b315-56ae-b980-4a8030ca8d28","2020-05-06","sec_filing","10-Q","175"
"ADBE","d445462b-bc5b-54f9-8cdf-f4ace55e8de9","2018-01-29","hackernews","title","1"
"DELL","d453afc9-6894-5dc8-8752-15cd3db5b0ae","2018-03-19","hackernews","title","1"
"ADBE","d4773aa9-4eea-5bde-9534-b1e3110734ca","2015-09-30","hackernews","title","1"
"INTC","d4992618-74e4-5f7a-91ca-ad0b576bda94","2026-06-09","hackernews","title","1"
"NVDA","d4995af9-8cbf-5eff-8bbe-d0da0480f00b","2022-06-04","hackernews","title","1"
"DELL","d4a14b7f-2dba-5472-87f6-04ba8cecf76a","2022-12-19","hackernews","title","1"
"TEAM","d4a69730-454a-544a-a3f2-59daca2b05ed","2016-06-14","hackernews","title","1"
"ADBE","d4b39a30-7acb-5c33-a584-42337925ff80","2015-02-02","hackernews","title","1"
"PG","d4b4997c-3bf4-5235-b7f1-d8f132764646","2020-04-17","transcripts","earnings_call","40"
"DELL","d4c37c7c-3f47-55b9-9a4d-880d7b891b6c","2016-02-29","hackernews","title","1"
"ADBE","d4ce6329-4063-53da-b74b-58b12a86129d","2017-06-18","hackernews","title","1"
"ADBE","d4d8e27a-0118-526b-a982-2dd7289abff8","2016-09-26","hackernews","title","1"
"INTC","d4e3946d-f6fe-549c-8241-88e46761603c","2019-07-25","hackernews","title","1"
"ADBE","d4eb3a1d-4b8b-5de1-9a84-4975425cc419","2016-06-20","hackernews","title","1"
"ADBE","d4f1105c-d1af-5c09-a441-83887012ab23","2017-07-25","hackernews","title","1"
"NVDA","d5013890-79ba-57b8-b802-93e4a551ee35","2022-07-30","hackernews","title","1"
"TEAM","d51a0e86-930c-5648-9d9b-15dc0fbdc187","2017-06-13","hackernews","title","1"
"DELL","d51c1da1-e71e-5f67-821b-25874ebb3939","2022-10-07","hackernews","title","1"
"INTC","d51eaa1d-aa2d-52cb-a356-ec38488e0829","2021-10-05","hackernews","title","1"
"INTC","d524b0b6-cc04-51b5-ac0e-e4cca45a7e75","2024-04-09","hackernews","title","1"
"DELL","d52efb1a-0497-5920-a53f-1e06a0d880fc","2021-11-02","hackernews","title","1"
"NVDA","d53a92ac-f549-54c9-bd6f-a349627cd566","2020-07-29","hackernews","title","1"
"CAT","d5426a43-4229-5409-95ad-d41235916f6e","2016-08-03","sec_filing","10-Q","225"
"DELL","d54547b1-b4d3-5b73-a479-8221fcdcdd19","2015-01-07","hackernews","title","1"
"NVDA","d5485656-a874-5cfe-a894-57bc8b605d8f","2023-08-23","transcripts","earnings_call","30"
"MU","d573162c-76e5-5dc7-b333-2af20f13b56a","2020-10-19","sec_filing","10-K","221"
"DELL","d576a22b-dc36-58c7-93c4-815cab4b3643","2023-01-05","hackernews","title","1"
"INTC","d57812bd-e7c6-50db-901f-0091a0f217af","2015-01-08","hackernews","title","1"
"WM","d57956b3-72c4-5d6b-ab20-ca447f4a8e54","2015-10-27","transcripts","earnings_call","38"
"MU","d579d2b3-6df6-5196-8542-7d8fcdf7ad97","2020-11-11","hackernews","title","1"
"INTC","d57accb0-8d56-574d-bbf7-3c3c9eb2b07e","2026-05-22","hackernews","title","1"
"MU","d58364c0-6c81-5c91-a67f-f03656da8a84","2015-07-14","hackernews","title","1"
"ADBE","d5a17536-fcb7-59ab-97d0-0ac530ed10e7","2023-06-09","hackernews","title","1"
"NVDA","d5a78394-c875-53a6-8eee-bc03f9e49663","2020-01-04","hackernews","title","1"
"TEAM","d5aa7d54-20ae-5e9c-be4a-7b733fc03a7e","2022-01-28","sec_filing","6-K","190"
"TEAM","d5cda670-a24f-5aff-9977-26089e4ff2dc","2022-05-18","hackernews","title","1"
"MU","d5e5b25f-fa34-5919-b000-5d3f47add335","2014-06-23","transcripts","earnings_call","34"
"NVDA","d5ea4ecb-c43e-513d-bdc9-55fcc4365a1d","2022-04-10","hackernews","title","1"
"INTC","d5ecab43-da7c-5c46-a18b-6ee6855add5d","2016-09-17","hackernews","title","1"
"WM","d5f8c18f-b903-5339-aff6-a84335a03560","2012-10-31","sec_filing","10-Q","153"
"TEAM","d5f9f02b-8838-5ab8-8d88-5053e31339a6","2022-06-03","hackernews","title","1"
"NVDA","d6063d6e-98f8-5d2d-9b73-bae5df9f198c","2015-06-15","hackernews","title","1"
"WM","d614e03e-10e1-5db8-b0a7-59d6dece6919","2025-01-30","transcripts","earnings_call","47"
"NVDA","d61b5c56-153c-5087-b4d0-74039beee21b","2019-07-22","hackernews","title","1"
"MU","d61dec48-6a27-58ab-8a8f-71898670ccf8","2018-07-04","hackernews","title","1"
"DELL","d62a585e-e925-5cae-a477-8315ed3915aa","2016-02-03","hackernews","title","1"
"TEAM","d65683c8-4659-5f9b-9d26-eca7eea7feac","2022-04-29","hackernews","title","1"
"INTC","d66243b1-3a02-573c-bb99-c23cd7de2a0e","2015-07-27","sec_filing","10-Q","120"
"ADBE","d6689391-6052-5707-bf8b-ba99696dbe08","2024-08-16","hackernews","title","1"
"NVDA","d668c471-425c-51e7-bad2-8becfd5d7461","2024-11-01","hackernews","title","1"
"NVDA","d6698648-0005-5508-9c47-de84c701e31b","2026-08-16","hackernews","title","1"
"DELL","d66aec4d-9f1d-56fa-bc29-76b6a1af69b6","2018-02-24","hackernews","title","1"
"TEAM","d6736f97-7b60-5d8a-b0ce-dfb96f66a7e2","2021-07-22","hackernews","title","1"
"DELL","d679f73a-dd58-55d6-8d8e-534c790a9888","2017-10-06","hackernews","title","1"
"PG","d685c04f-cd2c-5d99-b809-bf822c85c1d3","2021-04-20","transcripts","earnings_call","28"
"NVDA","d68946cb-1fe8-52fd-95f5-e3c56bce0d67","2017-10-04","hackernews","title","1"
"TEAM","d68f958b-1ba4-508c-82ed-068374f1ad5d","2019-10-17","sec_filing","6-K","2"
"TEAM","d69ce5dd-7b32-5a36-a243-06ea8f1513d6","2023-04-21","hackernews","title","1"
"INTC","d6c23a12-e4c5-5957-bed8-ac21d7caa1f9","2016-09-10","hackernews","title","1"
"INTC","d6caa856-6871-56ff-b185-57dbfde76b07","2020-06-07","hackernews","title","1"
"INTC","d6cd5bb1-eba4-599e-bc17-c396ae80b00c","2018-01-25","transcripts","earnings_call","29"
"TEAM","d6cf80be-e68e-57df-a88d-08a529c7c733","2018-10-01","hackernews","title","1"
"NVDA","d6e8ef52-b5c1-555b-932d-af9a21251254","2017-07-10","hackernews","title","1"
"DELL","d6edfa1c-50b9-5859-9250-4d5a526c7c65","2024-03-01","hackernews","title","1"
"NVDA","d70d9b1e-7331-5a8c-8c51-d6f559127648","2023-05-27","hackernews","title","1"
"INTC","d716d60a-1953-5715-810c-49824e585c7c","2026-09-15","hackernews","title","1"
"ADBE","d72dc695-791c-525e-9283-9822734dd1ab","2026-02-02","hackernews","title","1"
"INTC","d7340bf9-80fd-5c2e-a92e-0e7acd44aeb2","2022-12-30","hackernews","title","1"
"INTC","d7369316-2c0c-5276-b70f-4613088ce428","2015-11-06","hackernews","title","1"
"INTC","d7409d47-5173-5ba7-9323-e9ff30144807","2020-08-06","hackernews","title","1"
"ADBE","d7449a3b-b8d9-5f4d-a21f-fdbf05907ed8","2019-09-23","hackernews","title","1"
"NVDA","d75d6f88-e587-500c-83dc-4d308aefbe01","2015-02-03","hackernews","title","1"
"NVDA","d771a7ca-4247-5fb4-985b-4c78bdd15560","2012-03-13","sec_filing","10-K","297"
"MU","d77a6980-1284-56dc-ab7c-b2e995100ef9","2014-04-07","sec_filing","10-Q","170"
"INTC","d77e8b48-423a-5804-8ac0-befd32128d10","2017-07-27","sec_filing","10-Q","84"
"INTC","d793d85a-1d1e-5fe9-a7af-0942ce07700a","2019-08-06","hackernews","title","1"
"INTC","d794aa69-72dc-5bda-b855-9357930ce674","2018-12-07","hackernews","title","1"
"NVDA","d79788f6-eeec-5c52-aa10-5f94a259f8dc","2026-04-22","hackernews","title","1"
"DELL","d79ff619-3c49-5cc2-8332-0410c7ef9b62","2021-04-24","hackernews","title","1"
"ADBE","d7a3933a-b72b-5e64-af19-e0afae86c081","2018-07-23","hackernews","title","1"
"NVDA","d7c3f60d-696c-5aca-9599-7e43992fafd9","2016-07-26","hackernews","title","1"
"INTC","d7c4b71d-69e8-5318-84ee-70899de35d40","2023-03-15","hackernews","title","1"
"INTC","d7cb92d6-57dd-5905-bb33-a5cfd6a53ef3","2023-10-15","hackernews","title","1"
"INTC","d7cca220-9296-5408-86f7-114ad678db56","2022-04-28","transcripts","earnings_call","33"
"NVDA","d7cdca9a-3bfa-5b60-b07f-82b55941b2ed","2017-02-09","transcripts","earnings_call","29"
"NVDA","d7d7ae3c-3a1a-5c1b-a0bf-263ce6b85019","2017-01-05","hackernews","title","1"
"ADBE","d8192b76-ea63-532a-9efb-c5c1a3235381","2015-07-15","hackernews","title","1"
"INTC","d82e2182-eaac-5608-aecd-e400bb8ad716","2026-03-05","hackernews","title","1"
"INTC","d83862df-6ef2-5bb3-8517-fdef97679cd8","2018-10-22","hackernews","title","1"
"NVDA","d83d3eda-f13b-59b9-925a-7ac88b4d3d1a","2019-08-14","hackernews","title","1"
"INTC","d841c46d-2d91-5a2a-a55a-7e2c242c2bda","2015-09-05","hackernews","title","1"
"INTC","d856b0e1-78cb-5333-9675-72a32ab67abf","2019-10-13","hackernews","title","1"
"ADBE","d8604a05-ab93-560c-9bdf-cc5db3ff9bd6","2020-01-20","hackernews","title","1"
"ADBE","d86455a5-d885-5ff5-86d7-a15f5c2ef30c","2018-05-21","hackernews","title","1"
"INTC","d866fbd3-2f78-5696-b2fd-65f5171933d6","2015-02-13","sec_filing","10-K","296"
"INTC","d8677574-e34c-5ee8-bf76-fd18b7b8e3f1","2018-01-05","hackernews","title","1"
"TEAM","d86951e9-ba46-5f58-83c0-65f4a557c82b","2021-04-06","hackernews","title","1"
"NVDA","d871fa82-90e8-5219-9121-0d4d9ed1b395","2019-02-14","transcripts","earnings_call","30"
"INTC","d87374a0-92f6-59a4-aba1-bcfdd82f65ec","2015-07-06","hackernews","title","1"
"ADBE","d87620a3-4fb7-5851-91ed-abfa250fd8c3","2025-02-15","hackernews","title","1"
"CAT","d879fdc4-766d-5fb9-9ac9-52a775f083bc","2021-05-27","hackernews","title","1"
"NVDA","d87bdfbf-b756-51d0-8ce3-6a52521a2ee0","2018-08-13","hackernews","title","1"
"NVDA","d88cd971-535c-50d5-8105-03c3fcddbecf","2020-08-14","hackernews","title","1"
"DELL","d88fa408-ee6f-589c-a7e8-34cf6ae63c8b","2023-12-19","hackernews","title","1"
"INTC","d8924a10-c7ef-584c-9a53-4e6591dda87a","2017-11-19","hackernews","title","1"
"TEAM","d89cd18d-3a34-51cd-b8c0-65c8f2caf56f","2025-09-18","hackernews","title","1"
"DELL","d8ac2da0-1957-589d-81e8-1bf4986cda37","2017-01-05","hackernews","title","1"
"MU","d8bdf3cc-cc6b-5a9b-b7d9-5c6e794115c9","2022-02-15","hackernews","title","1"
"TEAM","d8d91ad4-3770-522e-9386-b68881a0de7f","2019-07-06","hackernews","title","1"
"PG","d8df44e1-362d-5fbb-b611-bea1b47675a6","2021-04-17","hackernews","title","1"
"TEAM","d8e9b010-5c44-54aa-ac08-af1ac7f5b47d","2018-07-26","sec_filing","6-K","3"
"MU","d8ea36ab-b745-5dba-84fd-f86d4768c05d","2024-02-24","hackernews","title","1"
"ADBE","d8eefe31-e3b5-5bca-9bf6-913b415e303b","2014-06-17","transcripts","earnings_call","27"
"NVDA","d90b585c-46e4-51f5-8fb7-62932d86c350","2016-09-29","hackernews","title","1"
"NVDA","d90d3920-ac68-50a9-88eb-3f56d9821fb2","2025-05-23","hackernews","title","1"
"NVDA","d90eb814-2df3-5d45-a872-5d02a45c3c87","2016-01-09","hackernews","title","1"
"INTC","d91e3064-4280-5ae0-aeff-b1a316235081","2018-06-05","hackernews","title","1"
"ADBE","d9257624-2e5e-5a56-95ed-102897be54f1","2017-07-11","hackernews","title","1"
"INTC","d926c00c-465a-53d3-af74-c6c7871a83a7","2016-12-28","hackernews","title","1"
"NVDA","d92d3e5c-f82d-5755-b538-0983fefbef82","2021-07-20","hackernews","title","1"
"PG","d932ed9f-e5a3-5ee6-92ee-ebdde84cf0ed","2025-01-22","sec_filing","10-Q","87"
"MU","d93a3a6e-2b82-5de9-9fc1-75baade262fc","2012-06-20","transcripts","earnings_call","30"
"INTC","d940a9ce-105c-523a-9777-1a203aeaac2a","2015-02-16","hackernews","title","1"
"TEAM","d94b4e8a-838d-54c1-b339-6c0e1ad4ce12","2026-07-02","hackernews","title","1"
"MU","d9583eb8-965a-5f57-a928-635cc0e5fe2f","2016-01-08","sec_filing","10-Q","124"
"TEAM","d9613123-bfa7-5de0-bd50-44ac41c4f8f1","2023-09-21","hackernews","title","1"
"NVDA","d96bf87b-1650-50e4-bbc7-dc00b08c991c","2022-08-24","hackernews","title","1"
"ADBE","d9721d05-7b6a-552f-97e3-d02f7dde4d9c","2024-12-12","hackernews","title","1"
"MU","d9725017-5b6b-599d-9af3-651aae58372b","2018-10-11","hackernews","title","1"
"DELL","d97cabed-23d8-5e76-8e61-8cee22c9b2a1","2024-10-01","hackernews","title","1"
"TEAM","d98d1636-2c7e-5718-96ca-737568c5380b","2020-08-11","hackernews","title","1"
"WM","d99f840d-9e86-5620-9e68-d1af8a8c56af","2025-02-17","hackernews","title","1"
"NVDA","d9a38679-8305-5e04-ae35-18f58b39284f","2026-06-01","hackernews","title","1"
"MU","d9b485f9-cdf7-5416-8613-f81a6d530162","2015-04-10","sec_filing","10-Q","131"
"TEAM","d9c907c9-e12c-50e1-9f28-2bfdc2488752","2025-05-02","sec_filing","10-Q","208"
"ADBE","d9d72598-eb86-5616-80c2-4247dd5c9ba0","2018-06-05","hackernews","title","1"
"INTC","d9d88de8-c57f-5ed5-8574-c0de8bcb35d6","2013-04-16","transcripts","earnings_call","29"
"INTC","d9dada8a-bfac-535f-ab36-dd871ff1f3cf","2025-05-22","hackernews","title","1"
"NVDA","d9e39ca0-ebb4-5789-adfa-ecae5f89f9a9","2024-09-14","hackernews","title","1"
"INTC","d9e64552-c781-553d-849b-04a63ce90132","2023-11-29","hackernews","title","1"
"INTC","d9ec5d34-fdd7-5fd9-aa84-d6fe124d2b4a","2024-09-20","hackernews","title","1"
"ADBE","d9fb4b56-8d99-5111-8751-eaf243eb1882","2023-09-13","hackernews","title","1"
"INTC","da1b23f3-876e-5e43-b4c2-3caa739b1bc2","2021-10-07","hackernews","title","1"
"NVDA","da2af5fc-c166-533c-a4f2-e3f5cb3f822b","2022-08-17","hackernews","title","1"
"NVDA","da4b26f0-0f05-55f9-a9f5-2406d9c5a62a","2021-01-31","hackernews","title","1"
"INTC","da54720b-50e8-5aa0-99d9-5c5d56519116","2025-11-12","hackernews","title","1"
"TEAM","da5b52cc-a4de-57fe-b426-93fc9b9d274f","2024-08-30","hackernews","title","1"
"TEAM","da600cdc-f0ef-5a33-ab24-140b037e995c","2025-08-15","sec_filing","10-K","270"
"ADBE","da77660b-5ed5-54de-bec1-ecb384af0780","2023-01-12","hackernews","title","1"
"DELL","da801104-9728-5af8-9031-d3b957882f3e","2023-07-16","hackernews","title","1"
"NVDA","da84c82d-82f6-57b1-8b32-697afac80faa","2026-01-07","hackernews","title","1"
"NVDA","da91ea20-9be7-5b15-86bd-a042581cb020","2018-04-12","hackernews","title","1"
"NVDA","da958d54-6ff1-5632-ab81-f9a90e64bf83","2015-08-13","hackernews","title","1"
"DELL","daa3a136-8931-513c-9c9f-a69b6217d75b","2015-06-06","hackernews","title","1"
"NVDA","dac76cf4-6cce-5d5c-85a8-772200e06781","2020-03-06","hackernews","title","1"
"NVDA","dacfb7e5-ddb4-575f-a170-6f879e5f56f6","2025-04-04","hackernews","title","1"
"CAT","dad6d1c0-e3da-509f-a4db-75b9e247cfab","2012-11-02","sec_filing","10-Q","234"
"ADBE","dae4da18-a0dd-5db6-8ffd-3e3a5a79985e","2017-06-20","transcripts","earnings_call","27"
"ADBE","dae94b02-5a51-543f-a3bf-b2bf8af63d4d","2019-05-11","hackernews","title","1"
"NVDA","daed5217-1a33-5cd8-9609-7eec4db12579","2020-02-26","hackernews","title","1"
"INTC","daf29f1b-9743-5b5d-a609-f39b53357ff2","2022-01-11","hackernews","title","1"
"NVDA","daf81d62-f0b0-5b87-892a-f17cf691a19d","2018-03-27","hackernews","title","1"
"INTC","db057847-67f0-5d8b-b474-2d73136f975a","2015-01-07","hackernews","title","1"
"INTC","db10872c-501c-58cf-9121-3f607b7e7260","2022-06-04","hackernews","title","1"
"TEAM","db16ea5b-1fa4-58ff-ab4a-ef89826ef255","2025-10-08","hackernews","title","1"
"DELL","db189bae-7d42-5130-bbb8-4dc2365dea4a","2016-04-23","hackernews","title","1"
"ADBE","db1e8cc5-1edf-5541-a036-5eea81597528","2016-06-18","hackernews","title","1"
"INTC","db237058-573b-53fc-973e-16d78a47c75c","2016-01-11","hackernews","title","1"
"NVDA","db33498b-5468-5a32-8c80-adcddc93bd27","2020-11-18","transcripts","earnings_call","27"
"PG","db4581e9-135e-5c0f-928d-53735553585e","2017-11-15","hackernews","title","1"
"INTC","db5f1f4e-a085-5fef-8fb6-88ed114afc34","2017-07-14","hackernews","title","1"
"INTC","db65fc97-d534-5d59-85e1-d44c857889f1","2016-09-11","hackernews","title","1"
"ADBE","db7300c0-b7aa-5669-9859-d1d0ee2c0860","2020-07-20","hackernews","title","1"
"INTC","db730988-1e16-5fed-93c9-8846bbfb48b0","2017-06-22","hackernews","title","1"
"ADBE","db73c5a4-27dd-5cbb-9710-d8dc316c0415","2017-03-31","hackernews","title","1"
"TEAM","db750def-a2e6-5ff0-b767-5a3f2bd5a88b","2026-04-22","hackernews","title","1"
"INTC","db8722d5-9950-5d6e-aa0f-a8615d036f68","2015-07-15","transcripts","earnings_call","29"
"DELL","db889635-701a-58ab-8cac-24d009d2bf4d","2022-01-18","hackernews","title","1"
"PG","db9ae5a4-36ba-5c82-ad5e-2d174ca98659","2016-08-09","sec_filing","10-K","219"
"TEAM","db9baee8-d412-5e65-ac94-f54d176f3e38","2018-09-04","hackernews","title","1"
"NVDA","dbccd621-71ec-58de-8e4c-09c4655cd2ee","2016-03-27","hackernews","title","1"
"INTC","dbd1878f-4072-5f4b-bc7f-cc9c3ae3c7e1","2024-06-17","hackernews","title","1"
"DELL","dbe55732-82e8-5efd-beb3-3b6a0eb15ece","2024-12-20","hackernews","title","1"
"DELL","dc1392c6-d993-50cc-890b-1bb3f1918163","2019-06-08","hackernews","title","1"
"ADBE","dc17a300-a259-516e-88cb-6e8844c435dc","2019-08-23","hackernews","title","1"
"INTC","dc2a8336-94bc-55dd-a880-a3e00672288b","2019-12-27","hackernews","title","1"
"NVDA","dc2e6cb7-f3c9-5c51-887c-066895b5321c","2018-08-20","hackernews","title","1"
"INTC","dc33e5d7-a370-5d2f-9534-d90f9e2c3766","2018-02-21","hackernews","title","1"
"NVDA","dc360844-1cdb-51b4-9aa5-3b3cb9b6f8a9","2025-03-21","hackernews","title","1"
"TEAM","dc445a1a-2a4f-579f-bfd7-a5aae860b7e7","2018-04-19","transcripts","earnings_call","22"
"NVDA","dc4a56be-8c69-5d6c-a07d-e8e3f282073b","2016-06-29","hackernews","title","1"
"ADBE","dc4ff358-2dfb-536d-bd2c-9db337bfb954","2018-05-15","hackernews","title","1"
"DELL","dc55f8a8-af21-5024-996e-5fb8bd48193a","2018-10-23","hackernews","title","1"
"INTC","dc5ad16e-cddc-5ad5-b9ed-b1ab2641cf8b","2017-04-13","hackernews","title","1"
"INTC","dc62c854-4faa-5ebd-96b7-d9d942b7ecb8","2016-12-11","hackernews","title","1"
"TEAM","dc639e64-87df-542c-9055-a0674b4c191b","2023-07-24","hackernews","title","1"
"INTC","dc663e64-9f75-5e6e-b385-691f253c0aef","2013-07-29","sec_filing","10-Q","103"
"ADBE","dc7a0b52-4a67-58c5-971c-300bf556fda7","2023-02-27","hackernews","title","1"
"NVDA","dc84db9a-4c1e-5dde-98eb-4b71d269f138","2018-05-27","hackernews","title","1"
"NVDA","dc984667-e5c1-5181-bc20-50d1f95d8191","2020-12-14","hackernews","title","1"
"WM","dca115a0-9f74-5543-b48e-a69f613bfbb2","2021-05-05","hackernews","title","1"
"ADBE","dca9803d-7e95-551c-b640-2c463711d3cb","2024-03-05","hackernews","title","1"
"INTC","dcbd1a51-12fa-5a2b-9267-80ab17ddff40","2024-10-31","sec_filing","10-Q","112"
"MU","dcc559f7-cbbc-528d-b947-ff8c167219e7","2018-07-09","hackernews","title","1"
"NVDA","dcd96325-d86f-5b4a-aca1-21c37f46bc04","2015-08-07","hackernews","title","1"
"ADBE","dcd9bf86-c26c-596a-96e6-0dce44bce0bc","2015-04-28","hackernews","title","1"
"NVDA","dcdb6a6f-27e4-50e1-a597-e16441d1ccd1","2013-05-09","transcripts","earnings_call","28"
"NVDA","dce2fdf6-390c-52ba-99d6-4f7b5f42fc4a","2025-02-27","hackernews","title","1"
"DELL","dcebff4e-91f0-5069-a315-8feb608a788a","2021-06-30","hackernews","title","1"
"CAT","dcf35b1f-e305-50c6-b2f2-591161d3deba","2017-11-01","sec_filing","10-Q","228"
"NVDA","dcf51a2f-9beb-5f4e-b086-97eeb1e32386","2021-08-12","hackernews","title","1"
"INTC","dcfa605e-3095-5ac0-9bc2-fed53ff58ff2","2015-12-13","hackernews","title","1"
"MU","dd06489f-2c8c-50c4-9dba-bb99007afbad","2024-07-31","hackernews","title","1"
"WM","dd0eb083-ef9b-5492-983b-6bb790c1f57b","2020-07-30","sec_filing","10-Q","128"
"INTC","dd23f57d-0c0d-5220-9682-85225df9a861","2019-05-25","hackernews","title","1"
"DELL","dd3b1993-4386-5203-a2e4-1c23dcd19264","2020-07-21","hackernews","title","1"
"ADBE","dd3d74a0-55f0-53ec-9fff-1f4afabf9587","2026-06-16","hackernews","title","1"
"INTC","dd410d86-f479-5606-8fd5-9bfa01cb4af0","2023-02-27","hackernews","title","1"
"NVDA","dd418d07-8f0b-557b-bf12-220b13e39d03","2025-05-28","sec_filing","10-Q","96"
"INTC","dd43ec18-1e24-59c4-aa75-3755eb97a753","2018-04-28","hackernews","title","1"
"NVDA","dd65594b-e27d-5f2e-9ba7-23c87bcc6d68","2021-08-20","sec_filing","10-Q","83"
"DELL","dd6e2985-26cd-5216-8934-4017f75f0b20","2021-06-24","hackernews","title","1"
"INTC","dd9123be-0e81-572e-9fa3-9b2bd509e756","2024-07-19","hackernews","title","1"
"CAT","dda9971d-5467-5ce7-97ee-ba87d9a50599","2012-02-21","sec_filing","10-K","91"
"TEAM","ddb1d1d1-cc2d-5f5f-9d59-b0550bfd72a6","2018-01-02","hackernews","title","1"
"NVDA","ddbd791e-a1d0-5885-92e3-573c4b897ac7","2015-08-21","hackernews","title","1"
"MU","ddc0e936-aaf2-5ef2-9ba1-b530e5dfd338","2022-01-31","hackernews","title","1"
"INTC","ddc41833-b878-5bb2-bdc1-e67532761540","2016-12-04","hackernews","title","1"
"NVDA","ddcb2f9d-0a7b-55b7-a324-2d61f6adcf01","2024-05-03","hackernews","title","1"
"WM","dddf8c14-ad13-5125-8d91-375985c823d9","2025-07-29","transcripts","earnings_call","35"
"ADBE","dde05e58-dfa3-5d4d-8c79-78ae16dd6a18","2018-11-20","hackernews","title","1"
"MU","de24c9e0-92fe-5627-9f33-71506dbbf9ae","2017-06-30","sec_filing","10-Q","124"
"NVDA","de25685d-268b-5d3b-a92c-18d90ae0c7b5","2016-03-23","hackernews","title","1"
"INTC","de2684bf-0baf-5bf1-bef5-709e4c78d232","2016-01-31","hackernews","title","1"
"DELL","de313f41-ad80-5ff8-89be-fdb3de1e4ac5","2025-04-18","hackernews","title","1"
"NVDA","de395dfd-e95a-55ac-9873-0dfa48b0f110","2020-07-14","hackernews","title","1"
"DELL","de535b4f-bac8-5c76-b699-e16cb5fcd4eb","2022-03-11","hackernews","title","1"
"ADBE","de62532a-de1a-5319-9fdb-7e161a7aa542","2024-04-10","hackernews","title","1"
"ADBE","de63c2c2-359d-5ce1-8e19-114b4234bb36","2018-02-22","hackernews","title","1"
"NVDA","de9f6387-28f5-5a97-82c3-eaab3874697c","2021-10-11","hackernews","title","1"
"NVDA","dea932c5-9e71-5f7d-8a82-8cabafda33ba","2024-06-06","hackernews","title","1"
"WM","deab7534-211f-580d-b97a-68fee6262736","2026-04-29","transcripts","earnings_call","40"
"DELL","debae6a9-a8ac-5be1-9ad5-00179b4a5a94","2015-05-25","hackernews","title","1"
"ADBE","debc0e90-d85d-5d3c-a953-a670b840fc78","2026-06-11","transcripts","earnings_call","36"
"NVDA","decdc8ed-9c9c-56ff-a670-e075a8318346","2024-10-30","hackernews","title","1"
"NVDA","ded09a61-bb7d-5ef6-acb7-1d9af9f2d9f4","2023-12-04","hackernews","title","1"
"DELL","dedc40a8-173c-5292-b928-12ffe71eb769","2024-02-10","hackernews","title","1"
"NVDA","def6d8ad-baa0-537c-a114-3b2889c36825","2015-08-09","hackernews","title","1"
"INTC","deffe39a-9103-59ff-b4f9-92d9177178d6","2022-08-26","hackernews","title","1"
"WM","df0a4d2b-5b50-5af2-a2fb-8fe709102112","2023-10-25","transcripts","earnings_call","42"
"NVDA","df0c7474-a1f4-59cf-bf00-d47d6314c8e5","2023-10-19","hackernews","title","1"
"MU","df121a39-18b1-53f0-b1ec-c8244dbe59b3","2026-01-17","hackernews","title","1"
"TEAM","df1b0551-48e8-51d6-b5fb-b750fa61164e","2018-11-09","hackernews","title","1"
"INTC","df1e153f-9fa6-5141-8a3b-320e7f88c973","2015-04-27","sec_filing","10-Q","96"
"ADBE","df22bd70-9e3b-5b0a-9edc-b0a573eecf20","2025-07-27","hackernews","title","1"
"ADBE","df2b5796-1f69-5371-81fe-27958e2ef051","2023-08-10","hackernews","title","1"
"INTC","df3c579e-f7ce-5aae-8ae2-4a6d4fea994a","2017-06-04","hackernews","title","1"
"WM","df41dd3c-7b1c-5015-8a57-93e507678b26","2024-10-28","sec_filing","10-Q","108"
"MU","df428129-4f64-5ba9-b8da-fb419a11be34","2024-04-18","hackernews","title","1"
"DELL","df44daed-f0f8-5262-9c95-3951df281f32","2017-02-23","hackernews","title","1"
"TEAM","df49864a-b84d-5fbe-8044-c6db0f760874","2016-02-10","sec_filing","6-K","147"
"MU","df542c36-3e35-5cb6-9676-92e1bab5d3d7","2016-03-30","transcripts","earnings_call","32"
"ADBE","df6ecba1-3a43-5401-9e43-50c207ea3def","2018-10-15","hackernews","title","1"
"DELL","df7ed8ce-89cf-5553-a330-c8a761ea8b6b","2019-04-29","hackernews","title","1"
"INTC","df840d64-f89f-525a-8e6b-64e346888eae","2014-04-15","transcripts","earnings_call","29"
"NVDA","df841c10-748b-5266-8a61-9aa7f4b2969c","2018-06-18","hackernews","title","1"
"CAT","df8ad231-8951-5b35-8336-db21098aed5b","2014-08-01","sec_filing","10-Q","235"
"NVDA","df8f5b29-71cc-5f41-bf91-7f54f7af4f9f","2023-06-05","hackernews","title","1"
"DELL","df97970a-57e6-5019-9099-65fbd94dc7d1","2025-01-06","hackernews","title","1"
"DELL","df9dc042-5f39-5d32-b0c4-afcd7b574089","2016-05-21","hackernews","title","1"
"ADBE","dfa7966c-7ebb-5b67-bfd6-f510bfb61f4c","2016-07-15","hackernews","title","1"
"TEAM","dfab2dec-4fbe-516d-a4ce-8dc5997242a9","2022-04-11","hackernews","title","1"
"NVDA","dfbf03f8-1ee6-5736-83d2-bc82dfeb908b","2020-08-27","hackernews","title","1"
"TEAM","dfc2ab13-b7c1-541d-9efb-7d0044375e52","2023-08-03","transcripts","earnings_call","29"
"INTC","dfca80e6-8d5f-5f69-a342-f6eee5f3e2af","2015-07-28","hackernews","title","1"
"DELL","dfd14971-dd48-5d05-98f9-d849e7c0d431","2016-09-11","hackernews","title","1"
"TEAM","dfe1484c-8dd9-5ccf-9fed-d5afe3f34f2c","2024-10-31","transcripts","earnings_call","29"
"INTC","dfee6424-f2c2-5aba-9535-23d0d7776c7c","2017-10-26","sec_filing","10-Q","88"
"INTC","dff03cd9-66c4-57ad-acac-2d627b3136c4","2023-03-08","hackernews","title","1"
"TEAM","dff9a0d5-55ca-54a1-a83f-c62c4a202acb","2018-05-03","hackernews","title","1"
"CAT","e004d80b-a1a1-5c93-ad9a-8c74010d0b0d","2015-03-06","hackernews","title","1"
"INTC","e0462552-0566-5873-a895-9ae7e031b769","2020-10-19","hackernews","title","1"
"INTC","e04ff7ed-4450-50a8-82e1-9ce4553a5a1b","2017-12-27","hackernews","title","1"
"TEAM","e0628003-0ebe-5199-a6d8-d53971240f20","2025-09-04","hackernews","title","1"
"NVDA","e07399d2-87d6-5ff7-b5ea-cd4e7ea190a8","2019-02-21","sec_filing","10-K","197"
"CAT","e077c606-8ffe-57ea-986f-6c5497754287","2020-11-11","hackernews","title","1"
"NVDA","e0790b1e-d4b1-524f-a893-4b5359db222c","2021-04-13","hackernews","title","1"
"NVDA","e0818047-f6fb-5e21-9f36-0ec3fa3ab215","2022-08-22","hackernews","title","1"
"MU","e0896526-a41d-549a-81ac-589603209b6c","2026-05-14","hackernews","title","1"
"TEAM","e08c7cc1-5f60-553f-b359-856e2c22cacd","2025-10-18","hackernews","title","1"
"NVDA","e0c35d06-f4cf-56d9-84a6-4049fd8c39a6","2025-11-19","sec_filing","10-Q","109"
"CAT","e0cbe101-0045-5329-8839-6ca9d4cb4927","2021-04-16","hackernews","title","1"
"DELL","e0d93433-2504-5dfb-980f-2d3b0ed555c6","2021-12-14","hackernews","title","1"
"ADBE","e0dca53a-93e5-547a-89f9-61b9a917aa6f","2021-08-19","hackernews","title","1"
"INTC","e0e30c49-2457-59a2-b1d5-b552275ef39d","2021-05-16","hackernews","title","1"
"DELL","e0e5f767-a4bd-55ec-879d-db2835757cac","2017-11-15","hackernews","title","1"
"NVDA","e0e6d1d6-614e-5f70-9847-30aab92a1811","2022-05-12","hackernews","title","1"
"NVDA","e0f073fd-8926-5e9f-a649-91761649cf46","2019-05-21","hackernews","title","1"
"NVDA","e0ff3a8a-4a60-51eb-835d-e5523f0a2c70","2015-05-21","hackernews","title","1"
"INTC","e10703c1-1948-5f1a-b052-f62318cf3720","2018-03-27","hackernews","title","1"
"INTC","e10c8c2b-cb87-530a-82e6-fcaccf73236f","2021-08-31","hackernews","title","1"
"NVDA","e112a51f-1f17-5a9a-b53d-1fcc9f46f2fe","2024-12-30","hackernews","title","1"
"INTC","e130cbe1-45eb-55ed-b5a1-02dbfa4f2979","2021-05-03","hackernews","title","1"
"ADBE","e143bbc1-a29f-519a-b52e-af0db6605cbc","2025-04-25","hackernews","title","1"
"ADBE","e14599d7-b5d2-5bc0-9f57-fb5356f90732","2023-05-23","hackernews","title","1"
"INTC","e15399ef-c3fe-5ad6-893d-91ab32a2daa5","2018-12-17","hackernews","title","1"
"WM","e1577db7-9d98-5c1a-b6b2-2313cbb935ac","2022-07-27","sec_filing","10-Q","106"
"NVDA","e158a726-35c9-555b-9c9c-fce03d54340f","2019-03-18","hackernews","title","1"
"NVDA","e161429b-917d-5af5-8d36-c22d98883a97","2021-12-01","hackernews","title","1"
"PG","e16167de-0ad7-53b3-9f96-2152efa513ab","2026-04-24","transcripts","earnings_call","33"
"INTC","e1650449-4802-5654-9bce-782ea1d3e748","2019-12-11","hackernews","title","1"
"ADBE","e166ace2-6170-5f35-abe0-4f71964df1e0","2013-10-03","sec_filing","10-Q","168"
"DELL","e16ad541-58dd-5040-a196-7d0ae51abe58","2024-02-03","hackernews","title","1"
"DELL","e17b7164-d68f-560a-895d-6132283a3ceb","2015-04-08","hackernews","title","1"
"MU","e185e36d-b084-5cd1-9afe-e140121320c9","2025-03-20","transcripts","earnings_call","27"
"INTC","e18f8103-7a4b-533e-9e86-d680525fb03a","2023-10-22","hackernews","title","1"
"TEAM","e1abce48-b784-50d7-84d4-ff46b374a0f4","2019-07-25","transcripts","earnings_call","31"
"DELL","e1ac2e6f-7d0a-51c8-b78f-554dc1b26344","2017-01-05","hackernews","title","1"
"NVDA","e1ae6244-830e-5904-a092-925736c779c4","2026-04-28","hackernews","title","1"
"ADBE","e1b321f2-23ac-5d58-9fcd-7e8fc227f0be","2023-01-07","hackernews","title","1"
"INTC","e1bdbdbd-d439-5a17-9e96-53a02134a34a","2015-06-06","hackernews","title","1"
"ADBE","e1d13bf7-2dbe-593d-b49f-f111537b5b18","2020-06-17","hackernews","title","1"
"TEAM","e1d52b1d-aac9-57b0-85ab-0a211933803d","2016-03-16","hackernews","title","1"
"INTC","e1dd8441-701f-538e-93da-be73204e1c83","2017-10-23","hackernews","title","1"
"ADBE","e1ee8ebe-a0d1-59d5-8a13-9061a96b49a9","2015-06-23","hackernews","title","1"
"INTC","e1eea715-2f34-5ed6-8371-61a0ff7e4091","2020-08-15","hackernews","title","1"
"NVDA","e2079839-59e8-5289-bbe0-412ed39c93e6","2018-04-21","hackernews","title","1"
"CAT","e21f0d6d-9d0c-5b0a-9f67-7bd49c9d05ca","2018-02-15","sec_filing","10-K","393"
"TEAM","e224e203-ae0a-5aec-9057-d15e185c12c1","2026-02-18","hackernews","title","1"
"DELL","e22ce840-0d5c-5c7a-947f-f841500c82b3","2017-08-15","hackernews","title","1"
"TEAM","e234a0e6-2577-57d0-a1a3-e1ed627adb78","2017-05-04","hackernews","title","1"
"TEAM","e23fad02-d262-5319-85d5-99c856d576f9","2024-11-01","sec_filing","10-Q","190"
"ADBE","e24aceb0-5801-5008-bb79-3d75e7c62447","2015-06-01","hackernews","title","1"
"NVDA","e257f444-8b01-587f-82e9-f54a6dc75566","2024-07-14","hackernews","title","1"
"ADBE","e25aa2ea-6164-543e-b0fe-f9f368956890","2020-03-20","hackernews","title","1"
"ADBE","e269605d-e842-5c76-80e3-6f358d7d554f","2025-03-22","hackernews","title","1"
"INTC","e26f4660-8048-5398-ad28-33e424a8b37a","2026-03-26","hackernews","title","1"
"ADBE","e27ab5f9-4758-590b-94c2-c388689df633","2017-03-30","hackernews","title","1"
"NVDA","e28775e1-42f1-5cac-8c67-dff54f4cf960","2023-04-11","hackernews","title","1"
"INTC","e28a5bf4-606d-5cf2-a721-5e22a3772904","2018-04-26","transcripts","earnings_call","28"
"ADBE","e28f5dc2-a752-55dd-84e2-905e6b7580f4","2024-09-12","hackernews","title","1"
"ADBE","e2a8df6e-504b-5581-95e1-9ba1542c8d4c","2019-09-08","hackernews","title","1"
"NVDA","e2be811b-41f0-5a57-8714-024388750b20","2024-01-02","hackernews","title","1"
"INTC","e2c4a481-ed11-5559-b042-9af39e4c04eb","2018-03-11","hackernews","title","1"
"NVDA","e2c5de77-7f13-5f6a-a018-54926865e34c","2024-05-22","transcripts","earnings_call","30"
"ADBE","e2ce12fa-8c79-5750-9823-2ebff8e2a4ca","2016-05-03","hackernews","title","1"
"ADBE","e2e38393-3ba9-5be4-a75a-31dfe820fe0f","2015-12-01","hackernews","title","1"
"ADBE","e2e6224d-b6cd-5397-942a-2bed524ef990","2018-10-15","hackernews","title","1"
"DELL","e2e8006e-edff-5c05-a4e7-cbabc500898d","2022-08-23","hackernews","title","1"
"ADBE","e2f03d21-2190-5f1d-9cde-72ccf939608e","2026-01-23","hackernews","title","1"
"MU","e2fb0918-a56f-5350-bb11-ec7bc637f101","2022-07-29","hackernews","title","1"
"MU","e301ac94-98c4-52e9-a5d7-89ecceb0ad4b","2022-10-06","hackernews","title","1"
"CAT","e301ef92-a22b-57d3-937c-20e00cce7816","2022-08-16","hackernews","title","1"
"ADBE","e30ec28d-9e55-531f-9b9b-98ddafef1213","2019-02-26","hackernews","title","1"
"INTC","e319b08d-8494-5aae-bee2-a834829bae7a","2023-11-05","hackernews","title","1"
"MU","e31f962e-d042-5fa1-82e6-81a08fcacd6d","2022-12-21","transcripts","earnings_call","27"
"INTC","e326454a-3be6-5c4b-bc9e-69d3ba69a865","2023-10-28","hackernews","title","1"
"MU","e32d54f5-39eb-5d3a-b908-2e46e1921ba8","2018-05-03","hackernews","title","1"
"NVDA","e3381c34-d3a3-5a51-b543-a843199abdc0","2016-07-07","hackernews","title","1"
"PG","e3681232-673d-541d-83ba-c192f26405a0","2015-10-23","sec_filing","10-Q","72"
"INTC","e36a218f-e363-5538-99d0-2ddf5421c19b","2017-04-24","hackernews","title","1"
"INTC","e36a532e-66cb-5d19-bded-9e8b52d243c1","2016-02-16","hackernews","title","1"
"ADBE","e36f6ad5-040a-5a33-9beb-566daa582294","2022-12-29","hackernews","title","1"
"DELL","e38877a7-2106-584f-90f2-3575aa58bd83","2018-08-21","hackernews","title","1"
"ADBE","e389e441-9eab-59bf-bc7b-5ff870ec366d","2025-06-07","hackernews","title","1"
"INTC","e38e7279-9691-51d2-a6de-5199631860f5","2024-02-10","hackernews","title","1"
"TEAM","e38f8a2c-a0d9-57c3-bed1-6925117ea9cd","2024-09-12","hackernews","title","1"
"TEAM","e394d5d9-babd-56e2-ab34-4d7b6955f193","2016-10-27","sec_filing","6-K","2"
"NVDA","e3a41eb8-e15d-5def-956d-8259387e86f6","2022-10-15","hackernews","title","1"
"TEAM","e3aa98a0-b8c5-51ae-853f-c8f6b99db0f0","2023-05-04","transcripts","earnings_call","28"
"NVDA","e3ad8030-02d2-5ccf-9134-22d19fd42c07","2026-08-16","hackernews","title","1"
"NVDA","e3c97568-936b-5dba-9bc5-c10822c1c44a","2018-02-26","hackernews","title","1"
"NVDA","e3cb007f-0262-5ed7-9572-be73e77b4416","2021-01-31","hackernews","title","1"
"NVDA","e3cbec45-83c3-54eb-beb5-e305af0d58b0","2023-11-28","hackernews","title","1"
"NVDA","e3d0b855-e666-5051-aae0-fad55547f958","2018-07-08","hackernews","title","1"
"ADBE","e3d3386f-9551-5601-84d2-017bf7fcdfdc","2017-09-07","hackernews","title","1"
"TEAM","e3e05773-b79e-5515-8868-17199a7de6f1","2021-07-29","sec_filing","6-K","2"
"NVDA","e3f8159c-e680-5a4c-8e58-60a44af2334e","2019-11-29","hackernews","title","1"
"ADBE","e3fd99fb-68de-5ea9-a258-8a9335f336b3","2022-04-30","hackernews","title","1"
"DELL","e403b966-7e9c-53ed-97ca-64ceeac6e124","2021-10-05","hackernews","title","1"
"ADBE","e40a121a-f57d-5fc9-91de-ae8a19bd0dd0","2020-01-17","hackernews","title","1"
"INTC","e423ea3f-21ea-5ab6-be2b-f42eaf966d17","2026-09-02","hackernews","title","1"
"TEAM","e424038a-0a2d-55e6-b874-fa184524d807","2017-10-30","sec_filing","6-K","3"
"NVDA","e43a0f41-43c0-512d-8ecf-7225df7bf482","2017-12-17","hackernews","title","1"
"DELL","e4442dd5-cc92-5478-aaff-e907c8037f39","2022-09-01","sec_filing","10-Q","183"
"TEAM","e445f9a2-aa88-545b-a34c-9ac03b131b9c","2019-09-05","hackernews","title","1"
"TEAM","e447e10d-e274-5ad5-b47f-48cf5384efad","2016-10-16","hackernews","title","1"
"ADBE","e4555173-edac-5fec-ac59-682cd0a0f9a3","2023-01-09","hackernews","title","1"
"NVDA","e4630b01-8635-5fd1-8725-a372be6fb9b4","2021-03-25","hackernews","title","1"
"NVDA","e4654f18-266a-5a01-b4ce-3954ea4039cb","2024-12-17","hackernews","title","1"
"INTC","e4671f1f-8968-5848-98c5-bdc28da952fd","2020-02-12","hackernews","title","1"
"NVDA","e47c810b-fda6-5fc2-8a5c-6ece206676c6","2022-05-11","hackernews","title","1"
"ADBE","e487351e-ea1b-5066-84fd-e8863497c4f5","2018-04-24","hackernews","title","1"
"MU","e492c49e-3b0d-5704-a7a6-3b39c54669e3","2026-08-28","hackernews","title","1"
"INTC","e4933cf9-4a79-5617-a60d-e2194eb23a75","2021-01-13","hackernews","title","1"
"NVDA","e496f380-c72e-5a35-89b3-2afc17871246","2022-09-21","hackernews","title","1"
"ADBE","e49aa312-f11d-54a0-b272-66769768561f","2015-01-27","hackernews","title","1"
"NVDA","e4a29434-21f5-5bb3-a0d6-8d0d491939aa","2022-10-06","hackernews","title","1"
"MU","e4ad124e-d41d-50ee-ab4f-ca7ff849e127","2021-09-29","hackernews","title","1"
"INTC","e4add97e-7065-5a5f-a582-be089b977ac1","2024-12-02","hackernews","title","1"
"INTC","e4b61316-1532-5ca2-b7b9-bd5b2a89250d","2022-11-17","hackernews","title","1"
"INTC","e4ddc43e-569a-5b29-ad13-f05a5cabb599","2023-07-27","sec_filing","10-Q","95"
"NVDA","e4e136a4-3ba9-51d6-949e-af488550b385","2020-12-14","hackernews","title","1"
"NVDA","e534743a-4ae5-5c8f-9dfa-a2c715ef4363","2017-11-30","hackernews","title","1"
"MU","e535a548-5888-5460-b465-4bdb5dfd9147","2023-05-21","hackernews","title","1"
"INTC","e536da91-50a6-5759-9f00-6e03064e854b","2022-06-02","hackernews","title","1"
"NVDA","e547cf37-f6c8-56f5-a06f-9469db25b27c","2022-12-06","hackernews","title","1"
"ADBE","e55cdb0c-ca49-5e09-a367-a9490ebe9225","2019-05-14","hackernews","title","1"
"DELL","e565ea09-7ebc-50d5-9a3a-7150a3ce53c5","2016-03-11","hackernews","title","1"
"ADBE","e56bacba-6b41-5bdb-9912-265057958b3b","2023-01-25","hackernews","title","1"
"ADBE","e5739f76-c84d-5057-8154-86554460cf51","2021-11-17","hackernews","title","1"
"PG","e5985044-9d4b-5bc8-816f-780b1a8d335d","2023-01-19","transcripts","earnings_call","34"
"NVDA","e59e4be3-f8b3-5759-8763-735a0b4eecb6","2016-11-11","hackernews","title","1"
"NVDA","e59f9e36-7bc7-5bf8-ade3-6741b47996ea","2026-02-27","hackernews","title","1"
"DELL","e5a3eb29-56c7-565c-991b-d105a0172f85","2025-06-10","sec_filing","10-Q","140"
"INTC","e5b9087c-70d2-55bb-b41a-5b86198b49f2","2018-05-30","hackernews","title","1"
"DELL","e5c1b578-6b51-55d7-8d24-d14671f11658","2020-04-15","hackernews","title","1"
"TEAM","e5c51c29-5380-57a0-9eb0-a093a0a546b9","2023-06-14","hackernews","title","1"
"ADBE","e5cad3e4-8c04-5880-b50a-fbf35f393d47","2021-01-24","hackernews","title","1"
"NVDA","e5d0a1e8-293d-5ae8-8c32-e64c375cc4c7","2018-06-08","hackernews","title","1"
"INTC","e5d4576f-12cc-5097-974d-e66693879456","2021-06-04","hackernews","title","1"
"INTC","e5d92a38-cf2f-5e80-9be4-a4a5b9492fd1","2020-09-23","hackernews","title","1"
"DELL","e5dcfc09-772e-50d0-9826-24263003d24d","2024-11-19","hackernews","title","1"
"NVDA","e5e74bc9-470e-5431-bd06-ad1aaecc7ea9","2015-04-14","hackernews","title","1"
"NVDA","e5e7c641-dd8b-5b1c-a41c-cf6599090fe3","2026-02-25","hackernews","title","1"
"NVDA","e5eaf260-b1dc-56b1-aa4f-fc577dd34d33","2021-10-13","hackernews","title","1"
"WM","e5ec27f5-2943-5fdc-9a4d-812512df4526","2026-02-09","sec_filing","10-K","373"
"ADBE","e5ed40f9-bd3d-5afe-b517-6121da409d1a","2022-09-12","hackernews","title","1"
"INTC","e5fccf6b-4e4d-5494-be75-21ad61d2fdb5","2018-12-17","hackernews","title","1"
"INTC","e60143aa-09db-5004-84d9-b907e95278b4","2013-02-19","sec_filing","10-K","281"
"NVDA","e609f24b-3707-5078-9612-4de9db707ec4","2022-08-08","hackernews","title","1"
"NVDA","e60e8654-1f6d-5c6b-bbd7-14a3e61781b9","2017-10-26","hackernews","title","1"
"NVDA","e61fdeb1-3fa8-55de-b7f4-07079ac8514b","2015-05-29","hackernews","title","1"
"NVDA","e6228089-dc84-5b82-9e2b-ba36757a2e49","2020-03-25","hackernews","title","1"
"INTC","e6278744-20c4-5b50-b3c5-78bd3416b791","2024-02-22","hackernews","title","1"
"INTC","e6286a07-92ff-58eb-8dd3-41dcf0542e23","2023-06-02","hackernews","title","1"
"NVDA","e62a7154-9057-518f-9d5c-a16868ef7ffb","2018-05-12","hackernews","title","1"
"DELL","e631cb14-2f94-50f4-be10-b89d78b5d5c3","2020-01-02","hackernews","title","1"
"NVDA","e63db18d-a8ca-5917-bb1d-e0a3642494d9","2015-11-19","hackernews","title","1"
"NVDA","e646f523-da8f-592d-9a7a-891fddae50dc","2021-06-12","hackernews","title","1"
"NVDA","e6512096-7999-5096-b381-454a95e4e7c2","2017-05-24","hackernews","title","1"
"INTC","e65ca4e4-4491-52cb-a2d4-a1c7236c7c77","2017-12-30","hackernews","title","1"
"DELL","e65e8397-19ae-5a1d-a42e-311ce75ec62c","2016-03-28","hackernews","title","1"
"DELL","e661b797-9894-5ca8-87b7-1495b3c883b4","2026-08-08","hackernews","title","1"
"NVDA","e673b615-e4f4-54f5-963d-b4ce95839423","2018-05-31","hackernews","title","1"
"ADBE","e677f6d5-7096-5dce-be4f-289aa17e819a","2016-11-10","hackernews","title","1"
"TEAM","e67a6784-a2dc-5b36-a83f-b73af7d10c45","2017-02-03","sec_filing","6-K","1"
"DELL","e67ab738-d74b-5bc0-b42c-5eac19539ad7","2020-01-16","hackernews","title","1"
"ADBE","e67aecc5-e308-5db9-9504-179ccb514b54","2021-06-17","transcripts","earnings_call","34"
"PG","e67fbdcc-4f08-554c-a588-e675b8548cb3","2015-04-03","hackernews","title","1"
"DELL","e692e787-7366-5064-bdd0-922cc9b170c2","2015-11-24","hackernews","title","1"
"INTC","e69df59f-0f0d-5778-87ba-8b4f45a451d3","2018-02-16","hackernews","title","1"
"NVDA","e69f91a8-7899-5e5b-81d8-2616c1487e84","2019-09-05","hackernews","title","1"
"NVDA","e6c139c4-bf32-5d74-b6eb-15e45a270621","2015-01-08","hackernews","title","1"
"DELL","e6c3bd17-ffbe-5493-bba0-63b0da98d02e","2015-03-15","hackernews","title","1"
"INTC","e6dce744-8220-5258-92ec-2a11c95a224e","2020-04-20","hackernews","title","1"
"NVDA","e6e9d66c-9ef2-5f38-8f50-cd3d1beda148","2024-03-31","hackernews","title","1"
"DELL","e6ecdc6b-30b9-5603-b097-65ac7bc95f4c","2016-07-10","hackernews","title","1"
"ADBE","e6fe2f5d-e8ca-5aee-8324-99b22204528e","2020-10-23","hackernews","title","1"
"NVDA","e7063cb3-32c4-5090-9df7-520a1cb37870","2021-02-18","hackernews","title","1"
"DELL","e71520d1-becb-5a71-a4a2-255302b18e56","2026-06-09","sec_filing","10-Q","130"
"TEAM","e71c3368-a858-580c-beaa-c022bb0d2b11","2021-01-28","sec_filing","6-K","2"
"INTC","e721262a-389f-5a55-8173-d4e2cbd29b19","2020-06-27","hackernews","title","1"
"INTC","e730346c-892f-5bea-9df0-56e351b86f5b","2023-11-02","hackernews","title","1"
"NVDA","e7347514-f86b-5ee2-b7ab-fd281dd41a12","2020-06-24","hackernews","title","1"
"DELL","e734b6f8-36f9-505c-b272-48e7c0b89f28","2020-01-28","hackernews","title","1"
"INTC","e73cb902-d5cd-57b3-adec-eef6ef019d42","2022-08-09","hackernews","title","1"
"DELL","e73cecf2-8e9a-5175-a25f-8283ab8c9f1e","2023-03-02","transcripts","earnings_call","30"
"DELL","e7470ecf-d92b-5df0-a586-1a26fb1b960f","2017-11-07","hackernews","title","1"
"ADBE","e74b0edd-1a2f-55c9-8031-61554b1cec34","2023-07-22","hackernews","title","1"
"NVDA","e75c4eef-34ab-5ac7-8370-1fce772c3638","2019-01-07","hackernews","title","1"
"ADBE","e75d3e7e-67ce-51cd-96f6-2cc72dfb75f8","2022-06-29","hackernews","title","1"
"ADBE","e76816fe-30ce-52ec-847f-4adb9fe9dfdd","2016-03-14","hackernews","title","1"
"DELL","e7726006-be1c-5cfa-945e-6d58698f0ad3","2020-01-07","hackernews","title","1"
"NVDA","e77f2ff4-cd24-5fa9-b592-4ab5d5f9b003","2026-02-12","hackernews","title","1"
"MU","e78486f3-5678-5fe6-8949-004899023fc4","2017-04-30","hackernews","title","1"
"INTC","e7856702-43bc-5694-85b1-613d75335dbd","2025-01-04","hackernews","title","1"
"INTC","e79273ac-7980-541f-8fcf-76fb2b306d48","2026-06-13","hackernews","title","1"
"INTC","e7945ceb-4cd6-58f4-8561-7d816b2ccb5c","2022-06-26","hackernews","title","1"
"ADBE","e79a6252-6c5e-5a84-bbc9-b9725b78649c","2020-09-05","hackernews","title","1"
"CAT","e79d571e-473d-5dcf-98f2-26293594cac8","2019-02-23","hackernews","title","1"
"ADBE","e7a0dd2d-e777-58bd-ab2c-7f523927fdff","2019-07-25","hackernews","title","1"
"MU","e7a42a33-d8f6-5e70-9723-d4476c1cd9a4","2012-01-10","sec_filing","10-Q","113"
"DELL","e7ad09fb-fd54-56a9-b0bb-6a218fcb2f7a","2025-01-24","hackernews","title","1"
"NVDA","e7ad97dd-9e96-5e62-8799-91bc8ee05c84","2015-10-19","hackernews","title","1"
"NVDA","e7b34ae1-1086-5d11-b682-27c3f1dc4ea8","2022-07-22","hackernews","title","1"
"NVDA","e7cb0b79-f122-5383-94ce-32ed8ec01785","2017-08-07","hackernews","title","1"
"TEAM","e7d02f8a-b2e3-5af7-879b-9e8d64bfe544","2024-01-08","hackernews","title","1"
"NVDA","e7e18255-793b-51f4-9d35-810bf292dbd7","2022-12-19","hackernews","title","1"
"DELL","e7e51b45-d7ce-50dd-8d94-524e37ff8554","2022-02-06","hackernews","title","1"
"NVDA","e8046da5-6114-516c-8938-3cbc987757fb","2022-03-25","hackernews","title","1"
"MU","e839006a-00e1-55bd-b4b5-19c4e3f6fce2","2019-12-18","transcripts","earnings_call","31"
"ADBE","e8455136-d06c-5669-bc98-0ff15a94875f","2023-02-27","hackernews","title","1"
"TEAM","e8577ed9-feab-5b88-b9a9-afa530cc3b0e","2017-03-20","hackernews","title","1"
"ADBE","e85a9681-fd65-5749-aebd-be764ebe27c1","2019-07-28","hackernews","title","1"
"MU","e860c8e2-90cd-5dd5-9c13-c8c84faafa12","2018-07-03","hackernews","title","1"
"DELL","e8679d52-a498-550c-99da-562f94a0841f","2024-06-20","hackernews","title","1"
"ADBE","e87adb03-47cd-524e-ad5d-8203533ca702","2020-06-10","hackernews","title","1"
"INTC","e889f488-8522-5343-a15e-b7f7e33c1704","2026-01-22","sec_filing","10-K","364"
"INTC","e88a5785-f754-5a52-adb7-e01d075c0929","2022-11-04","hackernews","title","1"
"NVDA","e88d0549-f623-528f-aa21-a36f5dfcec50","2017-05-10","hackernews","title","1"
"WM","e8a4932e-b815-5674-81ea-0e34e40e7e5b","2024-10-29","transcripts","earnings_call","41"
"NVDA","e8af010f-5b35-54fe-aae4-f38de3aa370d","2018-12-04","hackernews","title","1"
"NVDA","e8be6c63-6a05-5a82-abe7-471803baac9a","2025-05-05","hackernews","title","1"
"NVDA","e8bfa8d1-7b30-518e-90da-1d06e02faf4d","2026-05-23","hackernews","title","1"
"MU","e8c55fb4-06bd-500a-8593-ec2b6e5b4616","2013-10-28","sec_filing","10-K","315"
"TEAM","e8c8e903-86c7-54a7-9fe0-a1e75cf600b0","2015-10-22","hackernews","title","1"
"ADBE","e904bb02-479a-587b-9b10-f47df3197ed1","2025-12-12","hackernews","title","1"
"ADBE","e912485c-91e7-5dfd-8b7a-4cd0b4ad0efc","2022-11-22","hackernews","title","1"
"CAT","e91c1ebf-3d2c-5c9f-8653-14e3e5568c34","2021-11-03","sec_filing","10-Q","185"
"ADBE","e91e81f6-f3c6-5571-9d5a-8ad0af823052","2017-01-12","hackernews","title","1"
"ADBE","e959d56c-b733-53ec-ae76-a32add2f64f4","2018-10-14","hackernews","title","1"
"ADBE","e9696908-17bf-52de-9c4f-ae23f5b2cf7b","2023-05-30","hackernews","title","1"
"NVDA","e973d98e-42a9-5a6a-812c-3119e04c5ef6","2024-11-05","hackernews","title","1"
"ADBE","e9899e95-06f5-54e8-9340-a833854ab6b7","2020-06-11","transcripts","earnings_call","33"
"TEAM","e98b579a-ee2b-5761-81de-b4e41684a95e","2020-08-07","hackernews","title","1"
"INTC","e99a8bd0-b028-5e11-9a22-b1cbf3a3887c","2024-11-26","hackernews","title","1"
"NVDA","e9a05454-4901-5edd-ada0-7e46983ff9eb","2024-11-18","hackernews","title","1"
"WM","e9a70a6f-88aa-5c22-a6c1-9d444350a49f","2018-08-10","hackernews","title","1"
"INTC","e9b9acec-fd13-5245-95b6-9509ffef158c","2023-07-11","hackernews","title","1"
"NVDA","e9be120f-48b5-56e6-8ddc-ab2288752029","2020-01-21","hackernews","title","1"
"INTC","e9c517af-e132-56d7-ac09-231d6a6364e0","2015-01-09","hackernews","title","1"
"NVDA","e9c5730f-7181-5d17-9426-a25fda3571f4","2025-04-21","hackernews","title","1"
"DELL","e9d0cb26-0a12-5716-93b9-50be5e0b2bf5","2025-04-14","hackernews","title","1"
"ADBE","e9d4202a-dd0c-5b7f-8c17-7bc4991e5a7b","2021-05-25","hackernews","title","1"
"DELL","e9d900ce-e1d5-5d85-b410-5e9112642c74","2024-09-27","hackernews","title","1"
"INTC","e9dac323-37d3-5d8e-a25b-239a359ebd8a","2024-04-28","hackernews","title","1"
"DELL","e9f2080c-e9cf-581c-bf3d-2f0e8fed0f32","2022-04-26","hackernews","title","1"
"ADBE","e9f7f214-e770-5d62-be32-06d8508370b1","2022-11-03","hackernews","title","1"
"INTC","e9fbfd03-5c84-5adf-8305-fd4103c005e6","2026-09-07","hackernews","title","1"
"ADBE","e9ff55f4-e998-5896-b317-02f31be4d89a","2026-05-15","hackernews","title","1"
"TEAM","ea02d677-60f9-5b9e-8167-d8ebdf956786","2025-10-25","hackernews","title","1"
"INTC","ea0eb5e6-f634-5046-9b46-c10fafccfdb2","2024-10-31","transcripts","earnings_call","33"
"NVDA","ea16578d-bb2d-57fc-b938-f9816a83aa45","2025-09-22","hackernews","title","1"
"MU","ea1c0949-4568-5c06-bcb0-c126384a0632","2022-09-01","hackernews","title","1"
"TEAM","ea35b518-6aef-5db5-a411-8a73ac717372","2023-11-06","hackernews","title","1"
"DELL","ea360ecd-fa97-5c84-99e5-635e950a0c13","2017-03-06","hackernews","title","1"
"ADBE","ea3b9d0f-1ed5-50c6-894e-161864cdc345","2024-09-05","hackernews","title","1"
"NVDA","ea3e0d6f-20d0-555d-88a9-c6008a1be864","2022-12-30","hackernews","title","1"
"NVDA","ea467103-86e7-5fae-bfe9-7d2789ccddf5","2016-02-15","hackernews","title","1"
"ADBE","ea4a3659-ce86-5ec0-a294-6f6c307a89b0","2025-04-16","hackernews","title","1"
"INTC","ea4b13ef-198f-5a8b-9942-9954c134ccc2","2017-03-13","hackernews","title","1"
"DELL","ea54799f-be05-5529-9d0c-03ad091d6be4","2024-10-01","hackernews","title","1"
"INTC","ea60bbe7-5235-5f89-b9d2-576937b781a5","2023-08-17","hackernews","title","1"
"INTC","ea68814a-e352-5421-9d4d-4e9e9320725f","2018-10-25","transcripts","earnings_call","24"
"MU","ea7a1917-e85b-56ab-bfc3-1004bf76c813","2023-09-29","hackernews","title","1"
"INTC","ea7d5aff-932c-586a-a182-44a09a97beb1","2026-03-26","hackernews","title","1"
"DELL","ea817551-8239-5769-9b2f-3f4746ad4b46","2025-05-20","hackernews","title","1"
"NVDA","ea993349-5195-5f7f-8e2a-0b4c74b9bf38","2021-07-09","hackernews","title","1"
"DELL","eaa689e7-d5ea-534b-9e03-2f2a8d69dc0d","2020-02-19","hackernews","title","1"
"NVDA","eab469e7-a85c-5bc6-9a25-cd3bd16d9a4b","2023-11-24","hackernews","title","1"
"MU","eac0b291-81b5-5332-9fef-662a88e51c1d","2020-03-26","sec_filing","10-Q","140"
"TEAM","eac2a0fe-e897-54ea-b53c-a7db9cbba127","2016-02-04","hackernews","title","1"
"NVDA","eae88871-5a0c-52eb-b277-f26bffba9d10","2023-11-28","hackernews","title","1"
"NVDA","eaef5d1e-37fe-5d71-9db5-0f33ea83fbbb","2016-05-13","hackernews","title","1"
"PG","eafbb0e8-915a-5175-8041-9093a07ef815","2023-01-19","sec_filing","10-Q","78"
"CAT","eb03d966-ef3d-50cc-8f78-e0e61b06903a","2024-09-01","hackernews","title","1"
"ADBE","eb0632fa-a23c-5868-b5db-48032cf501eb","2024-04-23","hackernews","title","1"
"INTC","eb279863-b0ab-516e-b2f0-f709f231e4b2","2020-08-06","hackernews","title","1"
"ADBE","eb33d522-5bfd-5ae3-8fd4-02d8916d7620","2022-01-14","hackernews","title","1"
"WM","eb6337d9-b3ca-5b27-874a-a11c4b29413a","2020-02-13","transcripts","earnings_call","40"
"DELL","eb69e1a5-c338-56ce-aeac-847778a39244","2015-11-23","hackernews","title","1"
"TEAM","eb6c5321-e8d8-5586-a77b-28a5de2e0a0f","2025-01-31","sec_filing","10-Q","203"
"WM","eb724dcd-ddf8-513f-85d7-691903e96882","2015-02-17","sec_filing","10-K","388"
"WM","eb8217ce-09b7-5336-86d4-763400a3de61","2019-10-23","sec_filing","10-Q","110"
"TEAM","eb8b5129-e0e2-59c5-9ca1-4ca56195fd78","2017-10-19","transcripts","earnings_call","28"
"INTC","eb90eea1-c476-597c-b6fb-a02a56ee31c8","2019-06-21","hackernews","title","1"
"INTC","eb930a0d-9bf4-5431-9d36-8af999dcc5c0","2026-02-15","hackernews","title","1"
"ADBE","eb9968d2-c9b4-573d-8041-130c23466686","2021-01-21","hackernews","title","1"
"DELL","eb9b92ff-725c-5ca3-841f-08c6b91e19a8","2020-01-07","hackernews","title","1"
"DELL","eba75722-f175-5843-8921-cf573f99d9f3","2016-07-19","hackernews","title","1"
"TEAM","ebaf4f37-87d0-559a-b12b-620c9cf0cd23","2020-04-07","hackernews","title","1"
"NVDA","ebb2f801-ae71-5347-ac7c-8c4bd87e7b4c","2024-04-13","hackernews","title","1"
"ADBE","ebba7358-aa26-58d3-af42-0e31198da7df","2019-08-16","hackernews","title","1"
"ADBE","ebc4dab2-9894-5bd0-a94e-f3693861ef2b","2020-06-24","sec_filing","10-Q","157"
"INTC","ebc58863-5955-56c3-8634-d39902f6227a","2019-11-13","hackernews","title","1"
"INTC","ebca29a3-9e18-5ac6-b4a7-475aab713d9c","2023-06-09","hackernews","title","1"
"MU","ebcf01ab-a025-5a22-9e0e-761e233317eb","2025-11-04","hackernews","title","1"
"TEAM","ebcf195b-6e5c-5979-990e-1e46ebe45942","2026-08-11","hackernews","title","1"
"INTC","ebd72747-12bd-57e1-8236-62eda77b7cf4","2017-08-28","hackernews","title","1"
"TEAM","ebdf4d3b-99be-575e-aed6-353305571d0d","2024-12-11","hackernews","title","1"
"NVDA","ebf3677b-60a2-543f-b59d-946b59674f30","2026-05-17","hackernews","title","1"
"ADBE","ebf5a7f4-0ce4-5ac0-aaeb-f5091ecaa77f","2020-12-11","hackernews","title","1"
"NVDA","ec02a1ba-e5ef-50b0-b918-873eaa35e516","2019-12-25","hackernews","title","1"
"INTC","ec0829dd-c007-56ad-a148-b969c2915b65","2023-12-14","hackernews","title","1"
"NVDA","ec08d380-c621-5c96-ab5e-158507ae3353","2025-10-15","hackernews","title","1"
"INTC","ec0f42f1-7076-5fe3-8a9a-cd8a6cd9de11","2016-07-30","hackernews","title","1"
"INTC","ec11f8ca-1121-55e4-bd0a-a7f0efba40a8","2019-01-09","hackernews","title","1"
"INTC","ec19a801-fa59-5f0c-ae3e-3954ca5ba595","2024-12-11","hackernews","title","1"
"ADBE","ec4f8488-2f88-5307-9d05-fb8fee981108","2025-09-28","hackernews","title","1"
"DELL","ec519c70-d00f-5055-be7d-41790219256f","2018-07-28","hackernews","title","1"
"INTC","ec54cb08-b868-5cd8-962b-727eb3cf48fc","2024-11-08","hackernews","title","1"
"INTC","ec566f8c-7bfb-542f-87ef-ae82907706bd","2015-04-02","hackernews","title","1"
"INTC","ec685c0b-f841-505f-a8e1-2b54654b9eb0","2023-04-13","hackernews","title","1"
"INTC","ec799bbc-4e07-576d-9da7-71c9d1b90ea4","2022-08-12","hackernews","title","1"
"TEAM","ec7aea40-ec27-57d2-a5b4-3cad77a8a1d3","2019-09-04","hackernews","title","1"
"ADBE","ec867558-6077-5f2c-a451-8bcf455c77f7","2021-04-27","hackernews","title","1"
"ADBE","ec93070d-de9b-5b9f-a8c3-97be4b2e157c","2022-09-17","hackernews","title","1"
"NVDA","ec94cd8c-ac67-5337-9e9a-56500d600475","2022-08-24","transcripts","earnings_call","28"
"ADBE","ec95f3ee-baed-5523-b727-c4373bf4be11","2019-05-08","hackernews","title","1"
"NVDA","ec9be11a-c541-5751-b17b-563c7418a6ce","2023-02-01","hackernews","title","1"
"WM","eca503dd-ee53-5468-bb6f-3c71aafea702","2018-04-23","sec_filing","10-Q","98"
"ADBE","ecb099de-0f67-531e-819c-f36239dfc1b6","2016-01-18","hackernews","title","1"
"INTC","ecc2070e-535d-5fd7-9647-7f991482a259","2020-08-12","hackernews","title","1"
"DELL","ecc9a908-44e2-5574-8387-8c57a50d9855","2017-09-01","hackernews","title","1"
"DELL","ecd954f6-ee17-54fd-b96c-78104e07e5e4","2025-11-20","hackernews","title","1"
"INTC","ecdccb45-0bb9-502b-bce3-c67432480d35","2024-10-09","hackernews","title","1"
"INTC","ece44d23-10cb-5ae0-8d57-9256868eb3f0","2024-07-26","hackernews","title","1"
"ADBE","ecf3f9a0-b581-5d65-a39d-628c739732cb","2022-02-15","hackernews","title","1"
"ADBE","ed1746eb-b498-5235-b054-2d903496672e","2017-04-26","hackernews","title","1"
"DELL","ed21a495-df52-51ac-bf31-324d9108431c","2022-07-30","hackernews","title","1"
"NVDA","ed2b8cf7-e507-58c3-a89f-976154d86403","2022-06-09","hackernews","title","1"
"NVDA","ed449b04-05a9-56aa-9eea-b38a3c208402","2018-09-14","hackernews","title","1"
"INTC","ed5a5e49-bcad-5bd0-8b2e-ebefeb937d94","2025-10-23","transcripts","earnings_call","31"
"TEAM","ed63d0f6-ef76-5f0d-b51e-a394284c2613","2024-04-27","hackernews","title","1"
"ADBE","ed6ee025-877b-5154-91fd-27679aa80bc2","2018-11-21","hackernews","title","1"
"ADBE","ed7156cc-887c-507f-aa67-93f8323df195","2022-09-29","hackernews","title","1"
"INTC","ed8992ec-2121-5d93-b529-a69072b0e18a","2017-11-30","hackernews","title","1"
"CAT","edb1bba2-fb2a-5f6e-aeba-f515bf729e56","2015-05-01","sec_filing","10-Q","185"
"INTC","edbe6484-616a-5f99-b922-a0a4dec1c435","2018-11-02","hackernews","title","1"
"ADBE","edc23ce1-4081-52a8-aeb8-c0c5967b517f","2017-01-12","hackernews","title","1"
"INTC","edc2789d-f137-51d5-a5a7-3580d7c3b211","2022-08-29","hackernews","title","1"
"ADBE","edc9b694-99a9-5353-946b-edf3e71dd45c","2024-12-21","hackernews","title","1"
"INTC","edd9e5a5-57f6-5b0e-ad70-db7143c52b57","2020-02-02","hackernews","title","1"
"NVDA","eddbb21f-d5a1-5b2b-9dc7-183407a301ee","2024-01-11","hackernews","title","1"
"ADBE","eddd17e4-93f8-5e91-857c-8fbec0ecdc2a","2023-10-11","hackernews","title","1"
"NVDA","edea4876-1793-5618-aa09-21e955c32865","2026-06-30","hackernews","title","1"
"NVDA","edf02110-0bbe-5ec0-ac0a-16fa0ba62e97","2022-04-06","hackernews","title","1"
"DELL","edf51979-b765-59f1-b8a3-b79f4342413e","2019-04-30","hackernews","title","1"
"INTC","ee058a52-9743-5d41-94f7-9c15b262218f","2019-03-28","hackernews","title","1"
"TEAM","ee25b85b-2ce2-524a-bea7-9b8a07d75b60","2021-06-06","hackernews","title","1"
"NVDA","ee37879d-8bc7-55d8-9e13-a0be8eb65b4c","2018-07-11","hackernews","title","1"
"ADBE","ee3b041d-1a7d-5603-9c56-1cedda57c0e2","2024-02-29","hackernews","title","1"
"INTC","ee3e51eb-1ab3-5cb5-8930-8151cdf50519","2015-04-22","hackernews","title","1"
"PG","ee5e31eb-da5b-52e4-b5e0-d7d4d46567ae","2017-04-26","transcripts","earnings_call","47"
"DELL","ee75acdf-ef75-52f0-8f6d-ade409ad5db0","2025-05-27","hackernews","title","1"
"NVDA","ee8917b1-f8d2-577f-9737-952b69a78ce6","2017-02-20","hackernews","title","1"
"TEAM","ee9851a9-9be7-5a91-934f-b0cd9f692ea2","2023-06-15","hackernews","title","1"
"MU","eea805d0-c31b-52e3-b985-5a8d5a2320a5","2024-04-26","hackernews","title","1"
"DELL","eeaf4cd1-8707-5197-993b-003f97143733","2024-08-08","hackernews","title","1"
"DELL","eeb8f7f6-2704-537e-a108-ae965ebb1651","2018-09-13","hackernews","title","1"
"INTC","eeb9bf9d-3f46-506c-ac8d-5a650626d746","2020-08-15","hackernews","title","1"
"DELL","eec71034-0cd1-5ec1-9923-cca8ef95017d","2023-06-05","hackernews","title","1"
"NVDA","eec75748-c6a5-5ce3-bf25-f50235810066","2023-06-15","hackernews","title","1"
"DELL","eecd6a49-23d4-5d76-9d17-15500f725934","2024-10-01","hackernews","title","1"
"TEAM","eee6c969-e31f-5552-b87d-5696983a70d6","2018-04-25","sec_filing","6-K","2"
"INTC","ef01b0c8-b940-5553-a187-a52384671dfe","2026-06-16","hackernews","title","1"
"TEAM","ef0533b6-e877-5767-a76e-3f14e5943845","2015-07-06","hackernews","title","1"
"NVDA","ef157d00-7a51-5e8f-a65c-466941c6a918","2026-09-16","hackernews","title","1"
"TEAM","ef2f5172-19ab-57e5-84d9-5e9c4f730433","2023-10-16","hackernews","title","1"
"INTC","ef35c9ce-fbe6-5a63-b9fb-526f6e313dde","2024-11-03","hackernews","title","1"
"TEAM","ef3d514c-2268-5c4e-88e7-f9d3c42d6e25","2025-12-12","hackernews","title","1"
"ADBE","ef426abc-a4f2-5cb6-9cfa-f7ee1e87234d","2013-06-27","sec_filing","10-Q","161"
"MU","ef4a6d19-1b83-581c-87d6-c1fe7c89fdef","2023-05-23","hackernews","title","1"
"INTC","ef58766b-5d64-56c1-b75f-46ddaa8187ec","2025-01-17","hackernews","title","1"
"INTC","ef67f122-de8d-5382-add3-a58eae397122","2020-11-11","hackernews","title","1"
"DELL","ef6ae90e-4669-5ded-8027-b8a69637b594","2016-08-31","hackernews","title","1"
"WM","ef85fc05-f9e7-5735-ba65-54a5e3bcbea3","2021-07-27","sec_filing","10-Q","111"
"DELL","efb54206-7062-55d1-b1e7-aa3e3307201c","2016-12-09","sec_filing","10-Q","261"
"INTC","efb7ca81-041a-5c64-882f-8c2d731e0c0e","2015-08-09","hackernews","title","1"
"MU","efbbed07-347b-593a-a706-4381cd67a9c9","2023-05-21","hackernews","title","1"
"ADBE","efccb3ad-0ef4-5f87-bd72-61a2fbaf9d68","2018-08-04","hackernews","title","1"
"DELL","efd5e033-1856-5d20-bb90-5c42a73e7feb","2023-08-12","hackernews","title","1"
"NVDA","efda6784-368d-5b22-8d97-08f23e072361","2017-03-08","hackernews","title","1"
"TEAM","efdf440b-3319-5ae8-9b04-2fd91dda8495","2022-11-13","hackernews","title","1"
"INTC","efe2b12c-7726-51ee-8fb3-509e909cf2d3","2016-01-10","hackernews","title","1"
"NVDA","efea2192-e0a9-535d-8be6-ea55e482166e","2024-04-12","hackernews","title","1"
"NVDA","efede491-ab62-5e1a-83b4-eddce7e5fa38","2017-08-15","hackernews","title","1"
"MU","eff03bfc-35d1-567f-91be-b9a0ed0aab79","2017-03-23","transcripts","earnings_call","29"
"NVDA","eff1492a-5d19-5be8-ba04-2bf3fa18972f","2025-02-04","hackernews","title","1"
"TEAM","eff27e32-b9e2-5c03-b2cb-34e51789cb28","2023-04-19","hackernews","title","1"
"NVDA","effdb137-be23-5c1e-a626-26d013b74ab9","2025-01-07","hackernews","title","1"
"WM","f001be96-7ddb-534c-9c28-82deae153056","2020-05-06","sec_filing","10-Q","108"
"INTC","f010a016-b34b-573f-9ca3-b628a9330369","2015-07-28","hackernews","title","1"
"NVDA","f0166495-0c46-5f98-b180-ff1b8c5012a1","2016-08-24","hackernews","title","1"
"CAT","f025df24-0bdf-553f-bbf8-3780c928cf06","2025-12-16","hackernews","title","1"
"ADBE","f02ac88d-d69d-58da-9534-bef2b38d9d6f","2018-04-27","hackernews","title","1"
"DELL","f02d8a2d-ab4f-509a-9562-708e848f63f5","2018-03-12","hackernews","title","1"
"DELL","f0344c9f-1242-5b96-bcf3-9bfd6bd09a80","2025-09-08","sec_filing","10-Q","153"
"NVDA","f0387dd9-deef-5418-b510-de92a27475fe","2015-01-05","hackernews","title","1"
"INTC","f04de089-f8bb-569c-a925-80759aca8430","2026-07-23","sec_filing","10-Q","116"
"TEAM","f05d1693-95e9-5f07-85af-8788b6741ce3","2018-10-18","hackernews","title","1"
"DELL","f06323d3-ffe9-59c4-b041-22e694e1ce13","2017-05-06","hackernews","title","1"
"NVDA","f06690e2-76d8-5808-ae6d-59d8e91108a8","2024-12-10","hackernews","title","1"
"CAT","f0719208-65e6-58df-bfe2-9494c7d50add","2014-05-02","sec_filing","10-Q","185"
"INTC","f0727757-0056-5441-87fe-cfb4824a9a25","2024-10-23","hackernews","title","1"
"TEAM","f08bdd20-edda-5d4e-b1b5-9c69cd96f67d","2023-02-16","hackernews","title","1"
"TEAM","f09765a7-7dec-5f21-8ef5-df24f4e9366a","2016-02-04","sec_filing","6-K","2"
"NVDA","f09ba1a3-44a3-57ef-be19-fb88b16ff36a","2023-08-20","hackernews","title","1"
"INTC","f0ae7117-408a-55ab-9529-f9f975007706","2024-09-04","hackernews","title","1"
"CAT","f0c97245-c54a-5e86-aa22-71bb5a0ef6a2","2020-08-05","sec_filing","10-Q","218"
"ADBE","f0d3cd43-746e-5eab-868d-7fe75c851219","2023-08-01","hackernews","title","1"
"NVDA","f0d6762e-faa2-5c5b-8afe-2a366514b330","2019-03-29","hackernews","title","1"
"NVDA","f0d763b4-e75d-5149-8710-e24e7165ba90","2019-02-28","hackernews","title","1"
"NVDA","f0de703f-9176-570f-9851-b3afe87dc4b3","2023-10-30","hackernews","title","1"
"DELL","f0e5837e-0fc3-5b5e-951b-35ccdce57c10","2016-01-28","hackernews","title","1"
"INTC","f0ec55d8-2fd8-53cc-a564-6097b2da9746","2020-06-10","hackernews","title","1"
"INTC","f0efda06-2ef7-5851-a54b-bf56d1bf833b","2026-05-30","hackernews","title","1"
"ADBE","f1010afe-0c67-5460-9125-a66061355d75","2019-10-07","hackernews","title","1"
"DELL","f1052de9-11a4-5825-a150-b6ac4cbedae0","2022-12-15","hackernews","title","1"
"DELL","f10a9a68-620d-528e-acfb-b7a640ef3758","2025-01-05","hackernews","title","1"
"INTC","f1145e8c-58fd-5811-be75-419508290e75","2023-01-12","hackernews","title","1"
"INTC","f11def7d-8fe9-5241-a211-676a0c9dab1a","2022-10-18","hackernews","title","1"
"MU","f12b8d30-0535-5079-8c70-105991893fef","2024-10-30","hackernews","title","1"
"INTC","f14630bf-7790-5403-acb2-42d79b09be5b","2022-03-15","hackernews","title","1"
"MU","f14891e8-a769-55b8-a164-3ed9b28ed5a9","2022-03-30","sec_filing","10-Q","140"
"ADBE","f15bd9a8-f2ac-5d04-81c8-cd1a8a7164c1","2019-10-28","hackernews","title","1"
"MU","f15d75d7-ec66-5208-825d-f9c59e4486c7","2018-12-19","sec_filing","10-Q","120"
"DELL","f1644843-cd02-578d-9a38-18b35ed59abd","2019-09-09","sec_filing","10-Q","208"
"ADBE","f16682bb-55ab-592a-9e5c-1c5dd07168ac","2024-06-27","hackernews","title","1"
"ADBE","f16d8cd6-25ab-59d0-bb49-fd93b0ba2524","2016-10-21","hackernews","title","1"
"DELL","f171724b-20ad-5c75-91d7-07022256b39f","2025-06-06","hackernews","title","1"
"MU","f1776b86-6468-5d4a-af5e-27e928192f5d","2022-08-27","hackernews","title","1"
"NVDA","f17f4a5e-3394-5cf9-a587-a2801b0172fd","2015-03-04","hackernews","title","1"
"ADBE","f182e4c9-4549-54f8-82c0-3ad3418bc5bb","2019-12-24","hackernews","title","1"
"INTC","f186c677-e8f2-538e-9ff7-ddc2a087a815","2018-07-02","hackernews","title","1"
"NVDA","f188cfec-3c4c-5622-9f3c-4801b0c197ff","2017-06-28","hackernews","title","1"
"NVDA","f19ef6ee-0ea3-5652-b8be-9836e5d1da49","2021-01-08","hackernews","title","1"
"NVDA","f19fb131-2cd6-5c17-bb83-853adcbaf712","2018-02-10","hackernews","title","1"
"TEAM","f1a3d1a3-74dc-53d8-b54a-9421e9edd7ec","2015-12-20","hackernews","title","1"
"INTC","f1b69ab0-c5ee-5ba8-8af2-4e552b6471ae","2017-02-09","hackernews","title","1"
"NVDA","f1bdb7a1-3294-55d6-b589-3eab121142cd","2021-08-14","hackernews","title","1"
"DELL","f1c13462-90df-5882-aef5-c79cffce9833","2018-08-22","hackernews","title","1"
"TEAM","f1e0ead5-a105-541a-8ffb-c6654d4658ee","2021-08-13","sec_filing","20-F","394"
"ADBE","f1e2a274-cf4f-5fe5-9abc-77bc4d1c9f1b","2017-11-03","hackernews","title","1"
"NVDA","f1ec89c3-d77a-52c2-ba02-6a6bfe642e3b","2019-12-19","hackernews","title","1"
"NVDA","f1f7b4d7-d318-5075-b86e-b35193defc5e","2021-04-12","hackernews","title","1"
"ADBE","f20c3ce9-24b7-5901-b274-09a1d5b0de76","2018-11-28","hackernews","title","1"
"TEAM","f21b304c-8101-59a9-b303-5040613838e0","2020-01-28","sec_filing","6-K","181"
"MU","f22611bb-71fd-5791-9df7-178e3a22aa0b","2015-07-29","hackernews","title","1"
"NVDA","f22fe641-ac2e-56ab-bc86-d143cefe512e","2018-10-22","hackernews","title","1"
"TEAM","f2566b78-f293-55a4-bb86-eca1dfd1e0b1","2015-12-10","hackernews","title","1"
"NVDA","f275646d-fde4-551f-b081-c8f239e2f26d","2017-07-31","hackernews","title","1"
"ADBE","f277702d-9018-5b9c-832a-62d011bc85b1","2023-09-11","hackernews","title","1"
"NVDA","f284725c-ea50-5317-892c-fcd6b5064621","2017-05-12","hackernews","title","1"
"INTC","f28662e3-993f-5a11-858c-117163e57036","2021-08-16","hackernews","title","1"
"NVDA","f286ddca-0792-556e-8317-4b3e0b9306c6","2026-09-17","hackernews","title","1"
"NVDA","f2934099-3f90-5be0-a16f-8e9d60b57a3c","2025-01-07","hackernews","title","1"
"MU","f2979269-ac19-5d16-8b3c-0ea4d330714d","2012-12-20","transcripts","earnings_call","35"
"PG","f29cb166-2861-5865-8133-41fe687cbc07","2015-01-27","transcripts","earnings_call","40"
"CAT","f2a25c9d-2c1d-58dd-beda-a8b18349f207","2026-04-30","transcripts","earnings_call","34"
"NVDA","f2a46d41-3451-5991-8907-2df0f8fb5704","2026-06-01","hackernews","title","1"
"DELL","f2b2d5d5-b6e1-5a96-b597-8adef81a8d20","2022-04-23","hackernews","title","1"
"INTC","f2c91e9a-cd60-5a66-87eb-470091b3d186","2023-05-13","hackernews","title","1"
"TEAM","f2d96419-5220-5ec0-8e10-50d81e65aaa9","2019-07-22","hackernews","title","1"
"PG","f2df36fe-0e60-5d5a-9df3-a93b0dfc5e6e","2020-08-07","sec_filing","10-K/A","220"
"INTC","f2e839b4-a853-5319-be40-06aa369cc5d9","2016-10-14","hackernews","title","1"
"NVDA","f2f2c558-d523-575e-acfb-58352d71e82a","2016-10-23","hackernews","title","1"
"ADBE","f2f714e4-d2d0-5f0d-9e3c-cfa7e139f123","2014-03-28","sec_filing","10-Q","146"
"NVDA","f2fad5e4-23f6-52a7-997e-b6c56c452d4c","2015-11-12","hackernews","title","1"
"DELL","f30d2665-afb1-5c11-93f9-1c4db7a2f730","2017-04-16","hackernews","title","1"
"ADBE","f30d338a-9816-5b3a-bcea-9678b52708ee","2018-11-12","hackernews","title","1"
"INTC","f32589aa-269c-5743-a10d-0c1deaacf5fc","2019-01-30","hackernews","title","1"
"INTC","f3289ecc-49b9-510a-91d7-12131c9fc14c","2016-09-30","hackernews","title","1"
"INTC","f32a64fb-d293-5de0-96e5-3eddc4240eaf","2023-12-16","hackernews","title","1"
"ADBE","f350c983-75bf-5e4d-a39c-201d2cccba64","2018-12-13","transcripts","earnings_call","34"
"NVDA","f3559e09-4313-525d-89ed-00e8625799b4","2019-10-18","hackernews","title","1"
"ADBE","f358b282-15ec-5f23-8695-ae7670f5c8ed","2023-03-17","hackernews","title","1"
"NVDA","f358ee83-0d2c-5148-bcea-61df3b9f8b43","2026-05-03","hackernews","title","1"
"ADBE","f36af61d-6404-5ff7-8500-873aaced4227","2023-11-08","hackernews","title","1"
"DELL","f37ab52d-eae2-5508-875e-1c46cefb17a0","2023-04-28","hackernews","title","1"
"INTC","f3824ecd-de97-5a7f-9d75-61a3e6cd6f00","2017-05-30","hackernews","title","1"
"DELL","f3920671-e799-54c5-b385-fb6767264c88","2023-05-15","hackernews","title","1"
"INTC","f396f835-2f94-5218-8c64-e0cc26e43fab","2013-10-28","sec_filing","10-Q","111"
"TEAM","f3ab157d-c540-5b7f-9cb7-690b90c20315","2026-03-20","hackernews","title","1"
"INTC","f3b378ea-f9ce-5658-8852-62a746ef4ee7","2018-04-03","hackernews","title","1"
"DELL","f3b5ba7f-7cf9-52d6-a827-8976a686306f","2015-12-03","hackernews","title","1"
"INTC","f3c867c6-3fdd-5d48-b4c3-5dba0cc938d8","2026-08-01","hackernews","title","1"
"INTC","f3c8f7bd-00ff-573f-9cc6-d4a0aef43974","2022-03-17","hackernews","title","1"
"WM","f3e066bd-9197-585f-bf3f-6686c907e9b0","2014-10-29","transcripts","earnings_call","43"
"PG","f3f0f331-9a04-507f-a770-155fbb3db2e1","2012-10-25","sec_filing","10-Q","81"
"ADBE","f3fc6380-5e51-5f4f-9560-0571c2225dae","2012-03-29","sec_filing","10-Q","138"
"DELL","f4051bcb-6cfa-5e87-880d-c091299e9adf","2021-01-15","hackernews","title","1"
"NVDA","f409b437-ca72-5103-8665-bef640024c72","2015-03-10","hackernews","title","1"
"CAT","f42bf662-313c-517b-bebf-5d7e261bcce7","2020-03-06","hackernews","title","1"
"DELL","f42cfa3d-89b4-5400-85b3-2273887358b1","2018-07-02","hackernews","title","1"
"TEAM","f42dee2b-2a30-5064-a57e-decd314acc33","2020-07-30","sec_filing","6-K","2"
"WM","f433cbcd-8218-5bb0-8e76-878759e35a4e","2016-07-27","transcripts","earnings_call","37"
"INTC","f4386328-2753-5d9e-9907-17efd7c3a033","2022-03-03","hackernews","title","1"
"TEAM","f43d563b-6133-5a94-8fa7-ffc55065254a","2026-09-01","hackernews","title","1"
"ADBE","f443e059-66b6-5c9e-8793-cb455886e6bd","2019-10-27","hackernews","title","1"
"MU","f448a1e2-a958-5794-8c3e-318a89f13c7b","2017-10-26","sec_filing","10-K","242"
"DELL","f47cc7de-1d8e-565c-b0aa-41774c49809a","2019-10-29","hackernews","title","1"
"NVDA","f4815eb5-7bb0-57f2-9b2c-7e8d0c924c7e","2025-02-18","hackernews","title","1"
"INTC","f4837a35-a44e-55ff-a988-578722b17717","2017-10-10","hackernews","title","1"
"ADBE","f4a75074-ba97-5133-b2eb-696a5c5ab4bd","2022-04-10","hackernews","title","1"
"INTC","f4af29f8-1bb4-5f5f-9b11-759b378fc2d4","2016-09-03","hackernews","title","1"
"MU","f4e2a2e3-dc74-50e1-b3de-797e14dffb8c","2015-07-10","sec_filing","10-Q","136"
"ADBE","f4f38861-f71f-526f-ab25-ee2d8b3f2be6","2019-05-02","hackernews","title","1"
"NVDA","f50a2f63-1b93-5bd6-baee-29b411555877","2018-01-01","hackernews","title","1"
"INTC","f50ed9b8-9c6c-5593-91b8-b22b0790fa29","2017-09-25","hackernews","title","1"
"MU","f511afb7-481a-5584-836e-151fe82c6254","2024-10-01","hackernews","title","1"
"ADBE","f5159fea-2336-5c4f-b7f0-a4acaf9f6cd2","2023-03-21","hackernews","title","1"
"NVDA","f5473a9d-ae4d-5904-8a2e-717cfcd31019","2025-08-27","transcripts","earnings_call","26"
"INTC","f54b1963-5742-5571-9085-49c4e59acf0f","2025-01-29","hackernews","title","1"
"INTC","f55a32da-1920-54ae-8456-adb82d057a43","2016-11-29","hackernews","title","1"
"NVDA","f5615815-1644-5e9c-97ff-e33ccde38594","2014-11-06","transcripts","earnings_call","28"
"NVDA","f5675d6a-b316-50ac-819c-7b3c4710e831","2017-09-26","hackernews","title","1"
"INTC","f56fede5-21b8-56a6-b5a3-479208c0603b","2018-12-10","hackernews","title","1"
"NVDA","f57f04c7-3bad-5057-8dcc-22ccccf5c51e","2018-09-13","hackernews","title","1"
"DELL","f57fe83d-2d8d-5580-bf27-9d47b424db94","2017-10-26","hackernews","title","1"
"NVDA","f5821a6b-417f-5af1-a270-1fba42a28e41","2017-10-27","hackernews","title","1"
"MU","f590f431-e8f8-505c-909f-331b77c2245d","2022-10-21","hackernews","title","1"
"ADBE","f59d84c5-3683-529a-a144-ab4123c309ed","2023-12-16","hackernews","title","1"
"DELL","f5ad8695-b75e-5a7e-bed8-4cf0046762f1","2018-07-31","hackernews","title","1"
"NVDA","f5b9633d-9795-5fa1-a5ba-609cb8a9d829","2019-09-21","hackernews","title","1"
"NVDA","f5c69cb6-dc2b-5802-9684-966ece037487","2019-03-19","hackernews","title","1"
"INTC","f5dd61f9-a3ad-58ed-9b8e-ae819a5b7e31","2025-05-20","hackernews","title","1"
"INTC","f5e4f537-bdbf-5ff7-b633-2255af6f7be9","2023-04-28","hackernews","title","1"
"INTC","f5e83092-1906-579d-8c9a-a5fe9ae589fc","2025-07-11","hackernews","title","1"
"PG","f5fba627-c495-5f6d-92d6-167bcf05634d","2026-04-24","sec_filing","10-Q","93"
"ADBE","f61117d6-460d-582a-8f93-67da44a52752","2022-06-30","hackernews","title","1"
"ADBE","f613c1c3-5a37-5383-8c88-150985f2521d","2023-05-09","hackernews","title","1"
"INTC","f61eff35-86a5-56e9-ba14-1ebba602b4a4","2026-06-18","hackernews","title","1"
"TEAM","f628f5a0-a2d3-5559-bf8e-32cca13bfb4b","2019-08-27","hackernews","title","1"
"NVDA","f6334de9-fef4-5b4b-9a12-67ce35e0af82","2026-08-26","transcripts","earnings_call","27"
"ADBE","f637ec52-7bf7-589f-93d2-9e86cb574c9c","2020-04-25","hackernews","title","1"
"NVDA","f638ace2-313f-5cf2-b57a-31917366de97","2023-09-12","hackernews","title","1"
"MU","f6406642-5a43-5900-bb9f-350bc4c1db3c","2021-03-16","hackernews","title","1"
"NVDA","f6420dd1-9a53-54bd-ab99-8fcf349c68b7","2018-01-31","hackernews","title","1"
"CAT","f64677cd-2d04-5001-91ac-83cd53429581","2023-11-01","sec_filing","10-Q","172"
"DELL","f6559f7c-fff5-595c-94e6-108addbd07d8","2015-03-03","hackernews","title","1"
"DELL","f6633b54-33f0-5f10-ab7a-51413b2879d8","2024-02-28","hackernews","title","1"
"MU","f6636a39-1820-5c9e-aa4b-adf382959eed","2026-03-22","hackernews","title","1"
"CAT","f665fdcc-3f8b-5b4e-a1a8-d397b26f6f2a","2015-02-17","sec_filing","10-K","100"
"ADBE","f6705f60-d775-5415-a2c2-85cf8e9c94df","2026-02-03","hackernews","title","1"
"INTC","f68f1bea-48b8-5c83-9926-f439c511c55d","2018-04-27","hackernews","title","1"
"TEAM","f6b704e5-a73c-5e5b-9edf-6540c213efd1","2024-08-16","sec_filing","10-K","284"
"NVDA","f6dbcdea-3c51-52d7-a1c2-e4633abf8569","2018-03-27","hackernews","title","1"
"NVDA","f6df7794-cb22-559f-8fc9-0dc147a722c5","2019-10-15","hackernews","title","1"
"NVDA","f6e6398a-c20b-5666-b9d2-5040001f9556","2019-01-05","hackernews","title","1"
"TEAM","f7025b58-99d1-5b15-a4d8-3d298af5cf84","2015-09-23","hackernews","title","1"
"NVDA","f7160abe-a89f-5eea-bc22-c06a5fd40ceb","2016-12-07","hackernews","title","1"
"CAT","f71a30a3-f701-5368-9dbf-7f859bca10df","2014-10-31","sec_filing","10-Q","238"
"INTC","f71c5c3a-55a7-5162-aaff-f432b48c7673","2016-07-18","hackernews","title","1"
"DELL","f71f274a-3caf-5545-9416-755bda11a0a9","2021-04-27","hackernews","title","1"
"ADBE","f728d051-4154-50ca-b7d9-6e27d65cc995","2020-06-14","hackernews","title","1"
"ADBE","f72a1907-0497-5e61-ba04-fe6178c6895d","2018-09-24","hackernews","title","1"
"INTC","f73de496-a4ea-599b-b52d-479fe38c6495","2016-11-21","hackernews","title","1"
"DELL","f741ef05-80f1-51f6-9742-74c7a5175580","2024-09-27","hackernews","title","1"
"DELL","f7485c07-0e58-58ee-8c1a-1b78b1ab8c4a","2025-08-15","hackernews","title","1"
"ADBE","f74959db-a70c-52e4-9735-3c2d7b3255f2","2018-04-03","hackernews","title","1"
"DELL","f76354a8-d057-5f4c-b1b5-be174af8bffe","2019-01-15","hackernews","title","1"
"DELL","f7645254-f4e5-5822-b7f8-c6e084d1a8a0","2016-01-27","hackernews","title","1"
"CAT","f76c420c-2a3c-5aae-878b-a3e05bfe235e","2025-10-29","transcripts","earnings_call","32"
"TEAM","f76dbe25-4c18-506d-a21f-1526b33a2f63","2016-02-04","transcripts","earnings_call","26"
"TEAM","f79512c5-b433-542a-9ced-ee286bb61a18","2019-09-24","hackernews","title","1"
"MU","f797e065-fb27-5a8e-a4f7-9bf048042e70","2018-01-04","hackernews","title","1"
"DELL","f798a50d-3e88-53c7-8442-b93eb99abfff","2026-02-07","hackernews","title","1"
"MU","f7aa7bdb-86f6-54ae-af61-b41efe80f0d2","2016-06-30","transcripts","earnings_call","31"
"ADBE","f7ae4c9a-b183-574e-84b7-499dd4bf89a9","2020-08-20","hackernews","title","1"
"INTC","f7bba1c1-b319-5b72-8ddb-4d3a958bd4b0","2023-04-17","hackernews","title","1"
"ADBE","f7d44be7-49fa-5bb5-937d-711ee951a6f5","2025-10-09","hackernews","title","1"
"CAT","f7dcf113-eceb-59bf-9ac5-d189fff6ea59","2019-05-27","hackernews","title","1"
"PG","f7ef567a-0069-5659-a171-c402e791e11a","2020-01-23","sec_filing","10-Q","94"
"ADBE","f803a00c-fdc8-5c6c-9103-e373a0fc7799","2020-07-15","hackernews","title","1"
"ADBE","f812a203-a41a-52bf-8006-d34ecafec130","2016-01-25","hackernews","title","1"
"NVDA","f81e816e-02d8-5aba-88e3-ebe100a5ac5b","2023-06-18","hackernews","title","1"
"NVDA","f826ed82-fbd9-54fe-80b5-ef9c35c6d995","2026-09-03","hackernews","title","1"
"NVDA","f82cfe42-22c4-5bc3-a23d-34217139bf58","2020-06-22","hackernews","title","1"
"INTC","f847262a-326c-54a8-b636-2ff392b8b66e","2022-12-21","hackernews","title","1"
"INTC","f868bd0e-7883-547a-84ec-d0203f36945f","2019-01-30","hackernews","title","1"
"DELL","f871cb4d-1dcf-538f-9775-c29c6b97da19","2019-04-01","hackernews","title","1"
"NVDA","f8770ce5-ac98-54bc-b3b0-24d45a4d6095","2023-01-12","hackernews","title","1"
"NVDA","f87c400c-e6cc-54e4-8ef6-dc034aad87d7","2024-08-02","hackernews","title","1"
"NVDA","f8843388-31bb-57e1-924e-8aaf214927f4","2018-02-08","hackernews","title","1"
"NVDA","f89b1054-e3f4-58a2-be94-2867ec7d3b41","2024-05-19","hackernews","title","1"
"NVDA","f8a714be-6b7e-59b0-bc84-5e079ee44e7a","2022-10-14","hackernews","title","1"
"NVDA","f8aa0cd9-de18-5789-aba9-439c632ffec8","2024-11-03","hackernews","title","1"
"ADBE","f8ac3cb9-569e-5fdd-bde1-0f6ed58ab668","2024-06-05","hackernews","title","1"
"DELL","f8adc36d-c424-5c38-92d4-d3439f0dae8b","2022-05-26","transcripts","earnings_call","34"
"INTC","f8af9e52-46d9-5896-aae9-28004a3adde2","2018-05-13","hackernews","title","1"
"NVDA","f8b99d69-f3fb-500b-8e67-853a350cc78d","2023-01-03","hackernews","title","1"
"INTC","f8c55b0e-389e-552e-b2f8-642ef10dd52c","2018-10-31","hackernews","title","1"
"INTC","f8c75efa-12e1-5f15-814a-84a36e130d65","2015-08-08","hackernews","title","1"
"PG","f8cff705-ddb6-59cb-b665-9a3b52408616","2017-01-20","transcripts","earnings_call","41"
"DELL","f8d6d3af-390f-5ef9-b5fc-5a221cb823f4","2024-02-29","transcripts","earnings_call","31"
"NVDA","f8e11b2e-5ac9-5390-9f22-95d319417786","2019-03-11","hackernews","title","1"
"NVDA","f8e2853c-842e-5745-8bdc-b9a16d6b1ed6","2022-05-11","hackernews","title","1"
"INTC","f8f6e454-bb3e-505c-9800-5ade316d7c0c","2022-10-28","hackernews","title","1"
"INTC","f8f83207-346d-52b0-ab45-1462613e8f86","2016-05-16","hackernews","title","1"
"NVDA","f9104c4d-14fa-51e5-9ead-c1b6c72385ce","2017-06-20","hackernews","title","1"
"ADBE","f91d39b4-5643-563a-9702-6e5c1ac61473","2017-10-24","hackernews","title","1"
"INTC","f9354fd1-dcd3-548c-be27-586ea646f9cc","2016-07-23","hackernews","title","1"
"DELL","f949eb7a-43b4-5e7c-afab-37420830da6f","2018-01-08","hackernews","title","1"
"INTC","f94c3331-de5c-55b0-a871-e4315c12a3af","2016-03-17","hackernews","title","1"
"INTC","f94e4d0c-267e-540a-a5a2-2e77aded4225","2016-04-29","hackernews","title","1"
"INTC","f9515ac1-4346-500a-92b2-5faa34c2e37d","2023-07-11","hackernews","title","1"
"NVDA","f95380bd-5228-5e65-a776-fc55207585ec","2018-04-23","hackernews","title","1"
"NVDA","f967dd6e-8911-5102-898e-b926b8b9afc7","2020-09-18","hackernews","title","1"
"DELL","f973dcfc-c467-5a94-b2fc-9a28f494864c","2015-03-25","hackernews","title","1"
"ADBE","f987bc63-7ebb-5b52-8856-246ccd8033ff","2020-03-05","hackernews","title","1"
"INTC","f98e06ee-1f8d-5122-893e-bed0ad5e961a","2020-12-11","hackernews","title","1"
"DELL","f99001af-f307-5c85-ae6f-d2a08d65b472","2021-11-02","hackernews","title","1"
"WM","f99352f5-3e4a-5175-ad95-9806861e6dad","2019-02-14","sec_filing","10-K","320"
"NVDA","f9a0a263-e988-57b3-99e8-eb718db2d792","2016-06-02","hackernews","title","1"
"ADBE","f9b3cf12-b86f-5bc8-9722-37afbbfdea08","2024-02-21","hackernews","title","1"
"ADBE","f9b4fb87-3375-5965-80d0-aa0e2d8d1d28","2026-03-12","hackernews","title","1"
"CAT","f9bd2c5e-a6a0-559b-a757-57ad33e5997d","2015-05-29","hackernews","title","1"
"CAT","f9e2fd64-f69a-565e-8371-8d82a284797b","2025-01-30","transcripts","earnings_call","35"
"INTC","f9e6e79a-3f34-5ed9-89ac-712cde933072","2018-03-12","hackernews","title","1"
"NVDA","fa0f330a-9262-5537-bf9b-89310ca70ffb","2019-06-17","hackernews","title","1"
"ADBE","fa1a5dd9-d21c-58f2-9648-8ab3888d305d","2020-03-03","hackernews","title","1"
"TEAM","fa3562d7-4f89-5a11-83f3-6336cf6ddc49","2023-03-07","hackernews","title","1"
"TEAM","fa38e077-fc4e-5d48-94fd-4d86e0e8d468","2023-12-06","hackernews","title","1"
"TEAM","fa4c862d-cb66-5207-930d-091be7a6f5ef","2019-12-14","hackernews","title","1"
"NVDA","fa4ebcc1-775b-5113-be25-730686077a57","2024-02-16","hackernews","title","1"
"NVDA","fa530267-5475-5ccc-a3fa-21cae6a963db","2020-01-07","hackernews","title","1"
"MU","fa57f58d-973f-5935-b62d-925267810c81","2023-10-20","hackernews","title","1"
"ADBE","fa6f6eef-a730-59fe-97e2-b99037903742","2025-05-21","hackernews","title","1"
"NVDA","fa6fc1b3-8cbd-5710-8ddd-051d2233e8ac","2017-05-23","sec_filing","10-Q","67"
"WM","fa74f81e-d81c-50bb-aaa4-786ab6ceb951","2015-06-19","hackernews","title","1"
"NVDA","fa8396ac-e72d-560d-9ce4-e04547542fe4","2025-09-19","hackernews","title","1"
"TEAM","fa87575d-f3c3-5473-94f2-c79a9dce6d45","2021-04-29","sec_filing","6-K","2"
"ADBE","fa8aff35-32ad-59fc-9fc6-26dcb06d9a8e","2019-09-17","transcripts","earnings_call","31"
"INTC","fa91b1b3-90b3-5faf-9b8d-e6101e686afb","2017-12-11","hackernews","title","1"
"INTC","fa9a3452-f7c4-51e2-b98f-023397f4063f","2021-12-12","hackernews","title","1"
"NVDA","fa9d685d-b02f-53b0-961f-8038f126d193","2017-09-30","hackernews","title","1"
"TEAM","faa27a75-6dc8-5e9e-be97-8f28321d316c","2019-03-28","hackernews","title","1"
"ADBE","fab09b51-0939-5dca-93ec-a71efb5344c8","2023-10-17","hackernews","title","1"
"TEAM","fabcb6a9-28b7-5bbe-8294-830dfde5542c","2020-10-29","hackernews","title","1"
"TEAM","fac6274b-9b47-539f-91b5-1bd433e23bc6","2021-04-13","sec_filing","6-K","2"
"INTC","fac6e2d7-62de-59ee-9533-b6ae1fd7d9f9","2016-02-27","hackernews","title","1"
"INTC","fad2d184-63b7-5665-8bf0-8614db385762","2025-04-25","hackernews","title","1"
"NVDA","fad9d32c-0258-598a-a898-bf7b2f90d289","2018-09-21","hackernews","title","1"
"ADBE","fae7181a-24b4-5fe8-8b33-99f5d460ad1d","2017-06-29","hackernews","title","1"
"DELL","faed405a-2053-52c8-8867-4051f44af06b","2024-08-06","hackernews","title","1"
"ADBE","faf1fd16-ea0c-5687-9bd4-967fb878fac7","2023-03-15","transcripts","earnings_call","33"
"DELL","fafddf6c-51a0-510a-9dbf-40d24b9ba35e","2022-08-29","hackernews","title","1"
"DELL","fafee639-6968-5c56-8b9f-08837f023638","2025-09-09","hackernews","title","1"
"MU","fb0b49e7-e0dc-5e41-9f85-7066632b3657","2021-06-30","transcripts","earnings_call","29"
"TEAM","fb1636ea-ff84-5f7f-8c43-cc945f4de9fe","2016-06-14","hackernews","title","1"
"NVDA","fb1e7570-49ba-5415-b167-207619a3859c","2024-12-28","hackernews","title","1"
"INTC","fb282780-7804-54d6-aaae-303e722d33de","2020-03-05","hackernews","title","1"
"TEAM","fb2f69a3-4a4c-5dc5-a174-11dd62f6ee61","2017-04-25","hackernews","title","1"
"INTC","fb3ed87f-ec49-50a1-a919-d2bf11618da4","2019-06-17","hackernews","title","1"
"NVDA","fb4dfa87-ea47-5e55-a2d0-91c7c13cc43f","2017-08-10","transcripts","earnings_call","30"
"INTC","fb4e0c56-a54a-559e-9e37-0f280d5d9f80","2024-09-04","hackernews","title","1"
"DELL","fb532474-a76e-525c-a753-53de3955a155","2024-07-17","hackernews","title","1"
"NVDA","fb657fb3-d938-587a-9f8b-24134f0ed76f","2025-01-10","hackernews","title","1"
"INTC","fb6da0ff-f475-5f32-9ff4-b5c4f3af7815","2017-05-01","hackernews","title","1"
"INTC","fb8563cf-ef91-5dd7-8a49-21cf748185dd","2023-08-11","hackernews","title","1"
"ADBE","fb8bc5b1-0248-57bf-a3e1-bb9df5ca93e0","2017-06-21","hackernews","title","1"
"MU","fb93bf79-173b-57bc-b8b8-9e19474f1b5e","2024-11-19","hackernews","title","1"
"INTC","fb944e9a-a9db-51c8-bf86-7a88684d7cf4","2023-09-25","hackernews","title","1"
"NVDA","fb9a34d8-b24c-59e1-8abc-6f9180595e32","2024-03-13","hackernews","title","1"
"INTC","fbb04960-a2b4-5067-89e3-8d07933c875e","2015-03-27","hackernews","title","1"
"WM","fbb0be40-e009-508f-a81a-85f75f5ef8a4","2012-04-26","sec_filing","10-Q","118"
"TEAM","fbb24933-2002-56bf-89d9-e2b289e1c65c","2023-08-18","sec_filing","10-K","292"
"ADBE","fbc630c3-e0b0-571e-a9bd-109708d5872d","2020-05-09","hackernews","title","1"
"TEAM","fbd4c2e7-6df0-56b1-9af6-0bf8cd923daf","2015-06-01","hackernews","title","1"
"NVDA","fbec4ece-59cb-536e-aad8-3aff2bf9d415","2023-04-28","hackernews","title","1"
"MU","fbf5572a-c1a8-5fdd-875c-9ce2f444fa10","2024-08-06","hackernews","title","1"
"WM","fbf5a6ef-36e0-55ab-b7de-88d6333fd534","2014-10-29","sec_filing","10-Q","140"
"TEAM","fc03e3ab-22a3-5832-99f8-27aba6a48b81","2021-10-29","sec_filing","6-K","183"
"INTC","fc1b6169-7ecc-5d31-ab84-326e8477abf0","2018-09-14","hackernews","title","1"
"NVDA","fc23e6c2-31f9-52a6-9b22-f7a8fae8ae5f","2026-05-29","hackernews","title","1"
"NVDA","fc2657c5-fd6b-56e0-97ac-29d5c58c0073","2022-04-10","hackernews","title","1"
"MU","fc26d812-9783-55d7-ab0c-9897014cd570","2024-04-16","hackernews","title","1"
"INTC","fc2eda5c-f1ba-5027-8063-e0751f430ee4","2018-10-04","hackernews","title","1"
"ADBE","fc45b12e-2ddd-56b1-a010-eb85780ea9ae","2017-08-14","hackernews","title","1"
"ADBE","fc46f588-2efd-5d10-ab3f-f033038a51bf","2015-01-23","hackernews","title","1"
"INTC","fc48c5f9-e542-5895-a1bf-86370ae36068","2021-11-09","hackernews","title","1"
"TEAM","fc4f034a-13ee-56f6-ba95-b6d1efcc7e56","2019-06-17","hackernews","title","1"
"ADBE","fc549101-68e4-5029-8dad-5639c5cdd07e","2016-03-21","hackernews","title","1"
"MU","fc595f6d-4a05-502c-981c-bb39f6bd4ffc","2020-03-20","hackernews","title","1"
"INTC","fc66de61-d9a0-595b-95e2-a2323bbfeb3c","2016-08-06","hackernews","title","1"
"INTC","fc67f015-cc2d-534b-827a-b5e86cd66590","2017-06-19","hackernews","title","1"
"NVDA","fc6fff81-f90a-5000-9ee4-23b46d606771","2015-05-29","hackernews","title","1"
"INTC","fc70788b-4e76-59a1-98f3-2563b97ac459","2026-09-12","hackernews","title","1"
"NVDA","fc7294d4-1c8a-5665-b310-c74ec35a9d47","2018-04-03","hackernews","title","1"
"ADBE","fc73d307-1513-5967-a6d5-f8309a268dad","2023-11-18","hackernews","title","1"
"DELL","fc7caf5b-6555-540c-9e03-6643a9574bb3","2020-12-10","hackernews","title","1"
"ADBE","fc7e2102-a9ca-562a-8774-eaf1fa481d7b","2013-03-19","transcripts","earnings_call","29"
"TEAM","fc97ee53-8d6e-518e-b0dc-98d1b9867e30","2020-08-07","hackernews","title","1"
"INTC","fcaec156-4ed1-5468-bd65-41dd74d68abf","2018-09-10","hackernews","title","1"
"INTC","fcb35aa5-07bc-5287-8a14-85d31d8d22e5","2022-11-23","hackernews","title","1"
"INTC","fcb436a1-ffd0-5baa-84b5-6e3a3926bc0d","2017-11-06","hackernews","title","1"
"TEAM","fcb708f0-b01a-5a7f-9414-d5ce3174ee48","2018-04-05","hackernews","title","1"
"INTC","fcc06057-0cbe-5489-bf9d-0f7c71853882","2019-09-10","hackernews","title","1"
"NVDA","fcc82b6f-8e31-5135-8b33-032b16693c88","2020-04-23","hackernews","title","1"
"TEAM","fcd559ac-6097-5ad1-9cb5-26ad0c385a47","2021-07-28","hackernews","title","1"
"TEAM","fcd76f69-00f4-592b-bf04-9557b6282692","2018-06-13","hackernews","title","1"
"NVDA","fcdf71b2-9c87-5802-ba8d-a5aa5e8595e0","2015-09-27","hackernews","title","1"
"NVDA","fce022ce-884b-50f3-a83e-7dc52f664343","2017-06-01","hackernews","title","1"
"NVDA","fcee3afe-421b-580b-8bca-73d5fc3d93a9","2021-09-21","hackernews","title","1"
"WM","fd060023-ee84-52d9-8c23-5ad0b006fa7a","2014-07-29","sec_filing","10-Q","126"
"NVDA","fd12786b-7c3c-5058-85d7-59f455c81378","2025-12-10","hackernews","title","1"
"NVDA","fd1c12ad-448e-5aa4-ae6b-1ee0d97d12c7","2018-03-28","hackernews","title","1"
"MU","fd2c01c5-d84c-5d0a-b13a-858112dffa48","2025-10-03","sec_filing","10-K","248"
"INTC","fd2d84da-1396-5a27-ba78-fa03aa410acc","2018-06-21","hackernews","title","1"
"NVDA","fd36c2bb-4edf-5831-9ce0-2ef6f851f2fd","2021-11-23","hackernews","title","1"
"NVDA","fd4235d9-8515-5867-bc68-b0344f88156c","2023-04-02","hackernews","title","1"
"NVDA","fd5ee548-2b90-5fe0-8731-fd22e8046231","2021-12-02","hackernews","title","1"
"TEAM","fd6e1cf4-909a-501f-9e4e-15546cd1cd1e","2015-06-10","hackernews","title","1"
"TEAM","fd7d32e1-fabb-5a95-94ac-9d7038f8b261","2023-04-19","hackernews","title","1"
"ADBE","fd81276d-da0c-5221-8d2c-4854ca61793a","2022-05-11","hackernews","title","1"
"NVDA","fd94db86-7ba5-57e3-b7a7-aa95e1c64f4d","2019-07-12","hackernews","title","1"
"PG","fd9eb8a5-7dc6-5624-9320-ba74da4e34e5","2023-02-03","hackernews","title","1"
"ADBE","fdaaac23-2aa8-598c-b7c6-010da38b388a","2025-11-19","hackernews","title","1"
"NVDA","fdca90ae-9ba5-56f0-b06a-e71c4e06e3ed","2019-11-14","sec_filing","10-Q","76"
"DELL","fdcfb901-6ef4-5be2-89e8-5f81102ce531","2024-07-21","hackernews","title","1"
"DELL","fdcfc601-f29a-55de-95e4-0dd2582dac6a","2019-08-21","hackernews","title","1"
"INTC","fdda487b-5d37-5990-90ea-4f0fc3badff8","2023-10-04","hackernews","title","1"
"INTC","fde01957-55ed-5155-aaec-f490e09cb4e9","2015-05-28","hackernews","title","1"
"TEAM","fde532de-a8a2-5bcb-a218-a59df872a20a","2026-08-11","hackernews","title","1"
"NVDA","fde65fd8-09cd-545e-846d-cae1177165ac","2019-12-20","hackernews","title","1"
"DELL","fdf261da-789b-52d7-8803-2e5430e2e8a0","2019-07-03","hackernews","title","1"
"ADBE","fe04a5b4-1463-5316-897f-63c6b4b34d3f","2018-06-14","transcripts","earnings_call","31"
"CAT","fe09ec4f-d5f1-592e-a2ea-b5c21c127de0","2015-12-16","hackernews","title","1"
"NVDA","fe16bd3a-7a2e-52e0-9d98-d9f63cb83bd5","2026-05-20","transcripts","earnings_call","26"
"MU","fe24c3c9-9eab-5e0e-8e7d-9de3f4ea1b29","2026-07-25","hackernews","title","1"
"TEAM","fe2a5d2d-0615-5ba1-b200-5ccb5e40c622","2021-09-07","hackernews","title","1"
"MU","fe2ab504-64ae-572b-9df6-adf6ea0ad704","2026-02-27","hackernews","title","1"
"ADBE","fe3e2451-ef53-54b3-842f-2d3ad032583f","2016-02-12","hackernews","title","1"
"CAT","fe5077da-532d-5a4b-bfee-25ae1add9cec","2019-02-14","sec_filing","10-K","389"
"ADBE","fe511926-ef1a-5519-a1a0-52b3aac9df63","2016-01-19","hackernews","title","1"
"DELL","fe56cedd-718e-5fa2-ac56-4e8374fb2859","2019-11-05","hackernews","title","1"
"TEAM","fe5dda84-10c0-5f17-8192-d2a2123e6994","2017-01-19","hackernews","title","1"
"ADBE","fe68894e-788c-542f-80d2-40ed0ea89e5b","2022-12-15","transcripts","earnings_call","35"
"TEAM","fe6b1888-5bf1-508d-be1e-e95f38e94637","2015-11-10","hackernews","title","1"
"ADBE","fe70364b-3a38-5908-83eb-96aa355ea474","2019-04-27","hackernews","title","1"
"INTC","fe73e653-1a05-5602-a8bb-a53bb21b8468","2019-04-25","transcripts","earnings_call","26"
"ADBE","fe7a606f-0681-5952-bfc7-9662c5948ae9","2012-06-27","sec_filing","10-Q","146"
"NVDA","fe859215-f918-5e1e-bad7-4b46c4dc9c62","2019-04-03","hackernews","title","1"
"TEAM","fe87e9a1-4c8a-53e9-aa9f-2685b0b1ee2a","2022-07-21","hackernews","title","1"
"INTC","fe8bbdea-0462-5eee-bec0-ed420804e5db","2018-07-02","hackernews","title","1"
"INTC","feb0ed99-9816-5789-bd1e-a2ac5cecdd3f","2017-11-20","hackernews","title","1"
"NVDA","fec42e98-add5-5d57-add1-2ae9483fa4e4","2017-05-10","hackernews","title","1"
"NVDA","fec5ba9d-a8d7-5708-a8e3-8c6e2a00144b","2018-04-27","hackernews","title","1"
"ADBE","fecb2263-b4a9-5897-8e44-eeb21488515b","2017-07-10","hackernews","title","1"
"CAT","fee63b07-3656-54f5-bc64-0a023aee993a","2021-10-28","transcripts","earnings_call","35"
"TEAM","fef78074-35b1-5d36-ad52-67e0a60086eb","2022-05-29","hackernews","title","1"
"WM","fefcd161-bce1-5b82-b74c-ebf2515fff25","2021-10-26","sec_filing","10-Q","123"
"INTC","fefe4ae0-bc4b-5664-8c6a-38d184b97202","2026-01-15","hackernews","title","1"
"NVDA","ff086ccb-6b56-55a5-9e82-36bf71c5c1fe","2015-10-27","hackernews","title","1"
"INTC","ff09397e-f046-53d9-8445-b649712f06ac","2017-04-20","hackernews","title","1"
"ADBE","ff0ae62e-0afe-567c-a4d7-087b2a2eb51a","2013-06-18","transcripts","earnings_call","30"
"TEAM","ff25c9f8-175a-5168-863d-43efdfcb0310","2016-05-05","sec_filing","6-K","3"
"DELL","ff3e7963-6893-5287-981a-7e4fead9bac9","2025-12-16","hackernews","title","1"
"DELL","ff477f88-4176-5705-b8c6-3ccdae4c5aa3","2023-08-14","hackernews","title","1"
"ADBE","ff4fb59c-b286-51e2-9639-46e982fe475e","2019-10-17","hackernews","title","1"
"NVDA","ff597353-7d0d-5e93-8154-76dfb2a786bf","2017-03-03","hackernews","title","1"
"INTC","ff646f8b-1a65-58ab-8a5f-3046d52bd62e","2020-05-03","hackernews","title","1"
"DELL","ff737954-fc8a-5cbb-a810-251e91405b6d","2020-05-21","hackernews","title","1"
"CAT","ff74b06f-ded1-5cab-bd6c-76193bc5cf75","2022-05-04","sec_filing","10-Q","136"
"ADBE","ff7c6b4e-6dcd-56c0-b9b6-b321d335da34","2025-02-25","hackernews","title","1"
"INTC","ff8fefbe-c36e-5677-aafa-9884c4bf7574","2023-07-01","hackernews","title","1"
"TEAM","ff991038-d987-50dd-926e-dc24710e7baa","2020-04-30","sec_filing","6-K","2"
"INTC","ff9b6d23-a433-5cd8-a543-49b655d843d3","2025-12-05","hackernews","title","1"
"NVDA","ff9c0c40-7154-5420-b1e2-32167a57a8fa","2018-06-22","hackernews","title","1"
"NVDA","ffaeb671-975f-54d2-badf-6bd89649c168","2023-11-21","sec_filing","10-Q","111"
"CAT","ffba1989-b4a7-5501-b696-ed7a0abba2c4","2022-08-01","transcripts","earnings_call","33"
"NVDA","ffc7fe45-ed97-5176-bc34-80fc7dbbc4e3","2023-05-31","hackernews","title","1"
"NVDA","ffc81270-fe0c-5a8d-9823-749903da911c","2020-08-14","hackernews","title","1"
"ADBE","ffd4b393-3a5e-5125-8ff5-b0be50e5b60e","2022-06-16","transcripts","earnings_call","35"
"TEAM","ffde607b-9a96-50d8-a878-449d39e0e89b","2021-11-01","hackernews","title","1"
"INTC","ffe4e69b-4094-55ae-b403-511273512cc0","2022-07-25","hackernews","title","1"
