"content_id","chunk_number","ai_associated"
"b09b2fb5-16f9-5743-a676-aa4cc6426a6b",0,"2 - Infra"
"ea817551-8239-5769-9b2f-3f4746ad4b46",0,"1 - General AI"
"eae88871-5a0c-52eb-b277-f26bffba9d10",0,"1 - General AI"
"8f6f6379-7b1d-5921-9326-d9244d569a8c",15,"2 - Infra"
"a405ff2c-48fb-55f5-8eac-0823bdacd03a",0,"2 - Infra"
"00b65c37-97c9-596f-a1ad-39c17c610279",31,"2 - Infra"
"db750def-a2e6-5ff0-b767-5a3f2bd5a88b",0,"1 - General AI"
"db730988-1e16-5fed-93c9-8846bbfb48b0",0,"1 - General AI"
"1dcb8dde-7460-5473-87f6-c557dc887116",0,"1 - General AI"
"13f004dc-182c-5318-b3af-1f78b304fe6f",127,"1 - General AI"
"88102f8a-34cb-5b4d-92fe-8a847b6c9a4d",12,"1 - General AI"
"08de8873-ccd7-5ab5-8bf7-8b3ac7a28059",62,"2 - Infra"
"00b65c37-97c9-596f-a1ad-39c17c610279",63,"1 - General AI"
"00b65c37-97c9-596f-a1ad-39c17c610279",62,"1 - General AI"
"fe04a5b4-1463-5316-897f-63c6b4b34d3f",5,"1 - General AI"
"b02ca8dd-333e-5d70-bb8e-a84c818e78d9",0,"1 - General AI"
"b0b423ab-1ccf-5d89-aa2a-1d2ba80bff51",0,"1 - General AI"
"23034535-c748-5c00-bce0-945d11fc1dca",0,"1 - General AI"
"863a7b1e-ab9e-5661-8bd1-7d89bd5c7c59",0,"1 - General AI"
"938d71bf-3ea3-53ed-b020-7ac48d25f80d",25,"2 - Infra"
"938d71bf-3ea3-53ed-b020-7ac48d25f80d",2,"1 - General AI"
"062f2032-fcdf-5eea-b6b4-8afa6d294315",12,"1 - General AI"
"00b65c37-97c9-596f-a1ad-39c17c610279",99,"1 - General AI"
"1eaf0324-1c8b-5782-ab53-588734eb2cd0",17,"2 - Infra"
"434ddf54-e998-54d8-b409-d7e05831add1",19,"1 - General AI"
"4dcd674c-7355-5050-a27d-c2d6d36b969a",25,"2 - Infra"
"4dcd674c-7355-5050-a27d-c2d6d36b969a",33,"2 - Infra"
"aedef1b8-fe47-5b61-880b-694590e1fa26",9,"1 - General AI"
"8fcfd31d-bfce-558f-afaa-9fca124a4cab",31,"1 - General AI"
"b47fe0e1-ba39-570a-b60b-51d06f31d737",70,"1 - General AI"
"e889f488-8522-5343-a15e-b7f7e33c1704",183,"1 - General AI"
"7fa530a5-5a2b-5b91-80b9-943418126383",113,"2 - Infra"
"36acde72-47bf-5a97-98cb-bd1b3b7d8563",27,"1 - General AI"
"29e90363-7c6d-525e-9b13-048ee4970d68",9,"2 - Infra"
"3391e164-85b0-59bd-9721-1a5b0b83938f",62,"1 - General AI"
"4417ad87-1aaa-5be7-b484-3670d65e2f52",74,"1 - General AI"
"ea68814a-e352-5421-9d4d-4e9e9320725f",4,"2 - Infra"
"36acde72-47bf-5a97-98cb-bd1b3b7d8563",44,"1 - General AI"
"da600cdc-f0ef-5a33-ab24-140b037e995c",115,"1 - General AI"
"aa62b366-f55f-585f-922b-0a5eca6d1e33",0,"2 - Infra"
"b47fe0e1-ba39-570a-b60b-51d06f31d737",26,"1 - General AI"
"4417ad87-1aaa-5be7-b484-3670d65e2f52",102,"2 - Infra"
"0e73f08d-279c-5e9f-8fdf-191f5a078d8f",15,"2 - Infra"
"36acde72-47bf-5a97-98cb-bd1b3b7d8563",66,"1 - General AI"
"3391e164-85b0-59bd-9721-1a5b0b83938f",107,"2 - Infra"
"6c0dce19-3955-59ff-b689-b8536ac11439",18,"1 - General AI"
"a22c13ef-3936-577e-8c1d-9036083bcd08",97,"1 - General AI"
"e21f0d6d-9d0c-5b0a-9f67-7bd49c9d05ca",123,"1 - General AI"
"e889f488-8522-5343-a15e-b7f7e33c1704",31,"1 - General AI"
"3391e164-85b0-59bd-9721-1a5b0b83938f",55,"1 - General AI"
"1080ca21-f3d0-5152-95a8-3480a4656b40",18,"2 - Infra"
"4f64c4af-93b4-5cfd-8fe6-968c3c202fc6",18,"1 - General AI"
"a383d817-a6bf-54a6-8094-71a1947f41b1",98,"2 - Infra"
"00b65c37-97c9-596f-a1ad-39c17c610279",85,"2 - Infra"
"2c6ae2ee-7e66-5a92-8929-6d0e4b9ea760",33,"1 - General AI"
"a22c13ef-3936-577e-8c1d-9036083bcd08",53,"1 - General AI"
"bb7d6cc8-ef6f-5817-9350-04bab2929952",40,"2 - Infra"
"c468e666-a298-505b-9a26-045b9128d2bd",19,"1 - General AI"
"68f6001f-d7db-59ca-9173-bf5450ef4d08",143,"1 - General AI"
"fd2c01c5-d84c-5d0a-b13a-858112dffa48",139,"2 - Infra"
"29e90363-7c6d-525e-9b13-048ee4970d68",101,"2 - Infra"
"1aaebca9-a840-509e-bac5-8a8e07261676",296,"1 - General AI"
"3391e164-85b0-59bd-9721-1a5b0b83938f",48,"1 - General AI"
"608e391b-4b00-5baa-98b0-401bdf2b34a3",129,"2 - Infra"
"76f79525-d0c9-5635-af25-9e59a39e0964",80,"1 - General AI"
"4417ad87-1aaa-5be7-b484-3670d65e2f52",72,"2 - Infra"
"55298621-dcfe-5481-82ae-ba4f9c6bf2f6",45,"1 - General AI"
"13f004dc-182c-5318-b3af-1f78b304fe6f",42,"1 - General AI"
"76f79525-d0c9-5635-af25-9e59a39e0964",39,"1 - General AI"
"8de4fbbc-9a78-5240-a65b-e596f2e29496",54,"2 - Infra"
"15ac65f4-e54a-598d-9ea6-97e87d947742",18,"1 - General AI"
"00b65c37-97c9-596f-a1ad-39c17c610279",24,"1 - General AI"
"d2c34d9b-48dc-5a0c-961e-1ab61915d2f4",9,"1 - General AI"
"13f004dc-182c-5318-b3af-1f78b304fe6f",23,"1 - General AI"
"4417ad87-1aaa-5be7-b484-3670d65e2f52",14,"1 - General AI"
"5f26967b-b030-59c1-a40a-efc52330fc30",186,"1 - General AI"
"55298621-dcfe-5481-82ae-ba4f9c6bf2f6",66,"2 - Infra"
"5a5d512e-33c9-571f-a091-5395a1198d20",88,"2 - Infra"
"8de4fbbc-9a78-5240-a65b-e596f2e29496",67,"1 - General AI"
"a383d817-a6bf-54a6-8094-71a1947f41b1",42,"1 - General AI"
"b75e9e02-9f52-56f0-b589-24f93af288c5",43,"1 - General AI"
"c468e666-a298-505b-9a26-045b9128d2bd",18,"1 - General AI"
"15272187-9c85-590a-a67a-c8cac03d46dd",33,"1 - General AI"
"00b65c37-97c9-596f-a1ad-39c17c610279",125,"1 - General AI"
"da600cdc-f0ef-5a33-ab24-140b037e995c",9,"1 - General AI"
"36acde72-47bf-5a97-98cb-bd1b3b7d8563",17,"1 - General AI"
"13f004dc-182c-5318-b3af-1f78b304fe6f",17,"1 - General AI"
"7fa530a5-5a2b-5b91-80b9-943418126383",13,"1 - General AI"
"c468e666-a298-505b-9a26-045b9128d2bd",12,"2 - Infra"
"da600cdc-f0ef-5a33-ab24-140b037e995c",39,"1 - General AI"
"da600cdc-f0ef-5a33-ab24-140b037e995c",46,"1 - General AI"
"e07399d2-87d6-5ff7-b5ea-cd4e7ea190a8",8,"1 - General AI"
"36acde72-47bf-5a97-98cb-bd1b3b7d8563",39,"1 - General AI"
"fd2c01c5-d84c-5d0a-b13a-858112dffa48",17,"2 - Infra"
"6e1ab956-1817-5ad1-9dd8-1c6230330656",32,"1 - General AI"
"76f79525-d0c9-5635-af25-9e59a39e0964",177,"1 - General AI"
"8fcfd31d-bfce-558f-afaa-9fca124a4cab",27,"1 - General AI"
"938d71bf-3ea3-53ed-b020-7ac48d25f80d",13,"1 - General AI"
"1eaf0324-1c8b-5782-ab53-588734eb2cd0",19,"2 - Infra"
"1eaf0324-1c8b-5782-ab53-588734eb2cd0",20,"2 - Infra"
"434ddf54-e998-54d8-b409-d7e05831add1",28,"1 - General AI"
"4dcd674c-7355-5050-a27d-c2d6d36b969a",31,"1 - General AI"
"4dcd674c-7355-5050-a27d-c2d6d36b969a",20,"1 - General AI"
"55298621-dcfe-5481-82ae-ba4f9c6bf2f6",63,"1 - General AI"
"938d71bf-3ea3-53ed-b020-7ac48d25f80d",15,"1 - General AI"
"66ca62af-3f3f-550c-ad56-8d816942b6d0",47,"1 - General AI"
"6e1ab956-1817-5ad1-9dd8-1c6230330656",21,"1 - General AI"
"fd2c01c5-d84c-5d0a-b13a-858112dffa48",34,"1 - General AI"
"2c6ae2ee-7e66-5a92-8929-6d0e4b9ea760",22,"1 - General AI"
"4f64c4af-93b4-5cfd-8fe6-968c3c202fc6",69,"2 - Infra"
"5f26967b-b030-59c1-a40a-efc52330fc30",9,"1 - General AI"
"8fcfd31d-bfce-558f-afaa-9fca124a4cab",19,"1 - General AI"
"e5ec27f5-2943-5fdc-9a4d-812512df4526",109,"1 - General AI"
"c468e666-a298-505b-9a26-045b9128d2bd",8,"2 - Infra"
"55298621-dcfe-5481-82ae-ba4f9c6bf2f6",33,"2 - Infra"
"4a17c5c4-28aa-5f94-8120-0f6cfe8874f3",7,"1 - General AI"
"4dcd674c-7355-5050-a27d-c2d6d36b969a",1,"1 - General AI"
"523f6d3a-036d-568f-aad3-6d3eb445a29b",7,"1 - General AI"
"798f3fe6-c135-5c00-9008-6106bd63c3b0",124,"1 - General AI"
"062f2032-fcdf-5eea-b6b4-8afa6d294315",4,"1 - General AI"
"00b65c37-97c9-596f-a1ad-39c17c610279",124,"2 - Infra"
"434ddf54-e998-54d8-b409-d7e05831add1",1,"2 - Infra"
"00b65c37-97c9-596f-a1ad-39c17c610279",221,"1 - General AI"
"00b65c37-97c9-596f-a1ad-39c17c610279",21,"1 - General AI"
"e5ec27f5-2943-5fdc-9a4d-812512df4526",112,"1 - General AI"
"68f6001f-d7db-59ca-9173-bf5450ef4d08",323,"1 - General AI"
"1cf5f6c2-f48d-58cf-ae4b-db3fd22649d8",21,"1 - General AI"
"fd2c01c5-d84c-5d0a-b13a-858112dffa48",141,"2 - Infra"
"1080ca21-f3d0-5152-95a8-3480a4656b40",86,"2 - Infra"
"7fa530a5-5a2b-5b91-80b9-943418126383",19,"1 - General AI"
"230c5778-8d28-526a-bcb4-26a13900ec6e",15,"1 - General AI"
"55298621-dcfe-5481-82ae-ba4f9c6bf2f6",34,"1 - General AI"
"36acde72-47bf-5a97-98cb-bd1b3b7d8563",6,"1 - General AI"
"4f64c4af-93b4-5cfd-8fe6-968c3c202fc6",14,"1 - General AI"
"26b2add9-a1d7-5a10-a598-d9eb21d3c8ed",12,"1 - General AI"
"3391e164-85b0-59bd-9721-1a5b0b83938f",63,"1 - General AI"
"13f004dc-182c-5318-b3af-1f78b304fe6f",19,"1 - General AI"
"76f79525-d0c9-5635-af25-9e59a39e0964",24,"1 - General AI"
"b75e9e02-9f52-56f0-b589-24f93af288c5",13,"1 - General AI"
"e5ec27f5-2943-5fdc-9a4d-812512df4526",126,"1 - General AI"
"4417ad87-1aaa-5be7-b484-3670d65e2f52",75,"1 - General AI"
"4417ad87-1aaa-5be7-b484-3670d65e2f52",32,"1 - General AI"
"bb7d6cc8-ef6f-5817-9350-04bab2929952",19,"1 - General AI"
"fd2c01c5-d84c-5d0a-b13a-858112dffa48",87,"1 - General AI"
"6c0dce19-3955-59ff-b689-b8536ac11439",107,"1 - General AI"
"60a1f235-e0ef-5e61-9495-af1fdf598a43",108,"1 - General AI"
"9ad0a4d1-5355-5447-995c-bff94eb15cf2",122,"2 - Infra"
"e5ec27f5-2943-5fdc-9a4d-812512df4526",128,"1 - General AI"
"01ca85da-1589-5b58-8f3e-6f862f8757af",5,"1 - General AI"
"608e391b-4b00-5baa-98b0-401bdf2b34a3",6,"2 - Infra"
"66ca62af-3f3f-550c-ad56-8d816942b6d0",15,"1 - General AI"
"88102f8a-34cb-5b4d-92fe-8a847b6c9a4d",7,"1 - General AI"
"a22c13ef-3936-577e-8c1d-9036083bcd08",12,"1 - General AI"
"b75e9e02-9f52-56f0-b589-24f93af288c5",7,"1 - General AI"
"c468e666-a298-505b-9a26-045b9128d2bd",74,"2 - Infra"
"6e1ab956-1817-5ad1-9dd8-1c6230330656",30,"1 - General AI"
"a22c13ef-3936-577e-8c1d-9036083bcd08",101,"1 - General AI"
"e21f0d6d-9d0c-5b0a-9f67-7bd49c9d05ca",122,"1 - General AI"
"e889f488-8522-5343-a15e-b7f7e33c1704",19,"1 - General AI"
"e889f488-8522-5343-a15e-b7f7e33c1704",28,"1 - General AI"
"36acde72-47bf-5a97-98cb-bd1b3b7d8563",15,"1 - General AI"
"98a5e789-908d-585a-84b1-3bbfe7fbeb00",7,"1 - General AI"
"a22c13ef-3936-577e-8c1d-9036083bcd08",47,"1 - General AI"
"da600cdc-f0ef-5a33-ab24-140b037e995c",41,"1 - General AI"
"e5ec27f5-2943-5fdc-9a4d-812512df4526",108,"1 - General AI"
"3391e164-85b0-59bd-9721-1a5b0b83938f",125,"1 - General AI"
"9ad0a4d1-5355-5447-995c-bff94eb15cf2",13,"1 - General AI"
"938d71bf-3ea3-53ed-b020-7ac48d25f80d",23,"1 - General AI"
"a22c13ef-3936-577e-8c1d-9036083bcd08",147,"1 - General AI"
"15ac65f4-e54a-598d-9ea6-97e87d947742",10,"2 - Infra"
"36acde72-47bf-5a97-98cb-bd1b3b7d8563",61,"1 - General AI"
"98a5e789-908d-585a-84b1-3bbfe7fbeb00",80,"1 - General AI"
"bb7d6cc8-ef6f-5817-9350-04bab2929952",22,"2 - Infra"
"1080ca21-f3d0-5152-95a8-3480a4656b40",93,"2 - Infra"
"aedef1b8-fe47-5b61-880b-694590e1fa26",16,"2 - Infra"
"2c6ae2ee-7e66-5a92-8929-6d0e4b9ea760",19,"2 - Infra"
"4fbfe744-2121-577d-a2ac-6715aded2b43",25,"2 - Infra"
"a383d817-a6bf-54a6-8094-71a1947f41b1",102,"1 - General AI"
"b416b004-bb36-5af0-9c64-1d1b71ab1023",52,"1 - General AI"
"1cf5f6c2-f48d-58cf-ae4b-db3fd22649d8",29,"1 - General AI"
"4417ad87-1aaa-5be7-b484-3670d65e2f52",30,"2 - Infra"
"608e391b-4b00-5baa-98b0-401bdf2b34a3",130,"1 - General AI"
"e889f488-8522-5343-a15e-b7f7e33c1704",130,"2 - Infra"
"f6b704e5-a73c-5e5b-9edf-6540c213efd1",44,"1 - General AI"
"3391e164-85b0-59bd-9721-1a5b0b83938f",93,"1 - General AI"
"bb7d6cc8-ef6f-5817-9350-04bab2929952",23,"2 - Infra"
"29e90363-7c6d-525e-9b13-048ee4970d68",15,"2 - Infra"
"4a17c5c4-28aa-5f94-8120-0f6cfe8874f3",79,"1 - General AI"
"55298621-dcfe-5481-82ae-ba4f9c6bf2f6",20,"1 - General AI"
"76f79525-d0c9-5635-af25-9e59a39e0964",12,"1 - General AI"
"8fcfd31d-bfce-558f-afaa-9fca124a4cab",61,"1 - General AI"
"434ddf54-e998-54d8-b409-d7e05831add1",24,"2 - Infra"
"72582597-d9f4-57c2-9ad9-c14b0b8fd959",0,"2 - Infra"
"b416b004-bb36-5af0-9c64-1d1b71ab1023",157,"1 - General AI"
"b5ea8691-e272-53fe-bf98-77d0b0afd60c",0,"2 - Infra"
"29e90363-7c6d-525e-9b13-048ee4970d68",39,"2 - Infra"
"7b6df678-40db-5475-91dc-e54824693d01",0,"2 - Infra"
"798f3fe6-c135-5c00-9008-6106bd63c3b0",92,"1 - General AI"
"f6b704e5-a73c-5e5b-9edf-6540c213efd1",43,"1 - General AI"
"0705acd7-d60f-5f12-8a14-536306e7cd25",0,"2 - Infra"
"da600cdc-f0ef-5a33-ab24-140b037e995c",32,"1 - General AI"
"4f64c4af-93b4-5cfd-8fe6-968c3c202fc6",9,"2 - Infra"
"a22c13ef-3936-577e-8c1d-9036083bcd08",46,"1 - General AI"
"a383d817-a6bf-54a6-8094-71a1947f41b1",45,"1 - General AI"
"ab496d28-2036-5093-9f4c-dcf37ca9072d",0,"3 - Platform"
"ac02f1e7-14c4-5f52-9d7c-dc6d619d454a",0,"2 - Infra"
"51c57e53-0233-5ab9-9985-0793cf8917d1",0,"2 - Infra"
"83c488a6-70af-522f-a952-6e3d8d6e5f86",0,"1 - General AI"
"5804fdda-7318-54a6-a2db-c48a69d0247b",0,"2 - Infra"
"36acde72-47bf-5a97-98cb-bd1b3b7d8563",12,"1 - General AI"
"5eafbb56-dd23-5717-9b0c-e3886695e315",0,"2 - Infra"
"d01ab3fd-beed-5749-8c98-8a094b8ea812",0,"2 - Infra"
"d01b7410-ec7d-5381-88db-51c40d77a8a1",0,"2 - Infra"
"1cf5f6c2-f48d-58cf-ae4b-db3fd22649d8",53,"1 - General AI"
"e07399d2-87d6-5ff7-b5ea-cd4e7ea190a8",88,"2 - Infra"
"432e82f9-5e26-5d84-aa95-b3000eda25c2",0,"1 - General AI"
"47c9b5bb-f377-55ac-a63f-4aa64c982203",0,"2 - Infra"
"61b22fe4-562f-5d41-b4db-f5e3fdc701ba",0,"2 - Infra"
"61cfeee1-832e-5083-9940-6ff98df225b9",0,"2 - Infra"
"7276aa5c-c056-5dde-9cd0-b697f4175f8e",0,"1 - General AI"
"798f3fe6-c135-5c00-9008-6106bd63c3b0",120,"1 - General AI"
"a383d817-a6bf-54a6-8094-71a1947f41b1",99,"2 - Infra"
"26b2add9-a1d7-5a10-a598-d9eb21d3c8ed",111,"1 - General AI"
"8fcfd31d-bfce-558f-afaa-9fca124a4cab",12,"1 - General AI"
"6e1ab956-1817-5ad1-9dd8-1c6230330656",31,"1 - General AI"
"8de4fbbc-9a78-5240-a65b-e596f2e29496",182,"1 - General AI"
"88102f8a-34cb-5b4d-92fe-8a847b6c9a4d",135,"1 - General AI"
"e07399d2-87d6-5ff7-b5ea-cd4e7ea190a8",19,"1 - General AI"
"3391e164-85b0-59bd-9721-1a5b0b83938f",50,"1 - General AI"
"13f004dc-182c-5318-b3af-1f78b304fe6f",87,"1 - General AI"
"b4dc29e5-3331-58bc-98fb-598fb0033361",13,"1 - General AI"
"00b65c37-97c9-596f-a1ad-39c17c610279",56,"1 - General AI"
"6c0dce19-3955-59ff-b689-b8536ac11439",110,"1 - General AI"
"523f6d3a-036d-568f-aad3-6d3eb445a29b",276,"1 - General AI"
"3391e164-85b0-59bd-9721-1a5b0b83938f",5,"1 - General AI"
"e889f488-8522-5343-a15e-b7f7e33c1704",122,"1 - General AI"
"a383d817-a6bf-54a6-8094-71a1947f41b1",283,"2 - Infra"
"da600cdc-f0ef-5a33-ab24-140b037e995c",137,"1 - General AI"
"13f004dc-182c-5318-b3af-1f78b304fe6f",21,"1 - General AI"
"6c9ec436-7141-575a-8416-d7056076dca2",7,"1 - General AI"
"a383d817-a6bf-54a6-8094-71a1947f41b1",202,"1 - General AI"
"6c0dce19-3955-59ff-b689-b8536ac11439",14,"2 - Infra"
"88102f8a-34cb-5b4d-92fe-8a847b6c9a4d",45,"1 - General AI"
"d2c34d9b-48dc-5a0c-961e-1ab61915d2f4",7,"2 - Infra"
"2c6ae2ee-7e66-5a92-8929-6d0e4b9ea760",17,"2 - Infra"
"b0eae100-479e-54e7-94f1-247529f38dc7",0,"2 - Infra"
"6c9ec436-7141-575a-8416-d7056076dca2",117,"1 - General AI"
"70703ca0-74bd-5d2e-bcd6-77bdf8f269a9",0,"1 - General AI"
"281cc0ec-a11b-56bf-9023-b041cac3f77e",0,"2 - Infra"
"0b6b8445-a0bd-565d-bc82-48d2043936ff",17,"1 - General AI"
"c898f954-501d-5187-a84d-c308f36bdf99",0,"1 - General AI"
"a383d817-a6bf-54a6-8094-71a1947f41b1",35,"2 - Infra"
"98a5e789-908d-585a-84b1-3bbfe7fbeb00",273,"2 - Infra"
"8c4b6bf0-f309-56ec-9a4c-4a106a01e641",0,"1 - General AI"
"40cb208d-0e05-5b74-9d72-a451061568fc",0,"2 - Infra"
"26b2add9-a1d7-5a10-a598-d9eb21d3c8ed",319,"1 - General AI"
"8c6b914b-94ce-590e-9ca5-0a8ea95ee6b8",0,"2 - Infra"
"49147c73-7e1c-5ce5-b233-74f32ac6b566",0,"2 - Infra"
"497e9237-cfbd-5b37-9e71-3ba20907457c",0,"1 - General AI"
"1a981387-7c97-5bc3-9abb-3d0829de322a",0,"2 - Infra"
"27ffa366-b5e4-532c-a7f8-3e0ea6ebef4d",0,"2 - Infra"
"c468e666-a298-505b-9a26-045b9128d2bd",23,"1 - General AI"
"0b6b8445-a0bd-565d-bc82-48d2043936ff",14,"2 - Infra"
"71391896-053d-5fdb-9436-639f0904ec21",0,"2 - Infra"
"d87bdfbf-b756-51d0-8ce3-6a52521a2ee0",0,"2 - Infra"
"b416b004-bb36-5af0-9c64-1d1b71ab1023",18,"1 - General AI"
"715f72ab-0dc8-526c-aa6a-c3d95c4b9d27",0,"2 - Infra"
"e1eea715-2f34-5ed6-8371-61a0ff7e4091",0,"2 - Infra"
"3e4c2f7f-9670-59f9-bb58-6c2290b08de6",0,"2 - Infra"
"e2079839-59e8-5289-bbe0-412ed39c93e6",0,"2 - Infra"
"3e85d653-02fe-58e9-b967-0d7243be6f95",0,"2 - Infra"
"798f3fe6-c135-5c00-9008-6106bd63c3b0",8,"1 - General AI"
"08de8873-ccd7-5ab5-8bf7-8b3ac7a28059",28,"2 - Infra"
"a964d257-fe12-5311-bd05-5f3e84028bc4",0,"1 - General AI"
"00b65c37-97c9-596f-a1ad-39c17c610279",188,"1 - General AI"
"00b65c37-97c9-596f-a1ad-39c17c610279",73,"2 - Infra"
"00b65c37-97c9-596f-a1ad-39c17c610279",75,"1 - General AI"
"434ddf54-e998-54d8-b409-d7e05831add1",21,"1 - General AI"
"434ddf54-e998-54d8-b409-d7e05831add1",26,"1 - General AI"
"4dcd674c-7355-5050-a27d-c2d6d36b969a",23,"2 - Infra"
"22afdd6c-069b-52e0-8530-9b4cab83b2bd",47,"1 - General AI"
"38d4604c-cc50-5944-b483-815e64ea3600",0,"2 - Infra"
"434ddf54-e998-54d8-b409-d7e05831add1",18,"1 - General AI"
"45ca4221-3379-5f9a-bdd8-71d4efd24ff7",0,"1 - General AI"
"52cce7b1-3faf-5545-a7ea-fd99b13d90f9",0,"1 - General AI"
"e71520d1-becb-5a71-a4a2-255302b18e56",97,"1 - General AI"
"7dc704d4-4f24-5835-bfe8-13e0f19a15de",0,"2 - Infra"
"b7df64dc-6e08-5bff-af5d-3c89b16f6494",0,"2 - Infra"
"fd7d32e1-fabb-5a95-94ac-9d7038f8b261",0,"1 - General AI"
"54dc576e-e4dd-573b-9adf-2f971c89d436",0,"1 - General AI"
"047b543a-40cc-5af3-b2e1-2d61fb01fe3e",0,"2 - Infra"
"5bac5e7d-6e50-59b6-bafe-932f21d66903",0,"1 - General AI"
"8f6f6379-7b1d-5921-9326-d9244d569a8c",27,"2 - Infra"
"33936398-9bed-5574-b096-d8d6e3a44044",10,"1 - General AI"
"e6e9d66c-9ef2-5f38-8f50-cd3d1beda148",0,"1 - General AI"
"434ddf54-e998-54d8-b409-d7e05831add1",9,"1 - General AI"
"1eaf0324-1c8b-5782-ab53-588734eb2cd0",23,"2 - Infra"
"1eaf0324-1c8b-5782-ab53-588734eb2cd0",24,"2 - Infra"
"434ddf54-e998-54d8-b409-d7e05831add1",22,"1 - General AI"
"1eaf0324-1c8b-5782-ab53-588734eb2cd0",14,"2 - Infra"
"4dcd674c-7355-5050-a27d-c2d6d36b969a",15,"1 - General AI"
"938d71bf-3ea3-53ed-b020-7ac48d25f80d",19,"1 - General AI"
"65efe7f2-a9af-5b34-9a3e-18178af590ba",0,"2 - Infra"
"749fb61d-34fc-51cd-91f8-314ee03a3bd4",0,"1 - General AI"
"da5b52cc-a4de-57fe-b426-93fc9b9d274f",0,"1 - General AI"
"d31de365-34bd-53ca-8251-6a04e423b0e1",6,"1 - General AI"
"e5dcfc09-772e-50d0-9826-24263003d24d",0,"2 - Infra"
"b9370e80-a22c-5d2a-9579-12449ea83286",2,"1 - General AI"
"062f2032-fcdf-5eea-b6b4-8afa6d294315",2,"1 - General AI"
"9cf0a758-7b66-512b-9db8-44a0adb6d3b0",0,"2 - Infra"
"9f07844f-169b-5786-b55e-dd9a1abf04f6",0,"1 - General AI"
"251d9827-5281-55e5-bdde-050a327e0f52",0,"2 - Infra"
"256186c1-95d7-5572-9a89-4f46a1319612",0,"2 - Infra"
"00f6b92d-14da-561c-82ed-d6e37be871f9",0,"2 - Infra"
"858ca96a-d628-59bc-85bd-3b55da35ab19",16,"2 - Infra"
"224743af-7e0e-53bf-a5bd-c43fb2dfbfad",24,"2 - Infra"
"00f70526-cfd4-5ef0-8729-13d614e79035",0,"2 - Infra"
"a06b3870-3d70-5699-b02f-156163730755",0,"2 - Infra"
"662c5e90-150b-55f3-a744-4a5538a7d95a",33,"1 - General AI"
"f56fede5-21b8-56a6-b5a3-479208c0603b",0,"2 - Infra"
"062f2032-fcdf-5eea-b6b4-8afa6d294315",20,"1 - General AI"
"66bea9dd-1855-56a6-a439-0538c906be07",0,"1 - General AI"
"062f2032-fcdf-5eea-b6b4-8afa6d294315",8,"1 - General AI"
"062f2032-fcdf-5eea-b6b4-8afa6d294315",13,"1 - General AI"
"6ebc8da9-167f-538b-ae69-4e4015d9bba3",25,"2 - Infra"
"096ff108-80d1-5a56-a1b4-47c77ec6af79",10,"2 - Infra"
"062f2032-fcdf-5eea-b6b4-8afa6d294315",15,"1 - General AI"
"062f2032-fcdf-5eea-b6b4-8afa6d294315",16,"1 - General AI"
"062f2032-fcdf-5eea-b6b4-8afa6d294315",17,"1 - General AI"
"9b445c1c-6105-580d-876a-fd824f81668a",23,"1 - General AI"
"195fb211-de2c-5388-bdc2-9177cdef9a3f",98,"1 - General AI"
"a263aff4-f957-563b-bf65-18268688e50e",2,"1 - General AI"
"06fb76cd-3f3f-5737-86a9-a324ab4cc5cc",2,"2 - Infra"
"d77e8b48-423a-5804-8ac0-befd32128d10",27,"1 - General AI"
"525fca10-0bcd-5f70-9c5a-55f9aa4a0794",2,"1 - General AI"
"d5485656-a874-5cfe-a894-57bc8b605d8f",18,"1 - General AI"
"4131fc5a-c19e-53c1-9732-68ec067db168",72,"1 - General AI"
"05013128-98cc-59e0-a5c2-5fbfd9f99d94",3,"1 - General AI"
"68706149-e192-575e-9bcc-0707335fd9fb",98,"1 - General AI"
"8a70658a-4569-5ce8-a1b7-889433e452c9",178,"1 - General AI"
"935b548e-a872-5c60-9f81-abdf52ac4495",157,"1 - General AI"
"9b445c1c-6105-580d-876a-fd824f81668a",5,"2 - Infra"
"97e75168-0d6a-526d-8011-9cf9fd20ea6e",53,"1 - General AI"
"e0c35d06-f4cf-56d9-84a6-4049fd8c39a6",42,"2 - Infra"
"e23fad02-d262-5319-85d5-99c856d576f9",91,"1 - General AI"
"50acd58e-83ef-5dd9-b3df-2b3f4e6b9ff5",45,"1 - General AI"
"00b65c37-97c9-596f-a1ad-39c17c610279",93,"2 - Infra"
"1ce1fcf3-624c-5418-bc5e-3685d9261a21",0,"1 - General AI"
"0b947e94-78a9-5b18-aae7-d9f1922c3a10",0,"1 - General AI"
"c494b09d-ce8d-53be-af08-49b0a4ad2fff",45,"1 - General AI"
"733810d7-a0c1-525b-a8c8-c20137dfab71",0,"1 - General AI"
"00b65c37-97c9-596f-a1ad-39c17c610279",94,"1 - General AI"
"4dcd674c-7355-5050-a27d-c2d6d36b969a",14,"1 - General AI"
"0bcbd140-f8c3-5cd7-8ba7-fce4c96b54b4",0,"2 - Infra"
"8dfcd988-1981-5097-bf34-5fc433124973",0,"2 - Infra"
"a0e1934e-fe7a-5315-b156-bb11d416ac6a",0,"1 - General AI"
"bb7d6cc8-ef6f-5817-9350-04bab2929952",7,"1 - General AI"
"4417ad87-1aaa-5be7-b484-3670d65e2f52",121,"2 - Infra"
"36acde72-47bf-5a97-98cb-bd1b3b7d8563",26,"1 - General AI"
"da600cdc-f0ef-5a33-ab24-140b037e995c",10,"1 - General AI"
"4f64c4af-93b4-5cfd-8fe6-968c3c202fc6",194,"1 - General AI"
"608e391b-4b00-5baa-98b0-401bdf2b34a3",365,"1 - General AI"
"a383d817-a6bf-54a6-8094-71a1947f41b1",50,"1 - General AI"
"a383d817-a6bf-54a6-8094-71a1947f41b1",16,"1 - General AI"
"da600cdc-f0ef-5a33-ab24-140b037e995c",31,"1 - General AI"
"76f79525-d0c9-5635-af25-9e59a39e0964",37,"1 - General AI"
"e07399d2-87d6-5ff7-b5ea-cd4e7ea190a8",89,"1 - General AI"
"3391e164-85b0-59bd-9721-1a5b0b83938f",12,"1 - General AI"
"2c6ae2ee-7e66-5a92-8929-6d0e4b9ea760",24,"1 - General AI"
"98a5e789-908d-585a-84b1-3bbfe7fbeb00",101,"2 - Infra"
"36acde72-47bf-5a97-98cb-bd1b3b7d8563",119,"1 - General AI"
"8fcfd31d-bfce-558f-afaa-9fca124a4cab",20,"1 - General AI"
"a22c13ef-3936-577e-8c1d-9036083bcd08",13,"1 - General AI"
"b416b004-bb36-5af0-9c64-1d1b71ab1023",71,"1 - General AI"
"da600cdc-f0ef-5a33-ab24-140b037e995c",38,"1 - General AI"
"6c9ec436-7141-575a-8416-d7056076dca2",113,"1 - General AI"
"00b65c37-97c9-596f-a1ad-39c17c610279",29,"2 - Infra"
"4f64c4af-93b4-5cfd-8fe6-968c3c202fc6",8,"2 - Infra"
"523f6d3a-036d-568f-aad3-6d3eb445a29b",273,"1 - General AI"
"7fa530a5-5a2b-5b91-80b9-943418126383",15,"2 - Infra"
"a383d817-a6bf-54a6-8094-71a1947f41b1",54,"1 - General AI"
"00b65c37-97c9-596f-a1ad-39c17c610279",11,"1 - General AI"
"b75e9e02-9f52-56f0-b589-24f93af288c5",12,"1 - General AI"
"b47fe0e1-ba39-570a-b60b-51d06f31d737",25,"2 - Infra"
"36acde72-47bf-5a97-98cb-bd1b3b7d8563",62,"1 - General AI"
"88102f8a-34cb-5b4d-92fe-8a847b6c9a4d",80,"1 - General AI"
"da600cdc-f0ef-5a33-ab24-140b037e995c",75,"1 - General AI"
"fd2c01c5-d84c-5d0a-b13a-858112dffa48",132,"2 - Infra"
"55298621-dcfe-5481-82ae-ba4f9c6bf2f6",137,"1 - General AI"
"36acde72-47bf-5a97-98cb-bd1b3b7d8563",84,"1 - General AI"
"36acde72-47bf-5a97-98cb-bd1b3b7d8563",117,"1 - General AI"
"68f6001f-d7db-59ca-9173-bf5450ef4d08",123,"2 - Infra"
"9ad0a4d1-5355-5447-995c-bff94eb15cf2",32,"2 - Infra"
"da600cdc-f0ef-5a33-ab24-140b037e995c",73,"1 - General AI"
"aedef1b8-fe47-5b61-880b-694590e1fa26",43,"2 - Infra"
"13f004dc-182c-5318-b3af-1f78b304fe6f",224,"1 - General AI"
"2c6ae2ee-7e66-5a92-8929-6d0e4b9ea760",51,"1 - General AI"
"2c6ae2ee-7e66-5a92-8929-6d0e4b9ea760",91,"1 - General AI"
"08de8873-ccd7-5ab5-8bf7-8b3ac7a28059",58,"2 - Infra"
"76f79525-d0c9-5635-af25-9e59a39e0964",67,"1 - General AI"
"76f79525-d0c9-5635-af25-9e59a39e0964",23,"1 - General AI"
"e889f488-8522-5343-a15e-b7f7e33c1704",176,"1 - General AI"
"e889f488-8522-5343-a15e-b7f7e33c1704",123,"2 - Infra"
"13f004dc-182c-5318-b3af-1f78b304fe6f",25,"2 - Infra"
"6c0dce19-3955-59ff-b689-b8536ac11439",31,"2 - Infra"
"e889f488-8522-5343-a15e-b7f7e33c1704",125,"1 - General AI"
"68f6001f-d7db-59ca-9173-bf5450ef4d08",15,"1 - General AI"
"7fa530a5-5a2b-5b91-80b9-943418126383",102,"1 - General AI"
"76f79525-d0c9-5635-af25-9e59a39e0964",43,"1 - General AI"
"a383d817-a6bf-54a6-8094-71a1947f41b1",41,"1 - General AI"
"a383d817-a6bf-54a6-8094-71a1947f41b1",117,"1 - General AI"
"0e73f08d-279c-5e9f-8fdf-191f5a078d8f",215,"2 - Infra"
"36acde72-47bf-5a97-98cb-bd1b3b7d8563",29,"1 - General AI"
"00b65c37-97c9-596f-a1ad-39c17c610279",91,"2 - Infra"
"6c0dce19-3955-59ff-b689-b8536ac11439",92,"1 - General AI"
"6c0dce19-3955-59ff-b689-b8536ac11439",91,"2 - Infra"
"8fcfd31d-bfce-558f-afaa-9fca124a4cab",9,"1 - General AI"
"a383d817-a6bf-54a6-8094-71a1947f41b1",5,"1 - General AI"
"8de4fbbc-9a78-5240-a65b-e596f2e29496",14,"1 - General AI"
"3391e164-85b0-59bd-9721-1a5b0b83938f",101,"1 - General AI"
"13f004dc-182c-5318-b3af-1f78b304fe6f",92,"2 - Infra"
"76f79525-d0c9-5635-af25-9e59a39e0964",29,"1 - General AI"
"88102f8a-34cb-5b4d-92fe-8a847b6c9a4d",28,"1 - General AI"
"a22c13ef-3936-577e-8c1d-9036083bcd08",5,"1 - General AI"
"b47fe0e1-ba39-570a-b60b-51d06f31d737",305,"2 - Infra"
"3391e164-85b0-59bd-9721-1a5b0b83938f",170,"1 - General AI"
"0e73f08d-279c-5e9f-8fdf-191f5a078d8f",97,"2 - Infra"
"00b65c37-97c9-596f-a1ad-39c17c610279",40,"1 - General AI"
"55298621-dcfe-5481-82ae-ba4f9c6bf2f6",136,"1 - General AI"
"a22c13ef-3936-577e-8c1d-9036083bcd08",42,"1 - General AI"
"bb7d6cc8-ef6f-5817-9350-04bab2929952",6,"1 - General AI"
"062f2032-fcdf-5eea-b6b4-8afa6d294315",19,"1 - General AI"
"1eaf0324-1c8b-5782-ab53-588734eb2cd0",22,"2 - Infra"
"434ddf54-e998-54d8-b409-d7e05831add1",27,"1 - General AI"
"fe04a5b4-1463-5316-897f-63c6b4b34d3f",6,"1 - General AI"
"1eaf0324-1c8b-5782-ab53-588734eb2cd0",8,"2 - Infra"
"4dcd674c-7355-5050-a27d-c2d6d36b969a",6,"2 - Infra"
"4fbfe744-2121-577d-a2ac-6715aded2b43",13,"2 - Infra"
"13f0e0ba-c5c6-5092-8290-2375dfde9da1",104,"1 - General AI"
"4779a72b-f35e-56fc-9e32-8e0ebac9f6c5",46,"2 - Infra"
"76f79525-d0c9-5635-af25-9e59a39e0964",60,"1 - General AI"
"da600cdc-f0ef-5a33-ab24-140b037e995c",109,"1 - General AI"
"e889f488-8522-5343-a15e-b7f7e33c1704",155,"1 - General AI"
"76f79525-d0c9-5635-af25-9e59a39e0964",57,"1 - General AI"
"00b65c37-97c9-596f-a1ad-39c17c610279",86,"1 - General AI"
"15272187-9c85-590a-a67a-c8cac03d46dd",31,"1 - General AI"
"1ef97bfc-0a1d-53da-999b-de3eb494c2e6",93,"1 - General AI"
"55298621-dcfe-5481-82ae-ba4f9c6bf2f6",70,"1 - General AI"
"fd2c01c5-d84c-5d0a-b13a-858112dffa48",122,"2 - Infra"
"938d71bf-3ea3-53ed-b020-7ac48d25f80d",8,"1 - General AI"
"9ad0a4d1-5355-5447-995c-bff94eb15cf2",8,"2 - Infra"
"a383d817-a6bf-54a6-8094-71a1947f41b1",119,"1 - General AI"
"da600cdc-f0ef-5a33-ab24-140b037e995c",14,"1 - General AI"
"e889f488-8522-5343-a15e-b7f7e33c1704",167,"1 - General AI"
"68f6001f-d7db-59ca-9173-bf5450ef4d08",151,"1 - General AI"
"fd2c01c5-d84c-5d0a-b13a-858112dffa48",49,"1 - General AI"
"00b65c37-97c9-596f-a1ad-39c17c610279",127,"1 - General AI"
"13f004dc-182c-5318-b3af-1f78b304fe6f",20,"1 - General AI"
"76f79525-d0c9-5635-af25-9e59a39e0964",18,"1 - General AI"
"1aaebca9-a840-509e-bac5-8a8e07261676",14,"1 - General AI"
"6e1ab956-1817-5ad1-9dd8-1c6230330656",29,"1 - General AI"
"2c6ae2ee-7e66-5a92-8929-6d0e4b9ea760",13,"2 - Infra"
"908f0257-3707-5bd4-9c33-61c14bdc2370",109,"1 - General AI"
"b416b004-bb36-5af0-9c64-1d1b71ab1023",10,"2 - Infra"
"6c9ec436-7141-575a-8416-d7056076dca2",14,"2 - Infra"
"f6b704e5-a73c-5e5b-9edf-6540c213efd1",5,"1 - General AI"
"1e03321f-44d3-5bef-9d56-0b2385b36602",328,"1 - General AI"
"2c6ae2ee-7e66-5a92-8929-6d0e4b9ea760",44,"1 - General AI"
"f6b704e5-a73c-5e5b-9edf-6540c213efd1",9,"1 - General AI"
"5a5d512e-33c9-571f-a091-5395a1198d20",91,"2 - Infra"
"8fcfd31d-bfce-558f-afaa-9fca124a4cab",60,"1 - General AI"
"00b65c37-97c9-596f-a1ad-39c17c610279",12,"2 - Infra"
"0b6b8445-a0bd-565d-bc82-48d2043936ff",60,"2 - Infra"
"88102f8a-34cb-5b4d-92fe-8a847b6c9a4d",24,"1 - General AI"
"c468e666-a298-505b-9a26-045b9128d2bd",33,"2 - Infra"
"d2c34d9b-48dc-5a0c-961e-1ab61915d2f4",15,"2 - Infra"
"68f6001f-d7db-59ca-9173-bf5450ef4d08",157,"1 - General AI"
"00b65c37-97c9-596f-a1ad-39c17c610279",20,"1 - General AI"
"15272187-9c85-590a-a67a-c8cac03d46dd",52,"1 - General AI"
"36acde72-47bf-5a97-98cb-bd1b3b7d8563",53,"1 - General AI"
"13f004dc-182c-5318-b3af-1f78b304fe6f",54,"1 - General AI"
"00b65c37-97c9-596f-a1ad-39c17c610279",42,"1 - General AI"
"2c6ae2ee-7e66-5a92-8929-6d0e4b9ea760",106,"1 - General AI"
"523f6d3a-036d-568f-aad3-6d3eb445a29b",99,"1 - General AI"
"8fcfd31d-bfce-558f-afaa-9fca124a4cab",83,"1 - General AI"
"ce937d55-f20c-5e65-a2e3-32b391d609c9",18,"1 - General AI"
"da600cdc-f0ef-5a33-ab24-140b037e995c",15,"1 - General AI"
"66ca62af-3f3f-550c-ad56-8d816942b6d0",167,"1 - General AI"
"fe5077da-532d-5a4b-bfee-25ae1add9cec",120,"1 - General AI"
"fd2c01c5-d84c-5d0a-b13a-858112dffa48",88,"1 - General AI"
"2c6ae2ee-7e66-5a92-8929-6d0e4b9ea760",81,"2 - Infra"
"4417ad87-1aaa-5be7-b484-3670d65e2f52",12,"2 - Infra"
"a22c13ef-3936-577e-8c1d-9036083bcd08",7,"1 - General AI"
"a22c13ef-3936-577e-8c1d-9036083bcd08",56,"1 - General AI"
"f6b704e5-a73c-5e5b-9edf-6540c213efd1",8,"1 - General AI"
"13f004dc-182c-5318-b3af-1f78b304fe6f",22,"1 - General AI"
"fbb24933-2002-56bf-89d9-e2b289e1c65c",16,"1 - General AI"
"8a920f3d-33a6-55e2-b566-ffafcf6028f6",15,"1 - General AI"
"8f6f6379-7b1d-5921-9326-d9244d569a8c",7,"2 - Infra"
"e21f0d6d-9d0c-5b0a-9f67-7bd49c9d05ca",6,"2 - Infra"
"849cc03a-7da5-5362-8c51-a45eb6c3e770",0,"1 - General AI"
"8de4fbbc-9a78-5240-a65b-e596f2e29496",119,"1 - General AI"
"a50a91b3-78e2-570a-b871-2830efecd35c",0,"2 - Infra"
"c69a80b5-bbb8-5828-98bb-f0921a6eab8a",0,"1 - General AI"
"d69ce5dd-7b32-5a36-a243-06ea8f1513d6",0,"1 - General AI"
"d6c23a12-e4c5-5957-bed8-ac21d7caa1f9",0,"1 - General AI"
"d1f4acb2-5b91-5a11-baa4-70899d61e605",0,"1 - General AI"
"e9be120f-48b5-56e6-8ddc-ab2288752029",0,"2 - Infra"
"1437ff25-ff58-5d3b-b0d9-5d2610716980",0,"1 - General AI"
"3391e164-85b0-59bd-9721-1a5b0b83938f",112,"1 - General AI"
"fd2c01c5-d84c-5d0a-b13a-858112dffa48",123,"2 - Infra"
"13f004dc-182c-5318-b3af-1f78b304fe6f",41,"1 - General AI"
"26b2add9-a1d7-5a10-a598-d9eb21d3c8ed",105,"1 - General AI"
"15ac65f4-e54a-598d-9ea6-97e87d947742",15,"1 - General AI"
"15ac65f4-e54a-598d-9ea6-97e87d947742",20,"1 - General AI"
"13e1a4a7-5fd0-565c-a077-36bfb9735d27",0,"2 - Infra"
"d201af02-fea2-5560-b917-3a5a6f36d06e",0,"2 - Infra"
"de395dfd-e95a-55ac-9873-0dfa48b0f110",0,"2 - Infra"
"de9f6387-28f5-5a97-82c3-eaab3874697c",0,"2 - Infra"
"12e6eaf8-65f7-5085-a2f8-825534423dfc",0,"2 - Infra"
"2f26a6ba-5474-551c-89af-d23ed6b65dd8",0,"3 - Platform"
"33db6bc1-0f22-5901-b68f-3f4510ac1765",0,"2 - Infra"
"4417ad87-1aaa-5be7-b484-3670d65e2f52",15,"2 - Infra"
"2c6ae2ee-7e66-5a92-8929-6d0e4b9ea760",8,"1 - General AI"
"17f79b3b-1807-5519-b4da-75ea751d1185",0,"1 - General AI"
"e889f488-8522-5343-a15e-b7f7e33c1704",154,"1 - General AI"
"112ef6b1-5dda-5bd4-8924-03fd06c5045b",0,"2 - Infra"
"d75d6f88-e587-500c-83dc-4d308aefbe01",0,"2 - Infra"
"34a2ee4d-6d5f-5d1e-a62b-3c5afdee5773",0,"1 - General AI"
"da600cdc-f0ef-5a33-ab24-140b037e995c",84,"1 - General AI"
"13f004dc-182c-5318-b3af-1f78b304fe6f",14,"1 - General AI"
"113afe43-266c-59bd-8232-08d5e7301bad",0,"2 - Infra"
"116c81d6-f59b-57ee-927f-0c9a1dae5b04",0,"2 - Infra"
"112732cd-fcef-57fd-a625-1c9667930a39",0,"2 - Infra"
"16bd009a-50fc-55c7-99f1-f52a2ac445d6",0,"2 - Infra"
"0f1cbd87-0b2d-5b59-a53f-6b1a617be0af",0,"1 - General AI"
"0e73f08d-279c-5e9f-8fdf-191f5a078d8f",8,"2 - Infra"
"0e73f08d-279c-5e9f-8fdf-191f5a078d8f",9,"1 - General AI"
"47ad3aea-fcc2-5ec7-9edc-eadbe4586179",0,"1 - General AI"
"14935234-132e-5b5d-8fcd-b9672bd003f7",0,"1 - General AI"
"a152d57f-75b8-5d62-ad4f-770ebdb853cf",0,"2 - Infra"
"01786fe6-2434-5c81-b049-394b71bd0ac9",0,"2 - Infra"
"08447bea-bd91-5c60-8a2f-05cb5c3375bc",0,"2 - Infra"
"da600cdc-f0ef-5a33-ab24-140b037e995c",83,"1 - General AI"
"014e80cb-7fbc-5bd1-80b9-dc84f38729ec",0,"1 - General AI"
"0158ee16-e36e-59fb-9be5-533fc816ffc5",0,"2 - Infra"
"55298621-dcfe-5481-82ae-ba4f9c6bf2f6",140,"1 - General AI"
"36acde72-47bf-5a97-98cb-bd1b3b7d8563",70,"1 - General AI"
"2c6ae2ee-7e66-5a92-8929-6d0e4b9ea760",21,"1 - General AI"
"2c6ae2ee-7e66-5a92-8929-6d0e4b9ea760",110,"2 - Infra"
"4417ad87-1aaa-5be7-b484-3670d65e2f52",11,"2 - Infra"
"3391e164-85b0-59bd-9721-1a5b0b83938f",6,"1 - General AI"
"68f6001f-d7db-59ca-9173-bf5450ef4d08",60,"1 - General AI"
"7fa530a5-5a2b-5b91-80b9-943418126383",104,"1 - General AI"
"8de4fbbc-9a78-5240-a65b-e596f2e29496",48,"1 - General AI"
"b416b004-bb36-5af0-9c64-1d1b71ab1023",132,"1 - General AI"
"d2c34d9b-48dc-5a0c-961e-1ab61915d2f4",3,"1 - General AI"
"68f6001f-d7db-59ca-9173-bf5450ef4d08",74,"1 - General AI"
"e07399d2-87d6-5ff7-b5ea-cd4e7ea190a8",28,"2 - Infra"
"76f79525-d0c9-5635-af25-9e59a39e0964",6,"1 - General AI"
"15ac65f4-e54a-598d-9ea6-97e87d947742",9,"2 - Infra"
"b75e9e02-9f52-56f0-b589-24f93af288c5",46,"1 - General AI"
"36acde72-47bf-5a97-98cb-bd1b3b7d8563",95,"1 - General AI"
"da600cdc-f0ef-5a33-ab24-140b037e995c",30,"1 - General AI"
"36acde72-47bf-5a97-98cb-bd1b3b7d8563",23,"1 - General AI"
"b75e9e02-9f52-56f0-b589-24f93af288c5",16,"1 - General AI"
"8fcfd31d-bfce-558f-afaa-9fca124a4cab",29,"1 - General AI"
"e77f2ff4-cd24-5fa9-b592-4ab5d5f9b003",0,"1 - General AI"
"bb7d6cc8-ef6f-5817-9350-04bab2929952",86,"1 - General AI"
"80520dec-94b4-56cb-8121-4c6b7a26e56f",0,"2 - Infra"
"327e6f6d-afcf-5209-8ec3-eb066af952f7",0,"2 - Infra"
"32b948a0-26a2-5021-8766-cd1ac7865c80",0,"2 - Infra"
"6c0dce19-3955-59ff-b689-b8536ac11439",16,"1 - General AI"
"e889f488-8522-5343-a15e-b7f7e33c1704",5,"1 - General AI"
"68f6001f-d7db-59ca-9173-bf5450ef4d08",6,"1 - General AI"
"76f79525-d0c9-5635-af25-9e59a39e0964",88,"1 - General AI"
"07e4ca0b-b8ee-5e41-9728-c48c896ffe2a",9,"1 - General AI"
"50c766d1-8d32-52bc-8f21-34db633de946",0,"2 - Infra"
"8068fcb6-1910-5ad4-9b2f-4b22a7b201c3",0,"2 - Infra"
"1332a428-d32b-57ae-a996-576e2230e026",0,"1 - General AI"
"21f8650b-f422-58cc-885c-b439ce231ce0",0,"1 - General AI"
"08de8873-ccd7-5ab5-8bf7-8b3ac7a28059",56,"1 - General AI"
"bb7d6cc8-ef6f-5817-9350-04bab2929952",13,"1 - General AI"
"36acde72-47bf-5a97-98cb-bd1b3b7d8563",32,"1 - General AI"
"36acde72-47bf-5a97-98cb-bd1b3b7d8563",254,"1 - General AI"
"88102f8a-34cb-5b4d-92fe-8a847b6c9a4d",139,"1 - General AI"
"7fa530a5-5a2b-5b91-80b9-943418126383",17,"2 - Infra"
"a22c13ef-3936-577e-8c1d-9036083bcd08",41,"1 - General AI"
"b416b004-bb36-5af0-9c64-1d1b71ab1023",161,"1 - General AI"
"da600cdc-f0ef-5a33-ab24-140b037e995c",7,"1 - General AI"
"e07399d2-87d6-5ff7-b5ea-cd4e7ea190a8",72,"2 - Infra"
"b75e9e02-9f52-56f0-b589-24f93af288c5",45,"1 - General AI"
"0e73f08d-279c-5e9f-8fdf-191f5a078d8f",93,"2 - Infra"
"6c0dce19-3955-59ff-b689-b8536ac11439",86,"1 - General AI"
"7e6621c1-87e7-5ca6-85ef-8697d2548a4a",0,"2 - Infra"
"a383d817-a6bf-54a6-8094-71a1947f41b1",13,"1 - General AI"
"b4dc29e5-3331-58bc-98fb-598fb0033361",104,"1 - General AI"
"e889f488-8522-5343-a15e-b7f7e33c1704",10,"2 - Infra"
"ac4504c5-e22f-57af-8d23-efc72300f168",26,"1 - General AI"
"ac4504c5-e22f-57af-8d23-efc72300f168",10,"1 - General AI"
"ac4504c5-e22f-57af-8d23-efc72300f168",35,"1 - General AI"
"ac4504c5-e22f-57af-8d23-efc72300f168",28,"1 - General AI"
"ac4504c5-e22f-57af-8d23-efc72300f168",30,"1 - General AI"
"5550db4d-42f3-5fdb-9e24-83d5cc867ff5",0,"1 - General AI"
"5b0bc766-ebbe-5b0a-b570-0a32ed2f73fa",0,"2 - Infra"
"ce9588eb-1da2-5190-90c9-cf08cd5da0f8",0,"1 - General AI"
"d2c5a8b8-446c-5849-8b25-ae57e99baf58",0,"2 - Infra"
"ebcf01ab-a025-5a22-9e0e-761e233317eb",0,"2 - Infra"
"ec0829dd-c007-56ad-a148-b969c2915b65",0,"1 - General AI"
"a9c8f760-8e6d-5e16-846e-9bceebd395de",0,"3 - Platform"
"5c878211-5171-5e2f-945b-965aa245e88b",0,"2 - Infra"
"913822b8-fc61-5743-a1d6-dd11ed67fff5",0,"2 - Infra"
"a6765085-9020-5285-968a-bf366a1f0ffc",0,"2 - Infra"
"4dd0f8a5-0584-5c75-ac8f-155c5b296d57",0,"1 - General AI"
"844b86b7-af29-5422-96fe-d2be7b20e55e",0,"1 - General AI"
"e3ad8030-02d2-5ccf-9134-22d19fd42c07",0,"1 - General AI"
"5dbf69c9-f55e-5155-8ea5-44612bed4679",0,"2 - Infra"
"d88fa408-ee6f-589c-a7e8-34cf6ae63c8b",0,"2 - Infra"
"5dda8b8f-b86d-5218-a118-51f33604c672",0,"2 - Infra"
"89cd83ab-b04b-5eb9-9e45-f66a2e4dbe9e",0,"1 - General AI"
"c298559a-a2fc-5ab3-9c15-7d35177880fa",0,"2 - Infra"
"d8ea36ab-b745-5dba-84fd-f86d4768c05d",0,"2 - Infra"
"66ca62af-3f3f-550c-ad56-8d816942b6d0",24,"1 - General AI"
"0a0a0e09-edd1-5dcd-b2b6-ed1c32edb12b",0,"2 - Infra"
"1383822e-c5da-5268-9993-b36025103703",0,"2 - Infra"
"78786394-d6be-5bbf-a073-7990b1ec5e0a",0,"1 - General AI"
"78a65df6-d5a2-50bf-8890-8183d10d3b2c",0,"1 - General AI"
"85c99b9e-48e3-50da-9e8e-8a85cb9cab78",0,"2 - Infra"
"a0f751c9-d017-58dc-8e28-292206bef001",0,"2 - Infra"
"cc1a5c51-e4bb-5435-b93d-e554c2d99aa6",0,"2 - Infra"
"cc2c8d04-ba7e-5134-8b02-3aaf9bcf0043",0,"2 - Infra"
"cc33b092-96fd-5dd1-be58-dd50e4565c3c",0,"2 - Infra"
"2737801f-2235-58a6-8a2b-aa2def178a4f",0,"1 - General AI"
"274f2480-be3d-5795-9a7b-165b1b448e11",0,"1 - General AI"
"27607f74-4b4a-52fa-be76-3483d11b612f",0,"1 - General AI"
"4cf4df29-5090-5f16-bc9e-01a0333f2576",0,"1 - General AI"
"64cabf28-8b1a-5e78-92d1-cc2fb37b90ef",0,"2 - Infra"
"c46bdfd0-a8b9-5756-8603-2850e20f3070",0,"2 - Infra"
"3b373065-fa0a-5265-aaaa-4912302d11b9",0,"1 - General AI"
"8f19cc67-b6a9-595d-bbd8-8d50f5795c7d",0,"1 - General AI"
"b2da7136-fa1b-51ab-85a7-9da868ef7106",0,"2 - Infra"
"0c3bcbd8-0c5f-5c31-a436-d877cb58a57d",0,"2 - Infra"
"3998a1fd-be71-5cab-8c1a-f6dcf478581f",0,"1 - General AI"
"86098418-f367-51e9-b0c8-7b18813942dc",0,"2 - Infra"
"9256218d-f066-540d-b568-b7864855725a",0,"2 - Infra"
"46e00bba-6919-519c-9c9d-9b1396c692e1",0,"1 - General AI"
"3c90ea18-6616-57a2-94af-82f26838afa5",0,"1 - General AI"
"3c9eb41c-0888-5b07-8f76-616530d7f001",0,"2 - Infra"
"e7ad97dd-9e96-5e62-8799-91bc8ee05c84",0,"1 - General AI"
"e5fccf6b-4e4d-5494-be75-21ad61d2fdb5",0,"2 - Infra"
"2290a5f0-2b21-5a57-b1fb-e0b1c70a295a",0,"2 - Infra"
"01787276-bdd1-56da-a2f3-771b720b1b74",0,"1 - General AI"
"1ea2ad76-30ca-58ab-b0d9-b3c9259d1988",0,"2 - Infra"
"1eb142c3-d980-5a71-8c91-e80f3546cadd",0,"2 - Infra"
"e301ac94-98c4-52e9-a5d7-89ecceb0ad4b",0,"2 - Infra"
"40dbbd1c-c4d4-5d9e-ae67-c58c57882206",0,"3 - Platform"
"5c557bd4-7889-52ec-b16a-eeb02639a1da",0,"2 - Infra"
"7513fc41-a150-5af8-bdab-6ef4190b08f7",0,"2 - Infra"
"8828772b-01ed-5321-a604-e7a8c2ba436c",0,"2 - Infra"
"db16ea5b-1fa4-58ff-ab4a-ef89826ef255",0,"1 - General AI"
"fd12786b-7c3c-5058-85d7-59f455c81378",0,"2 - Infra"
"0146bd3d-7aea-59f3-8baf-b3b1c16be5c0",0,"2 - Infra"
"0a3de23a-0c60-5939-806e-881538b3ffa5",0,"1 - General AI"
"0f5ea196-7bf4-505f-9001-67c212c04222",0,"1 - General AI"
"58ffc3b9-d245-5a0a-9245-2311800daa18",0,"1 - General AI"
"2c553217-e859-546e-8e60-6e2adb05ce61",0,"1 - General AI"
"a471f7a1-334e-5464-803f-54c43e232892",0,"1 - General AI"
"a93389fc-b174-5f55-b677-ae07545a6d88",0,"2 - Infra"
"eb6c5321-e8d8-5586-a77b-28a5de2e0a0f",146,"1 - General AI"
"23440fc8-b076-58c3-968f-4e83ec592084",0,"1 - General AI"
"36722100-6394-5f79-b642-3f3e6a7a1e1d",0,"2 - Infra"
"8903d7e4-ffe4-564c-a03e-6093b3eda537",0,"2 - Infra"
"57534a4b-7242-58c6-92a0-51cd580ca5e1",0,"2 - Infra"
"90279705-8b2e-5ace-b403-907f36be8487",0,"2 - Infra"
"aba6f989-e113-5465-9abe-5f0bb0cb0ed1",0,"2 - Infra"
"059fb898-fe41-55e7-acb5-6a7c47a45dc0",0,"1 - General AI"
"125df1ac-35c9-5c08-9e4d-9ab7e9900dfd",0,"2 - Infra"
"60748113-baa5-567f-a726-17306a5c0008",0,"2 - Infra"
"6635d97d-8be1-5406-9cc7-3d0b2d1bffb0",0,"1 - General AI"
"66ca62af-3f3f-550c-ad56-8d816942b6d0",86,"1 - General AI"
"66ca62af-3f3f-550c-ad56-8d816942b6d0",87,"1 - General AI"
"727f71e9-75c0-5d1b-820a-6bd64fc9ab87",0,"1 - General AI"
"0cd40c40-c417-5a55-abda-9a3f0fa2080e",0,"1 - General AI"
"0ce4f671-7ea8-5e9f-bc65-d4414183d96f",0,"3 - Platform"
"237400d3-1eca-5909-87a5-68eddd0eace0",0,"1 - General AI"
"2386e39d-602c-5f23-8f06-2db9dd71a0cf",0,"1 - General AI"
"23a50c7e-0763-55a4-9a9e-12aa36bff9be",0,"1 - General AI"
"23b50483-a587-50d2-98e8-89f4b32fe301",0,"3 - Platform"
"24f001d4-e36d-5071-a6fb-e5d8f776d998",0,"1 - General AI"
"2b695bfb-e5eb-55b7-94a3-f4211db4c257",0,"1 - General AI"
"2d70ccd7-b94e-5efe-86d7-885b99da677f",0,"1 - General AI"
"2d9829aa-09ed-5939-b897-c5328a626307",0,"1 - General AI"
"310444f0-05c3-5420-9f19-065ca64ad03c",0,"1 - General AI"
"51c11628-3544-5ba2-b5fc-b021215e0d7d",0,"1 - General AI"
"7332c572-9ed4-5833-a24a-6f2a087f6bcf",0,"1 - General AI"
"91f7e108-602d-5a94-aa13-7c915a46dc07",0,"1 - General AI"
"d4ce6329-4063-53da-b74b-58b12a86129d",0,"1 - General AI"
"17db497c-8777-50de-831b-9eb81fd8a5fa",0,"1 - General AI"
"262fbe2b-67eb-5e04-b6ae-9a12e0a0b28b",0,"1 - General AI"
"fa6f6eef-a730-59fe-97e2-b99037903742",0,"1 - General AI"
"5fe2071c-07d7-5d72-8513-71a2d592105d",0,"1 - General AI"
"61e668f0-f81d-5a09-a45f-d5030ca7769d",0,"1 - General AI"
"70181e9d-4119-5d67-95e9-951fa64c366c",0,"1 - General AI"
"72bd3066-b332-5239-a0af-3441d7be64be",0,"1 - General AI"
"7ccdd09f-32a0-5b23-a5c4-788aea56f02a",0,"1 - General AI"
"84b631ab-e54e-52fc-b8d2-107c73b3bb00",0,"1 - General AI"
"a0119f82-d42b-538a-97db-75a9658e0320",0,"1 - General AI"
"b11ca866-980f-5dae-b8bc-60beeb4ff28c",0,"1 - General AI"
"d1759c37-0505-57b4-b95a-98468dcab777",0,"3 - Platform"
"d2d2a5b0-cd7d-58cc-9b28-503618c20315",0,"1 - General AI"
"d3ad5f5c-521e-5eef-bac6-da9d12d87d41",0,"1 - General AI"
"d7449a3b-b8d9-5f4d-a21f-fdbf05907ed8",0,"1 - General AI"
"e2f03d21-2190-5f1d-9cde-72ccf939608e",0,"1 - General AI"
"e9ff55f4-e998-5896-b317-02f31be4d89a",0,"1 - General AI"
"a9c69dd4-40f4-52fd-a00d-c94ffcb4c345",0,"1 - General AI"
"0db38a30-211b-5ee8-8b75-be41b2e1d96f",0,"1 - General AI"
"f36af61d-6404-5ff7-8500-873aaced4227",0,"1 - General AI"
"5570b09a-5791-57d3-abce-ba1a84f92cea",0,"1 - General AI"
"78503de4-8b63-50aa-adf9-6b0b067ac7d0",0,"1 - General AI"
"786f028a-d46d-57fd-becf-72e4b55b275b",0,"1 - General AI"
"876ddd31-253a-53b0-ba9c-c9baf6af8732",0,"1 - General AI"
"8b486430-4962-529c-a0ea-61d6cd107e80",0,"1 - General AI"
"91dac83d-454e-5242-a4fe-328241324866",0,"1 - General AI"
"92f85ad9-0760-5141-ac3a-5eadbaa6d610",0,"1 - General AI"
"c137277b-12b0-59f7-9da4-e0d143b62919",0,"1 - General AI"
"d3805dc7-4e20-54d8-8b11-0fc021f9f2b8",0,"2 - Infra"
"1fc45f40-b1c3-5679-beaf-e6dc178d8e13",0,"1 - General AI"
"52c832e0-99d5-528d-baa3-4ba3b5674c8e",0,"1 - General AI"
"54b9b213-3b16-5a06-bde5-ec3b4bb17aca",0,"1 - General AI"
"69497a4c-83ac-5a83-8758-5b7dec8b9103",0,"1 - General AI"
"77453582-0ade-5643-a507-d31cf3afc552",0,"1 - General AI"
"9dd8a41f-826c-5e1e-8737-e09635083c33",0,"1 - General AI"
"bdf81263-4e56-5f7a-bddb-4f6d2c87733b",0,"1 - General AI"
"e1b321f2-23ac-5d58-9fcd-7e8fc227f0be",0,"1 - General AI"
"66ca62af-3f3f-550c-ad56-8d816942b6d0",13,"1 - General AI"
"66ca62af-3f3f-550c-ad56-8d816942b6d0",11,"1 - General AI"
"66ca62af-3f3f-550c-ad56-8d816942b6d0",39,"1 - General AI"
"66ca62af-3f3f-550c-ad56-8d816942b6d0",38,"1 - General AI"
"66ca62af-3f3f-550c-ad56-8d816942b6d0",35,"1 - General AI"
"0a24e036-e674-56f6-8cfc-933fa6bcc6ed",0,"1 - General AI"
"7bb4f675-edd5-519e-83ed-47eedceb4292",0,"1 - General AI"
"0a29eb2c-aec6-54c4-b7ac-38d0f175603f",0,"1 - General AI"
"0a2a4487-a53d-5165-8674-5e6bf0e47c32",0,"2 - Infra"
"ee3b041d-1a7d-5603-9c56-1cedda57c0e2",0,"1 - General AI"
"81085107-81ea-5d32-a632-ade9e8975a37",0,"3 - Platform"
"95330ea4-fe2d-5e3a-959a-739556e453e8",0,"2 - Infra"
"d5013890-79ba-57b8-b802-93e4a551ee35",0,"1 - General AI"
"66ca62af-3f3f-550c-ad56-8d816942b6d0",34,"1 - General AI"
"2c6ae2ee-7e66-5a92-8929-6d0e4b9ea760",119,"1 - General AI"
"3391e164-85b0-59bd-9721-1a5b0b83938f",130,"1 - General AI"
"a22c13ef-3936-577e-8c1d-9036083bcd08",37,"1 - General AI"
"76f79525-d0c9-5635-af25-9e59a39e0964",28,"1 - General AI"
"3391e164-85b0-59bd-9721-1a5b0b83938f",160,"1 - General AI"
"0e73f08d-279c-5e9f-8fdf-191f5a078d8f",11,"2 - Infra"
"6c0dce19-3955-59ff-b689-b8536ac11439",136,"1 - General AI"
"76f79525-d0c9-5635-af25-9e59a39e0964",40,"1 - General AI"
"66ca62af-3f3f-550c-ad56-8d816942b6d0",81,"1 - General AI"
"66ca62af-3f3f-550c-ad56-8d816942b6d0",165,"2 - Infra"
"66ca62af-3f3f-550c-ad56-8d816942b6d0",118,"1 - General AI"
"fd2c01c5-d84c-5d0a-b13a-858112dffa48",127,"2 - Infra"
"0e73f08d-279c-5e9f-8fdf-191f5a078d8f",150,"2 - Infra"
"36acde72-47bf-5a97-98cb-bd1b3b7d8563",162,"1 - General AI"
"36acde72-47bf-5a97-98cb-bd1b3b7d8563",33,"1 - General AI"
"8de4fbbc-9a78-5240-a65b-e596f2e29496",9,"1 - General AI"
"e07399d2-87d6-5ff7-b5ea-cd4e7ea190a8",73,"2 - Infra"
"00b65c37-97c9-596f-a1ad-39c17c610279",7,"1 - General AI"
"13f004dc-182c-5318-b3af-1f78b304fe6f",106,"1 - General AI"
"88102f8a-34cb-5b4d-92fe-8a847b6c9a4d",50,"1 - General AI"
"b4dc29e5-3331-58bc-98fb-598fb0033361",227,"2 - Infra"
"13f004dc-182c-5318-b3af-1f78b304fe6f",138,"1 - General AI"
"a383d817-a6bf-54a6-8094-71a1947f41b1",121,"2 - Infra"
"da600cdc-f0ef-5a33-ab24-140b037e995c",45,"1 - General AI"
"68f6001f-d7db-59ca-9173-bf5450ef4d08",12,"1 - General AI"
"c468e666-a298-505b-9a26-045b9128d2bd",73,"2 - Infra"
"08de8873-ccd7-5ab5-8bf7-8b3ac7a28059",48,"2 - Infra"
"4f64c4af-93b4-5cfd-8fe6-968c3c202fc6",6,"1 - General AI"
"4417ad87-1aaa-5be7-b484-3670d65e2f52",16,"2 - Infra"
"a383d817-a6bf-54a6-8094-71a1947f41b1",94,"1 - General AI"
"a22c13ef-3936-577e-8c1d-9036083bcd08",40,"1 - General AI"
"bb7d6cc8-ef6f-5817-9350-04bab2929952",44,"2 - Infra"
"d2c34d9b-48dc-5a0c-961e-1ab61915d2f4",19,"2 - Infra"
"66ca62af-3f3f-550c-ad56-8d816942b6d0",166,"1 - General AI"
"d2c34d9b-48dc-5a0c-961e-1ab61915d2f4",11,"1 - General AI"
"13f004dc-182c-5318-b3af-1f78b304fe6f",130,"1 - General AI"
"76f79525-d0c9-5635-af25-9e59a39e0964",118,"1 - General AI"
"a22c13ef-3936-577e-8c1d-9036083bcd08",9,"1 - General AI"
"bb7d6cc8-ef6f-5817-9350-04bab2929952",84,"2 - Infra"
"36acde72-47bf-5a97-98cb-bd1b3b7d8563",7,"1 - General AI"
"13f004dc-182c-5318-b3af-1f78b304fe6f",104,"1 - General AI"
"2c6ae2ee-7e66-5a92-8929-6d0e4b9ea760",78,"1 - General AI"
"a383d817-a6bf-54a6-8094-71a1947f41b1",44,"1 - General AI"
"e07399d2-87d6-5ff7-b5ea-cd4e7ea190a8",47,"2 - Infra"
"66ca62af-3f3f-550c-ad56-8d816942b6d0",9,"1 - General AI"
"13f004dc-182c-5318-b3af-1f78b304fe6f",124,"1 - General AI"
"76f79525-d0c9-5635-af25-9e59a39e0964",9,"1 - General AI"
"88102f8a-34cb-5b4d-92fe-8a847b6c9a4d",39,"1 - General AI"
"55298621-dcfe-5481-82ae-ba4f9c6bf2f6",65,"2 - Infra"
"d2c34d9b-48dc-5a0c-961e-1ab61915d2f4",103,"1 - General AI"
"ad70ad5e-d0f5-59eb-8498-6bb500bfaccf",35,"2 - Infra"
"66ca62af-3f3f-550c-ad56-8d816942b6d0",7,"1 - General AI"
"0e73f08d-279c-5e9f-8fdf-191f5a078d8f",94,"2 - Infra"
"3391e164-85b0-59bd-9721-1a5b0b83938f",51,"1 - General AI"
"76f79525-d0c9-5635-af25-9e59a39e0964",163,"1 - General AI"
"fd2c01c5-d84c-5d0a-b13a-858112dffa48",32,"2 - Infra"
"0e73f08d-279c-5e9f-8fdf-191f5a078d8f",91,"2 - Infra"
"6c0dce19-3955-59ff-b689-b8536ac11439",128,"1 - General AI"
"c468e666-a298-505b-9a26-045b9128d2bd",69,"1 - General AI"
"4ca251f8-16ac-53a4-abe2-78c31a21c1a8",0,"1 - General AI"
"a07ff8c9-4152-50e3-b280-72ea8a53df53",0,"2 - Infra"
"ee75acdf-ef75-52f0-8f6d-ade409ad5db0",0,"2 - Infra"
"eeaf4cd1-8707-5197-993b-003f97143733",0,"1 - General AI"
"9fbb58f2-b8fa-5b5f-8c65-ebf44fdc3895",0,"2 - Infra"
"8b9fc0ee-3094-500a-a4ac-1cb27b1aa301",0,"2 - Infra"
"9bde0639-f210-5488-a876-bb0624a2a33d",0,"2 - Infra"
"89cc1e3a-33d0-504e-a984-d8a946a27465",0,"2 - Infra"
"4818d919-bedb-547b-8389-1a400b4faa60",0,"1 - General AI"
"79a7b682-6d41-531c-ad08-ff7dcc3b67ac",0,"2 - Infra"
"5ae93254-271b-52a2-9cf0-e6265a9bd8b7",0,"3 - Platform"
"6ded88ee-dbc7-5230-b107-e29c9fde1c1c",0,"1 - General AI"
"965bff39-ef5f-571b-8d38-a19102fa25b7",0,"1 - General AI"
"00b65c37-97c9-596f-a1ad-39c17c610279",47,"1 - General AI"
"c2b9c0eb-d420-5bfd-9d31-16e1c8a91bbb",0,"2 - Infra"
"07e4ca0b-b8ee-5e41-9728-c48c896ffe2a",10,"1 - General AI"
"47ae9cee-3005-5772-90eb-9c48bdd3d91e",0,"2 - Infra"
"4a17c5c4-28aa-5f94-8120-0f6cfe8874f3",274,"1 - General AI"
"6967792d-cb20-5868-8041-06e8a61e84b6",0,"1 - General AI"
"729d11a3-c1cb-5b99-9c11-b5bfef16a646",0,"1 - General AI"
"72d162d1-3e82-52c1-940c-cb55853cda78",0,"2 - Infra"
"72cb629f-9279-54c8-b2da-bf97aae1bf49",0,"1 - General AI"
"7fa530a5-5a2b-5b91-80b9-943418126383",25,"1 - General AI"
"8695e0fa-8da6-5f95-9e41-9eebff96c874",0,"2 - Infra"
"86ac57f4-9b4b-5c40-975d-89353735b294",0,"2 - Infra"
"88102f8a-34cb-5b4d-92fe-8a847b6c9a4d",11,"1 - General AI"
"da600cdc-f0ef-5a33-ab24-140b037e995c",16,"1 - General AI"
"d97cabed-23d8-5e76-8e61-8cee22c9b2a1",0,"1 - General AI"
"00b65c37-97c9-596f-a1ad-39c17c610279",136,"2 - Infra"
"36acde72-47bf-5a97-98cb-bd1b3b7d8563",121,"1 - General AI"
"13f004dc-182c-5318-b3af-1f78b304fe6f",18,"1 - General AI"
"e889f488-8522-5343-a15e-b7f7e33c1704",27,"1 - General AI"
"7936509d-e1b7-5ec9-aa39-fd34c2c7d20e",0,"2 - Infra"
"da600cdc-f0ef-5a33-ab24-140b037e995c",60,"1 - General AI"
"da600cdc-f0ef-5a33-ab24-140b037e995c",74,"1 - General AI"
"b75e9e02-9f52-56f0-b589-24f93af288c5",96,"1 - General AI"
"8de4fbbc-9a78-5240-a65b-e596f2e29496",21,"1 - General AI"
"0e73f08d-279c-5e9f-8fdf-191f5a078d8f",6,"1 - General AI"
"15ac65f4-e54a-598d-9ea6-97e87d947742",16,"2 - Infra"
"55298621-dcfe-5481-82ae-ba4f9c6bf2f6",22,"1 - General AI"
"55298621-dcfe-5481-82ae-ba4f9c6bf2f6",82,"2 - Infra"
"88102f8a-34cb-5b4d-92fe-8a847b6c9a4d",18,"1 - General AI"
"88102f8a-34cb-5b4d-92fe-8a847b6c9a4d",19,"1 - General AI"
"a22c13ef-3936-577e-8c1d-9036083bcd08",17,"1 - General AI"
"bb7d6cc8-ef6f-5817-9350-04bab2929952",26,"2 - Infra"
"e07399d2-87d6-5ff7-b5ea-cd4e7ea190a8",27,"1 - General AI"
"2c6ae2ee-7e66-5a92-8929-6d0e4b9ea760",15,"2 - Infra"
"4f64c4af-93b4-5cfd-8fe6-968c3c202fc6",125,"1 - General AI"
"8fcfd31d-bfce-558f-afaa-9fca124a4cab",39,"1 - General AI"
"a22c13ef-3936-577e-8c1d-9036083bcd08",8,"2 - Infra"
"b47fe0e1-ba39-570a-b60b-51d06f31d737",50,"1 - General AI"
"d2c34d9b-48dc-5a0c-961e-1ab61915d2f4",13,"1 - General AI"
"e889f488-8522-5343-a15e-b7f7e33c1704",13,"1 - General AI"
"00b65c37-97c9-596f-a1ad-39c17c610279",52,"1 - General AI"
"13f004dc-182c-5318-b3af-1f78b304fe6f",8,"1 - General AI"
"a383d817-a6bf-54a6-8094-71a1947f41b1",51,"1 - General AI"
"55298621-dcfe-5481-82ae-ba4f9c6bf2f6",31,"2 - Infra"
"9ad0a4d1-5355-5447-995c-bff94eb15cf2",190,"1 - General AI"
"08de8873-ccd7-5ab5-8bf7-8b3ac7a28059",55,"1 - General AI"
"88102f8a-34cb-5b4d-92fe-8a847b6c9a4d",54,"1 - General AI"
"bb7d6cc8-ef6f-5817-9350-04bab2929952",17,"2 - Infra"
"da600cdc-f0ef-5a33-ab24-140b037e995c",215,"1 - General AI"
"13f004dc-182c-5318-b3af-1f78b304fe6f",32,"2 - Infra"
"b75e9e02-9f52-56f0-b589-24f93af288c5",97,"2 - Infra"
"08de8873-ccd7-5ab5-8bf7-8b3ac7a28059",130,"1 - General AI"
"da600cdc-f0ef-5a33-ab24-140b037e995c",150,"1 - General AI"
"0e73f08d-279c-5e9f-8fdf-191f5a078d8f",13,"2 - Infra"
"b75e9e02-9f52-56f0-b589-24f93af288c5",8,"2 - Infra"
"7fa530a5-5a2b-5b91-80b9-943418126383",20,"1 - General AI"
"a383d817-a6bf-54a6-8094-71a1947f41b1",101,"1 - General AI"
"a383d817-a6bf-54a6-8094-71a1947f41b1",40,"1 - General AI"
"e889f488-8522-5343-a15e-b7f7e33c1704",33,"2 - Infra"
"506070b8-5c4a-5589-a45f-d4215b51fd9a",0,"1 - General AI"
"9712b4c6-c51c-55d0-ab2c-95036b3e0a1d",0,"2 - Infra"
"50b0a3fc-0852-563a-b28e-65f921b7911b",0,"1 - General AI"
"1a110eb3-6d57-5c26-bdfe-83bbd1fb0e01",0,"1 - General AI"
"70b2de63-bd3e-5aa9-a168-a0be811180f7",0,"1 - General AI"
"7e740bd6-c5f7-5223-b1ef-d50fe7c5385c",0,"2 - Infra"
"8ce7167e-8a1f-5cb1-bfa3-6da850919e98",0,"1 - General AI"
"a869c89c-de6b-5d63-858e-b3f5d1e08286",0,"2 - Infra"
"0dd681bc-e669-5952-b043-03c1e869b08b",0,"2 - Infra"
"5d3ac5e6-948c-51ba-91b3-004b379fdaf6",0,"2 - Infra"
"5d5a1456-3a2c-587a-b2b4-53fe09498036",0,"2 - Infra"
"ac4504c5-e22f-57af-8d23-efc72300f168",31,"1 - General AI"
"ac4504c5-e22f-57af-8d23-efc72300f168",33,"1 - General AI"
"ac4504c5-e22f-57af-8d23-efc72300f168",34,"1 - General AI"
"b6c2c317-9a4b-5e1d-838e-3dfefa206628",0,"2 - Infra"
"3dea2927-8f9f-573a-ad76-e4c8a41f2d49",0,"2 - Infra"
"91c83297-5cab-5474-b2b3-ec58f1a912cd",0,"2 - Infra"
"91ce7066-2525-5fcf-bc04-48765143f09a",0,"2 - Infra"
"ac692729-a73a-597f-bbcf-9b90e9b8f532",12,"1 - General AI"
"990550f9-4d4e-5cac-bffb-3e37fffc2398",0,"2 - Infra"
"03c17d54-71e7-5151-8b78-7d7e3bfa59d1",0,"1 - General AI"
"1ed869fe-bb4e-532d-8ab8-cf023c726b60",0,"2 - Infra"
"1edd9650-0a69-5feb-b21a-2713d39e09cd",0,"1 - General AI"
"97e27de7-8cea-5c8a-9afd-e5733db40e0a",0,"1 - General AI"
"30d09464-52ac-5e82-a5c8-3ca17b209002",0,"1 - General AI"
"0e36296e-5af4-55d7-ac3d-5000fbf456b5",0,"1 - General AI"
"30aa271f-3b3c-5412-818f-65ab6cd82a39",0,"1 - General AI"
"9ddec053-12f1-523d-b301-8cb05415ed1a",0,"1 - General AI"
"dc62c854-4faa-5ebd-96b7-d9d942b7ecb8",0,"1 - General AI"
"4ed17698-36b8-5a20-900e-496991551e13",0,"2 - Infra"
"994533f0-ffce-53ab-9a97-90a998d11acb",0,"2 - Infra"
"863d712f-d859-56c1-824c-e5a1362aa139",0,"2 - Infra"
"1001bdeb-c562-5c70-9902-12f92a28f453",0,"1 - General AI"
"78c3cdfc-a529-520a-bbe9-b6dcd40b108d",0,"1 - General AI"
"0b158d5e-856f-5b99-8852-d786c9b6ae7e",0,"1 - General AI"
"dbe55732-82e8-5efd-beb3-3b6a0eb15ece",0,"2 - Infra"
"4989db83-eb71-5e74-8743-8be84c3041c4",0,"2 - Infra"
"853c2656-6610-5551-ba8c-d649752e2844",0,"2 - Infra"
"8f1c16be-ee74-5cbe-bbb4-7e374f48de1d",0,"1 - General AI"
"4f912b5e-9c98-56e8-b7a6-80085072c0ce",0,"2 - Infra"
"eb6c5321-e8d8-5586-a77b-28a5de2e0a0f",99,"1 - General AI"
"fb93bf79-173b-57bc-b8b8-9e19474f1b5e",0,"2 - Infra"
"5f222340-210b-517e-9282-8d87943f4e59",0,"1 - General AI"
"1faa4e69-9194-5545-8c6a-179ec5681eb5",0,"2 - Infra"
"32fbff70-5947-57ee-8002-9a3513e33e77",0,"1 - General AI"
"3c6b4498-84ab-5ccd-a127-d0e8d3360314",0,"2 - Infra"
"a647d0b3-c15e-5b29-a80b-5c7737df431d",0,"2 - Infra"
"a66d4a92-96c0-58eb-9fa3-d5c2cc257fba",0,"2 - Infra"
"90000f92-9e99-50d7-9a79-720fcaa752af",0,"2 - Infra"
"b97639a5-8847-50af-82ec-95b4c76eb995",0,"2 - Infra"
"ff597353-7d0d-5e93-8154-76dfb2a786bf",0,"1 - General AI"
"20eae837-2e5c-5bd6-9fc7-ae1b3a2112c6",0,"1 - General AI"
"92911aed-c677-5ba7-9879-6266be0d5ecc",0,"1 - General AI"
"3d4a5a1e-b7a0-5967-b4c9-defc980f09d7",0,"1 - General AI"
"8b4f4f2c-f96e-58f4-ba38-71551041cfff",0,"1 - General AI"
"8b56137a-0656-5bd9-bb5d-931e66de9864",0,"1 - General AI"
"e8577ed9-feab-5b88-b9a9-afa530cc3b0e",0,"1 - General AI"
"48405bfe-d5ab-59ef-94fd-8a3b1114d2d2",0,"1 - General AI"
"f5dd61f9-a3ad-58ed-9b8e-ae819a5b7e31",0,"2 - Infra"
"e492c49e-3b0d-5704-a7a6-3b39c54669e3",0,"2 - Infra"
"44e02cfe-3504-5760-af49-ba2e90668d7b",0,"1 - General AI"
"00499c57-da85-5c93-8fba-19b7eb05a969",0,"1 - General AI"
"a8e957cb-f70b-597a-a7a3-a533139adaa1",0,"2 - Infra"
"33c17228-1c39-5719-a0a7-65a1d2edc9ff",0,"2 - Infra"
"23ea88b7-b272-53bf-9008-a9dd9e047d39",0,"2 - Infra"
"29094aaa-0556-53e3-bda0-ddfcf5f31333",0,"2 - Infra"
"2909a3d2-f8b5-5ffa-9cca-37bd00a8cd99",0,"1 - General AI"
"a2686866-859f-533e-8c44-c2a599d8fec7",0,"1 - General AI"
"c977d929-b123-5026-ad8a-601b32aaa4b0",0,"2 - Infra"
"1d7f892b-bd0e-5039-bb62-e9d33b1ad519",0,"1 - General AI"
"7d02d230-be65-5d77-aa65-798a057177ff",0,"2 - Infra"
"c9932c1e-a1c2-59c6-be46-4f97da8d5eb3",0,"1 - General AI"
"edc2789d-f137-51d5-a5a7-3580d7c3b211",0,"1 - General AI"
"edea4876-1793-5618-aa09-21e955c32865",0,"2 - Infra"
"63345c2c-b3af-539d-b75c-a2663f33adac",0,"2 - Infra"
"2903467d-1328-506d-8f9a-7f1dc560473a",0,"1 - General AI"
"1d2816cc-2f88-5915-af05-1af14738d003",0,"1 - General AI"
"1d65fc89-dd43-58fa-acbf-46559b4e7318",0,"2 - Infra"
"6317b5bf-8221-59f7-b756-f3d0b1c692dd",0,"2 - Infra"
"66ca62af-3f3f-550c-ad56-8d816942b6d0",21,"1 - General AI"
"66d8698e-08bf-5202-a3a6-74cb7a052580",0,"1 - General AI"
"4bddbd57-b32d-548a-ba41-752f5e268f28",0,"1 - General AI"
"200c7c03-535c-5e5c-9506-59d43677658f",0,"1 - General AI"
"20672fb2-ffed-5092-b802-4e7c21d92887",0,"2 - Infra"
"43517cdb-0246-5d55-825b-a6929db353ca",0,"2 - Infra"
"cdd91dd1-1fa1-56a9-9d6e-dc20b182832c",0,"3 - Platform"
"cddd8906-cb71-5af0-975e-6a135a56019d",0,"2 - Infra"
"f9b3cf12-b86f-5bc8-9722-37afbbfdea08",0,"1 - General AI"
"37b5ace2-cd53-52c4-9669-5e7b547bc351",0,"1 - General AI"
"442bc836-05d2-5bd7-98fa-c355368373b9",0,"1 - General AI"
"5302b8f9-723d-50a8-a7ef-840d0cbc60b1",0,"1 - General AI"
"57715dbb-d8e7-5c38-b752-4e13ff37aa01",0,"1 - General AI"
"6bf6521e-cf8c-5411-a389-eaf5a8208c08",0,"1 - General AI"
"74b06494-8b24-502b-bd5a-8615e6bfe4f6",0,"1 - General AI"
"87704b95-e7bb-598e-ab0c-d5be6ada8c7f",0,"1 - General AI"
"9e3f3ada-c410-5900-9f40-78be0b020aef",0,"1 - General AI"
"a7a59e1d-c300-5c0d-a320-2548df9f4d36",0,"1 - General AI"
"bfe4b7a4-a432-5589-b903-79683c9dd0da",0,"1 - General AI"
"c4bd01f9-1cf8-5c3d-b693-4713527367fd",0,"1 - General AI"
"c7e9eba5-1bc4-5fbd-8c59-b8b3f2db0efd",0,"1 - General AI"
"d5a17536-fcb7-59ab-97d0-0ac530ed10e7",0,"1 - General AI"
"db7300c0-b7aa-5669-9859-d1d0ee2c0860",0,"1 - General AI"
"e4555173-edac-5fec-ac59-682cd0a0f9a3",0,"1 - General AI"
"e74b0edd-1a2f-55c9-8031-61554b1cec34",0,"1 - General AI"
"e75d3e7e-67ce-51cd-96f6-2cc72dfb75f8",0,"1 - General AI"
"66ca62af-3f3f-550c-ad56-8d816942b6d0",241,"1 - General AI"
"129f5119-3d27-5cca-a114-1cab2a7f2f86",0,"1 - General AI"
"14a1be34-bda7-5b5c-8f6f-07aef9002aec",0,"1 - General AI"
"14b433d1-75d8-55ce-b551-02e1fe888e70",0,"1 - General AI"
"14d27048-e51e-51a0-b9f5-5073357b6966",0,"1 - General AI"
"1c8dfa8a-524a-5e2e-bf4e-7e0841aea6ed",0,"1 - General AI"
"26f5d88d-6643-531b-94b2-ae73850de516",0,"1 - General AI"
"327cd6fa-528c-5f9a-a96c-5e27a793b418",0,"1 - General AI"
"3bdf3f82-8992-5cbc-8d55-d2b1087a3020",0,"1 - General AI"
"48bab47f-902a-57a8-9838-d8d08dfd3d94",0,"1 - General AI"
"48e3f397-daed-5359-aca0-3c045574205b",0,"1 - General AI"
"50c444af-9693-5ba8-b44e-99a5a6ea23d5",0,"1 - General AI"
"524d2dfd-38e2-5a34-8f62-3bf7e2b1a6d6",0,"1 - General AI"
"7b836926-37a1-5c7e-af7f-cee6f10e7503",0,"1 - General AI"
"7ba17626-4e2e-5d94-8eb2-f264976d9346",0,"1 - General AI"
"7e72c51c-8f04-515b-ad66-30c7e6fbf83c",0,"1 - General AI"
"7e8127d6-8e90-53ae-b9c9-27edc9b7c634",0,"1 - General AI"
"82b9d43b-7a5f-5591-be3b-b98d4e64d8d7",0,"1 - General AI"
"d41d257b-fcce-599f-8b0a-49988cf66cae",0,"1 - General AI"
"d9721d05-7b6a-552f-97e3-d02f7dde4d9c",0,"1 - General AI"
"e14599d7-b5d2-5bc0-9f57-fb5356f90732",0,"1 - General AI"
"eb0632fa-a23c-5868-b5db-48032cf501eb",0,"1 - General AI"
"3b027ac9-6989-537b-b648-aa2c9bb7d680",0,"1 - General AI"
"3b324ae3-83ab-55e5-986c-7064c1d70321",0,"1 - General AI"
"52a956ab-2ac5-5bbf-8617-bfa3da54970b",0,"1 - General AI"
"5d37f91e-fb32-5c2d-bdbf-b14750e102c1",0,"1 - General AI"
"78b77b6c-a20f-597c-84c3-6a562ca02cf9",0,"1 - General AI"
"9df517c3-55fe-5f8c-8fdc-4ca1107fdff2",0,"1 - General AI"
"afeaa3cb-57ba-5983-a44d-d9afb0f5b47a",0,"1 - General AI"
"c6f912ff-78c2-51a0-96ba-f557d8e4d90d",0,"1 - General AI"
"c99d6d59-293f-53be-b10c-133250fd7343",0,"1 - General AI"
"e36f6ad5-040a-5a33-9beb-566daa582294",0,"1 - General AI"
"e389e441-9eab-59bf-bc7b-5ff870ec366d",0,"1 - General AI"
"fc70788b-4e76-59a1-98f3-2563b97ac459",0,"1 - General AI"
"acbb66e2-056e-5430-b3df-78127fcc301e",105,"1 - General AI"
"3ccc239f-7eef-59f8-872a-f70eb2c8a624",0,"2 - Infra"
"032a61aa-5ecd-59ee-9e3c-a89bd60b7521",0,"2 - Infra"
"66ca62af-3f3f-550c-ad56-8d816942b6d0",40,"1 - General AI"
"675db5cd-48d7-594a-9dde-a79f2a62d0dd",9,"1 - General AI"
"6c0dce19-3955-59ff-b689-b8536ac11439",11,"1 - General AI"
"fbb24933-2002-56bf-89d9-e2b289e1c65c",71,"1 - General AI"
"36acde72-47bf-5a97-98cb-bd1b3b7d8563",11,"1 - General AI"
"e21f0d6d-9d0c-5b0a-9f67-7bd49c9d05ca",344,"2 - Infra"
"3391e164-85b0-59bd-9721-1a5b0b83938f",23,"2 - Infra"
"13f004dc-182c-5318-b3af-1f78b304fe6f",11,"1 - General AI"
"a383d817-a6bf-54a6-8094-71a1947f41b1",46,"1 - General AI"
"bb7d6cc8-ef6f-5817-9350-04bab2929952",85,"1 - General AI"
"5a5d512e-33c9-571f-a091-5395a1198d20",117,"2 - Infra"
"68f6001f-d7db-59ca-9173-bf5450ef4d08",68,"2 - Infra"
"2c6ae2ee-7e66-5a92-8929-6d0e4b9ea760",48,"1 - General AI"
"36acde72-47bf-5a97-98cb-bd1b3b7d8563",30,"1 - General AI"
"6c0dce19-3955-59ff-b689-b8536ac11439",7,"1 - General AI"
"8de4fbbc-9a78-5240-a65b-e596f2e29496",8,"1 - General AI"
"66ca62af-3f3f-550c-ad56-8d816942b6d0",45,"1 - General AI"
"66ca62af-3f3f-550c-ad56-8d816942b6d0",36,"1 - General AI"
"68f6001f-d7db-59ca-9173-bf5450ef4d08",84,"1 - General AI"
"6c0dce19-3955-59ff-b689-b8536ac11439",101,"1 - General AI"
"00b65c37-97c9-596f-a1ad-39c17c610279",222,"2 - Infra"
"00b65c37-97c9-596f-a1ad-39c17c610279",34,"1 - General AI"
"36acde72-47bf-5a97-98cb-bd1b3b7d8563",46,"1 - General AI"
"8fcfd31d-bfce-558f-afaa-9fca124a4cab",59,"1 - General AI"
"13f004dc-182c-5318-b3af-1f78b304fe6f",30,"1 - General AI"
"a22c13ef-3936-577e-8c1d-9036083bcd08",118,"2 - Infra"
"66ca62af-3f3f-550c-ad56-8d816942b6d0",6,"1 - General AI"
"68f6001f-d7db-59ca-9173-bf5450ef4d08",72,"1 - General AI"
"76f79525-d0c9-5635-af25-9e59a39e0964",157,"1 - General AI"
"55298621-dcfe-5481-82ae-ba4f9c6bf2f6",71,"1 - General AI"
"55298621-dcfe-5481-82ae-ba4f9c6bf2f6",69,"1 - General AI"
"6c0dce19-3955-59ff-b689-b8536ac11439",212,"2 - Infra"
"8de4fbbc-9a78-5240-a65b-e596f2e29496",35,"1 - General AI"
"e889f488-8522-5343-a15e-b7f7e33c1704",76,"1 - General AI"
"68f6001f-d7db-59ca-9173-bf5450ef4d08",56,"2 - Infra"
"8de4fbbc-9a78-5240-a65b-e596f2e29496",33,"1 - General AI"
"9ad0a4d1-5355-5447-995c-bff94eb15cf2",6,"2 - Infra"
"aedef1b8-fe47-5b61-880b-694590e1fa26",102,"2 - Infra"
"b416b004-bb36-5af0-9c64-1d1b71ab1023",67,"2 - Infra"
"da600cdc-f0ef-5a33-ab24-140b037e995c",34,"1 - General AI"
"e07399d2-87d6-5ff7-b5ea-cd4e7ea190a8",71,"1 - General AI"
"e889f488-8522-5343-a15e-b7f7e33c1704",73,"2 - Infra"
"66ca62af-3f3f-550c-ad56-8d816942b6d0",17,"1 - General AI"
"67b2506f-6bcc-50b6-ab8f-bd88cc9e9dc0",0,"2 - Infra"
"67bb6c93-fa8c-52e6-a260-2173b3c20342",0,"2 - Infra"
"ad6670b8-9474-5f76-bc6a-35dd392007ac",0,"1 - General AI"
"ad730fb7-9446-57ce-9e3e-68ae26c9de84",0,"2 - Infra"
"68f6001f-d7db-59ca-9173-bf5450ef4d08",165,"1 - General AI"
"a383d817-a6bf-54a6-8094-71a1947f41b1",145,"1 - General AI"
"2c6ae2ee-7e66-5a92-8929-6d0e4b9ea760",10,"2 - Infra"
"29e90363-7c6d-525e-9b13-048ee4970d68",100,"2 - Infra"
"3391e164-85b0-59bd-9721-1a5b0b83938f",11,"1 - General AI"
"a22c13ef-3936-577e-8c1d-9036083bcd08",16,"2 - Infra"
"da600cdc-f0ef-5a33-ab24-140b037e995c",157,"1 - General AI"
"66ca62af-3f3f-550c-ad56-8d816942b6d0",37,"1 - General AI"
"6c0dce19-3955-59ff-b689-b8536ac11439",131,"2 - Infra"
"8fcfd31d-bfce-558f-afaa-9fca124a4cab",15,"1 - General AI"
"efda6784-368d-5b22-8d97-08f23e072361",0,"2 - Infra"
"ef67f122-de8d-5382-add3-a58eae397122",0,"2 - Infra"
"ef6ae90e-4669-5ded-8027-b8a69637b594",0,"1 - General AI"
"92642250-f754-5afc-8d6c-c654960a996c",0,"2 - Infra"
"a6722eb0-7268-5cb3-8a2d-584f597e1a38",0,"2 - Infra"
"c381f665-f5b5-5c2e-98a2-317fe4cf6a3c",0,"2 - Infra"
"8627f555-9168-55bd-a8b1-b1160534b6a9",0,"2 - Infra"
"21617166-1ba9-5c32-b332-1f1b21c8ac21",0,"2 - Infra"
"7aa3eb17-604d-524d-b90e-7d04fb666c42",0,"2 - Infra"
"60e6a558-fbfe-5570-84fd-675f1a8164c3",0,"1 - General AI"
"043e0b5d-67d9-5536-b78f-38471b3622ab",0,"1 - General AI"
"0586b512-484f-59e6-ac91-174b9df8dfb9",0,"1 - General AI"
"07fb6a97-bf0c-547e-9f92-b74f15e764dc",0,"2 - Infra"
"0b6eb17f-5a24-5d2e-a7ed-a3303c842736",0,"1 - General AI"
"0c7cfce4-cb5b-54d0-8a0e-e5eab26040fe",0,"1 - General AI"
"0f72c685-f1d7-5aea-9ed5-1b81d68df020",0,"2 - Infra"
"e2c5de77-7f13-5f6a-a018-54926865e34c",11,"1 - General AI"
"206c356d-97bf-596a-9a50-ec10787bb612",0,"2 - Infra"
"7c5fd016-c136-5202-9952-6c7161966519",22,"1 - General AI"
"ebd72747-12bd-57e1-8236-62eda77b7cf4",0,"2 - Infra"
"51284ff8-b5cb-5403-b89b-0ab7dc16db28",0,"1 - General AI"
"51d6d282-d8a5-54e8-b773-fc29a22cc727",0,"1 - General AI"
"58f99dc3-4990-5920-b1da-d2d847e15f1f",0,"1 - General AI"
"5dc7234c-23a1-53c6-9e37-ccf2def0b51c",0,"2 - Infra"
"6fb1d16e-1b57-544a-b4e4-79d77bce920c",0,"2 - Infra"
"735c392e-7cd3-59b7-97a5-45df04b8bca9",0,"2 - Infra"
"7f6307a5-c2a4-5e36-a0f6-171f2cd4af34",0,"2 - Infra"
"86744e41-9308-5604-a3e6-545c0e4948e8",0,"2 - Infra"
"8a34aa08-b1e6-58fd-9ba1-ee1d9aea04ab",0,"1 - General AI"
"8c6c7cc5-9c29-5420-939d-940cb3cd730a",0,"2 - Infra"
"c6011716-a229-5d7a-9b47-0710b47b8ae2",0,"1 - General AI"
"e536da91-50a6-5759-9f00-6e03064e854b",0,"2 - Infra"
"2b6e0c62-362d-5560-9430-6f4c439e8b75",0,"2 - Infra"
"204827f1-e742-53cc-8ed8-7610331909b6",0,"1 - General AI"
"2ef2db19-aece-5679-a97f-d522f68e4dd6",0,"2 - Infra"
"e99a8bd0-b028-5e11-9a22-b1cbf3a3887c",0,"2 - Infra"
"3650c28b-e54d-5169-80cb-d24064880838",0,"1 - General AI"
"378eee7b-3543-548d-9fcf-82805e4e735a",0,"2 - Infra"
"12b9e59e-5122-5d41-8bd3-7a5662751105",0,"1 - General AI"
"1663e27c-0dc1-5073-b0e0-a554a7be81fe",0,"1 - General AI"
"174d3b28-8b4d-5199-ad15-b7e42f2fed7e",0,"1 - General AI"
"1a6ddfa4-c118-5b75-9b68-74e024e91b92",0,"2 - Infra"
"1f346a65-c7f3-5a73-8f65-415e8a3622e2",0,"2 - Infra"
"36acde72-47bf-5a97-98cb-bd1b3b7d8563",37,"1 - General AI"
"2e3ebdd6-c645-50e4-b6b0-d7694deb9dff",113,"1 - General AI"
"66ca62af-3f3f-550c-ad56-8d816942b6d0",4,"1 - General AI"
"66ca62af-3f3f-550c-ad56-8d816942b6d0",93,"1 - General AI"
"8a70658a-4569-5ce8-a1b7-889433e452c9",111,"1 - General AI"
"8bf594e4-ead8-50ea-b39c-04103f3bf3c8",45,"1 - General AI"
"935b548e-a872-5c60-9f81-abdf52ac4495",77,"1 - General AI"
"a22c13ef-3936-577e-8c1d-9036083bcd08",129,"2 - Infra"
"dd418d07-8f0b-557b-bf12-220b13e39d03",71,"2 - Infra"
"3391e164-85b0-59bd-9721-1a5b0b83938f",316,"1 - General AI"
"13f004dc-182c-5318-b3af-1f78b304fe6f",99,"1 - General AI"
"36acde72-47bf-5a97-98cb-bd1b3b7d8563",9,"1 - General AI"
"36acde72-47bf-5a97-98cb-bd1b3b7d8563",42,"1 - General AI"
"68f6001f-d7db-59ca-9173-bf5450ef4d08",58,"1 - General AI"
"88102f8a-34cb-5b4d-92fe-8a847b6c9a4d",27,"1 - General AI"
"b4dc29e5-3331-58bc-98fb-598fb0033361",59,"1 - General AI"
"36acde72-47bf-5a97-98cb-bd1b3b7d8563",21,"1 - General AI"
"13f004dc-182c-5318-b3af-1f78b304fe6f",28,"2 - Infra"
"6c0dce19-3955-59ff-b689-b8536ac11439",112,"1 - General AI"
"e889f488-8522-5343-a15e-b7f7e33c1704",291,"1 - General AI"
"76f79525-d0c9-5635-af25-9e59a39e0964",36,"1 - General AI"
"e889f488-8522-5343-a15e-b7f7e33c1704",29,"1 - General AI"
"f8d6d3af-390f-5ef9-b5fc-5a221cb823f4",13,"1 - General AI"
"36acde72-47bf-5a97-98cb-bd1b3b7d8563",31,"1 - General AI"
"59c6d59f-231f-5abb-98d7-3b1ba568b328",3,"1 - General AI"
"662c5e90-150b-55f3-a744-4a5538a7d95a",21,"1 - General AI"
"8b0c505a-5d2c-5919-89ea-aea260b6457d",11,"1 - General AI"
"c9d9e804-2e76-52ec-a1f9-c375e19a9fc1",21,"1 - General AI"
"08de8873-ccd7-5ab5-8bf7-8b3ac7a28059",57,"1 - General AI"
"6c0dce19-3955-59ff-b689-b8536ac11439",96,"2 - Infra"
"36acde72-47bf-5a97-98cb-bd1b3b7d8563",34,"1 - General AI"
"3391e164-85b0-59bd-9721-1a5b0b83938f",187,"2 - Infra"
"3391e164-85b0-59bd-9721-1a5b0b83938f",242,"2 - Infra"
"76f79525-d0c9-5635-af25-9e59a39e0964",4,"1 - General AI"
"2c6ae2ee-7e66-5a92-8929-6d0e4b9ea760",111,"2 - Infra"
"a31adff2-40c5-5520-8cb4-b33ca6b86e3a",38,"1 - General AI"
"162c2ee9-3002-5685-a301-e60dc07af155",28,"1 - General AI"
"471cb45f-ed1d-55e3-bb83-f37c8097eb98",33,"1 - General AI"
"9b445c1c-6105-580d-876a-fd824f81668a",21,"2 - Infra"
"ad9c8259-e8f3-5002-82e8-2f764345a62c",0,"2 - Infra"
"b9370e80-a22c-5d2a-9579-12449ea83286",1,"1 - General AI"
"dcbd1a51-12fa-5a2b-9267-80ab17ddff40",5,"1 - General AI"
"20b88a50-e003-59b4-9396-54bb2b955e4b",0,"2 - Infra"
"66ca62af-3f3f-550c-ad56-8d816942b6d0",69,"1 - General AI"
"66ca62af-3f3f-550c-ad56-8d816942b6d0",58,"1 - General AI"
"914366e8-a130-5ea2-abf2-7e321171bb68",0,"2 - Infra"
"53bd04a9-270e-5d20-8ef0-f780229c1f4d",0,"2 - Infra"
"9f7ff09d-fd98-5560-b632-35e77fd6dba8",0,"2 - Infra"
"1eaf0324-1c8b-5782-ab53-588734eb2cd0",9,"2 - Infra"
"062f2032-fcdf-5eea-b6b4-8afa6d294315",1,"1 - General AI"
"062f2032-fcdf-5eea-b6b4-8afa6d294315",9,"1 - General AI"
"062f2032-fcdf-5eea-b6b4-8afa6d294315",10,"1 - General AI"
"062f2032-fcdf-5eea-b6b4-8afa6d294315",11,"1 - General AI"
"434ddf54-e998-54d8-b409-d7e05831add1",17,"1 - General AI"
"48c50d1a-3996-533a-a05c-f6f21a9ce548",28,"1 - General AI"
"4fbfe744-2121-577d-a2ac-6715aded2b43",2,"2 - Infra"
"4fbfe744-2121-577d-a2ac-6715aded2b43",19,"2 - Infra"
"66ca62af-3f3f-550c-ad56-8d816942b6d0",49,"1 - General AI"
"66ca62af-3f3f-550c-ad56-8d816942b6d0",46,"1 - General AI"
"66ca62af-3f3f-550c-ad56-8d816942b6d0",226,"1 - General AI"
"66ca62af-3f3f-550c-ad56-8d816942b6d0",41,"1 - General AI"
"eaef5d1e-37fe-5d71-9db5-0f33ea83fbbb",0,"1 - General AI"
"a9987ed1-d838-5c36-a08b-9e5486781901",0,"2 - Infra"
"a99df1f6-347d-5125-8ccf-b78037cce21d",0,"1 - General AI"
"6c0bb4d3-61d8-5f5d-899e-826b337dd173",0,"2 - Infra"
"0763428d-a00c-550b-b273-f82f0fc95cef",0,"2 - Infra"
"0b26f632-2e4d-5276-aa57-4028fa60cbbb",0,"1 - General AI"
"10980fc5-2f0f-5c67-8214-fe5093de3c7c",0,"2 - Infra"
"10b6778b-4161-59ca-85d1-eada1d7caf6b",0,"2 - Infra"
"140d8d7f-5c53-54ac-8f7f-4107f38d4529",0,"2 - Infra"
"14177dfd-586b-54ba-b58d-305edfdb8ea1",0,"1 - General AI"
"15a89891-14a4-5cf2-90c5-9ff2b8d7305b",0,"1 - General AI"
"1d72088f-af63-575b-bb70-c1282c68c7aa",0,"2 - Infra"
"1e383600-4c2c-5c3e-bf1a-a0e2dfd1c2c0",0,"1 - General AI"
"1f0b1d4f-7efa-5952-ac94-1974bc551d90",0,"2 - Infra"
"28c4ab9a-ded8-567f-adb1-73f3f8403e96",0,"2 - Infra"
"28f6d00c-6abb-5f84-b169-a0fcd7519ba7",0,"2 - Infra"
"2d446abc-354d-50a2-ba59-46b923797fef",0,"2 - Infra"
"f358ee83-0d2c-5148-bcea-61df3b9f8b43",0,"2 - Infra"
"fec42e98-add5-5d57-add1-2ae9483fa4e4",0,"2 - Infra"
"fec5ba9d-a8d7-5708-a8e3-8c6e2a00144b",0,"2 - Infra"
"455eccfb-9305-557c-a2e2-600c686cb63d",0,"1 - General AI"
"498adf53-4c08-57ac-b3e5-4a8979dd7177",0,"2 - Infra"
"49ad6e6f-05cc-5751-a113-d01aac07bfa2",0,"2 - Infra"
"4f3e9a60-c23f-53f1-901d-ca311e051137",0,"2 - Infra"
"4f70f53e-d0eb-5c63-9166-276efe8c521c",0,"2 - Infra"
"573933c4-80fe-5cb4-ad6e-e61122402e1e",0,"1 - General AI"
"5768a103-1838-5b4e-9622-fc43cf3f0dab",0,"2 - Infra"
"5cfd84ac-f075-5fdc-b57b-0e5bada2d5cc",0,"2 - Infra"
"6398801a-ac43-5cee-bcd4-b2bae7a52a29",0,"1 - General AI"
"63995935-d1d6-5683-b2a1-2ac47d277e52",0,"1 - General AI"
"63b7a89e-69cc-584e-b605-0652be843095",0,"1 - General AI"
"6419084b-49ea-5c36-b2aa-b460d524502e",0,"1 - General AI"
"6441e97d-f854-5202-8332-0362d214ac36",0,"2 - Infra"
"6d736e4c-0bb8-5373-95fd-f0fd3b222975",0,"1 - General AI"
"6d8be58a-c7ec-5c10-8574-dd8810e04d59",0,"2 - Infra"
"701d222f-2c4e-5f86-a9cd-fa35340dda65",0,"1 - General AI"
"7035cc44-1266-5298-b75e-798b7b106cc4",0,"2 - Infra"
"81beb2ce-dd28-53e1-8711-6718373aad5b",0,"1 - General AI"
"9047bd81-9a75-5890-86bd-39cd8e281c73",0,"2 - Infra"
"9d815a08-cc85-5627-88f5-db1a71bcf09c",0,"1 - General AI"
"9dcedfa8-4291-50d2-96d2-4ae39fa86190",0,"2 - Infra"
"a831a777-9dbe-5a0f-b40f-122cccde6bb5",0,"1 - General AI"
"a8619173-bed3-515e-9597-9b60c25f290f",0,"1 - General AI"
"a9bdde78-2ecb-5e01-a2af-d89c4a8e71ed",0,"2 - Infra"
"aa2fc79b-321f-5921-b760-7da4054c7e2b",0,"2 - Infra"
"aa40d679-93a2-5a5f-b4f6-dedd655ee5bf",0,"2 - Infra"
"aa9514ee-3d63-561a-b20b-62aa06e3b278",0,"2 - Infra"
"b6876c7c-175f-5568-b551-6e980348fad6",0,"1 - General AI"
"ba38a9a4-9eb9-5401-a394-6b2c9688b72c",0,"1 - General AI"
"c33e322b-1490-5da1-9813-3257405b18a8",0,"2 - Infra"
"c361d5bd-57b7-5d60-940e-119ff5db028f",0,"1 - General AI"
"cac1c742-fe0d-58d8-b68f-c73b31d349b1",0,"2 - Infra"
"cf6823a8-9744-5e1a-b8f8-956bb9d7e9b6",0,"3 - Platform"
"cf6e9ca1-5ead-58fe-bbfd-d572d166fee5",0,"2 - Infra"
"d4995af9-8cbf-5eff-8bbe-d0da0480f00b",0,"2 - Infra"
"d9a38679-8305-5e04-ae35-18f58b39284f",0,"2 - Infra"
"d9e39ca0-ebb4-5789-adfa-ecae5f89f9a9",0,"2 - Infra"
"de25685d-268b-5d3b-a92c-18d90ae0c7b5",0,"1 - General AI"
"df841c10-748b-5266-8a61-9aa7f4b2969c",0,"1 - General AI"
"e0f073fd-8926-5e9f-a649-91761649cf46",0,"2 - Infra"
"e0ff3a8a-4a60-51eb-835d-e5523f0a2c70",0,"1 - General AI"
"e112a51f-1f17-5a9a-b53d-1fcc9f46f2fe",0,"1 - General AI"
"e1ae6244-830e-5904-a092-925736c779c4",0,"1 - General AI"
"e673b615-e4f4-54f5-963d-b4ce95839423",0,"2 - Infra"
"ab2ffa3c-f529-5c93-b08a-136e53c42d73",0,"1 - General AI"
"ec02a1ba-e5ef-50b0-b918-873eaa35e516",0,"2 - Infra"
"ed2b8cf7-e507-58c3-a89f-976154d86403",0,"1 - General AI"
"67649629-654d-5ac0-9ef1-8f155d412bb1",0,"1 - General AI"
"ed449b04-05a9-56aa-9eea-b38a3c208402",0,"2 - Infra"
"04081899-33dd-5171-8f79-6a0d7fc5ac8c",0,"2 - Infra"
"044dceb0-9a1f-5cfd-b56f-55d8cc8a9edc",0,"1 - General AI"
"0e90fb2f-ead4-57e6-bfa4-48afd9fc93c9",0,"1 - General AI"
"1c9ef840-e6da-5183-8d84-b278584dfa87",0,"2 - Infra"
"26bc6f88-8a69-5d6c-97a4-681b2847e598",0,"2 - Infra"
"2722d434-9a21-5705-b8f7-a8c1530f0bcf",0,"2 - Infra"
"3229250d-8923-5eb3-a84a-7dc253cceef2",0,"1 - General AI"
"323f6d1d-3af3-58ec-b008-df2e2ac9216a",0,"1 - General AI"
"3427b1c5-a308-5228-bcc9-56fe4253383b",0,"1 - General AI"
"3abfa8df-88e6-5eee-8dbd-c92d4d61fef0",0,"1 - General AI"
"3d25d5db-66b0-54e9-a407-b6e27fdf5751",0,"1 - General AI"
"e973d98e-42a9-5a6a-812c-3119e04c5ef6",0,"2 - Infra"
"e9a05454-4901-5edd-ada0-7e46983ff9eb",0,"2 - Infra"
"f09ba1a3-44a3-57ef-be19-fb88b16ff36a",0,"2 - Infra"
"f0d6762e-faa2-5c5b-8afe-2a366514b330",0,"2 - Infra"
"f5c69cb6-dc2b-5802-9684-966ece037487",0,"2 - Infra"
"fe859215-f918-5e1e-bad7-4b46c4dc9c62",0,"1 - General AI"
"4783206d-3c0f-5a06-8a74-e102473fa0ff",0,"2 - Infra"
"4881d37c-1e3d-5359-828d-f2d3ccccbda1",0,"1 - General AI"
"4c92bf59-5e01-522b-b602-9b45f2783aab",0,"1 - General AI"
"567eecf0-17d2-5d65-a76e-9c85650d19f2",0,"2 - Infra"
"56ee494f-e15c-57c5-9ed3-346b08a30e44",0,"2 - Infra"
"585ace5e-8a4a-5838-9df9-469638d8684a",0,"2 - Infra"
"588f0975-6941-5723-86be-3fbcb1497f36",0,"1 - General AI"
"621a34f6-69a2-5504-b72d-7c843051413b",0,"1 - General AI"
"627587d9-274b-5df1-9e31-0974f346554d",0,"1 - General AI"
"6532f726-6a42-5468-b286-f62a9c4c5105",0,"1 - General AI"
"69521e14-5f9a-5ceb-ae33-fd6349d72eb9",0,"2 - Infra"
"6ec377e7-8e3c-5716-9341-870f340ad829",0,"2 - Infra"
"7005c5f2-5da2-55a8-a3c3-fddb206f4e48",0,"1 - General AI"
"71f60bcc-590f-5be6-ae2d-f1ade5b3a652",0,"2 - Infra"
"721ddf14-591e-515a-aeab-a99c760ae9c3",0,"1 - General AI"
"7c7ed478-50fe-57b1-ae30-3ae3ec2f284b",0,"2 - Infra"
"7d2812f3-2eeb-50df-98aa-1d72547406eb",0,"1 - General AI"
"7d79360c-4ca6-53a0-9368-7b3b7bb5b946",0,"1 - General AI"
"8312a083-c21a-5d49-b3ab-4efcb2712823",0,"1 - General AI"
"85ed932f-8327-5c7c-bd3b-612875335d9f",0,"2 - Infra"
"8677b84b-294d-5511-95f7-7826c15c65ae",0,"1 - General AI"
"8d7464d3-22ac-5a51-b2d7-8e1100aaffd3",0,"2 - Infra"
"8dd5e13a-ce90-5f2d-98a9-9ad2cbc2d3b3",0,"2 - Infra"
"8e3c208f-9b7c-522b-99c2-6c5bf737ce62",0,"2 - Infra"
"94d0a8e0-d987-5e73-a356-a2c66b26bff4",0,"2 - Infra"
"b251fa5e-dbd6-5e6d-a451-04ae54078f84",0,"2 - Infra"
"b5acc169-5853-507b-b941-a17ed408d28b",0,"2 - Infra"
"b5b7df3b-14bd-58ea-ac78-f26f317b75da",0,"2 - Infra"
"bcb8643d-f396-5696-8d4b-4f463bc5508a",0,"2 - Infra"
"bd67b37d-02bb-5f54-b4cc-073e878390b1",0,"1 - General AI"
"ca54d11a-752e-56d1-be99-aa007bb7fd25",0,"2 - Infra"
"cafb8dd2-1974-52c1-b6aa-c4426bad4800",0,"2 - Infra"
"cb172cc1-f6de-5b57-b285-de63b6a607f4",0,"1 - General AI"
"d0ca46fe-a55e-5d06-a7ac-d30496c5ba21",0,"2 - Infra"
"d0dd04a8-8b0d-5a81-8ed4-37c9558d480f",0,"2 - Infra"
"d16acd16-98bd-5372-b075-2b1a6dee50d9",0,"2 - Infra"
"d83d3eda-f13b-59b9-925a-7ac88b4d3d1a",0,"2 - Infra"
"d96bf87b-1650-50e4-bbc7-dc00b08c991c",0,"2 - Infra"
"e47c810b-fda6-5fc2-8a5c-6ece206676c6",0,"2 - Infra"
"e496f380-c72e-5a35-89b3-2afc17871246",0,"2 - Infra"
"e4a29434-21f5-5bb3-a0d6-8d0d491939aa",0,"2 - Infra"
"8a70658a-4569-5ce8-a1b7-889433e452c9",112,"1 - General AI"
"452f2855-0328-5fdd-a2d6-cd4793fb1528",44,"1 - General AI"
"89fad4ec-160b-5090-bba4-56f33f5333d5",110,"1 - General AI"
"90b395b7-3f9c-5a6c-8b91-0cb34cb8e472",59,"2 - Infra"
"48b9f120-88e0-5ea5-84c1-e8b2ebfc2c2c",81,"1 - General AI"
"42ef4229-150e-5696-8180-ace1c129bc06",57,"1 - General AI"
"d9c907c9-e12c-50e1-9f28-2bfdc2488752",199,"1 - General AI"
"2bea624c-5cdd-5fe7-9c58-23b81bd50191",0,"2 - Infra"
"8229088b-8837-56a7-9a76-1e3787d8aa65",0,"2 - Infra"
"7fdeef1c-dd3b-556b-aef6-86c713f0a80f",0,"2 - Infra"
"4c34b29a-62c1-55dc-a5ff-7b6316d770ac",0,"2 - Infra"
"4832895d-c911-5500-ad90-62ffd61326aa",0,"2 - Infra"
"f5e83092-1906-579d-8c9a-a5fe9ae589fc",0,"1 - General AI"
"06aebed8-4b66-5fa5-b55d-b47191acce38",0,"1 - General AI"
"1ac676cb-7a82-506e-88cd-c529451e9cfc",0,"2 - Infra"
"315133d0-51d7-5771-864b-ce0da1f397c6",0,"2 - Infra"
"39c5f66e-0e00-5844-b9e1-9671605a8107",0,"1 - General AI"
"a9a3ae50-1834-54f0-b500-2f183de9f845",0,"2 - Infra"
"f6636a39-1820-5c9e-aa4b-adf382959eed",0,"1 - General AI"
"b9adf931-d075-5706-91c7-36f7c4db1dd4",0,"2 - Infra"
"95c8f6a3-da8e-5b39-aeaf-4e757d062e9d",0,"2 - Infra"
"acc29289-7e72-5d84-9f93-71c143c0da9f",0,"2 - Infra"
"949b2839-7a85-53e7-81ef-bf05b96ad4d6",0,"2 - Infra"
"7e5cce77-ac88-5c44-b8bc-8d9c5b8aedf6",0,"2 - Infra"
"45983510-97fd-52ef-8801-6a80fbab0966",0,"2 - Infra"
"4f4d2219-955a-5deb-a5b1-c11519b63d5d",0,"2 - Infra"
"856ad0bb-cd7b-5593-8a14-369e95ce7a27",0,"2 - Infra"
"a7035dc0-6fe0-52c6-a5e1-ea137e929264",0,"2 - Infra"
"b39ac558-116f-570c-9cc2-5e53f86bd2ab",0,"2 - Infra"
"d9725017-5b6b-599d-9af3-651aae58372b",0,"1 - General AI"
"e2fb0918-a56f-5350-bb11-ec7bc637f101",0,"2 - Infra"
"9907232c-4ac5-5d1b-925a-50ca30990d5f",0,"2 - Infra"
"fa57f58d-973f-5935-b62d-925267810c81",0,"2 - Infra"
"a8aff138-ff93-5658-9c07-2caa99d03908",0,"2 - Infra"
"adfc5bea-2244-55d2-bac6-e3ad2a482e5b",0,"2 - Infra"
"c57060c3-9f98-504a-a5d2-76b4849f31a2",0,"2 - Infra"
"ddc0e936-aaf2-5ef2-9ba1-b530e5dfd338",0,"2 - Infra"
"fe2ab504-64ae-572b-9df6-adf6ea0ad704",0,"2 - Infra"
"a0e54134-dc2b-56ba-959e-ebb865d39b0a",0,"2 - Infra"
"ab02cda3-244a-50f9-8f25-8db1bd42a216",0,"2 - Infra"
"ab5525b4-deda-5386-b62f-ae14b9db08f6",0,"1 - General AI"
"eddd17e4-93f8-5e91-857c-8fbec0ecdc2a",0,"1 - General AI"
"f010a016-b34b-573f-9ca3-b628a9330369",0,"2 - Infra"
"f1f7b4d7-d318-5075-b86e-b35193defc5e",0,"2 - Infra"
"0182485c-1cc6-5ea6-b036-111fd01363c1",0,"1 - General AI"
"037fccca-e21c-54fd-b8c1-8a998c2180b7",0,"1 - General AI"
"04447dea-83ef-5355-b805-5b8e07266128",0,"1 - General AI"
"0682d37a-79e7-5ae7-bbce-6d0d29f63c62",0,"1 - General AI"
"1573dcf9-9cdf-5853-995f-88d6d9bae1cc",0,"1 - General AI"
"22d727ee-d842-551d-a711-302ffe835a60",0,"1 - General AI"
"f6705f60-d775-5415-a2c2-85cf8e9c94df",0,"1 - General AI"
"433e746e-4bb1-5c35-86b7-ac7b91c707dd",0,"1 - General AI"
"7ff07e1d-c545-5c50-983e-56e14f31e7f3",0,"1 - General AI"
"81748ee3-a401-5e75-8a7f-04cbc6b39269",0,"1 - General AI"
"899a4420-932e-5960-8e28-0879a7b8a6af",0,"1 - General AI"
"902d850c-d300-59e4-8cc4-051f4d4e7780",0,"1 - General AI"
"92928cd3-9de3-504e-93e3-9fcc3c310a66",0,"1 - General AI"
"984cc232-37b1-50f1-9c54-66dcdce64d79",0,"1 - General AI"
"a4595a4f-ca1a-588b-89bd-0a59596cdce5",0,"1 - General AI"
"a66af6f7-7ccf-57ef-be5c-1cc8f8f24527",0,"1 - General AI"
"ae1df611-3a7a-57fa-91f4-d087c968d55e",0,"1 - General AI"
"aec772c2-1b74-52d3-8239-668ea4f2d315",0,"1 - General AI"
"b1f8b4d9-53fb-5b1d-a41c-634fe1869ff4",0,"1 - General AI"
"b3066907-046d-5db8-8c12-145b9d2399b4",0,"1 - General AI"
"b67f28d0-8f16-5470-873d-3bd4fc2c67f2",0,"1 - General AI"
"cb931222-a1ad-5fd5-9fed-759f2c1d7543",0,"1 - General AI"
"cf61192c-9bc8-5da4-a9f2-eda68a2d3607",0,"2 - Infra"
"083c8961-3699-5fad-9f26-31478c711fb5",0,"2 - Infra"
"6c0dce19-3955-59ff-b689-b8536ac11439",103,"2 - Infra"
"3391e164-85b0-59bd-9721-1a5b0b83938f",185,"1 - General AI"
"13f004dc-182c-5318-b3af-1f78b304fe6f",29,"1 - General AI"
"2c6ae2ee-7e66-5a92-8929-6d0e4b9ea760",208,"2 - Infra"
"08de8873-ccd7-5ab5-8bf7-8b3ac7a28059",170,"1 - General AI"
"e889f488-8522-5343-a15e-b7f7e33c1704",79,"2 - Infra"
"e889f488-8522-5343-a15e-b7f7e33c1704",26,"2 - Infra"
"6c0dce19-3955-59ff-b689-b8536ac11439",89,"1 - General AI"
"6c0dce19-3955-59ff-b689-b8536ac11439",30,"2 - Infra"
"36acde72-47bf-5a97-98cb-bd1b3b7d8563",36,"1 - General AI"
"b4dc29e5-3331-58bc-98fb-598fb0033361",80,"1 - General AI"
"13f004dc-182c-5318-b3af-1f78b304fe6f",93,"2 - Infra"
"13f004dc-182c-5318-b3af-1f78b304fe6f",105,"1 - General AI"
"88102f8a-34cb-5b4d-92fe-8a847b6c9a4d",106,"1 - General AI"
"6c0dce19-3955-59ff-b689-b8536ac11439",111,"1 - General AI"
"18972ad4-afe3-5d27-97ae-a0007e3d0418",58,"2 - Infra"
"6e7bdfc4-2692-5448-b0e1-92968ebd25e4",85,"1 - General AI"
"24aac953-e618-5794-a40f-37a47366a2a0",87,"1 - General AI"
"49c7ebf6-d1b9-5e07-b7d6-b61fb37da2c0",130,"1 - General AI"
"9d07dd95-3fa0-5b73-8843-f846303eb38a",184,"1 - General AI"
"66ca62af-3f3f-550c-ad56-8d816942b6d0",76,"1 - General AI"
"2cae0a09-b50c-5430-a1ca-99edd1790d32",5,"1 - General AI"
"2e3ebdd6-c645-50e4-b6b0-d7694deb9dff",57,"1 - General AI"
"1843affa-83ab-5648-a873-11b0c30eeb53",62,"1 - General AI"
"5c6ea7e9-cae8-5452-8108-0f49a37ec1bb",72,"1 - General AI"
"dd418d07-8f0b-557b-bf12-220b13e39d03",53,"1 - General AI"
"24aac953-e618-5794-a40f-37a47366a2a0",118,"1 - General AI"
"fa6fc1b3-8cbd-5710-8ddd-051d2233e8ac",47,"2 - Infra"
"5166692b-6110-5fba-98dc-233e29dfe106",114,"1 - General AI"
"9e99f294-c27a-552e-9f0c-2c8abccf5c38",76,"2 - Infra"
"66ca62af-3f3f-550c-ad56-8d816942b6d0",75,"1 - General AI"
"01315954-a6a6-5742-acdb-83cf133de7d3",0,"1 - General AI"
"01428bfd-d7f6-579c-92d4-e806a10a5a17",0,"1 - General AI"
"0239e5e6-6cd5-5895-93e3-3934532c9b49",0,"2 - Infra"
"023f8195-c6fa-5638-b0b1-7bd20111c830",0,"2 - Infra"
"02472458-1757-5b47-96e3-2e0380065b5d",0,"2 - Infra"
"0637aa4b-8a55-5bf6-aeb6-23f336450379",0,"2 - Infra"
"094322fc-4a3f-5872-a1c0-13740a32a19a",0,"1 - General AI"
"095d4df1-c850-5056-bcfb-debcca10d0bd",0,"2 - Infra"
"19826f37-fc25-558d-906e-3fec633c82d1",0,"2 - Infra"
"1ec3746b-ef48-5a47-8791-cbc4f943a22b",0,"2 - Infra"
"20e405c4-9aba-568a-955f-69fd052a89ca",0,"2 - Infra"
"24d05287-3a8b-5bae-bd27-9b556768407f",0,"2 - Infra"
"252510ed-efbf-5c39-b5b9-a5fb34df899e",0,"1 - General AI"
"256c2681-ca31-5065-afcd-dd33eabec904",0,"1 - General AI"
"25fee580-0283-5819-9fdf-467955608c86",0,"1 - General AI"
"260b89bc-8f45-51aa-9566-be57aa63ab3b",0,"2 - Infra"
"2a0fa415-8089-57c7-89f5-f581c50d7f97",0,"1 - General AI"
"2a3208b0-050c-5124-86f6-0ed2504e5d16",0,"2 - Infra"
"2d882fda-736c-5859-9aab-f54bc36d4dae",0,"2 - Infra"
"2e69cf1a-5061-5650-9867-61b923f4faab",0,"1 - General AI"
"fcee3afe-421b-580b-8bca-73d5fc3d93a9",0,"2 - Infra"
"46431bdd-72bf-515b-99e1-e44764a0242f",0,"2 - Infra"
"4cdc2c17-3f29-5197-8057-e1724720e5f5",0,"2 - Infra"
"4d21cc20-296a-56f0-9f03-d0681fed6ad8",0,"2 - Infra"
"5ac83dc9-3a9e-5e58-87fb-c799fd032c3d",0,"1 - General AI"
"5c352329-6b51-5af1-ba6f-86beef7c0db5",0,"2 - Infra"
"5c474a02-fea7-598a-859c-19dfe87b35e0",0,"1 - General AI"
"5d362997-9423-5824-b2f1-cedbd662c9c0",0,"1 - General AI"
"6b2500ed-c1ac-5866-8d90-eedadeef9361",0,"1 - General AI"
"8438dd0e-e55b-514c-96d5-ca55dbe73d2c",0,"1 - General AI"
"84cf3cc3-2b5a-54cc-87b3-e11801de26db",0,"1 - General AI"
"91e8db09-15e9-5621-a6fe-e0dbe029e514",0,"2 - Infra"
"98097503-cae7-5fd2-acbc-f8b3878db834",0,"2 - Infra"
"98ea6615-a92b-5e27-bd33-82fab57e58f0",0,"1 - General AI"
"a1150b9d-c4f9-56e0-848f-7555d5441030",0,"2 - Infra"
"bbc4dae3-e27f-5602-ae4d-28ec41e563bb",0,"2 - Infra"
"c9ab3c70-c4eb-5934-b31d-9ef0158492fd",0,"2 - Infra"
"cec9424c-0aa6-5591-8e28-3b7e7d8dd7c3",0,"2 - Infra"
"d0a1ae0b-403b-5630-a409-d96acd56550f",0,"2 - Infra"
"da2af5fc-c166-533c-a4f2-e3f5cb3f822b",0,"1 - General AI"
"da4b26f0-0f05-55f9-a9f5-2406d9c5a62a",0,"2 - Infra"
"da84c82d-82f6-57b1-8b32-697afac80faa",0,"1 - General AI"
"e0790b1e-d4b1-524f-a893-4b5359db222c",0,"2 - Infra"
"e0818047-f6fb-5e21-9f36-0ec3fa3ab215",0,"2 - Infra"
"e4654f18-266a-5a01-b4ce-3954ea4039cb",0,"2 - Infra"
"e5d0a1e8-293d-5ae8-8c32-e64c375cc4c7",0,"1 - General AI"
"e5e74bc9-470e-5431-bd06-ad1aaecc7ea9",0,"2 - Infra"
"e8046da5-6114-516c-8938-3cbc987757fb",0,"1 - General AI"
"eec75748-c6a5-5ce3-bf25-f50235810066",0,"1 - General AI"
"ab72d941-8fdc-5767-b285-9d93e8a69f53",0,"2 - Infra"
"ef157d00-7a51-5e8f-a65c-466941c6a918",0,"2 - Infra"
"ad2487b9-0660-5308-ac92-621bba7529be",0,"2 - Infra"
"ad3b5d2b-d352-521b-b0e1-89be0c878b20",0,"2 - Infra"
"038bebc7-cc9f-521e-94dc-1854a5cf0ced",0,"2 - Infra"
"05a67ea5-b47d-562a-a266-096dcb7b3dc9",0,"1 - General AI"
"07911ad9-3ab4-5618-922d-6196f8700550",0,"1 - General AI"
"07c8f504-e1a7-5638-bfb9-cee6ff44a2c0",0,"2 - Infra"
"09118f35-4e18-5472-9939-643e04f7a946",0,"2 - Infra"
"0917709b-750e-5d25-b139-ba3edc28a2c9",0,"1 - General AI"
"0b144593-cde5-5f37-9cdb-c9c30f5aebb4",0,"1 - General AI"
"122d4f7b-9dda-5fab-918d-9dc9f8bb8dd5",0,"2 - Infra"
"1281ecb1-b7b5-5290-a523-66f2792dec92",0,"2 - Infra"
"17bf7a32-36b5-5ea5-986a-dbac4c0d5e1d",0,"2 - Infra"
"17dbbda4-e37e-5d7a-b3c6-2b1e1177f9bc",0,"2 - Infra"
"23f65dae-c691-51b4-ba2e-fe29e2088008",0,"2 - Infra"
"240fd456-68fe-5159-a21d-432ce2fa9421",0,"1 - General AI"
"242685d1-05d2-5b72-94b3-f481f4008d75",0,"2 - Infra"
"3abf018d-6063-5fb9-8722-221654dedfb8",0,"2 - Infra"
"f6df7794-cb22-559f-8fc9-0dc147a722c5",0,"2 - Infra"
"f6e6398a-c20b-5666-b9d2-5040001f9556",0,"2 - Infra"
"fa8396ac-e72d-560d-9ce4-e04547542fe4",0,"2 - Infra"
"fa9d685d-b02f-53b0-961f-8038f126d193",0,"2 - Infra"
"3e93a550-4443-5dbb-9283-d92492cc269f",0,"2 - Infra"
"3ec054c6-cefb-5575-956a-6dfbf457abcb",0,"2 - Infra"
"3ea79e63-3872-59a8-bcf2-f2c6d562d279",0,"1 - General AI"
"408b34f2-9cb3-5d5c-92f4-df9efae84592",0,"1 - General AI"
"4ae6f52a-ee63-5940-a457-9316b7c4c52d",0,"1 - General AI"
"4e6bfacc-2ec8-5fc0-a78e-6b9d693fcfcd",0,"1 - General AI"
"55c03e0f-d480-500f-9301-5d205e35f6ea",0,"1 - General AI"
"57e1d4a6-63ed-5040-8bfe-dded2e5faa67",0,"1 - General AI"
"5e60aef7-04b9-5cbf-9f8a-1c9aa1c2e0c2",0,"2 - Infra"
"692aed01-e7a1-5012-83fa-dbdf7eb51d59",0,"1 - General AI"
"6a3632e7-b8cc-5322-bdbb-a25faffa71d2",0,"1 - General AI"
"706422e0-57c8-5e6c-8f22-4f01efc890c4",0,"1 - General AI"
"7080cd50-3ca1-57c5-a2c5-7189cdc3d9e2",0,"2 - Infra"
"7c27224e-aab3-5671-a118-54e85c4384cc",0,"2 - Infra"
"7cbaddaa-63c7-565f-b749-8911213ea6ad",0,"2 - Infra"
"7ea36d30-312f-5d0d-8243-dcb1bbd95fab",0,"2 - Infra"
"7ebecd98-937e-5dfd-ba6b-bb9b7665d6c5",0,"1 - General AI"
"82dd607d-c9a7-5729-ab6a-522d5fcea4d4",0,"2 - Infra"
"89f657df-7f3a-5bd6-aae6-feaf8f25366f",0,"3 - Platform"
"8a3cbb7a-d8ea-5df2-865c-2e826e1888c3",0,"1 - General AI"
"95e769f7-d4bd-5827-973d-2f4915c5be55",0,"1 - General AI"
"95f07064-73cb-5922-86f5-6a217934a7a5",0,"1 - General AI"
"a52f4d85-8c9b-5978-b687-60cc4437a970",0,"2 - Infra"
"a788283a-16ae-52b4-8954-4a219107c92d",0,"1 - General AI"
"a794f9b0-fe94-5c15-8870-973138d70b4c",0,"1 - General AI"
"ae6a2f08-ed52-5b61-89b4-5d631e0a0349",0,"2 - Infra"
"ae8d9dfc-ec9d-5dda-b57e-5a67b0c49655",0,"2 - Infra"
"afb13f55-21a9-593f-bd93-ffebf0119ae2",0,"2 - Infra"
"b55af01e-27fc-5958-8524-b669c963fa22",0,"1 - General AI"
"b8de16b6-446f-5f7c-8f78-a0bb36ca0a2e",0,"1 - General AI"
"baf2375e-6caf-524d-87bc-06733b0024db",0,"1 - General AI"
"c4a06b09-0cff-5f27-b628-9db235b34197",0,"3 - Platform"
"c9329813-e3c5-5cbf-85ae-84c6f8d19584",0,"2 - Infra"
"cfc966bf-a67d-50ce-a0f7-32cab6349785",0,"2 - Infra"
"d00e4f98-8a83-55a0-b23a-aad279332424",0,"2 - Infra"
"d53a92ac-f549-54c9-bd6f-a349627cd566",0,"2 - Infra"
"d90b585c-46e4-51f5-8fb7-62932d86c350",0,"1 - General AI"
"dc2e6cb7-f3c9-5c51-887c-066895b5321c",0,"2 - Infra"
"66ca62af-3f3f-550c-ad56-8d816942b6d0",26,"1 - General AI"
"66ca62af-3f3f-550c-ad56-8d816942b6d0",20,"1 - General AI"
"66ca62af-3f3f-550c-ad56-8d816942b6d0",18,"1 - General AI"
"66ca62af-3f3f-550c-ad56-8d816942b6d0",16,"1 - General AI"
"f8adc36d-c424-5c38-92d4-d3439f0dae8b",2,"1 - General AI"
"68860c45-5a25-5694-9d70-c116f5062adc",47,"2 - Infra"
"4131fc5a-c19e-53c1-9732-68ec067db168",39,"1 - General AI"
"fe04a5b4-1463-5316-897f-63c6b4b34d3f",28,"1 - General AI"
"fe04a5b4-1463-5316-897f-63c6b4b34d3f",4,"1 - General AI"
"57065ce8-9a47-5dda-acba-91c6432fdca8",55,"1 - General AI"
"7b27af06-7691-5a92-b21a-d5d5eac241e0",64,"1 - General AI"
"8b98b892-759b-5244-89aa-3470503fab29",63,"2 - Infra"
"10f51f07-a413-582f-9b0d-1591df796236",52,"2 - Infra"
"97e75168-0d6a-526d-8011-9cf9fd20ea6e",59,"1 - General AI"
"ded09a61-bb7d-5ef6-acb7-1d9af9f2d9f4",0,"2 - Infra"
"def6d8ad-baa0-537c-a114-3b2889c36825",0,"2 - Infra"
"df0c7474-a1f4-59cf-bf00-d47d6314c8e5",0,"2 - Infra"
"797d5c39-f0b3-59bd-b624-d97a6eed18de",0,"2 - Infra"
"c1421ffc-71e1-5203-8740-01601755fd19",0,"3 - Platform"
"2e3ebdd6-c645-50e4-b6b0-d7694deb9dff",102,"1 - General AI"
"179d4a6e-fd59-5d6d-91a7-1c3ecb1d3342",83,"2 - Infra"
"8b314425-6f41-5b11-9d60-234e8806dd89",0,"2 - Infra"
"8a70658a-4569-5ce8-a1b7-889433e452c9",101,"1 - General AI"
"8d0b9476-3591-5c4d-99b4-23f3be3fc145",0,"1 - General AI"
"8d318217-6b26-506b-898b-c207374c652c",0,"2 - Infra"
"a0f87f5f-47f1-5127-81c2-44ac0b715920",20,"1 - General AI"
"a60a24e3-8f75-519e-9099-9e44d1642064",0,"1 - General AI"
"a6259cde-67c3-5b42-85c5-260dd9c132c9",0,"2 - Infra"
"a88cca9a-5f32-50ac-ba8b-4d344c81c452",0,"2 - Infra"
"42ef4229-150e-5696-8180-ace1c129bc06",9,"1 - General AI"
"8bf594e4-ead8-50ea-b39c-04103f3bf3c8",125,"1 - General AI"
"09e53e56-9655-5b01-9328-be1a2e0f8757",99,"1 - General AI"
"179d4a6e-fd59-5d6d-91a7-1c3ecb1d3342",75,"1 - General AI"
"5c1c0077-cc84-5b0d-aa79-23fe8552e1b6",9,"1 - General AI"
"642dd329-c2f9-500a-87db-db76515798dd",100,"1 - General AI"
"64d6f21e-3c6a-574f-a02f-11aad0542d7f",46,"1 - General AI"
"8a70658a-4569-5ce8-a1b7-889433e452c9",113,"1 - General AI"
"e0c35d06-f4cf-56d9-84a6-4049fd8c39a6",86,"1 - General AI"
"6dc9cdff-931e-55e5-8da6-ded40cfd42a0",59,"1 - General AI"
"e5a3eb29-56c7-565c-991b-d105a0172f85",104,"1 - General AI"
"420cabe7-e6d5-5aab-a755-fd9d206825a8",112,"1 - General AI"
"83cbc14a-2704-5d7e-9567-ddbce33572ed",73,"2 - Infra"
"935b548e-a872-5c60-9f81-abdf52ac4495",132,"1 - General AI"
"9e589a58-bbcf-5f69-9dd6-acc6e4bbefc0",101,"1 - General AI"
"c6bc98fe-00c5-533f-929d-b7747a12ee65",90,"1 - General AI"
"e0c35d06-f4cf-56d9-84a6-4049fd8c39a6",58,"2 - Infra"
"8d2cf62c-3276-5bb1-b4b7-95030265b7e5",54,"1 - General AI"
"18972ad4-afe3-5d27-97ae-a0007e3d0418",75,"2 - Infra"
"7069b334-1e6f-57d9-ae2e-e86d13056a9f",8,"1 - General AI"
"7d2c5140-50a2-5390-9b99-500265975c1b",96,"1 - General AI"
"8a70658a-4569-5ce8-a1b7-889433e452c9",66,"1 - General AI"
"3d4eda31-9fc2-5c41-9060-4ef7b8a79008",75,"2 - Infra"
"09e53e56-9655-5b01-9328-be1a2e0f8757",204,"1 - General AI"
"a2e1c147-ad35-5225-a2ab-cfd6d7cf19c5",98,"1 - General AI"
"64d6f21e-3c6a-574f-a02f-11aad0542d7f",44,"2 - Infra"
"9fc772f2-c925-549d-8063-dcd2d33be980",117,"1 - General AI"
"bb5aef7d-d99f-5639-841b-44188f435b0f",91,"1 - General AI"
"e5a3eb29-56c7-565c-991b-d105a0172f85",82,"1 - General AI"
"eb6c5321-e8d8-5586-a77b-28a5de2e0a0f",95,"1 - General AI"
"2e3ebdd6-c645-50e4-b6b0-d7694deb9dff",47,"1 - General AI"
"6dc9cdff-931e-55e5-8da6-ded40cfd42a0",102,"1 - General AI"
"9e99f294-c27a-552e-9f0c-2c8abccf5c38",78,"2 - Infra"
"66ca62af-3f3f-550c-ad56-8d816942b6d0",14,"1 - General AI"
"66ca62af-3f3f-550c-ad56-8d816942b6d0",12,"1 - General AI"
"66ca62af-3f3f-550c-ad56-8d816942b6d0",10,"1 - General AI"
"66ca62af-3f3f-550c-ad56-8d816942b6d0",8,"1 - General AI"
"cf725de5-8ab8-59c3-839c-04fec97893b9",64,"1 - General AI"
"6dc9cdff-931e-55e5-8da6-ded40cfd42a0",104,"1 - General AI"
"6e7bdfc4-2692-5448-b0e1-92968ebd25e4",68,"1 - General AI"
"3b9e2e98-ce6f-53cf-b5ac-1b11e61fc11c",43,"1 - General AI"
"e71520d1-becb-5a71-a4a2-255302b18e56",120,"1 - General AI"
"e23fad02-d262-5319-85d5-99c856d576f9",84,"1 - General AI"
"5166692b-6110-5fba-98dc-233e29dfe106",90,"1 - General AI"
"5a6f90f8-32e8-543d-9000-fde4a761254f",123,"1 - General AI"
"642dd329-c2f9-500a-87db-db76515798dd",158,"1 - General AI"
"8a70658a-4569-5ce8-a1b7-889433e452c9",58,"1 - General AI"
"8a70658a-4569-5ce8-a1b7-889433e452c9",98,"1 - General AI"
"935b548e-a872-5c60-9f81-abdf52ac4495",78,"1 - General AI"
"935b548e-a872-5c60-9f81-abdf52ac4495",86,"1 - General AI"
"e0c35d06-f4cf-56d9-84a6-4049fd8c39a6",79,"1 - General AI"
"acbb66e2-056e-5430-b3df-78127fcc301e",101,"1 - General AI"
"2e3ebdd6-c645-50e4-b6b0-d7694deb9dff",115,"1 - General AI"
"26dddcfe-6009-5f3b-b9d9-a0130b601087",101,"1 - General AI"
"5c1c0077-cc84-5b0d-aa79-23fe8552e1b6",52,"1 - General AI"
"8efe5467-d363-5169-8fcd-ec221a07fc09",49,"1 - General AI"
"ca76717a-8375-5641-be67-d0dcd0150578",60,"1 - General AI"
"dd418d07-8f0b-557b-bf12-220b13e39d03",39,"2 - Infra"
"26dddcfe-6009-5f3b-b9d9-a0130b601087",51,"1 - General AI"
"7d2c5140-50a2-5390-9b99-500265975c1b",92,"2 - Infra"
"97e75168-0d6a-526d-8011-9cf9fd20ea6e",51,"1 - General AI"
"dcbd1a51-12fa-5a2b-9267-80ab17ddff40",79,"1 - General AI"
"e4ddc43e-569a-5b29-ad13-f05a5cabb599",63,"1 - General AI"
"68860c45-5a25-5694-9d70-c116f5062adc",45,"1 - General AI"
"420cabe7-e6d5-5aab-a755-fd9d206825a8",101,"1 - General AI"
"2e3ebdd6-c645-50e4-b6b0-d7694deb9dff",149,"1 - General AI"
"24c6c1e8-4c8a-59ff-970e-0a03635dec0a",97,"1 - General AI"
"22afdd6c-069b-52e0-8530-9b4cab83b2bd",105,"1 - General AI"
"1d93d9be-e915-5ae3-8655-4798dd9f5ebc",46,"1 - General AI"
"5a6f90f8-32e8-543d-9000-fde4a761254f",112,"1 - General AI"
"e71520d1-becb-5a71-a4a2-255302b18e56",96,"1 - General AI"
"2e3ebdd6-c645-50e4-b6b0-d7694deb9dff",110,"1 - General AI"
"22afdd6c-069b-52e0-8530-9b4cab83b2bd",58,"2 - Infra"
"ffaeb671-975f-54d2-badf-6bd89649c168",95,"1 - General AI"
"438d88e5-00f6-5108-b55f-5c76c9934756",68,"1 - General AI"
"8b98b892-759b-5244-89aa-3470503fab29",56,"1 - General AI"
"cf725de5-8ab8-59c3-839c-04fec97893b9",61,"2 - Infra"
"29a93af3-cc2f-5907-8c25-15346aefce77",84,"1 - General AI"
"3d4eda31-9fc2-5c41-9060-4ef7b8a79008",55,"1 - General AI"
"eb6c5321-e8d8-5586-a77b-28a5de2e0a0f",129,"1 - General AI"
"2e3ebdd6-c645-50e4-b6b0-d7694deb9dff",107,"1 - General AI"
"452f2855-0328-5fdd-a2d6-cd4793fb1528",50,"2 - Infra"
"8a70658a-4569-5ce8-a1b7-889433e452c9",106,"1 - General AI"
"8c0d9753-029a-574b-a5f6-3c4090803969",95,"1 - General AI"
"e71520d1-becb-5a71-a4a2-255302b18e56",78,"1 - General AI"
"0f2aa708-c790-5251-a13c-b3196a31fc06",75,"2 - Infra"
"23109a2b-2335-5f3e-b1fb-a4c3d399dce4",52,"2 - Infra"
"5c6ea7e9-cae8-5452-8108-0f49a37ec1bb",104,"1 - General AI"
"6e7bdfc4-2692-5448-b0e1-92968ebd25e4",47,"1 - General AI"
"22afdd6c-069b-52e0-8530-9b4cab83b2bd",99,"2 - Infra"
"48b9f120-88e0-5ea5-84c1-e8b2ebfc2c2c",44,"1 - General AI"
"5a6f90f8-32e8-543d-9000-fde4a761254f",57,"1 - General AI"
"9e99f294-c27a-552e-9f0c-2c8abccf5c38",75,"1 - General AI"
"d217f4b1-f391-5895-bf80-d0ce63e17575",50,"2 - Infra"
"dcbd1a51-12fa-5a2b-9267-80ab17ddff40",90,"2 - Infra"
"e71520d1-becb-5a71-a4a2-255302b18e56",74,"2 - Infra"
"2cae0a09-b50c-5430-a1ca-99edd1790d32",66,"1 - General AI"
"642dd329-c2f9-500a-87db-db76515798dd",109,"1 - General AI"
"877ecd2f-2639-57e6-80e4-48e9a8b0126f",58,"2 - Infra"
"e4ddc43e-569a-5b29-ad13-f05a5cabb599",9,"1 - General AI"
"eb6c5321-e8d8-5586-a77b-28a5de2e0a0f",96,"1 - General AI"
"935b548e-a872-5c60-9f81-abdf52ac4495",93,"1 - General AI"
"cdfc47fc-a9cc-5c72-a330-4c221ebf96e4",119,"1 - General AI"
"e23fad02-d262-5319-85d5-99c856d576f9",77,"1 - General AI"
"e23fad02-d262-5319-85d5-99c856d576f9",78,"1 - General AI"
"ebb2f801-ae71-5347-ac7c-8c4bd87e7b4c",0,"2 - Infra"
"ad7941be-2a9a-557f-8759-54aa645d6c53",0,"1 - General AI"
"adaaa57a-a175-5273-93ba-060e78a40ea7",0,"2 - Infra"
"ad70ad5e-d0f5-59eb-8498-6bb500bfaccf",131,"1 - General AI"
"04a70f05-8138-56ad-a5a8-5e57fcb560f0",0,"1 - General AI"
"085edfb3-c578-5172-a262-9a33a363e03d",0,"2 - Infra"
"08abd55f-bab9-50b5-9c40-4b7105569d8a",0,"1 - General AI"
"14412f2e-0b04-5844-97c1-e375e44aad61",0,"2 - Infra"
"16951b09-3725-593f-a6df-12c32e83a276",0,"1 - General AI"
"174c0014-d7c7-56bd-a398-2720664e5b10",0,"1 - General AI"
"1862a7c4-bb8e-5651-9808-a85fee7d498e",0,"3 - Platform"
"1874f83d-5209-550e-b9bd-e5ff93673dbe",0,"2 - Infra"
"23b60657-8ce6-5665-8cad-47892f6476d2",0,"1 - General AI"
"2762784c-ee4c-55e1-beae-f3d34829ca47",0,"3 - Platform"
"277066fd-974c-5729-b74e-560b0bda1093",0,"1 - General AI"
"278b4e55-8811-525c-a45c-468566d0518d",0,"1 - General AI"
"348de5e4-4825-570f-b41f-208f0b39c839",0,"2 - Infra"
"35749c8c-d85b-58a1-b182-45b992caa529",0,"2 - Infra"
"3583d6c0-47d3-5675-9439-16e9a39a5975",0,"2 - Infra"
"f284725c-ea50-5317-892c-fcd6b5064621",0,"2 - Infra"
"f87c400c-e6cc-54e4-8ef6-dc034aad87d7",0,"2 - Infra"
"f8e11b2e-5ac9-5390-9f22-95d319417786",0,"2 - Infra"
"f8e2853c-842e-5745-8bdc-b9a16d6b1ed6",0,"2 - Infra"
"fa0f330a-9262-5537-bf9b-89310ca70ffb",0,"2 - Infra"
"42d09084-a4e9-5daa-bd6f-37e0c7d81149",0,"2 - Infra"
"43d29003-3ad1-5234-ad9c-2e3a3a0b3f87",0,"1 - General AI"
"516f8756-03de-5a0d-9afd-ee65aac39ff9",0,"2 - Infra"
"517d7b41-f5df-5895-bef1-3124d1bab5d1",0,"2 - Infra"
"524aabda-bb46-5920-b56f-42f616927368",0,"1 - General AI"
"52500a3a-e4fc-53e2-babc-60a2fb21edc1",0,"2 - Infra"
"52d60f64-9f3b-52fb-80b3-ab8ace2701e0",0,"2 - Infra"
"628080bd-8403-5621-91c1-25ecd7255de4",0,"2 - Infra"
"62cff8ec-fe36-5384-aebd-1519941efbc7",0,"2 - Infra"
"7db81b1e-9b38-59bf-bbf7-46b885e30da3",0,"1 - General AI"
"7fc402c4-c304-5442-85af-d26f47a3bf4d",0,"1 - General AI"
"802d9245-1802-5ae6-af71-ab34f1c88b3a",0,"2 - Infra"
"803c0a1b-a958-56a4-93f8-3155931eb55d",0,"1 - General AI"
"87e257f4-9aad-50c4-b8c5-a23ed1044440",0,"3 - Platform"
"8a890a68-4da5-5af8-a10a-1d7da0e5106c",0,"1 - General AI"
"8fc0f05d-0029-512b-b4fd-a12c672441d4",0,"2 - Infra"
"90892081-26d2-5b68-8443-0ee17305e3d3",0,"2 - Infra"
"90f663ee-85e8-56f9-af59-40f8648d0d3d",0,"1 - General AI"
"9e4889cd-213d-5fa9-82ce-5810e4874a13",0,"2 - Infra"
"a0109c1a-e304-51ff-9c60-98713568f451",0,"1 - General AI"
"b3031274-e958-50f7-8d34-c4410927767c",0,"1 - General AI"
"b337e891-9cfc-54f3-a030-c489802205b2",0,"1 - General AI"
"b99a5c62-b419-51a3-8d5a-74d5b264e341",0,"2 - Infra"
"bd504b0f-7552-5d42-bcf8-6d75a74ef149",0,"1 - General AI"
"c7e0cec8-9ff8-5386-9c9a-9879d4e813ec",0,"2 - Infra"
"c7ea4583-6c73-585d-bd93-a5a50e80de3b",0,"2 - Infra"
"d5a78394-c875-53a6-8eee-bc03f9e49663",0,"2 - Infra"
"d6063d6e-98f8-5d2d-9b73-bae5df9f198c",0,"1 - General AI"
"dcf51a2f-9beb-5f4e-b086-97eeb1e32386",0,"1 - General AI"
"ddbd791e-a1d0-5885-92e3-573c4b897ac7",0,"1 - General AI"
"ddcb2f9d-0a7b-55b7-a324-2d61f6adcf01",0,"2 - Infra"
"e158a726-35c9-555b-9c9c-fce03d54340f",0,"1 - General AI"
"e161429b-917d-5af5-8d36-c22d98883a97",0,"2 - Infra"
"6574b3b8-4560-5501-b415-0163a055ea54",0,"1 - General AI"
"ec08d380-c621-5c96-ab5e-158507ae3353",0,"2 - Infra"
"acf777ca-b760-5eb8-88fa-63b4ae19bc13",0,"2 - Infra"
"65a9c46a-87fa-534d-8563-8541ff3038df",0,"1 - General AI"
"f9104c4d-14fa-51e5-9ead-c1b6c72385ce",0,"2 - Infra"
"f967dd6e-8911-5102-898e-b926b8b9afc7",0,"2 - Infra"
"1358dd35-7af5-502c-b071-12dca9ee7e76",0,"1 - General AI"
"17fb1a1d-1906-570d-8989-463c1991bf28",0,"1 - General AI"
"1a962866-3732-5413-871f-34776ca2d15e",0,"2 - Infra"
"1ae0a63f-7621-545f-84c3-a9d32faee65e",0,"1 - General AI"
"1e5494b4-850c-5e1d-98b4-23baadd25f4b",0,"2 - Infra"
"213cebdf-8ccc-5347-82ee-dd88a4a4522e",0,"1 - General AI"
"2484bed1-e205-5c32-b2df-01e3aa9d888d",0,"1 - General AI"
"27af599b-14a3-5144-9592-5302446deafd",0,"2 - Infra"
"27ffa158-6345-5835-9245-520f1e7b9b30",0,"1 - General AI"
"2e241728-785a-5796-82b7-bd13de0e40ef",0,"2 - Infra"
"2f376b02-588e-5b32-ace4-a25a1a4d8e74",0,"1 - General AI"
"31b1768f-021c-59ce-aae2-9a11b8c8368a",0,"2 - Infra"
"32d7f2e6-6c49-5755-976d-00c7c18a99ea",0,"2 - Infra"
"35279428-3dad-5f72-a2b2-a2e37cb9ec0e",0,"1 - General AI"
"3646eeb2-f686-578a-97c5-33538652c7ce",0,"1 - General AI"
"37f104e2-fcb1-564f-abe1-9dc9bcec602d",0,"2 - Infra"
"384246c7-cb9b-5654-bf73-352551f93347",0,"2 - Infra"
"385b0640-3931-52fa-a5a6-a7f71ebf8882",0,"1 - General AI"
"e8af010f-5b35-54fe-aae4-f38de3aa370d",0,"1 - General AI"
"e88d0549-f623-528f-aa21-a36f5dfcec50",0,"1 - General AI"
"fb657fb3-d938-587a-9f8b-24134f0ed76f",0,"1 - General AI"
"fbec4ece-59cb-536e-aad8-3aff2bf9d415",0,"2 - Infra"
"43700aa3-9135-5389-a94c-a559a9062654",0,"2 - Infra"
"448418de-4a0a-5c7e-b474-66e73d93813e",0,"2 - Infra"
"48f0587c-f5ce-5503-86d5-da16141239d6",0,"1 - General AI"
"4a162e36-c831-5dff-ab8a-699b66593bfb",0,"2 - Infra"
"4a2e29ea-04b2-536b-8752-85935a272ae2",0,"2 - Infra"
"4a32d180-5505-5f61-8824-f42f4ce057d4",0,"3 - Platform"
"4bac5742-7086-5f0f-b174-81aec7dc027b",0,"1 - General AI"
"4bb72051-8049-534c-b83c-f0610fe7f7de",0,"2 - Infra"
"5a0a6ef2-4e01-5bc7-b28f-7c9851377a58",0,"2 - Infra"
"5a366b6f-39c5-575e-9585-f1a7ef6ed7ca",0,"2 - Infra"
"5c6ea4ee-eb68-51bb-91e9-dbdf892ca587",0,"1 - General AI"
"5c741009-45ce-5398-8dca-d8a22c061f8d",0,"2 - Infra"
"670152d8-9528-5a68-8098-1300b631cb3c",0,"2 - Infra"
"709c20c2-dc96-5277-9548-7e400246fdff",0,"2 - Infra"
"74ec7573-40c3-5b96-a71f-494c30308f00",0,"2 - Infra"
"7accba02-33b1-504f-a0cd-bd2cab423217",0,"2 - Infra"
"7f3e3af0-eabf-588f-b63c-c27676592cfe",0,"2 - Infra"
"82273a42-63d4-5a95-96b4-e2183621605a",0,"2 - Infra"
"883bcada-b281-5484-a86b-957409efe4e7",0,"2 - Infra"
"901b1635-7e59-5504-8c93-738d9d450f99",0,"1 - General AI"
"9073c186-943c-5f8f-b0cb-109e9b1d64ba",0,"2 - Infra"
"92fd1556-b884-5e0c-88b0-21acda197600",0,"1 - General AI"
"94042e68-cfa8-5eb2-b65f-e61fc835ad73",0,"2 - Infra"
"942ebf67-abac-5a7c-afd9-7ac92b743a6d",0,"3 - Platform"
"989718f3-3646-5ea3-98ba-57df912387b9",0,"2 - Infra"
"9ab79c99-04ca-54de-90c7-e178415b6b18",0,"2 - Infra"
"9add26af-7baf-530d-8c7a-9fec9e58f009",0,"2 - Infra"
"a746a66d-493b-50c5-91b3-60aeae7c987e",0,"2 - Infra"
"ae24064e-0652-5b7b-a52c-0dfe413e4a6f",0,"2 - Infra"
"b18e5bed-f6ae-50b4-bbd9-bfe62821751e",0,"2 - Infra"
"c8bc91fd-a762-5be1-996a-fb72495330b3",0,"2 - Infra"
"cdbfa979-272f-554e-be26-2d5e24983b87",0,"2 - Infra"
"e2be811b-41f0-5a57-8714-024388750b20",0,"2 - Infra"
"e3cb007f-0262-5ed7-9572-be73e77b4416",0,"1 - General AI"
"e60e8654-1f6d-5c6b-bbd7-14a3e61781b9",0,"2 - Infra"
"e69f91a8-7899-5e5b-81d8-2616c1487e84",0,"2 - Infra"
"aae180f2-41be-5c71-8dfc-1e62e13a9051",6,"1 - General AI"
"66ca62af-3f3f-550c-ad56-8d816942b6d0",157,"1 - General AI"
"66ca62af-3f3f-550c-ad56-8d816942b6d0",158,"1 - General AI"
"66ca62af-3f3f-550c-ad56-8d816942b6d0",159,"1 - General AI"
"68860c45-5a25-5694-9d70-c116f5062adc",41,"2 - Infra"
"485abed1-39c6-5ff4-a73a-08ead11bd275",6,"1 - General AI"
"485abed1-39c6-5ff4-a73a-08ead11bd275",10,"1 - General AI"
"485abed1-39c6-5ff4-a73a-08ead11bd275",11,"1 - General AI"
"68860c45-5a25-5694-9d70-c116f5062adc",48,"1 - General AI"
"d614e03e-10e1-5db8-b0a7-59d6dece6919",5,"1 - General AI"
"7e81daa6-acaf-5714-95a0-90334943d7dd",24,"1 - General AI"
"265af161-c9ec-59df-85df-637bd794d23e",17,"1 - General AI"
"a548dc2c-3dd1-57d4-afb1-11fbad45ac82",6,"1 - General AI"
"d36ba29b-b659-550f-8c3e-3ad84d79e485",5,"1 - General AI"
"deab7534-211f-580d-b97a-68fee6262736",19,"1 - General AI"
"940eeb1b-f939-562c-9288-3f91e4430633",5,"1 - General AI"
"32415855-6b41-5d68-97e1-c98ecf2b5cd6",35,"1 - General AI"
"938822b8-e97e-58cf-b02e-c13651c550dd",7,"1 - General AI"
"139f6385-dc59-550c-bf3f-cc2df1f64566",16,"1 - General AI"
"13eac0b9-10f8-559c-8f18-10b150935913",5,"1 - General AI"
"13eac0b9-10f8-559c-8f18-10b150935913",24,"1 - General AI"
"833ca294-f6b8-57ed-8014-97e018cae120",33,"1 - General AI"
"1ed73052-d27f-564a-ba56-a8fc3f9ec985",20,"2 - Infra"
"177c7571-8f3c-50cb-8f01-3bae0c1248f2",20,"1 - General AI"
"177c7571-8f3c-50cb-8f01-3bae0c1248f2",26,"1 - General AI"
"6dc9cdff-931e-55e5-8da6-ded40cfd42a0",86,"2 - Infra"
"bb5aef7d-d99f-5639-841b-44188f435b0f",121,"1 - General AI"
"024c423e-0ffe-5c82-8589-aefcb5230f32",29,"1 - General AI"
"09e53e56-9655-5b01-9328-be1a2e0f8757",149,"1 - General AI"
"36d6aa15-6189-56df-94f1-577f30a9857b",111,"1 - General AI"
"a2e1c147-ad35-5225-a2ab-cfd6d7cf19c5",127,"1 - General AI"
"18972ad4-afe3-5d27-97ae-a0007e3d0418",112,"1 - General AI"
"e0c35d06-f4cf-56d9-84a6-4049fd8c39a6",82,"1 - General AI"
"935b548e-a872-5c60-9f81-abdf52ac4495",89,"1 - General AI"
"dd418d07-8f0b-557b-bf12-220b13e39d03",48,"1 - General AI"
"3d4eda31-9fc2-5c41-9060-4ef7b8a79008",85,"2 - Infra"
"42ef4229-150e-5696-8180-ace1c129bc06",62,"1 - General AI"
"f04de089-f8bb-569c-a925-80759aca8430",4,"1 - General AI"
"18972ad4-afe3-5d27-97ae-a0007e3d0418",103,"1 - General AI"
"22afdd6c-069b-52e0-8530-9b4cab83b2bd",106,"1 - General AI"
"ffaeb671-975f-54d2-badf-6bd89649c168",100,"2 - Infra"
"6f604f3a-8799-5077-9f12-2124b4535a92",57,"2 - Infra"
"5a6f90f8-32e8-543d-9000-fde4a761254f",89,"1 - General AI"
"6dc9cdff-931e-55e5-8da6-ded40cfd42a0",37,"2 - Infra"
"87640ebb-cb24-53d9-b80a-9b357b11e3d2",54,"1 - General AI"
"22afdd6c-069b-52e0-8530-9b4cab83b2bd",79,"2 - Infra"
"0f2aa708-c790-5251-a13c-b3196a31fc06",83,"1 - General AI"
"179d4a6e-fd59-5d6d-91a7-1c3ecb1d3342",79,"1 - General AI"
"5166692b-6110-5fba-98dc-233e29dfe106",143,"1 - General AI"
"87640ebb-cb24-53d9-b80a-9b357b11e3d2",100,"1 - General AI"
"8a70658a-4569-5ce8-a1b7-889433e452c9",207,"1 - General AI"
"cf725de5-8ab8-59c3-839c-04fec97893b9",5,"1 - General AI"
"452f2855-0328-5fdd-a2d6-cd4793fb1528",49,"2 - Infra"
"2e3ebdd6-c645-50e4-b6b0-d7694deb9dff",160,"1 - General AI"
"56f766b1-95c3-50ef-a5da-63bcfc6863b6",54,"1 - General AI"
"5c6ea7e9-cae8-5452-8108-0f49a37ec1bb",83,"2 - Infra"
"89fad4ec-160b-5090-bba4-56f33f5333d5",89,"2 - Infra"
"f04de089-f8bb-569c-a925-80759aca8430",72,"1 - General AI"
"75b97be9-b308-5831-8592-1cab58eb5bbc",76,"1 - General AI"
"8a70658a-4569-5ce8-a1b7-889433e452c9",99,"1 - General AI"
"8c0d9753-029a-574b-a5f6-3c4090803969",93,"1 - General AI"
"8a70658a-4569-5ce8-a1b7-889433e452c9",107,"1 - General AI"
"420cabe7-e6d5-5aab-a755-fd9d206825a8",80,"1 - General AI"
"2428546f-c46a-5715-b20e-d92b839e3466",90,"1 - General AI"
"5a6f90f8-32e8-543d-9000-fde4a761254f",91,"1 - General AI"
"83c6596e-b469-5398-858c-3c6decb4c82e",84,"1 - General AI"
"97e75168-0d6a-526d-8011-9cf9fd20ea6e",52,"2 - Infra"
"a420f2c3-69a0-53f5-8244-f45c4c97d86b",98,"1 - General AI"
"8bf594e4-ead8-50ea-b39c-04103f3bf3c8",113,"1 - General AI"
"f04de089-f8bb-569c-a925-80759aca8430",20,"1 - General AI"
"eb6c5321-e8d8-5586-a77b-28a5de2e0a0f",97,"1 - General AI"
"8b98b892-759b-5244-89aa-3470503fab29",66,"1 - General AI"
"8c0d9753-029a-574b-a5f6-3c4090803969",58,"1 - General AI"
"9d379ca7-a2ec-5906-ada3-e1241c8d23dd",4,"1 - General AI"
"6dea71a9-92ed-53e9-88ad-abbe764fd676",54,"2 - Infra"
"7c3fe6f0-b2eb-5ed5-b83e-152b9a3d5155",60,"2 - Infra"
"5c6ea7e9-cae8-5452-8108-0f49a37ec1bb",51,"2 - Infra"
"2e3ebdd6-c645-50e4-b6b0-d7694deb9dff",67,"1 - General AI"
"5a6f90f8-32e8-543d-9000-fde4a761254f",56,"1 - General AI"
"6dc9cdff-931e-55e5-8da6-ded40cfd42a0",40,"2 - Infra"
"7c3fe6f0-b2eb-5ed5-b83e-152b9a3d5155",58,"1 - General AI"
"c494b09d-ce8d-53be-af08-49b0a4ad2fff",80,"1 - General AI"
"d2c9a3b6-b029-5283-a376-51d04b235960",67,"2 - Infra"
"f0344c9f-1242-5b96-bcf3-9bfd6bd09a80",88,"1 - General AI"
"0f2aa708-c790-5251-a13c-b3196a31fc06",76,"2 - Infra"
"48b9f120-88e0-5ea5-84c1-e8b2ebfc2c2c",49,"2 - Infra"
"6dc9cdff-931e-55e5-8da6-ded40cfd42a0",70,"2 - Infra"
"89fad4ec-160b-5090-bba4-56f33f5333d5",72,"2 - Infra"
"b7e5f3e1-7aef-5223-a045-f0fdfe02411c",100,"1 - General AI"
"d17e0c2c-6566-516d-817d-d612f4b118bf",33,"1 - General AI"
"34aba5d0-58da-5781-83dd-b6c84c37e428",52,"2 - Infra"
"2e3ebdd6-c645-50e4-b6b0-d7694deb9dff",108,"1 - General AI"
"87f16f76-92b0-5a9a-9557-9ce64d373138",6,"2 - Infra"
"935b548e-a872-5c60-9f81-abdf52ac4495",87,"1 - General AI"
"c47c1879-47b3-56b0-98e6-40c5bafb2a92",45,"1 - General AI"
"eb6c5321-e8d8-5586-a77b-28a5de2e0a0f",193,"1 - General AI"
"420cabe7-e6d5-5aab-a755-fd9d206825a8",81,"1 - General AI"
"50acd58e-83ef-5dd9-b3df-2b3f4e6b9ff5",83,"1 - General AI"
"5a6f90f8-32e8-543d-9000-fde4a761254f",92,"1 - General AI"
"8b98b892-759b-5244-89aa-3470503fab29",58,"2 - Infra"
"a61d18b2-ea5b-5473-8c75-9df8dd2877ac",58,"2 - Infra"
"c47c1879-47b3-56b0-98e6-40c5bafb2a92",55,"1 - General AI"
"29c22484-f9e5-5b9a-a623-0366882d14cd",42,"1 - General AI"
"5c6ea7e9-cae8-5452-8108-0f49a37ec1bb",124,"1 - General AI"
"5c6ea7e9-cae8-5452-8108-0f49a37ec1bb",50,"2 - Infra"
"a61d18b2-ea5b-5473-8c75-9df8dd2877ac",78,"2 - Infra"
"36d6aa15-6189-56df-94f1-577f30a9857b",82,"1 - General AI"
"09e53e56-9655-5b01-9328-be1a2e0f8757",141,"1 - General AI"
"4131fc5a-c19e-53c1-9732-68ec067db168",91,"2 - Infra"
"64d6f21e-3c6a-574f-a02f-11aad0542d7f",41,"2 - Infra"
"8b98b892-759b-5244-89aa-3470503fab29",83,"2 - Infra"
"9fc772f2-c925-549d-8063-dcd2d33be980",99,"1 - General AI"
"23109a2b-2335-5f3e-b1fb-a4c3d399dce4",53,"2 - Infra"
"7069b334-1e6f-57d9-ae2e-e86d13056a9f",63,"1 - General AI"
"8bf594e4-ead8-50ea-b39c-04103f3bf3c8",60,"2 - Infra"
"9fc772f2-c925-549d-8063-dcd2d33be980",144,"2 - Infra"
"dcbd1a51-12fa-5a2b-9267-80ab17ddff40",23,"1 - General AI"
"40460067-6394-5998-b0eb-74edd360e0cf",56,"2 - Infra"
"25bada2a-1fd3-5cea-b32b-b256c5f67ed9",55,"1 - General AI"
"f0344c9f-1242-5b96-bcf3-9bfd6bd09a80",137,"2 - Infra"
"f1644843-cd02-578d-9a38-18b35ed59abd",139,"1 - General AI"
"8b98b892-759b-5244-89aa-3470503fab29",34,"2 - Infra"
"a2e1c147-ad35-5225-a2ab-cfd6d7cf19c5",66,"1 - General AI"
"22afdd6c-069b-52e0-8530-9b4cab83b2bd",59,"2 - Infra"
"f0344c9f-1242-5b96-bcf3-9bfd6bd09a80",141,"1 - General AI"
"1843affa-83ab-5648-a873-11b0c30eeb53",58,"1 - General AI"
"42ef4229-150e-5696-8180-ace1c129bc06",5,"1 - General AI"
"877ecd2f-2639-57e6-80e4-48e9a8b0126f",49,"1 - General AI"
"a7ca833d-a78b-59cc-80ab-ce3f3d2befae",128,"1 - General AI"
"663a017b-c516-5e17-85fe-b3b68484fdb7",109,"1 - General AI"
"42ef4229-150e-5696-8180-ace1c129bc06",4,"1 - General AI"
"6e7bdfc4-2692-5448-b0e1-92968ebd25e4",82,"1 - General AI"
"70b70835-b4ba-5298-ab9f-53b4b95b7732",70,"1 - General AI"
"e71520d1-becb-5a71-a4a2-255302b18e56",79,"1 - General AI"
"acbb66e2-056e-5430-b3df-78127fcc301e",102,"2 - Infra"
"8bf594e4-ead8-50ea-b39c-04103f3bf3c8",47,"2 - Infra"
"e5a3eb29-56c7-565c-991b-d105a0172f85",88,"1 - General AI"
"67b7b852-0d27-5387-ac79-5e46bb8cff4d",54,"1 - General AI"
"8c0d9753-029a-574b-a5f6-3c4090803969",100,"1 - General AI"
"fdca90ae-9ba5-56f0-b06a-e71c4e06e3ed",57,"2 - Infra"
"8b98b892-759b-5244-89aa-3470503fab29",79,"1 - General AI"
"935b548e-a872-5c60-9f81-abdf52ac4495",94,"1 - General AI"
"a2e1c147-ad35-5225-a2ab-cfd6d7cf19c5",101,"1 - General AI"
"2cae0a09-b50c-5430-a1ca-99edd1790d32",79,"1 - General AI"
"8bf594e4-ead8-50ea-b39c-04103f3bf3c8",48,"2 - Infra"
"30c12e12-584a-5efa-93e7-e5e8b01ff7b2",38,"1 - General AI"
"89fad4ec-160b-5090-bba4-56f33f5333d5",71,"2 - Infra"
"68860c45-5a25-5694-9d70-c116f5062adc",54,"2 - Infra"
"7b27af06-7691-5a92-b21a-d5d5eac241e0",70,"1 - General AI"
"7d2c5140-50a2-5390-9b99-500265975c1b",116,"1 - General AI"
"9e589a58-bbcf-5f69-9dd6-acc6e4bbefc0",95,"1 - General AI"
"e4ddc43e-569a-5b29-ad13-f05a5cabb599",24,"2 - Infra"
"1d93d9be-e915-5ae3-8655-4798dd9f5ebc",45,"2 - Infra"
"eb6c5321-e8d8-5586-a77b-28a5de2e0a0f",87,"1 - General AI"
"8a70658a-4569-5ce8-a1b7-889433e452c9",147,"1 - General AI"
"c47c1879-47b3-56b0-98e6-40c5bafb2a92",53,"2 - Infra"
"d77e8b48-423a-5804-8ac0-befd32128d10",74,"1 - General AI"
"357502b8-18e4-58ad-84b7-e370f45ddb8a",44,"1 - General AI"
"89fad4ec-160b-5090-bba4-56f33f5333d5",88,"2 - Infra"
"8b98b892-759b-5244-89aa-3470503fab29",95,"1 - General AI"
"7069b334-1e6f-57d9-ae2e-e86d13056a9f",65,"1 - General AI"
"8b98b892-759b-5244-89aa-3470503fab29",67,"2 - Infra"
"89fad4ec-160b-5090-bba4-56f33f5333d5",122,"1 - General AI"
"5166692b-6110-5fba-98dc-233e29dfe106",88,"2 - Infra"
"5c6ea7e9-cae8-5452-8108-0f49a37ec1bb",116,"1 - General AI"
"8a70658a-4569-5ce8-a1b7-889433e452c9",141,"1 - General AI"
"c7e46d6c-e5d3-5d5d-956e-d49e9814c267",72,"1 - General AI"
"e23fad02-d262-5319-85d5-99c856d576f9",182,"1 - General AI"
"a0f87f5f-47f1-5127-81c2-44ac0b715920",94,"1 - General AI"
"8c0d9753-029a-574b-a5f6-3c4090803969",57,"1 - General AI"
"8b98b892-759b-5244-89aa-3470503fab29",80,"2 - Infra"
"9fc772f2-c925-549d-8063-dcd2d33be980",95,"1 - General AI"
"8a70658a-4569-5ce8-a1b7-889433e452c9",108,"1 - General AI"
"36d6aa15-6189-56df-94f1-577f30a9857b",85,"1 - General AI"
"2d32eae1-b5b5-5684-b425-171b76985d0d",63,"1 - General AI"
"ffaeb671-975f-54d2-badf-6bd89649c168",74,"2 - Infra"
"4131fc5a-c19e-53c1-9732-68ec067db168",74,"2 - Infra"
"83cbc14a-2704-5d7e-9567-ddbce33572ed",72,"1 - General AI"
"c7e46d6c-e5d3-5d5d-956e-d49e9814c267",64,"1 - General AI"
"18972ad4-afe3-5d27-97ae-a0007e3d0418",77,"2 - Infra"
"3d4eda31-9fc2-5c41-9060-4ef7b8a79008",77,"2 - Infra"
"36d6aa15-6189-56df-94f1-577f30a9857b",81,"1 - General AI"
"f0344c9f-1242-5b96-bcf3-9bfd6bd09a80",87,"1 - General AI"
"42ef4229-150e-5696-8180-ace1c129bc06",66,"1 - General AI"
"5166692b-6110-5fba-98dc-233e29dfe106",87,"1 - General AI"
"83c6596e-b469-5398-858c-3c6decb4c82e",103,"1 - General AI"
"8b98b892-759b-5244-89aa-3470503fab29",54,"1 - General AI"
"8bf594e4-ead8-50ea-b39c-04103f3bf3c8",81,"2 - Infra"
"66ca62af-3f3f-550c-ad56-8d816942b6d0",144,"1 - General AI"
"66ca62af-3f3f-550c-ad56-8d816942b6d0",147,"1 - General AI"
"d9c907c9-e12c-50e1-9f28-2bfdc2488752",110,"1 - General AI"
"8c0d9753-029a-574b-a5f6-3c4090803969",88,"1 - General AI"
"3d4eda31-9fc2-5c41-9060-4ef7b8a79008",97,"2 - Infra"
"2e3ebdd6-c645-50e4-b6b0-d7694deb9dff",155,"1 - General AI"
"42ef4229-150e-5696-8180-ace1c129bc06",64,"1 - General AI"
"83c6596e-b469-5398-858c-3c6decb4c82e",87,"1 - General AI"
"8b98b892-759b-5244-89aa-3470503fab29",87,"2 - Infra"
"935b548e-a872-5c60-9f81-abdf52ac4495",131,"1 - General AI"
"d9c907c9-e12c-50e1-9f28-2bfdc2488752",97,"1 - General AI"
"ac520801-5b09-55aa-b5e1-12af581bc4ad",0,"1 - General AI"
"ee37879d-8bc7-55d8-9e13-a0be8eb65b4c",0,"2 - Infra"
"ee8917b1-f8d2-577f-9737-952b69a78ce6",0,"2 - Infra"
"0cdf4aa9-29b8-531c-bc3a-2f1adca19fce",0,"2 - Infra"
"0ce957ee-1b4c-5565-be6e-a4337276d845",0,"2 - Infra"
"14c99c72-7f2c-5717-ad40-fd04bf2099d0",0,"2 - Infra"
"193f7430-9570-50f6-b048-3192bbaadde4",0,"1 - General AI"
"221e54cd-da0d-5582-b981-5754e2c901de",0,"2 - Infra"
"22571f1b-e9b5-5855-b750-a86828dc55a5",0,"2 - Infra"
"2b6b9391-6335-5c89-b7ad-327cbdcc3d37",0,"2 - Infra"
"3194bb8b-35dc-5ce6-a038-0cb90feaebb8",0,"1 - General AI"
"31a72e9d-d4a4-597c-8136-30e30b4dc9dc",0,"3 - Platform"
"36173e8b-00e7-5dbb-a709-fef6feb59447",0,"1 - General AI"
"3756bb12-ccc6-54a0-bca4-62568dc4ed60",0,"2 - Infra"
"fad9d32c-0258-598a-a898-bf7b2f90d289",0,"2 - Infra"
"fc7294d4-1c8a-5665-b310-c74ec35a9d47",0,"2 - Infra"
"47d9e278-0aeb-5bf2-a36b-16faa324a524",0,"2 - Infra"
"4d5e4e9e-7a4c-5dce-bffe-791ffc7df6ce",0,"2 - Infra"
"4f942c60-d545-50b4-a48b-749fd76a84d5",0,"1 - General AI"
"50120048-0aeb-57ba-99a1-a6fe17ee065f",0,"1 - General AI"
"549fa421-e9a5-5fa6-857b-3e090e0ef5d9",0,"2 - Infra"
"5813318d-9e4e-5d2e-a45c-85b668b0355e",0,"2 - Infra"
"581b1da1-4a15-5f93-8dde-d70b494ffebe",0,"2 - Infra"
"5f440091-3ff7-572c-98ae-879b1962c182",0,"2 - Infra"
"61cbbe56-18ff-5043-bdc6-9e3bc223a11c",0,"1 - General AI"
"6f24559b-521d-56e7-9755-87f7adbdc8d2",0,"1 - General AI"
"7116c494-43c2-50a1-8d11-22778153c3c8",0,"1 - General AI"
"71abf5c6-818c-5279-ba43-fe0326ddef06",0,"2 - Infra"
"75e64520-60d2-5830-81c1-2248f491829a",0,"1 - General AI"
"75fc03ee-4857-5444-83ca-e6df5e298a98",0,"2 - Infra"
"7fdba56b-ed16-51cb-a1ed-2533ca1ede54",0,"1 - General AI"
"820ae37d-3963-58a6-ac9a-f2591a308651",0,"1 - General AI"
"845834ee-3faf-5f2e-827e-efb4395ebf7e",0,"2 - Infra"
"88a7e905-8486-592f-82bf-8b373f2fa9a0",0,"2 - Infra"
"8a831345-c7eb-5b97-89e6-ab8ff44a5cb3",0,"2 - Infra"
"8d3f8e3b-418d-5090-9391-e68026eb9100",0,"2 - Infra"
"946d1139-ec1c-59c5-ad2f-99e02c6ec022",0,"1 - General AI"
"9472f85b-8a06-5bde-a6c0-fb84f2116cda",0,"2 - Infra"
"99a349cb-1971-5002-8ef0-a5c2194e6fe7",0,"1 - General AI"
"99c133f0-0615-5d26-9034-b0d0a01352df",0,"1 - General AI"
"9eeebc2a-47c4-56fe-94cf-e1cd1e89ca66",0,"1 - General AI"
"b3c9f263-0e77-5e08-8818-45e54453bab9",0,"2 - Infra"
"b50a3f47-a589-59b5-aa3a-9b2dd10a2c80",0,"2 - Infra"
"b62dcf10-ea1d-56a1-96d2-a7abcbd92ee0",0,"2 - Infra"
"b81b40a0-c5c4-5a3f-ab72-4d209cb25061",0,"2 - Infra"
"bb7e9394-c2d5-5741-b280-03d77df29fa1",0,"2 - Infra"
"bb80cf83-4bc1-54f8-90bc-16e342444d20",0,"1 - General AI"
"c3e331c9-8877-5d19-85d5-86e0c5e34642",0,"2 - Infra"
"c5ca469f-231c-553f-bc46-b5923f613b66",0,"2 - Infra"
"c5db209b-d8e5-54da-8d5e-74505858abf0",0,"2 - Infra"
"c63df733-89e4-52f9-93c4-2c5f772328d1",0,"1 - General AI"
"c6679149-05d1-5034-b6a3-7775b3c9f7fc",0,"2 - Infra"
"d68946cb-1fe8-52fd-95f5-e3c56bce0d67",0,"2 - Infra"
"d6e8ef52-b5c1-555b-932d-af9a21251254",0,"1 - General AI"
"da958d54-6ff1-5632-ab81-f9a90e64bf83",0,"1 - General AI"
"dacfb7e5-ddb4-575f-a170-6f879e5f56f6",0,"2 - Infra"
"daf81d62-f0b0-5b87-892a-f17cf691a19d",0,"1 - General AI"
"efea2192-e0a9-535d-8be6-ea55e482166e",0,"2 - Infra"
"effdb137-be23-5c1e-a626-26d013b74ab9",0,"2 - Infra"
"b018567e-58e4-5306-8ae2-dd15f2bbd38f",0,"1 - General AI"
"f06690e2-76d8-5808-ae6d-59d8e91108a8",0,"2 - Infra"
"67f1af74-8b96-59cc-a62e-a931bcd3a1ca",0,"1 - General AI"
"0f48b256-ea5c-53b4-bfbc-fdbcfe987778",0,"2 - Infra"
"44c21a07-2407-5c94-a2a2-3c3eed952396",0,"1 - General AI"
"1b0d6173-f18d-5f1e-aa09-24a34f3b92df",0,"2 - Infra"
"1b462a19-05a4-526d-b57e-c2157030b280",0,"1 - General AI"
"1b758cd6-48cc-55be-9757-1228aa165106",0,"2 - Infra"
"1b8a54a6-f357-57e3-8ecb-de73e45a3f19",0,"1 - General AI"
"21680541-d10c-5857-b4f6-87f318f87942",0,"1 - General AI"
"4c789560-a4db-5046-ab85-36abcc67a1b7",7,"1 - General AI"
"4c789560-a4db-5046-ab85-36abcc67a1b7",21,"1 - General AI"
"5976b944-8ef7-547d-aab3-33f7550c4fd3",0,"2 - Infra"
"59a383aa-6e87-573f-a8f2-1eba86bb26a0",0,"2 - Infra"
"2c434563-354c-5d2e-813a-5d9f7c311d22",0,"2 - Infra"
"2f8aca9f-774f-55a0-bca4-f479de4d008c",0,"2 - Infra"
"61193638-7429-52d6-8281-47aa425e8f49",0,"2 - Infra"
"88f3ee15-5a03-5e3e-936c-902f6f148668",0,"2 - Infra"
"6167ba32-d70f-5bf7-855c-f8ce445e5966",0,"2 - Infra"
"68706149-e192-575e-9bcc-0707335fd9fb",53,"1 - General AI"
"738bd022-51b6-5be0-be57-689f362d4be1",0,"3 - Platform"
"8143bacc-dc27-5c6c-b3bc-82baf1791216",5,"2 - Infra"
"8e87f34a-0f02-5ba0-ab20-5a941c2ba80f",0,"2 - Infra"
"91649faa-8ec9-5e8f-9813-61dd2859daaf",0,"2 - Infra"
"9bbe951d-e7d7-5bfc-8b18-66f0fd187ab8",0,"1 - General AI"
"9e079c50-b532-5295-ab33-3903cf5420fd",0,"2 - Infra"
"a1a131e6-c964-5ae4-8735-1847e1176aca",0,"2 - Infra"
"a1af0e5a-36fd-58f1-808b-5f2cb34bc6a1",0,"1 - General AI"
"a223895d-2408-52d3-9fe7-d9e5d5fd8294",0,"2 - Infra"
"a49530ee-ebdd-5f78-bb7d-d22b5d8def56",0,"1 - General AI"
"a8e21a70-465d-56d9-8a0c-3dc420f0b7cb",0,"2 - Infra"
"b11eec88-6d43-59d1-aa78-ccc9407918d5",0,"2 - Infra"
"b35f3c28-f5bc-5935-94f0-8d29f79cf72b",0,"1 - General AI"
"bb0ca817-fe4d-5eac-a922-8c2da157c5e8",0,"2 - Infra"
"c6e361a5-7292-51f2-9487-bfd305d287e0",0,"2 - Infra"
"c766420b-4985-5bdb-bd9c-e92dd10c7b05",0,"2 - Infra"
"e59f9e36-7bc7-5bf8-ade3-6741b47996ea",0,"3 - Platform"
"005cac55-8998-570a-b5a0-5cd5a186bd94",0,"2 - Infra"
"00d4b8ca-1f14-50fa-95a7-b25694c1622b",0,"2 - Infra"
"0169d825-72ab-5be7-93c2-06d984cf08fb",0,"2 - Infra"
"015ccea9-87af-5719-914a-a6b22962335b",0,"1 - General AI"
"02d447e6-1025-5e02-a58e-6cfbb9b23b7a",0,"1 - General AI"
"03a7de5d-09c7-5f73-9c86-ff0583f5473e",0,"1 - General AI"
"06afd9e3-0977-58fe-89ba-f1a10c7d0ca5",0,"1 - General AI"
"024c423e-0ffe-5c82-8589-aefcb5230f32",32,"1 - General AI"
"024c423e-0ffe-5c82-8589-aefcb5230f32",38,"1 - General AI"
"024c423e-0ffe-5c82-8589-aefcb5230f32",39,"2 - Infra"
"024c423e-0ffe-5c82-8589-aefcb5230f32",41,"2 - Infra"
"024c423e-0ffe-5c82-8589-aefcb5230f32",43,"2 - Infra"
"024c423e-0ffe-5c82-8589-aefcb5230f32",45,"2 - Infra"
"02e21f4b-026f-5de0-a372-ba1f2432cc80",0,"2 - Infra"
"06b9aa4e-dd85-508b-b095-f3c328621ed4",0,"2 - Infra"
"07327083-ddc3-546d-a3ff-800e5bd6d1f2",0,"1 - General AI"
"08006f8a-d56e-5fc5-acdf-d15bba077be5",0,"1 - General AI"
"dcbd1a51-12fa-5a2b-9267-80ab17ddff40",83,"1 - General AI"
"2e3ebdd6-c645-50e4-b6b0-d7694deb9dff",59,"1 - General AI"
"42ef4229-150e-5696-8180-ace1c129bc06",26,"1 - General AI"
"5c6ea7e9-cae8-5452-8108-0f49a37ec1bb",55,"2 - Infra"
"4131fc5a-c19e-53c1-9732-68ec067db168",54,"1 - General AI"
"7b27af06-7691-5a92-b21a-d5d5eac241e0",75,"2 - Infra"
"179d4a6e-fd59-5d6d-91a7-1c3ecb1d3342",85,"2 - Infra"
"2e3ebdd6-c645-50e4-b6b0-d7694deb9dff",65,"1 - General AI"
"5a6f90f8-32e8-543d-9000-fde4a761254f",98,"1 - General AI"
"dcbd1a51-12fa-5a2b-9267-80ab17ddff40",80,"1 - General AI"
"dd65594b-e27d-5f2e-9ba7-23c87bcc6d68",45,"1 - General AI"
"ffaeb671-975f-54d2-badf-6bd89649c168",53,"2 - Infra"
"24c6c1e8-4c8a-59ff-970e-0a03635dec0a",47,"2 - Infra"
"642dd329-c2f9-500a-87db-db76515798dd",181,"1 - General AI"
"bb5aef7d-d99f-5639-841b-44188f435b0f",55,"1 - General AI"
"2d32eae1-b5b5-5684-b425-171b76985d0d",7,"1 - General AI"
"3c71f7c9-4ff7-5fa6-9f96-5cd25f1dcc2d",106,"1 - General AI"
"846cf012-a668-5ba3-8c13-627631cf3851",63,"1 - General AI"
"357502b8-18e4-58ad-84b7-e370f45ddb8a",32,"2 - Infra"
"83c6596e-b469-5398-858c-3c6decb4c82e",85,"1 - General AI"
"1564d106-97f2-5263-a090-55cd183dfc37",87,"1 - General AI"
"8b98b892-759b-5244-89aa-3470503fab29",33,"1 - General AI"
"935b548e-a872-5c60-9f81-abdf52ac4495",186,"1 - General AI"
"22afdd6c-069b-52e0-8530-9b4cab83b2bd",60,"2 - Infra"
"10f51f07-a413-582f-9b0d-1591df796236",50,"2 - Infra"
"567a601a-1fbc-5c44-810d-15d42f08b887",91,"1 - General AI"
"790fbad4-7837-5156-befc-507fccafb4ea",53,"2 - Infra"
"22afdd6c-069b-52e0-8530-9b4cab83b2bd",57,"2 - Infra"
"420cabe7-e6d5-5aab-a755-fd9d206825a8",84,"1 - General AI"
"83c6596e-b469-5398-858c-3c6decb4c82e",83,"2 - Infra"
"a420f2c3-69a0-53f5-8244-f45c4c97d86b",94,"2 - Infra"
"4d6bf63a-a3e9-5245-b586-439c3a46fb0a",68,"1 - General AI"
"56f766b1-95c3-50ef-a5da-63bcfc6863b6",99,"2 - Infra"
"8c0d9753-029a-574b-a5f6-3c4090803969",91,"1 - General AI"
"d5426a43-4229-5409-95ad-d41235916f6e",78,"2 - Infra"
"d77e8b48-423a-5804-8ac0-befd32128d10",67,"1 - General AI"
"dd65594b-e27d-5f2e-9ba7-23c87bcc6d68",51,"2 - Infra"
"29a93af3-cc2f-5907-8c25-15346aefce77",102,"1 - General AI"
"452f2855-0328-5fdd-a2d6-cd4793fb1528",45,"2 - Infra"
"10f51f07-a413-582f-9b0d-1591df796236",55,"2 - Infra"
"d4370f43-b315-56ae-b980-4a8030ca8d28",124,"1 - General AI"
"29a93af3-cc2f-5907-8c25-15346aefce77",76,"1 - General AI"
"18972ad4-afe3-5d27-97ae-a0007e3d0418",64,"1 - General AI"
"7d2c5140-50a2-5390-9b99-500265975c1b",97,"1 - General AI"
"87640ebb-cb24-53d9-b80a-9b357b11e3d2",99,"1 - General AI"
"8f60e02c-bcef-5306-a7b0-30be3576c8df",8,"1 - General AI"
"cdfc47fc-a9cc-5c72-a330-4c221ebf96e4",125,"1 - General AI"
"5166692b-6110-5fba-98dc-233e29dfe106",144,"1 - General AI"
"70b70835-b4ba-5298-ab9f-53b4b95b7732",73,"1 - General AI"
"83cbc14a-2704-5d7e-9567-ddbce33572ed",75,"1 - General AI"
"a0f87f5f-47f1-5127-81c2-44ac0b715920",5,"1 - General AI"
"d9c907c9-e12c-50e1-9f28-2bfdc2488752",101,"1 - General AI"
"e5a3eb29-56c7-565c-991b-d105a0172f85",129,"1 - General AI"
"f0d763b4-e75d-5149-8710-e24e7165ba90",0,"1 - General AI"
"438d88e5-00f6-5108-b55f-5c76c9934756",78,"2 - Infra"
"18972ad4-afe3-5d27-97ae-a0007e3d0418",57,"2 - Infra"
"28be960e-e47b-523c-b64f-42f3fecd6fa6",123,"1 - General AI"
"97e75168-0d6a-526d-8011-9cf9fd20ea6e",49,"1 - General AI"
"36d6aa15-6189-56df-94f1-577f30a9857b",49,"1 - General AI"
"36d6aa15-6189-56df-94f1-577f30a9857b",100,"1 - General AI"
"0f2aa708-c790-5251-a13c-b3196a31fc06",73,"1 - General AI"
"40460067-6394-5998-b0eb-74edd360e0cf",72,"2 - Infra"
"5166692b-6110-5fba-98dc-233e29dfe106",95,"1 - General AI"
"56f766b1-95c3-50ef-a5da-63bcfc6863b6",100,"1 - General AI"
"7b27af06-7691-5a92-b21a-d5d5eac241e0",74,"2 - Infra"
"4f6b23bd-f5b6-5b36-9c1f-e873dd71ed4e",98,"1 - General AI"
"64145f2b-5d8e-5f42-99f6-74af479f28a6",51,"1 - General AI"
"790fbad4-7837-5156-befc-507fccafb4ea",54,"1 - General AI"
"8a70658a-4569-5ce8-a1b7-889433e452c9",158,"1 - General AI"
"935b548e-a872-5c60-9f81-abdf52ac4495",46,"1 - General AI"
"a82c94b1-d722-5d79-9a3e-0f0b77289bfa",47,"2 - Infra"
"18972ad4-afe3-5d27-97ae-a0007e3d0418",55,"2 - Infra"
"3d4eda31-9fc2-5c41-9060-4ef7b8a79008",78,"1 - General AI"
"e71520d1-becb-5a71-a4a2-255302b18e56",75,"1 - General AI"
"29a93af3-cc2f-5907-8c25-15346aefce77",79,"1 - General AI"
"1d93d9be-e915-5ae3-8655-4798dd9f5ebc",47,"1 - General AI"
"357502b8-18e4-58ad-84b7-e370f45ddb8a",49,"2 - Infra"
"e4ddc43e-569a-5b29-ad13-f05a5cabb599",21,"1 - General AI"
"09e53e56-9655-5b01-9328-be1a2e0f8757",140,"1 - General AI"
"7069b334-1e6f-57d9-ae2e-e86d13056a9f",21,"1 - General AI"
"9d379ca7-a2ec-5906-ada3-e1241c8d23dd",61,"2 - Infra"
"e23fad02-d262-5319-85d5-99c856d576f9",90,"1 - General AI"
"434ddf54-e998-54d8-b409-d7e05831add1",10,"2 - Infra"
"22afdd6c-069b-52e0-8530-9b4cab83b2bd",71,"2 - Infra"
"29c22484-f9e5-5b9a-a623-0366882d14cd",50,"2 - Infra"
"ffaeb671-975f-54d2-badf-6bd89649c168",96,"1 - General AI"
"80659b9f-7058-5538-9d36-2ae5d2dbc2ab",82,"1 - General AI"
"06ee081a-da0d-5249-940d-669b38f4c8c5",54,"1 - General AI"
"935b548e-a872-5c60-9f81-abdf52ac4495",116,"1 - General AI"
"9e99f294-c27a-552e-9f0c-2c8abccf5c38",20,"1 - General AI"
"ad70ad5e-d0f5-59eb-8498-6bb500bfaccf",70,"1 - General AI"
"b3c33585-6eb2-5b25-848b-de1fada5e680",23,"1 - General AI"
"244b142e-5fdb-5ac8-a05f-76e7d5bbdbea",78,"2 - Infra"
"1d93d9be-e915-5ae3-8655-4798dd9f5ebc",48,"2 - Infra"
"663a017b-c516-5e17-85fe-b3b68484fdb7",54,"1 - General AI"
"09e53e56-9655-5b01-9328-be1a2e0f8757",109,"1 - General AI"
"f14891e8-a769-55b8-a164-3ed9b28ed5a9",57,"2 - Infra"
"3b9e2e98-ce6f-53cf-b5ac-1b11e61fc11c",89,"1 - General AI"
"36d6aa15-6189-56df-94f1-577f30a9857b",76,"1 - General AI"
"54602480-f4a3-5172-8f47-6cb1e6714b86",65,"1 - General AI"
"6dea71a9-92ed-53e9-88ad-abbe764fd676",113,"2 - Infra"
"7d2c5140-50a2-5390-9b99-500265975c1b",94,"1 - General AI"
"ad70ad5e-d0f5-59eb-8498-6bb500bfaccf",67,"1 - General AI"
"5a6f90f8-32e8-543d-9000-fde4a761254f",95,"1 - General AI"
"6e7bdfc4-2692-5448-b0e1-92968ebd25e4",67,"1 - General AI"
"cdfc47fc-a9cc-5c72-a330-4c221ebf96e4",127,"1 - General AI"
"e23fad02-d262-5319-85d5-99c856d576f9",97,"1 - General AI"
"357502b8-18e4-58ad-84b7-e370f45ddb8a",47,"2 - Infra"
"36d6aa15-6189-56df-94f1-577f30a9857b",52,"1 - General AI"
"9e99f294-c27a-552e-9f0c-2c8abccf5c38",67,"1 - General AI"
"d9c907c9-e12c-50e1-9f28-2bfdc2488752",99,"1 - General AI"
"e23fad02-d262-5319-85d5-99c856d576f9",87,"1 - General AI"
"0b93967f-e59e-5a50-8fd7-5f91e127bf72",86,"1 - General AI"
"f04de089-f8bb-569c-a925-80759aca8430",90,"2 - Infra"
"64d6f21e-3c6a-574f-a02f-11aad0542d7f",42,"1 - General AI"
"97c9914e-540e-563b-96f8-e02ce9d85b56",30,"1 - General AI"
"e23fad02-d262-5319-85d5-99c856d576f9",54,"1 - General AI"
"8d2cf62c-3276-5bb1-b4b7-95030265b7e5",59,"1 - General AI"
"70b70835-b4ba-5298-ab9f-53b4b95b7732",45,"2 - Infra"
"2e3ebdd6-c645-50e4-b6b0-d7694deb9dff",109,"1 - General AI"
"f0344c9f-1242-5b96-bcf3-9bfd6bd09a80",94,"1 - General AI"
"5166692b-6110-5fba-98dc-233e29dfe106",139,"1 - General AI"
"8bf594e4-ead8-50ea-b39c-04103f3bf3c8",62,"2 - Infra"
"935b548e-a872-5c60-9f81-abdf52ac4495",88,"1 - General AI"
"1a310b12-8b52-5e9c-bece-2e298a48d8a7",130,"1 - General AI"
"57065ce8-9a47-5dda-acba-91c6432fdca8",18,"2 - Infra"
"877ecd2f-2639-57e6-80e4-48e9a8b0126f",64,"1 - General AI"
"935b548e-a872-5c60-9f81-abdf52ac4495",85,"1 - General AI"
"695dfade-0a60-5008-b13b-88e6449c2a2a",0,"1 - General AI"
"866ab37c-18f7-5387-b61a-d58ccc0b7d26",79,"2 - Infra"
"4f6b23bd-f5b6-5b36-9c1f-e873dd71ed4e",104,"1 - General AI"
"a420f2c3-69a0-53f5-8244-f45c4c97d86b",56,"2 - Infra"
"25bada2a-1fd3-5cea-b32b-b256c5f67ed9",105,"1 - General AI"
"6f604f3a-8799-5077-9f12-2124b4535a92",19,"2 - Infra"
"83cbc14a-2704-5d7e-9567-ddbce33572ed",63,"1 - General AI"
"e71520d1-becb-5a71-a4a2-255302b18e56",76,"1 - General AI"
"e71520d1-becb-5a71-a4a2-255302b18e56",77,"2 - Infra"
"29c22484-f9e5-5b9a-a623-0366882d14cd",48,"2 - Infra"
"eb6c5321-e8d8-5586-a77b-28a5de2e0a0f",93,"1 - General AI"
"9d07dd95-3fa0-5b73-8843-f846303eb38a",246,"1 - General AI"
"dcbd1a51-12fa-5a2b-9267-80ab17ddff40",11,"2 - Infra"
"e5a3eb29-56c7-565c-991b-d105a0172f85",105,"1 - General AI"
"b8cde8e2-7893-5d5d-9b17-22b9dc308524",62,"1 - General AI"
"aba59de7-8537-51db-bc28-5e03738a1a45",66,"1 - General AI"
"36d6aa15-6189-56df-94f1-577f30a9857b",51,"1 - General AI"
"9d07dd95-3fa0-5b73-8843-f846303eb38a",153,"1 - General AI"
"2e3ebdd6-c645-50e4-b6b0-d7694deb9dff",180,"1 - General AI"
"18972ad4-afe3-5d27-97ae-a0007e3d0418",100,"1 - General AI"
"18972ad4-afe3-5d27-97ae-a0007e3d0418",46,"2 - Infra"
"1843affa-83ab-5648-a873-11b0c30eeb53",83,"1 - General AI"
"8a70658a-4569-5ce8-a1b7-889433e452c9",179,"1 - General AI"
"a61d18b2-ea5b-5473-8c75-9df8dd2877ac",54,"2 - Infra"
"bb5aef7d-d99f-5639-841b-44188f435b0f",88,"1 - General AI"
"22afdd6c-069b-52e0-8530-9b4cab83b2bd",66,"1 - General AI"
"6dea71a9-92ed-53e9-88ad-abbe764fd676",44,"2 - Infra"
"80c89a92-f5de-5b68-a011-7d71324ceffe",7,"1 - General AI"
"8c0d9753-029a-574b-a5f6-3c4090803969",87,"1 - General AI"
"a7ab9800-480a-5cea-8bb8-82c58a26f680",92,"1 - General AI"
"cf725de5-8ab8-59c3-839c-04fec97893b9",57,"1 - General AI"
"26dddcfe-6009-5f3b-b9d9-a0130b601087",102,"1 - General AI"
"48b9f120-88e0-5ea5-84c1-e8b2ebfc2c2c",67,"2 - Infra"
"6af4f693-9840-551c-a330-352d2d7d6379",111,"1 - General AI"
"cf725de5-8ab8-59c3-839c-04fec97893b9",60,"1 - General AI"
"e23fad02-d262-5319-85d5-99c856d576f9",43,"1 - General AI"
"420cabe7-e6d5-5aab-a755-fd9d206825a8",85,"1 - General AI"
"7f0ec194-0baf-5fc4-9d54-be041bfd0de2",83,"1 - General AI"
"eb6c5321-e8d8-5586-a77b-28a5de2e0a0f",105,"1 - General AI"
"438d88e5-00f6-5108-b55f-5c76c9934756",19,"1 - General AI"
"179d4a6e-fd59-5d6d-91a7-1c3ecb1d3342",76,"2 - Infra"
"1843affa-83ab-5648-a873-11b0c30eeb53",67,"1 - General AI"
"57065ce8-9a47-5dda-acba-91c6432fdca8",56,"2 - Infra"
"642dd329-c2f9-500a-87db-db76515798dd",140,"1 - General AI"
"7b27af06-7691-5a92-b21a-d5d5eac241e0",19,"1 - General AI"
"8d2cf62c-3276-5bb1-b4b7-95030265b7e5",46,"2 - Infra"
"a7ab9800-480a-5cea-8bb8-82c58a26f680",95,"1 - General AI"
"dd418d07-8f0b-557b-bf12-220b13e39d03",68,"1 - General AI"
"b7e5f3e1-7aef-5223-a045-f0fdfe02411c",60,"1 - General AI"
"24aac953-e618-5794-a40f-37a47366a2a0",92,"1 - General AI"
"55c31410-77e2-5300-ac0a-3705ac7e5d49",3,"2 - Infra"
"5c1c0077-cc84-5b0d-aa79-23fe8552e1b6",58,"1 - General AI"
"70b70835-b4ba-5298-ab9f-53b4b95b7732",44,"2 - Infra"
"9e589a58-bbcf-5f69-9dd6-acc6e4bbefc0",105,"2 - Infra"
"a2e1c147-ad35-5225-a2ab-cfd6d7cf19c5",80,"2 - Infra"
"2e3ebdd6-c645-50e4-b6b0-d7694deb9dff",58,"1 - General AI"
"90b395b7-3f9c-5a6c-8b91-0cb34cb8e472",53,"1 - General AI"
"9e99f294-c27a-552e-9f0c-2c8abccf5c38",4,"1 - General AI"
"e71520d1-becb-5a71-a4a2-255302b18e56",80,"1 - General AI"
"7069b334-1e6f-57d9-ae2e-e86d13056a9f",67,"1 - General AI"
"8a70658a-4569-5ce8-a1b7-889433e452c9",116,"1 - General AI"
"5c6ea7e9-cae8-5452-8108-0f49a37ec1bb",52,"1 - General AI"
"83cbc14a-2704-5d7e-9567-ddbce33572ed",47,"1 - General AI"
"8c0d9753-029a-574b-a5f6-3c4090803969",55,"1 - General AI"
"dd418d07-8f0b-557b-bf12-220b13e39d03",90,"2 - Infra"
"e71520d1-becb-5a71-a4a2-255302b18e56",99,"2 - Infra"
"90b395b7-3f9c-5a6c-8b91-0cb34cb8e472",63,"1 - General AI"
"eb6c5321-e8d8-5586-a77b-28a5de2e0a0f",136,"1 - General AI"
"4131fc5a-c19e-53c1-9732-68ec067db168",51,"2 - Infra"
"22afdd6c-069b-52e0-8530-9b4cab83b2bd",100,"1 - General AI"
"e23fad02-d262-5319-85d5-99c856d576f9",126,"1 - General AI"
"3d4eda31-9fc2-5c41-9060-4ef7b8a79008",43,"2 - Infra"
"48b9f120-88e0-5ea5-84c1-e8b2ebfc2c2c",51,"2 - Infra"
"89fad4ec-160b-5090-bba4-56f33f5333d5",54,"1 - General AI"
"8b98b892-759b-5244-89aa-3470503fab29",64,"2 - Infra"
"9fc772f2-c925-549d-8063-dcd2d33be980",123,"2 - Infra"
"69d91272-ec64-5f2e-b89a-091eb7d75cd9",0,"2 - Infra"
"08b6defd-ee58-5973-b36a-8951ef1e4632",0,"2 - Infra"
"dd418d07-8f0b-557b-bf12-220b13e39d03",46,"2 - Infra"
"36d6aa15-6189-56df-94f1-577f30a9857b",48,"1 - General AI"
"36d8fe08-ac91-5615-a7a6-3abd355ff707",18,"2 - Infra"
"22afdd6c-069b-52e0-8530-9b4cab83b2bd",126,"1 - General AI"
"b104832c-9b87-5f77-b04b-e9a7f1e0d0db",36,"1 - General AI"
"806bba5c-f32e-5463-a7e7-92bdacc4bcd1",15,"1 - General AI"
"8bc1b895-2563-583f-8c4b-0dbe60e1ca3a",18,"1 - General AI"
"d9c907c9-e12c-50e1-9f28-2bfdc2488752",91,"1 - General AI"
"18972ad4-afe3-5d27-97ae-a0007e3d0418",3,"2 - Infra"
"0f2aa708-c790-5251-a13c-b3196a31fc06",88,"2 - Infra"
"eb6c5321-e8d8-5586-a77b-28a5de2e0a0f",89,"1 - General AI"
"8b98b892-759b-5244-89aa-3470503fab29",81,"1 - General AI"
"89fad4ec-160b-5090-bba4-56f33f5333d5",5,"1 - General AI"
"d9c907c9-e12c-50e1-9f28-2bfdc2488752",49,"1 - General AI"
"22afdd6c-069b-52e0-8530-9b4cab83b2bd",3,"1 - General AI"
"179d4a6e-fd59-5d6d-91a7-1c3ecb1d3342",86,"1 - General AI"
"8bf594e4-ead8-50ea-b39c-04103f3bf3c8",3,"1 - General AI"
"d217f4b1-f391-5895-bf80-d0ce63e17575",53,"1 - General AI"
"3d4eda31-9fc2-5c41-9060-4ef7b8a79008",45,"1 - General AI"
"438d88e5-00f6-5108-b55f-5c76c9934756",22,"1 - General AI"
"9e99f294-c27a-552e-9f0c-2c8abccf5c38",31,"1 - General AI"
"2e3ebdd6-c645-50e4-b6b0-d7694deb9dff",136,"1 - General AI"
"8a70658a-4569-5ce8-a1b7-889433e452c9",134,"1 - General AI"
"935b548e-a872-5c60-9f81-abdf52ac4495",115,"1 - General AI"
"e71520d1-becb-5a71-a4a2-255302b18e56",68,"2 - Infra"
"18972ad4-afe3-5d27-97ae-a0007e3d0418",56,"2 - Infra"
"22afdd6c-069b-52e0-8530-9b4cab83b2bd",49,"2 - Infra"
"0f2aa708-c790-5251-a13c-b3196a31fc06",56,"2 - Infra"
"7b27af06-7691-5a92-b21a-d5d5eac241e0",22,"1 - General AI"
"8b98b892-759b-5244-89aa-3470503fab29",65,"2 - Infra"
"a2e1c147-ad35-5225-a2ab-cfd6d7cf19c5",70,"2 - Infra"
"68f6001f-d7db-59ca-9173-bf5450ef4d08",83,"2 - Infra"
"f04de089-f8bb-569c-a925-80759aca8430",19,"1 - General AI"
"2e3ebdd6-c645-50e4-b6b0-d7694deb9dff",123,"1 - General AI"
"5166692b-6110-5fba-98dc-233e29dfe106",132,"1 - General AI"
"5c6ea7e9-cae8-5452-8108-0f49a37ec1bb",3,"1 - General AI"
"68f6001f-d7db-59ca-9173-bf5450ef4d08",80,"1 - General AI"
"8c0d9753-029a-574b-a5f6-3c4090803969",94,"1 - General AI"
"9e99f294-c27a-552e-9f0c-2c8abccf5c38",89,"2 - Infra"
"a2e1c147-ad35-5225-a2ab-cfd6d7cf19c5",110,"1 - General AI"
"e0c35d06-f4cf-56d9-84a6-4049fd8c39a6",59,"1 - General AI"
"f0de703f-9176-570f-9851-b3afe87dc4b3",0,"1 - General AI"
"eb6c5321-e8d8-5586-a77b-28a5de2e0a0f",173,"1 - General AI"
"9e99f294-c27a-552e-9f0c-2c8abccf5c38",88,"2 - Infra"
"8bf594e4-ead8-50ea-b39c-04103f3bf3c8",51,"2 - Infra"
"935b548e-a872-5c60-9f81-abdf52ac4495",91,"1 - General AI"
"dd418d07-8f0b-557b-bf12-220b13e39d03",88,"2 - Infra"
"ffaeb671-975f-54d2-badf-6bd89649c168",102,"2 - Infra"
"83cbc14a-2704-5d7e-9567-ddbce33572ed",87,"2 - Infra"
"8b98b892-759b-5244-89aa-3470503fab29",68,"2 - Infra"
"a2e1c147-ad35-5225-a2ab-cfd6d7cf19c5",102,"1 - General AI"
"e71520d1-becb-5a71-a4a2-255302b18e56",103,"1 - General AI"
"68f6001f-d7db-59ca-9173-bf5450ef4d08",75,"2 - Infra"
"68f6001f-d7db-59ca-9173-bf5450ef4d08",73,"1 - General AI"
"29a93af3-cc2f-5907-8c25-15346aefce77",94,"1 - General AI"
"5166692b-6110-5fba-98dc-233e29dfe106",116,"2 - Infra"
"0f2aa708-c790-5251-a13c-b3196a31fc06",46,"1 - General AI"
"48b9f120-88e0-5ea5-84c1-e8b2ebfc2c2c",36,"1 - General AI"
"89fad4ec-160b-5090-bba4-56f33f5333d5",59,"2 - Infra"
"8c0d9753-029a-574b-a5f6-3c4090803969",105,"1 - General AI"
"a2e1c147-ad35-5225-a2ab-cfd6d7cf19c5",99,"2 - Infra"
"179d4a6e-fd59-5d6d-91a7-1c3ecb1d3342",52,"1 - General AI"
"48b9f120-88e0-5ea5-84c1-e8b2ebfc2c2c",91,"1 - General AI"
"a0f87f5f-47f1-5127-81c2-44ac0b715920",30,"2 - Infra"
"dd418d07-8f0b-557b-bf12-220b13e39d03",24,"2 - Infra"
"0d00a532-38b7-579b-8807-1c92c0743a84",0,"1 - General AI"
"68f6001f-d7db-59ca-9173-bf5450ef4d08",66,"1 - General AI"
"0dda150c-7353-598b-87be-b87992edbd9a",0,"2 - Infra"
"e0c35d06-f4cf-56d9-84a6-4049fd8c39a6",67,"1 - General AI"
"8bc1b895-2563-583f-8c4b-0dbe60e1ca3a",23,"1 - General AI"
"49fa3c08-601b-518b-b610-f7a7f8102a3a",10,"1 - General AI"
"162c2ee9-3002-5685-a301-e60dc07af155",13,"1 - General AI"
"1f84b5fb-c2bd-5b29-93cf-d10389e56668",26,"1 - General AI"
"debc0e90-d85d-5d3c-a953-a670b840fc78",20,"1 - General AI"
"471cb45f-ed1d-55e3-bb83-f37c8097eb98",10,"1 - General AI"
"525fca10-0bcd-5f70-9c5a-55f9aa4a0794",4,"1 - General AI"
"8b0c505a-5d2c-5919-89ea-aea260b6457d",14,"1 - General AI"
"9732e5a6-bc18-5a15-8ea3-332ee47ec027",23,"2 - Infra"
"d5485656-a874-5cfe-a894-57bc8b605d8f",25,"1 - General AI"
"e185e36d-b084-5cd1-9afe-e140121320c9",5,"2 - Infra"
"a263aff4-f957-563b-bf65-18268688e50e",9,"1 - General AI"
"162c2ee9-3002-5685-a301-e60dc07af155",6,"1 - General AI"
"54663ae2-6f76-5cee-81af-5934c442015b",3,"1 - General AI"
"581d249e-ed61-5456-9107-18ccdb60991b",15,"2 - Infra"
"59876630-dc03-5936-9e10-3a01f2237a8c",6,"1 - General AI"
"7facc553-ca88-53bf-9773-e1b6c0c33583",3,"2 - Infra"
"971a12f2-f2d3-5c16-97e7-33d386795738",8,"1 - General AI"
"a31adff2-40c5-5520-8cb4-b33ca6b86e3a",39,"1 - General AI"
"4324b21a-0300-5afd-ba0d-f585dcf7945e",16,"2 - Infra"
"ea0eb5e6-f634-5046-9b46-c10fafccfdb2",7,"1 - General AI"
"321f8689-5fe6-5b21-9ebf-b9c9f0bc84e3",13,"1 - General AI"
"05013128-98cc-59e0-a5c2-5fbfd9f99d94",13,"2 - Infra"
"a263aff4-f957-563b-bf65-18268688e50e",8,"1 - General AI"
"d5485656-a874-5cfe-a894-57bc8b605d8f",7,"1 - General AI"
"4324b21a-0300-5afd-ba0d-f585dcf7945e",25,"1 - General AI"
"c3f90c49-cec7-5bc6-a05c-fe34b4e602b8",16,"1 - General AI"
"37ce0629-fbaf-523c-9023-7b37e3fedd7f",12,"1 - General AI"
"8a9d159d-331e-5125-bdf7-7ef8235251b2",27,"2 - Infra"
"9b445c1c-6105-580d-876a-fd824f81668a",26,"1 - General AI"
"debc0e90-d85d-5d3c-a953-a670b840fc78",7,"1 - General AI"
"662c5e90-150b-55f3-a744-4a5538a7d95a",29,"1 - General AI"
"4a84fed5-9078-5307-a218-4d72f9e5fe39",29,"1 - General AI"
"43b08bf7-9e27-55e8-8ac5-19fa45e3a311",7,"1 - General AI"
"47d18e9e-5340-5380-81b1-c648e52bd08b",7,"2 - Infra"
"63769e90-d28b-58c1-afb7-b0f36f9306bd",5,"2 - Infra"
"87a4c69c-93ba-5e73-a8b4-afdfab00f060",17,"2 - Infra"
"9732e5a6-bc18-5a15-8ea3-332ee47ec027",15,"2 - Infra"
"9f2ba849-64d8-5743-8663-91d1fba37890",25,"1 - General AI"
"b9370e80-a22c-5d2a-9579-12449ea83286",21,"1 - General AI"
"dfe1484c-8dd9-5ccf-9fed-d5afe3f34f2c",11,"1 - General AI"
"69442f26-0e1c-5f2c-91a1-9fcc42370775",15,"2 - Infra"
"53a534ea-6d2f-5471-a921-d44373e02c1e",24,"1 - General AI"
"c7c172e1-a172-5d00-b7fb-c37127627933",8,"1 - General AI"
"40428456-3b06-53b3-8d99-aa83f1aeeb76",25,"1 - General AI"
"69442f26-0e1c-5f2c-91a1-9fcc42370775",13,"1 - General AI"
"20dd13b4-b5e8-5440-affc-18cb009e1933",17,"1 - General AI"
"37ce0629-fbaf-523c-9023-7b37e3fedd7f",8,"1 - General AI"
"20d95a81-92a9-56c4-aed5-34a0c00850c0",13,"2 - Infra"
"4324b21a-0300-5afd-ba0d-f585dcf7945e",17,"1 - General AI"
"33936398-9bed-5574-b096-d8d6e3a44044",8,"1 - General AI"
"6e835878-d177-5701-b8d4-4f7fe9af9d5e",7,"1 - General AI"
"7d4ec6a4-b500-597f-a4c8-3b1efa1bc7f3",18,"2 - Infra"
"9f2ba849-64d8-5743-8663-91d1fba37890",12,"1 - General AI"
"a31adff2-40c5-5520-8cb4-b33ca6b86e3a",17,"2 - Infra"
"e185e36d-b084-5cd1-9afe-e140121320c9",8,"2 - Infra"
"1bfafdaa-5146-5220-843e-68292e3d56a1",13,"2 - Infra"
"17d09326-d7ab-5647-bd59-5c79aadfcde1",12,"2 - Infra"
"8d8f645f-6188-51ae-991a-16f0f9ce163b",26,"1 - General AI"
"a263aff4-f957-563b-bf65-18268688e50e",13,"1 - General AI"
"d5485656-a874-5cfe-a894-57bc8b605d8f",16,"2 - Infra"
"67e91365-9214-5e7d-b250-f0373dc8482d",5,"1 - General AI"
"ade3f5a1-0dc7-537e-bd34-c6d7b39f1e40",0,"2 - Infra"
"38856b84-7bbb-53f5-9c63-286c3020a212",17,"1 - General AI"
"d5485656-a874-5cfe-a894-57bc8b605d8f",13,"1 - General AI"
"53a534ea-6d2f-5471-a921-d44373e02c1e",19,"2 - Infra"
"7906ed6e-c489-57ab-bb17-2ede247dd400",29,"1 - General AI"
"bf07ccba-bd7c-5053-91e0-9b04160a6102",14,"2 - Infra"
"ac4504c5-e22f-57af-8d23-efc72300f168",7,"1 - General AI"
"6ebc8da9-167f-538b-ae69-4e4015d9bba3",11,"2 - Infra"
"20dd13b4-b5e8-5440-affc-18cb009e1933",7,"1 - General AI"
"858ca96a-d628-59bc-85bd-3b55da35ab19",22,"1 - General AI"
"9229fe39-58e8-5e8b-9b81-61e1e5aab840",1,"2 - Infra"
"c3f90c49-cec7-5bc6-a05c-fe34b4e602b8",4,"1 - General AI"
"d871fa82-90e8-5219-9121-0d4d9ed1b395",4,"2 - Infra"
"2488bcee-887b-5298-bea4-ebb923a4a3c9",25,"1 - General AI"
"19ae50a6-97f8-5c8c-944a-8f67754b496a",27,"1 - General AI"
"6499c25a-dc42-5bbb-9e40-cfbcaaeeba1c",27,"1 - General AI"
"95e53630-85fd-554a-8ef6-24709faae917",9,"1 - General AI"
"662c5e90-150b-55f3-a744-4a5538a7d95a",32,"1 - General AI"
"37ce0629-fbaf-523c-9023-7b37e3fedd7f",21,"1 - General AI"
"267ebe89-d7fd-569e-9999-3d4d30dbcb1f",20,"2 - Infra"
"415ee75f-43bd-5f5f-95b3-8cbb239db82c",34,"1 - General AI"
"ed5a5e49-bcad-5bd0-8b2e-ebefeb937d94",6,"1 - General AI"
"49fa3c08-601b-518b-b610-f7a7f8102a3a",12,"1 - General AI"
"7d4ec6a4-b500-597f-a4c8-3b1efa1bc7f3",26,"1 - General AI"
"d5485656-a874-5cfe-a894-57bc8b605d8f",8,"1 - General AI"
"36d8fe08-ac91-5615-a7a6-3abd355ff707",10,"2 - Infra"
"224743af-7e0e-53bf-a5bd-c43fb2dfbfad",11,"2 - Infra"
"fe68894e-788c-542f-80d2-40ed0ea89e5b",2,"1 - General AI"
"49fa3c08-601b-518b-b610-f7a7f8102a3a",27,"1 - General AI"
"9f2ba849-64d8-5743-8663-91d1fba37890",8,"1 - General AI"
"d5485656-a874-5cfe-a894-57bc8b605d8f",17,"1 - General AI"
"67e91365-9214-5e7d-b250-f0373dc8482d",31,"1 - General AI"
"29c22484-f9e5-5b9a-a623-0366882d14cd",43,"2 - Infra"
"7d2c5140-50a2-5390-9b99-500265975c1b",93,"1 - General AI"
"1843affa-83ab-5648-a873-11b0c30eeb53",42,"1 - General AI"
"2e3ebdd6-c645-50e4-b6b0-d7694deb9dff",106,"1 - General AI"
"a0f87f5f-47f1-5127-81c2-44ac0b715920",82,"1 - General AI"
"c095c4bb-09e2-5c69-b998-31150abd5926",48,"1 - General AI"
"4131fc5a-c19e-53c1-9732-68ec067db168",90,"1 - General AI"
"89fad4ec-160b-5090-bba4-56f33f5333d5",51,"1 - General AI"
"b7e5f3e1-7aef-5223-a045-f0fdfe02411c",124,"1 - General AI"
"10f51f07-a413-582f-9b0d-1591df796236",48,"1 - General AI"
"2e3ebdd6-c645-50e4-b6b0-d7694deb9dff",208,"1 - General AI"
"36d6aa15-6189-56df-94f1-577f30a9857b",77,"1 - General AI"
"6157c438-e420-5a50-8b48-449f9158c200",110,"1 - General AI"
"80659b9f-7058-5538-9d36-2ae5d2dbc2ab",45,"1 - General AI"
"9e589a58-bbcf-5f69-9dd6-acc6e4bbefc0",96,"1 - General AI"
"df41dd3c-7b1c-5015-8a57-93e507678b26",64,"1 - General AI"
"e23fad02-d262-5319-85d5-99c856d576f9",89,"1 - General AI"
"2cae0a09-b50c-5430-a1ca-99edd1790d32",23,"1 - General AI"
"24c6c1e8-4c8a-59ff-970e-0a03635dec0a",49,"2 - Infra"
"4fc4201a-a1c1-5a76-a42a-a86d3c1c9f29",45,"1 - General AI"
"5c1c0077-cc84-5b0d-aa79-23fe8552e1b6",20,"1 - General AI"
"d4370f43-b315-56ae-b980-4a8030ca8d28",55,"2 - Infra"
"36143535-4552-5834-9383-74e003282ab4",84,"1 - General AI"
"29a93af3-cc2f-5907-8c25-15346aefce77",81,"1 - General AI"
"8c0d9753-029a-574b-a5f6-3c4090803969",92,"1 - General AI"
"935b548e-a872-5c60-9f81-abdf52ac4495",158,"1 - General AI"
"dd418d07-8f0b-557b-bf12-220b13e39d03",55,"2 - Infra"
"683ff992-6435-5a2a-a955-810ac877a358",63,"1 - General AI"
"eb6c5321-e8d8-5586-a77b-28a5de2e0a0f",98,"1 - General AI"
"5c6ea7e9-cae8-5452-8108-0f49a37ec1bb",107,"1 - General AI"
"70b70835-b4ba-5298-ab9f-53b4b95b7732",32,"1 - General AI"
"90b395b7-3f9c-5a6c-8b91-0cb34cb8e472",57,"1 - General AI"
"97e75168-0d6a-526d-8011-9cf9fd20ea6e",61,"2 - Infra"
"f0c97245-c54a-5e86-aa22-71bb5a0ef6a2",148,"1 - General AI"
"3aa3e8f7-8b9e-5a2a-abc4-91dc9778a963",57,"2 - Infra"
"40460067-6394-5998-b0eb-74edd360e0cf",75,"2 - Infra"
"5166692b-6110-5fba-98dc-233e29dfe106",91,"1 - General AI"
"790fbad4-7837-5156-befc-507fccafb4ea",43,"2 - Infra"
"877ecd2f-2639-57e6-80e4-48e9a8b0126f",55,"1 - General AI"
"8db184a0-8267-5d76-989c-52fb4aeaf339",58,"1 - General AI"
"68706149-e192-575e-9bcc-0707335fd9fb",124,"1 - General AI"
"09e53e56-9655-5b01-9328-be1a2e0f8757",115,"1 - General AI"
"357502b8-18e4-58ad-84b7-e370f45ddb8a",42,"2 - Infra"
"18972ad4-afe3-5d27-97ae-a0007e3d0418",69,"2 - Infra"
"3d4eda31-9fc2-5c41-9060-4ef7b8a79008",73,"1 - General AI"
"9e99f294-c27a-552e-9f0c-2c8abccf5c38",6,"1 - General AI"
"32db1962-27b0-5217-9702-a368519c8687",65,"1 - General AI"
"eb6c5321-e8d8-5586-a77b-28a5de2e0a0f",145,"1 - General AI"
"f64677cd-2d04-5001-91ac-83cd53429581",53,"1 - General AI"
"2cae0a09-b50c-5430-a1ca-99edd1790d32",73,"2 - Infra"
"0f2aa708-c790-5251-a13c-b3196a31fc06",79,"1 - General AI"
"6a6bf516-122a-5e2b-b9ad-a9f829f1048b",60,"1 - General AI"
"d9c907c9-e12c-50e1-9f28-2bfdc2488752",150,"1 - General AI"
"e5a3eb29-56c7-565c-991b-d105a0172f85",86,"2 - Infra"
"1843affa-83ab-5648-a873-11b0c30eeb53",56,"1 - General AI"
"83cbc14a-2704-5d7e-9567-ddbce33572ed",51,"2 - Infra"
"8c0d9753-029a-574b-a5f6-3c4090803969",90,"1 - General AI"
"a2e1c147-ad35-5225-a2ab-cfd6d7cf19c5",76,"2 - Infra"
"c6bc98fe-00c5-533f-929d-b7747a12ee65",121,"1 - General AI"
"e23fad02-d262-5319-85d5-99c856d576f9",135,"1 - General AI"
"06e8646f-46f2-57a9-9f20-113ff9ec18df",83,"1 - General AI"
"7d2c5140-50a2-5390-9b99-500265975c1b",91,"1 - General AI"
"fa6fc1b3-8cbd-5710-8ddd-051d2233e8ac",50,"2 - Infra"
"5bb790c4-b2bb-51c5-9628-db08a07e9250",64,"1 - General AI"
"83c6596e-b469-5398-858c-3c6decb4c82e",82,"1 - General AI"
"931e4100-1cf0-5d4c-ade8-a51efe5af977",79,"2 - Infra"
"cf725de5-8ab8-59c3-839c-04fec97893b9",4,"1 - General AI"
"f04de089-f8bb-569c-a925-80759aca8430",48,"1 - General AI"
"6f604f3a-8799-5077-9f12-2124b4535a92",51,"2 - Infra"
"3aa3e8f7-8b9e-5a2a-abc4-91dc9778a963",54,"2 - Infra"
"6dc9cdff-931e-55e5-8da6-ded40cfd42a0",39,"2 - Infra"
"81029ff4-fecb-52dd-85ce-d16303e83748",51,"1 - General AI"
"40460067-6394-5998-b0eb-74edd360e0cf",122,"1 - General AI"
"23109a2b-2335-5f3e-b1fb-a4c3d399dce4",58,"2 - Infra"
"83c6596e-b469-5398-858c-3c6decb4c82e",88,"1 - General AI"
"8c0d9753-029a-574b-a5f6-3c4090803969",89,"1 - General AI"
"8bf594e4-ead8-50ea-b39c-04103f3bf3c8",110,"1 - General AI"
"e5a3eb29-56c7-565c-991b-d105a0172f85",124,"1 - General AI"
"f15d75d7-ec66-5208-825d-f9c59e4486c7",93,"1 - General AI"
"36143535-4552-5834-9383-74e003282ab4",173,"1 - General AI"
"57065ce8-9a47-5dda-acba-91c6432fdca8",61,"2 - Infra"
"e5a3eb29-56c7-565c-991b-d105a0172f85",84,"1 - General AI"
"5166692b-6110-5fba-98dc-233e29dfe106",122,"1 - General AI"
"89fad4ec-160b-5090-bba4-56f33f5333d5",105,"2 - Infra"
"a2e1c147-ad35-5225-a2ab-cfd6d7cf19c5",103,"1 - General AI"
"d2c9a3b6-b029-5283-a376-51d04b235960",65,"1 - General AI"
"5166692b-6110-5fba-98dc-233e29dfe106",118,"1 - General AI"
"935b548e-a872-5c60-9f81-abdf52ac4495",81,"1 - General AI"
"26dddcfe-6009-5f3b-b9d9-a0130b601087",55,"2 - Infra"
"2e3ebdd6-c645-50e4-b6b0-d7694deb9dff",66,"1 - General AI"
"438d88e5-00f6-5108-b55f-5c76c9934756",79,"2 - Infra"
"acbb66e2-056e-5430-b3df-78127fcc301e",85,"1 - General AI"
"36d6aa15-6189-56df-94f1-577f30a9857b",84,"1 - General AI"
"179d4a6e-fd59-5d6d-91a7-1c3ecb1d3342",39,"1 - General AI"
"3d4eda31-9fc2-5c41-9060-4ef7b8a79008",95,"2 - Infra"
"5c6ea7e9-cae8-5452-8108-0f49a37ec1bb",47,"2 - Infra"
"9e589a58-bbcf-5f69-9dd6-acc6e4bbefc0",85,"1 - General AI"
"e71520d1-becb-5a71-a4a2-255302b18e56",98,"1 - General AI"
"6dc9cdff-931e-55e5-8da6-ded40cfd42a0",41,"2 - Infra"
"ffaeb671-975f-54d2-badf-6bd89649c168",79,"2 - Infra"
"2cae0a09-b50c-5430-a1ca-99edd1790d32",76,"1 - General AI"
"2e3ebdd6-c645-50e4-b6b0-d7694deb9dff",122,"1 - General AI"
"642dd329-c2f9-500a-87db-db76515798dd",138,"1 - General AI"
"8c0d9753-029a-574b-a5f6-3c4090803969",56,"1 - General AI"
"a2e1c147-ad35-5225-a2ab-cfd6d7cf19c5",100,"1 - General AI"
"bb5aef7d-d99f-5639-841b-44188f435b0f",110,"1 - General AI"
"0f2aa708-c790-5251-a13c-b3196a31fc06",54,"1 - General AI"
"09e53e56-9655-5b01-9328-be1a2e0f8757",183,"1 - General AI"
"06ee081a-da0d-5249-940d-669b38f4c8c5",51,"1 - General AI"
"09e8d1fc-09a8-5e0f-a0cc-ebff8a4a632b",0,"1 - General AI"
"0a1ac1d1-ef91-5022-8219-fac540f671c4",0,"1 - General AI"
"0a4a44ef-b3ce-50f3-a830-d2878a719a15",3,"1 - General AI"
"68f6001f-d7db-59ca-9173-bf5450ef4d08",139,"1 - General AI"
"4131fc5a-c19e-53c1-9732-68ec067db168",46,"1 - General AI"
"ffaeb671-975f-54d2-badf-6bd89649c168",27,"2 - Infra"
"ffaeb671-975f-54d2-badf-6bd89649c168",52,"2 - Infra"
"5166692b-6110-5fba-98dc-233e29dfe106",127,"1 - General AI"
"5c6ea7e9-cae8-5452-8108-0f49a37ec1bb",59,"2 - Infra"
"935b548e-a872-5c60-9f81-abdf52ac4495",127,"1 - General AI"
"e0c35d06-f4cf-56d9-84a6-4049fd8c39a6",57,"1 - General AI"
"ffaeb671-975f-54d2-badf-6bd89649c168",51,"2 - Infra"
"179d4a6e-fd59-5d6d-91a7-1c3ecb1d3342",84,"2 - Infra"
"3d4eda31-9fc2-5c41-9060-4ef7b8a79008",2,"2 - Infra"
"e0c35d06-f4cf-56d9-84a6-4049fd8c39a6",96,"1 - General AI"
"2e3ebdd6-c645-50e4-b6b0-d7694deb9dff",143,"1 - General AI"
"3d4eda31-9fc2-5c41-9060-4ef7b8a79008",93,"2 - Infra"
"935b548e-a872-5c60-9f81-abdf52ac4495",122,"1 - General AI"
"68f6001f-d7db-59ca-9173-bf5450ef4d08",35,"1 - General AI"
"68f6001f-d7db-59ca-9173-bf5450ef4d08",32,"2 - Infra"
"68f6001f-d7db-59ca-9173-bf5450ef4d08",30,"2 - Infra"
"2e3ebdd6-c645-50e4-b6b0-d7694deb9dff",101,"1 - General AI"
"48b9f120-88e0-5ea5-84c1-e8b2ebfc2c2c",42,"1 - General AI"
"5166692b-6110-5fba-98dc-233e29dfe106",75,"2 - Infra"
"5c6ea7e9-cae8-5452-8108-0f49a37ec1bb",102,"1 - General AI"
"8a70658a-4569-5ce8-a1b7-889433e452c9",100,"1 - General AI"
"935b548e-a872-5c60-9f81-abdf52ac4495",80,"1 - General AI"
"68f6001f-d7db-59ca-9173-bf5450ef4d08",19,"1 - General AI"
"68f6001f-d7db-59ca-9173-bf5450ef4d08",13,"2 - Infra"
"36d6aa15-6189-56df-94f1-577f30a9857b",60,"1 - General AI"
"ffaeb671-975f-54d2-badf-6bd89649c168",44,"2 - Infra"
"2e3ebdd6-c645-50e4-b6b0-d7694deb9dff",88,"1 - General AI"
"36d6aa15-6189-56df-94f1-577f30a9857b",61,"1 - General AI"
"5166692b-6110-5fba-98dc-233e29dfe106",117,"2 - Infra"
"9e99f294-c27a-552e-9f0c-2c8abccf5c38",109,"1 - General AI"
"10f6b728-d8e0-5d82-b0fc-02eafad5e41d",6,"1 - General AI"
"18972ad4-afe3-5d27-97ae-a0007e3d0418",118,"1 - General AI"
"48b9f120-88e0-5ea5-84c1-e8b2ebfc2c2c",31,"2 - Infra"
"8b98b892-759b-5244-89aa-3470503fab29",57,"2 - Infra"
"8b0c505a-5d2c-5919-89ea-aea260b6457d",6,"1 - General AI"
"87a4c69c-93ba-5e73-a8b4-afdfab00f060",25,"1 - General AI"
"945cc6f2-c4a6-5d16-824b-bcbf89694c7f",8,"2 - Infra"
"e3aa98a0-b8c5-51ae-853f-c8f6b99db0f0",15,"1 - General AI"
"4a84fed5-9078-5307-a218-4d72f9e5fe39",22,"2 - Infra"
"162c2ee9-3002-5685-a301-e60dc07af155",21,"1 - General AI"
"a6168ed6-19bf-5a46-b17e-321d5dbf9eaf",8,"2 - Infra"
"d7cdca9a-3bfa-5b60-b07f-82b55941b2ed",23,"2 - Infra"
"102e7f36-c78c-5c7a-8381-3b71afa2f465",7,"2 - Infra"
"904058bd-363b-5ec5-9d93-f422ba7c2bfa",11,"1 - General AI"
"19ae50a6-97f8-5c8c-944a-8f67754b496a",10,"1 - General AI"
"f6334de9-fef4-5b4b-9a12-67ce35e0af82",22,"1 - General AI"
"0045449f-65f0-5d4e-9b37-aac6d13474c8",10,"1 - General AI"
"59876630-dc03-5936-9e10-3a01f2237a8c",5,"1 - General AI"
"7df08269-605e-55e1-a9b7-69d4308c9cb4",5,"1 - General AI"
"8d8f645f-6188-51ae-991a-16f0f9ce163b",19,"1 - General AI"
"67e91365-9214-5e7d-b250-f0373dc8482d",2,"1 - General AI"
"33936398-9bed-5574-b096-d8d6e3a44044",5,"1 - General AI"
"8358ab57-a5d5-5091-b100-15b266c71a29",3,"1 - General AI"
"95e53630-85fd-554a-8ef6-24709faae917",15,"1 - General AI"
"c807efe2-50e1-589b-a6c2-9ae7c86d4fac",25,"2 - Infra"
"f0344c9f-1242-5b96-bcf3-9bfd6bd09a80",75,"1 - General AI"
"36d6aa15-6189-56df-94f1-577f30a9857b",58,"1 - General AI"
"8b98b892-759b-5244-89aa-3470503fab29",36,"1 - General AI"
"5166692b-6110-5fba-98dc-233e29dfe106",128,"1 - General AI"
"5c6ea7e9-cae8-5452-8108-0f49a37ec1bb",56,"2 - Infra"
"8bf594e4-ead8-50ea-b39c-04103f3bf3c8",29,"2 - Infra"
"935b548e-a872-5c60-9f81-abdf52ac4495",104,"1 - General AI"
"8b98b892-759b-5244-89aa-3470503fab29",40,"1 - General AI"
"ad70ad5e-d0f5-59eb-8498-6bb500bfaccf",202,"1 - General AI"
"2e3ebdd6-c645-50e4-b6b0-d7694deb9dff",141,"1 - General AI"
"38856b84-7bbb-53f5-9c63-286c3020a212",18,"2 - Infra"
"4ffc3144-ae3c-5ec9-bd90-c67b9befff92",4,"1 - General AI"
"806bba5c-f32e-5463-a7e7-92bdacc4bcd1",26,"1 - General AI"
"69442f26-0e1c-5f2c-91a1-9fcc42370775",21,"2 - Infra"
"f04de089-f8bb-569c-a925-80759aca8430",73,"1 - General AI"
"1bfafdaa-5146-5220-843e-68292e3d56a1",19,"2 - Infra"
"546dbd88-8b1f-55ad-bf0b-d68ce5b38b94",20,"1 - General AI"
"904058bd-363b-5ec5-9d93-f422ba7c2bfa",5,"1 - General AI"
"b076f00c-1b13-5fe2-96fb-8bf573a038a9",32,"1 - General AI"
"20dd13b4-b5e8-5440-affc-18cb009e1933",15,"1 - General AI"
"33936398-9bed-5574-b096-d8d6e3a44044",6,"1 - General AI"
"53a534ea-6d2f-5471-a921-d44373e02c1e",7,"2 - Infra"
"b9370e80-a22c-5d2a-9579-12449ea83286",26,"1 - General AI"
"e185e36d-b084-5cd1-9afe-e140121320c9",23,"2 - Infra"
"acfcc7cd-39e1-534a-b5a6-0118b90f448c",5,"2 - Infra"
"49fa3c08-601b-518b-b610-f7a7f8102a3a",34,"1 - General AI"
"b076f00c-1b13-5fe2-96fb-8bf573a038a9",4,"1 - General AI"
"43b08bf7-9e27-55e8-8ac5-19fa45e3a311",12,"1 - General AI"
"fb0b49e7-e0dc-5e41-9f85-7066632b3657",9,"2 - Infra"
"99c19fe6-36cf-5676-9152-e054550dcefb",35,"1 - General AI"
"dfc2ab13-b7c1-541d-9efb-7d0044375e52",14,"1 - General AI"
"8d8f645f-6188-51ae-991a-16f0f9ce163b",7,"2 - Infra"
"904058bd-363b-5ec5-9d93-f422ba7c2bfa",32,"1 - General AI"
"3a3d074f-6c4f-5a2c-ac4b-bda58420c19f",1,"2 - Infra"
"36d8fe08-ac91-5615-a7a6-3abd355ff707",21,"2 - Infra"
"fb4dfa87-ea47-5e55-a2d0-91c7c13cc43f",15,"1 - General AI"
"5310f871-96f6-5a1b-9031-fa9c32b15484",29,"1 - General AI"
"971a12f2-f2d3-5c16-97e7-33d386795738",17,"1 - General AI"
"baadda96-3068-549f-ac7b-e01d0e814a64",9,"1 - General AI"
"ed5a5e49-bcad-5bd0-8b2e-ebefeb937d94",29,"1 - General AI"
"36d8fe08-ac91-5615-a7a6-3abd355ff707",8,"2 - Infra"
"415ee75f-43bd-5f5f-95b3-8cbb239db82c",8,"1 - General AI"
"904058bd-363b-5ec5-9d93-f422ba7c2bfa",17,"1 - General AI"
"584e2356-d5a6-5710-9f24-b6f0a71345b2",8,"2 - Infra"
"5d1ac975-ea2d-5ef5-ab0f-c10dcb8f6686",17,"2 - Infra"
"8358ab57-a5d5-5091-b100-15b266c71a29",11,"2 - Infra"
"d7cca220-9296-5408-86f7-114ad678db56",1,"2 - Infra"
"d7cdca9a-3bfa-5b60-b07f-82b55941b2ed",20,"2 - Infra"
"1bfafdaa-5146-5220-843e-68292e3d56a1",5,"2 - Infra"
"499ba81d-5d21-51f9-a062-87302edce82f",5,"2 - Infra"
"6ebc8da9-167f-538b-ae69-4e4015d9bba3",9,"2 - Infra"
"942f47dc-3958-53ed-9b60-761cfb47f9bb",19,"1 - General AI"
"cc5f85f1-14a0-5e0c-8ede-29501145fa3b",1,"1 - General AI"
"d31de365-34bd-53ca-8251-6a04e423b0e1",30,"1 - General AI"
"67e91365-9214-5e7d-b250-f0373dc8482d",24,"1 - General AI"
"b57c663f-0f2b-558c-9f1d-ee27845e3748",10,"2 - Infra"
"19ae50a6-97f8-5c8c-944a-8f67754b496a",20,"2 - Infra"
"f04de089-f8bb-569c-a925-80759aca8430",81,"1 - General AI"
"d5485656-a874-5cfe-a894-57bc8b605d8f",20,"1 - General AI"
"4e6dd821-a1f8-54c0-b9c5-255426d83dfd",28,"2 - Infra"
"59876630-dc03-5936-9e10-3a01f2237a8c",4,"1 - General AI"
"806bba5c-f32e-5463-a7e7-92bdacc4bcd1",12,"2 - Infra"
"9837dfd9-0389-5100-88ba-32b379e479ff",5,"2 - Infra"
"19ae50a6-97f8-5c8c-944a-8f67754b496a",9,"2 - Infra"
"546dbd88-8b1f-55ad-bf0b-d68ce5b38b94",23,"2 - Infra"
"87a4c69c-93ba-5e73-a8b4-afdfab00f060",11,"2 - Infra"
"a263aff4-f957-563b-bf65-18268688e50e",14,"1 - General AI"
"baadda96-3068-549f-ac7b-e01d0e814a64",24,"2 - Infra"
"d5485656-a874-5cfe-a894-57bc8b605d8f",9,"2 - Infra"
"17d09326-d7ab-5647-bd59-5c79aadfcde1",22,"1 - General AI"
"ea0eb5e6-f634-5046-9b46-c10fafccfdb2",26,"1 - General AI"
"451723cb-39ca-55cc-9710-140cdb25b67f",16,"2 - Infra"
"3a3d074f-6c4f-5a2c-ac4b-bda58420c19f",5,"2 - Infra"
"ec94cd8c-ac67-5337-9e9a-56500d600475",14,"2 - Infra"
"debc0e90-d85d-5d3c-a953-a670b840fc78",6,"1 - General AI"
"4a84fed5-9078-5307-a218-4d72f9e5fe39",5,"2 - Infra"
"db33498b-5468-5a32-8c80-adcddc93bd27",9,"2 - Infra"
"debc0e90-d85d-5d3c-a953-a670b840fc78",16,"1 - General AI"
"e3aa98a0-b8c5-51ae-853f-c8f6b99db0f0",16,"1 - General AI"
"dfe1484c-8dd9-5ccf-9fed-d5afe3f34f2c",10,"1 - General AI"
"0ffef5cc-292b-5dfa-baa4-d69e53244cad",26,"1 - General AI"
"471cb45f-ed1d-55e3-bb83-f37c8097eb98",4,"1 - General AI"
"4a84fed5-9078-5307-a218-4d72f9e5fe39",15,"1 - General AI"
"904058bd-363b-5ec5-9d93-f422ba7c2bfa",19,"1 - General AI"
"d05ce13a-6aa8-519a-8cf7-e6d2f49200cb",26,"2 - Infra"
"d7cdca9a-3bfa-5b60-b07f-82b55941b2ed",21,"2 - Infra"
"6a77b696-8679-5d56-9d53-3470c22a90c5",18,"2 - Infra"
"05013128-98cc-59e0-a5c2-5fbfd9f99d94",26,"1 - General AI"
"aedef966-9c45-5f86-816a-f9d5ad7e406e",9,"1 - General AI"
"0045449f-65f0-5d4e-9b37-aac6d13474c8",18,"1 - General AI"
"4324b21a-0300-5afd-ba0d-f585dcf7945e",7,"1 - General AI"
"54663ae2-6f76-5cee-81af-5934c442015b",15,"1 - General AI"
"8a9d159d-331e-5125-bdf7-7ef8235251b2",6,"1 - General AI"
"8bc1b895-2563-583f-8c4b-0dbe60e1ca3a",8,"2 - Infra"
"971a12f2-f2d3-5c16-97e7-33d386795738",1,"1 - General AI"
"a6168ed6-19bf-5a46-b17e-321d5dbf9eaf",22,"2 - Infra"
"b9370e80-a22c-5d2a-9579-12449ea83286",12,"1 - General AI"
"415ee75f-43bd-5f5f-95b3-8cbb239db82c",28,"1 - General AI"
"34153012-1848-5daf-8cd8-27660069f0eb",9,"2 - Infra"
"1bfafdaa-5146-5220-843e-68292e3d56a1",17,"2 - Infra"
"0841310c-a8fc-56ff-a765-a54cfe9b8830",19,"2 - Infra"
"ec94cd8c-ac67-5337-9e9a-56500d600475",18,"1 - General AI"
"87a4c69c-93ba-5e73-a8b4-afdfab00f060",4,"2 - Infra"
"d871fa82-90e8-5219-9121-0d4d9ed1b395",10,"1 - General AI"
"69442f26-0e1c-5f2c-91a1-9fcc42370775",19,"2 - Infra"
"aec08e29-2bd1-50e0-a94d-402baf72a3d7",5,"1 - General AI"
"0ffef5cc-292b-5dfa-baa4-d69e53244cad",25,"1 - General AI"
"40428456-3b06-53b3-8d99-aa83f1aeeb76",16,"1 - General AI"
"525fca10-0bcd-5f70-9c5a-55f9aa4a0794",12,"2 - Infra"
"53a534ea-6d2f-5471-a921-d44373e02c1e",9,"1 - General AI"
"59876630-dc03-5936-9e10-3a01f2237a8c",8,"1 - General AI"
"67e91365-9214-5e7d-b250-f0373dc8482d",18,"1 - General AI"
"69442f26-0e1c-5f2c-91a1-9fcc42370775",22,"2 - Infra"
"3cdc0333-96c5-5a39-a542-23fbdba1c1bd",5,"2 - Infra"
"0ce0ef4b-c494-5479-ba1f-ff181b8eb3a3",15,"1 - General AI"
"ec94cd8c-ac67-5337-9e9a-56500d600475",13,"2 - Infra"
"49fa3c08-601b-518b-b610-f7a7f8102a3a",1,"1 - General AI"
"525fca10-0bcd-5f70-9c5a-55f9aa4a0794",1,"2 - Infra"
"7d4ec6a4-b500-597f-a4c8-3b1efa1bc7f3",8,"1 - General AI"
"b104832c-9b87-5f77-b04b-e9a7f1e0d0db",25,"2 - Infra"
"c242198b-86af-5e0d-8532-8b10ea1b2bbd",8,"1 - General AI"
"36d8fe08-ac91-5615-a7a6-3abd355ff707",13,"2 - Infra"
"0c9abdfb-d869-50c4-a8b9-e402d55c5d3c",13,"1 - General AI"
"942f47dc-3958-53ed-9b60-761cfb47f9bb",3,"1 - General AI"
"99c19fe6-36cf-5676-9152-e054550dcefb",22,"1 - General AI"
"dfe1484c-8dd9-5ccf-9fed-d5afe3f34f2c",9,"1 - General AI"
"ed5a5e49-bcad-5bd0-8b2e-ebefeb937d94",22,"1 - General AI"
"4324b21a-0300-5afd-ba0d-f585dcf7945e",19,"2 - Infra"
"5d8826c8-9eb1-5302-a2fa-b2d3a20b8383",24,"1 - General AI"
"9f2ba849-64d8-5743-8663-91d1fba37890",22,"1 - General AI"
"69442f26-0e1c-5f2c-91a1-9fcc42370775",23,"2 - Infra"
"193cdeb5-d767-50ff-a13c-3b7daac4bb22",20,"1 - General AI"
"37ce0629-fbaf-523c-9023-7b37e3fedd7f",16,"2 - Infra"
"7d4ec6a4-b500-597f-a4c8-3b1efa1bc7f3",3,"2 - Infra"
"7550b2b7-834a-5a04-a9ee-6ae8ff1d64da",11,"2 - Infra"
"a263aff4-f957-563b-bf65-18268688e50e",7,"1 - General AI"
"b076f00c-1b13-5fe2-96fb-8bf573a038a9",27,"1 - General AI"
"ac4504c5-e22f-57af-8d23-efc72300f168",2,"1 - General AI"
"f8d6d3af-390f-5ef9-b5fc-5a221cb823f4",19,"2 - Infra"
"fb4dfa87-ea47-5e55-a2d0-91c7c13cc43f",20,"2 - Infra"
"6499c25a-dc42-5bbb-9e40-cfbcaaeeba1c",7,"1 - General AI"
"662c5e90-150b-55f3-a744-4a5538a7d95a",12,"1 - General AI"
"6ebc8da9-167f-538b-ae69-4e4015d9bba3",23,"2 - Infra"
"40428456-3b06-53b3-8d99-aa83f1aeeb76",17,"1 - General AI"
"f8d6d3af-390f-5ef9-b5fc-5a221cb823f4",12,"1 - General AI"
"352610bf-3595-51dc-9e11-301d0f158647",5,"2 - Infra"
"20a7aed0-a0e4-5549-83f1-c0f67d7cee4b",6,"2 - Infra"
"f6334de9-fef4-5b4b-9a12-67ce35e0af82",17,"2 - Infra"
"4a84fed5-9078-5307-a218-4d72f9e5fe39",24,"2 - Infra"
"55fc6f4e-3691-5388-b690-d3b1bf8577ec",15,"2 - Infra"
"904058bd-363b-5ec5-9d93-f422ba7c2bfa",4,"1 - General AI"
"f8d6d3af-390f-5ef9-b5fc-5a221cb823f4",4,"2 - Infra"
"ea0eb5e6-f634-5046-9b46-c10fafccfdb2",27,"1 - General AI"
"3a3d074f-6c4f-5a2c-ac4b-bda58420c19f",24,"2 - Infra"
"17d09326-d7ab-5647-bd59-5c79aadfcde1",11,"1 - General AI"
"4a84fed5-9078-5307-a218-4d72f9e5fe39",12,"2 - Infra"
"8f6f6379-7b1d-5921-9326-d9244d569a8c",13,"1 - General AI"
"e185e36d-b084-5cd1-9afe-e140121320c9",11,"2 - Infra"
"67e91365-9214-5e7d-b250-f0373dc8482d",3,"1 - General AI"
"99c19fe6-36cf-5676-9152-e054550dcefb",34,"1 - General AI"
"1bfafdaa-5146-5220-843e-68292e3d56a1",9,"2 - Infra"
"f8d6d3af-390f-5ef9-b5fc-5a221cb823f4",20,"1 - General AI"
"59876630-dc03-5936-9e10-3a01f2237a8c",7,"1 - General AI"
"95e53630-85fd-554a-8ef6-24709faae917",11,"1 - General AI"
"c807efe2-50e1-589b-a6c2-9ae7c86d4fac",6,"1 - General AI"
"d7cdca9a-3bfa-5b60-b07f-82b55941b2ed",9,"1 - General AI"
"ea68814a-e352-5421-9d4d-4e9e9320725f",11,"1 - General AI"
"36d8fe08-ac91-5615-a7a6-3abd355ff707",15,"2 - Infra"
"53a534ea-6d2f-5471-a921-d44373e02c1e",8,"2 - Infra"
"d31de365-34bd-53ca-8251-6a04e423b0e1",18,"1 - General AI"
"19ae50a6-97f8-5c8c-944a-8f67754b496a",25,"2 - Infra"
"20dd13b4-b5e8-5440-affc-18cb009e1933",20,"1 - General AI"
"5d1ac975-ea2d-5ef5-ab0f-c10dcb8f6686",38,"1 - General AI"
"942f47dc-3958-53ed-9b60-761cfb47f9bb",31,"1 - General AI"
"c807efe2-50e1-589b-a6c2-9ae7c86d4fac",1,"1 - General AI"
"d7cca220-9296-5408-86f7-114ad678db56",2,"1 - General AI"
"20d95a81-92a9-56c4-aed5-34a0c00850c0",11,"2 - Infra"
"fb4dfa87-ea47-5e55-a2d0-91c7c13cc43f",5,"2 - Infra"
"f04de089-f8bb-569c-a925-80759aca8430",94,"1 - General AI"
"33936398-9bed-5574-b096-d8d6e3a44044",16,"1 - General AI"
"5d95d7fa-b615-5236-af28-6d0db3773271",8,"1 - General AI"
"7906ed6e-c489-57ab-bb17-2ede247dd400",4,"1 - General AI"
"858ca96a-d628-59bc-85bd-3b55da35ab19",17,"2 - Infra"
"c242198b-86af-5e0d-8532-8b10ea1b2bbd",16,"1 - General AI"
"c807efe2-50e1-589b-a6c2-9ae7c86d4fac",9,"1 - General AI"
"451723cb-39ca-55cc-9710-140cdb25b67f",18,"2 - Infra"
"53a534ea-6d2f-5471-a921-d44373e02c1e",16,"1 - General AI"
"8b0c505a-5d2c-5919-89ea-aea260b6457d",9,"1 - General AI"
"971a12f2-f2d3-5c16-97e7-33d386795738",13,"1 - General AI"
"d31de365-34bd-53ca-8251-6a04e423b0e1",9,"1 - General AI"
"68f6001f-d7db-59ca-9173-bf5450ef4d08",34,"2 - Infra"
"224743af-7e0e-53bf-a5bd-c43fb2dfbfad",29,"1 - General AI"
"0ce0ef4b-c494-5479-ba1f-ff181b8eb3a3",19,"2 - Infra"
"ea0eb5e6-f634-5046-9b46-c10fafccfdb2",21,"2 - Infra"
"193cdeb5-d767-50ff-a13c-3b7daac4bb22",19,"1 - General AI"
"525fca10-0bcd-5f70-9c5a-55f9aa4a0794",9,"2 - Infra"
"5d8826c8-9eb1-5302-a2fa-b2d3a20b8383",30,"1 - General AI"
"0e7becb0-f027-5573-a1f5-8ed94ea4a5d2",0,"1 - General AI"
"f8d6d3af-390f-5ef9-b5fc-5a221cb823f4",14,"1 - General AI"
"267ebe89-d7fd-569e-9999-3d4d30dbcb1f",26,"1 - General AI"
"6a77b696-8679-5d56-9d53-3470c22a90c5",25,"2 - Infra"
"904058bd-363b-5ec5-9d93-f422ba7c2bfa",7,"1 - General AI"
"d6cd5bb1-eba4-599e-bc17-c396ae80b00c",17,"1 - General AI"
"6a19ccac-de0c-55e0-b28d-476251f41ff8",0,"1 - General AI"
"6a3631e8-8265-5513-acda-2e2980e5a594",0,"2 - Infra"
"19ae50a6-97f8-5c8c-944a-8f67754b496a",7,"2 - Infra"
"4e6dd821-a1f8-54c0-b9c5-255426d83dfd",2,"2 - Infra"
"499ba81d-5d21-51f9-a062-87302edce82f",3,"1 - General AI"
"971a12f2-f2d3-5c16-97e7-33d386795738",2,"1 - General AI"
"d31de365-34bd-53ca-8251-6a04e423b0e1",3,"1 - General AI"
"68f6001f-d7db-59ca-9173-bf5450ef4d08",23,"1 - General AI"
"40428456-3b06-53b3-8d99-aa83f1aeeb76",2,"1 - General AI"
"415ee75f-43bd-5f5f-95b3-8cbb239db82c",20,"1 - General AI"
"3cdc0333-96c5-5a39-a542-23fbdba1c1bd",8,"2 - Infra"
"1bfafdaa-5146-5220-843e-68292e3d56a1",25,"2 - Infra"
"5d1ac975-ea2d-5ef5-ab0f-c10dcb8f6686",32,"1 - General AI"
"d7cca220-9296-5408-86f7-114ad678db56",4,"2 - Infra"
"68f6001f-d7db-59ca-9173-bf5450ef4d08",61,"1 - General AI"
"40428456-3b06-53b3-8d99-aa83f1aeeb76",5,"1 - General AI"
"525fca10-0bcd-5f70-9c5a-55f9aa4a0794",25,"1 - General AI"
"9732e5a6-bc18-5a15-8ea3-332ee47ec027",8,"1 - General AI"
"a6168ed6-19bf-5a46-b17e-321d5dbf9eaf",2,"1 - General AI"
"e3aa98a0-b8c5-51ae-853f-c8f6b99db0f0",8,"1 - General AI"
"662c5e90-150b-55f3-a744-4a5538a7d95a",4,"1 - General AI"
"6ebc8da9-167f-538b-ae69-4e4015d9bba3",5,"1 - General AI"
"32a49d4b-bf7f-597b-82b7-90591bcdd9bb",31,"1 - General AI"
"4324b21a-0300-5afd-ba0d-f585dcf7945e",4,"2 - Infra"
"8fe2aa0d-3fb9-5598-ba80-fb0cf978df9b",16,"1 - General AI"
"b57c663f-0f2b-558c-9f1d-ee27845e3748",9,"1 - General AI"
"d1c0dc6b-4f7e-5be2-bba8-f0277e9351b8",25,"1 - General AI"
"e16167de-0ad7-53b3-9f96-2152efa513ab",30,"1 - General AI"
"b076f00c-1b13-5fe2-96fb-8bf573a038a9",15,"1 - General AI"
"36d8fe08-ac91-5615-a7a6-3abd355ff707",5,"2 - Infra"
"19ae50a6-97f8-5c8c-944a-8f67754b496a",16,"2 - Infra"
"8f6f6379-7b1d-5921-9326-d9244d569a8c",28,"1 - General AI"
"a263aff4-f957-563b-bf65-18268688e50e",3,"1 - General AI"
"3dc2e535-2c22-5fd3-a713-8070429082f8",3,"1 - General AI"
"05013128-98cc-59e0-a5c2-5fbfd9f99d94",10,"1 - General AI"
"53a534ea-6d2f-5471-a921-d44373e02c1e",21,"1 - General AI"
"e185e36d-b084-5cd1-9afe-e140121320c9",15,"1 - General AI"
"525fca10-0bcd-5f70-9c5a-55f9aa4a0794",5,"1 - General AI"
"63769e90-d28b-58c1-afb7-b0f36f9306bd",1,"1 - General AI"
"831140a4-e1e1-5273-b581-38829d347f36",4,"1 - General AI"
"36d8fe08-ac91-5615-a7a6-3abd355ff707",3,"2 - Infra"
"1f84b5fb-c2bd-5b29-93cf-d10389e56668",4,"1 - General AI"
"f04de089-f8bb-569c-a925-80759aca8430",96,"2 - Infra"
"ec94cd8c-ac67-5337-9e9a-56500d600475",27,"1 - General AI"
"d6cd5bb1-eba4-599e-bc17-c396ae80b00c",6,"1 - General AI"
"f8d6d3af-390f-5ef9-b5fc-5a221cb823f4",2,"2 - Infra"
"415ee75f-43bd-5f5f-95b3-8cbb239db82c",32,"2 - Infra"
"59876630-dc03-5936-9e10-3a01f2237a8c",17,"2 - Infra"
"05013128-98cc-59e0-a5c2-5fbfd9f99d94",16,"1 - General AI"
"20dd13b4-b5e8-5440-affc-18cb009e1933",8,"1 - General AI"
"27f7059b-86f8-5cc4-b242-c0ac1a37a720",14,"2 - Infra"
"4a84fed5-9078-5307-a218-4d72f9e5fe39",20,"1 - General AI"
"960f4240-ee84-511d-87c3-3f5d5820e30d",5,"2 - Infra"
"b104832c-9b87-5f77-b04b-e9a7f1e0d0db",7,"2 - Infra"
"451723cb-39ca-55cc-9710-140cdb25b67f",27,"2 - Infra"
"9229fe39-58e8-5e8b-9b81-61e1e5aab840",9,"2 - Infra"
"415ee75f-43bd-5f5f-95b3-8cbb239db82c",14,"2 - Infra"
"33936398-9bed-5574-b096-d8d6e3a44044",17,"1 - General AI"
"319f15e2-a922-5e6f-be0d-1cc598a7031c",6,"2 - Infra"
"8bc1b895-2563-583f-8c4b-0dbe60e1ca3a",1,"2 - Infra"
"a31adff2-40c5-5520-8cb4-b33ca6b86e3a",33,"2 - Infra"
"f12b8d30-0535-5079-8c70-105991893fef",0,"1 - General AI"
"ea0eb5e6-f634-5046-9b46-c10fafccfdb2",4,"2 - Infra"
"5d1ac975-ea2d-5ef5-ab0f-c10dcb8f6686",19,"2 - Infra"
"8b4b4170-64d5-5d17-b9a7-c4aa91b1e551",12,"1 - General AI"
"dfe1484c-8dd9-5ccf-9fed-d5afe3f34f2c",15,"1 - General AI"
"662c5e90-150b-55f3-a744-4a5538a7d95a",9,"1 - General AI"
"499ba81d-5d21-51f9-a062-87302edce82f",12,"1 - General AI"
"99c19fe6-36cf-5676-9152-e054550dcefb",18,"1 - General AI"
"3cdc0333-96c5-5a39-a542-23fbdba1c1bd",3,"2 - Infra"
"6e835878-d177-5701-b8d4-4f7fe9af9d5e",2,"2 - Infra"
"321f8689-5fe6-5b21-9ebf-b9c9f0bc84e3",9,"1 - General AI"
"4a84fed5-9078-5307-a218-4d72f9e5fe39",3,"1 - General AI"
"4b26342b-a204-5eec-9301-16f4134721cb",2,"2 - Infra"
"8b0c505a-5d2c-5919-89ea-aea260b6457d",10,"1 - General AI"
"a6168ed6-19bf-5a46-b17e-321d5dbf9eaf",12,"2 - Infra"
"c807efe2-50e1-589b-a6c2-9ae7c86d4fac",5,"1 - General AI"
"67e91365-9214-5e7d-b250-f0373dc8482d",27,"1 - General AI"
"68f6001f-d7db-59ca-9173-bf5450ef4d08",125,"2 - Infra"
"68f6001f-d7db-59ca-9173-bf5450ef4d08",130,"1 - General AI"
"19ae50a6-97f8-5c8c-944a-8f67754b496a",5,"2 - Infra"
"1f84b5fb-c2bd-5b29-93cf-d10389e56668",5,"1 - General AI"
"fe73e653-1a05-5602-a8bb-a53bb21b8468",2,"1 - General AI"
"499ba81d-5d21-51f9-a062-87302edce82f",23,"2 - Infra"
"4a84fed5-9078-5307-a218-4d72f9e5fe39",2,"2 - Infra"
"6ebc8da9-167f-538b-ae69-4e4015d9bba3",3,"2 - Infra"
"8d613210-f36f-5330-b68c-59f82d72b913",3,"2 - Infra"
"9b445c1c-6105-580d-876a-fd824f81668a",7,"2 - Infra"
"20d95a81-92a9-56c4-aed5-34a0c00850c0",9,"2 - Infra"
"38856b84-7bbb-53f5-9c63-286c3020a212",7,"2 - Infra"
"49eb043b-e92e-58d4-897e-f57564597ee3",22,"1 - General AI"
"ced4ab13-26ba-5d31-b9cb-034dd8c77805",2,"2 - Infra"
"67e91365-9214-5e7d-b250-f0373dc8482d",29,"1 - General AI"
"6e835878-d177-5701-b8d4-4f7fe9af9d5e",5,"1 - General AI"
"7550b2b7-834a-5a04-a9ee-6ae8ff1d64da",3,"1 - General AI"
"193cdeb5-d767-50ff-a13c-3b7daac4bb22",14,"1 - General AI"
"53a534ea-6d2f-5471-a921-d44373e02c1e",20,"2 - Infra"
"f8d6d3af-390f-5ef9-b5fc-5a221cb823f4",9,"2 - Infra"
"0ffef5cc-292b-5dfa-baa4-d69e53244cad",19,"1 - General AI"
"ec94cd8c-ac67-5337-9e9a-56500d600475",3,"1 - General AI"
"402422ab-c575-56c7-86dd-81e39e43f69d",6,"2 - Infra"
"4a84fed5-9078-5307-a218-4d72f9e5fe39",19,"1 - General AI"
"d871fa82-90e8-5219-9121-0d4d9ed1b395",16,"2 - Infra"
"acfcc7cd-39e1-534a-b5a6-0118b90f448c",3,"2 - Infra"
"0045449f-65f0-5d4e-9b37-aac6d13474c8",24,"1 - General AI"
"49fa3c08-601b-518b-b610-f7a7f8102a3a",11,"1 - General AI"
"45c1294a-3b90-5f23-ab91-bd80f9802f69",21,"1 - General AI"
"c8f7d2b5-5298-538d-8f6d-8b97424a4a1a",3,"1 - General AI"
"e185e36d-b084-5cd1-9afe-e140121320c9",26,"2 - Infra"
"fb4dfa87-ea47-5e55-a2d0-91c7c13cc43f",23,"1 - General AI"
"2488bcee-887b-5298-bea4-ebb923a4a3c9",1,"1 - General AI"
"31b72460-defe-5326-a0c0-dc5c73eb134a",19,"1 - General AI"
"352610bf-3595-51dc-9e11-301d0f158647",4,"2 - Infra"
"1bb47084-c01f-58d0-bd3c-b97e3b417dfc",3,"1 - General AI"
"527745f0-8f26-58f9-9043-f44088f9fc8a",27,"2 - Infra"
"67e91365-9214-5e7d-b250-f0373dc8482d",7,"1 - General AI"
"ea0eb5e6-f634-5046-9b46-c10fafccfdb2",5,"2 - Infra"
"43b08bf7-9e27-55e8-8ac5-19fa45e3a311",3,"2 - Infra"
"525fca10-0bcd-5f70-9c5a-55f9aa4a0794",24,"1 - General AI"
"a31adff2-40c5-5520-8cb4-b33ca6b86e3a",9,"1 - General AI"
"dfe1484c-8dd9-5ccf-9fed-d5afe3f34f2c",22,"1 - General AI"
"6a77b696-8679-5d56-9d53-3470c22a90c5",8,"1 - General AI"
"6a77b696-8679-5d56-9d53-3470c22a90c5",4,"2 - Infra"
"34153012-1848-5daf-8cd8-27660069f0eb",13,"1 - General AI"
"942f47dc-3958-53ed-9b60-761cfb47f9bb",21,"1 - General AI"
"87a4c69c-93ba-5e73-a8b4-afdfab00f060",14,"1 - General AI"
"d05ce13a-6aa8-519a-8cf7-e6d2f49200cb",19,"1 - General AI"
"fb4dfa87-ea47-5e55-a2d0-91c7c13cc43f",25,"1 - General AI"
"ed5a5e49-bcad-5bd0-8b2e-ebefeb937d94",13,"2 - Infra"
"0045449f-65f0-5d4e-9b37-aac6d13474c8",25,"1 - General AI"
"c3f90c49-cec7-5bc6-a05c-fe34b4e602b8",20,"1 - General AI"
"10752d6e-4708-5bae-85c6-00ef20ed1adc",17,"1 - General AI"
"4324b21a-0300-5afd-ba0d-f585dcf7945e",27,"1 - General AI"
"9837dfd9-0389-5100-88ba-32b379e479ff",1,"1 - General AI"
"53a534ea-6d2f-5471-a921-d44373e02c1e",17,"2 - Infra"
"4e6dd821-a1f8-54c0-b9c5-255426d83dfd",26,"1 - General AI"
"6a77b696-8679-5d56-9d53-3470c22a90c5",9,"2 - Infra"
"8bb65558-0b56-5e53-bb4e-63b773ef84b0",2,"1 - General AI"
"99c19fe6-36cf-5676-9152-e054550dcefb",14,"1 - General AI"
"c3f90c49-cec7-5bc6-a05c-fe34b4e602b8",1,"1 - General AI"
"55fc6f4e-3691-5388-b690-d3b1bf8577ec",1,"2 - Infra"
"7906ed6e-c489-57ab-bb17-2ede247dd400",3,"2 - Infra"
"67e91365-9214-5e7d-b250-f0373dc8482d",16,"1 - General AI"
"49eb043b-e92e-58d4-897e-f57564597ee3",19,"1 - General AI"
"471cb45f-ed1d-55e3-bb83-f37c8097eb98",3,"1 - General AI"
"59876630-dc03-5936-9e10-3a01f2237a8c",2,"2 - Infra"
"7d4ec6a4-b500-597f-a4c8-3b1efa1bc7f3",7,"2 - Infra"
"806bba5c-f32e-5463-a7e7-92bdacc4bcd1",16,"1 - General AI"
"b9370e80-a22c-5d2a-9579-12449ea83286",9,"1 - General AI"
"db33498b-5468-5a32-8c80-adcddc93bd27",4,"1 - General AI"
"40428456-3b06-53b3-8d99-aa83f1aeeb76",3,"1 - General AI"
"fe68894e-788c-542f-80d2-40ed0ea89e5b",7,"1 - General AI"
"49eb043b-e92e-58d4-897e-f57564597ee3",13,"1 - General AI"
"7d4ec6a4-b500-597f-a4c8-3b1efa1bc7f3",22,"2 - Infra"
"4a84fed5-9078-5307-a218-4d72f9e5fe39",31,"1 - General AI"
"f8d6d3af-390f-5ef9-b5fc-5a221cb823f4",8,"1 - General AI"
"402422ab-c575-56c7-86dd-81e39e43f69d",10,"1 - General AI"
"321f8689-5fe6-5b21-9ebf-b9c9f0bc84e3",20,"1 - General AI"
"451723cb-39ca-55cc-9710-140cdb25b67f",10,"1 - General AI"
"5eb56bbc-0304-54ea-b29d-c219e3848641",23,"1 - General AI"
"9732e5a6-bc18-5a15-8ea3-332ee47ec027",16,"1 - General AI"
"c9d9e804-2e76-52ec-a1f9-c375e19a9fc1",26,"1 - General AI"
"0045449f-65f0-5d4e-9b37-aac6d13474c8",21,"1 - General AI"
"321f8689-5fe6-5b21-9ebf-b9c9f0bc84e3",33,"1 - General AI"
"4a84fed5-9078-5307-a218-4d72f9e5fe39",25,"2 - Infra"
"525fca10-0bcd-5f70-9c5a-55f9aa4a0794",29,"1 - General AI"
"5d95d7fa-b615-5236-af28-6d0db3773271",14,"1 - General AI"
"7906ed6e-c489-57ab-bb17-2ede247dd400",23,"1 - General AI"
"8358ab57-a5d5-5091-b100-15b266c71a29",13,"2 - Infra"
"8bb65558-0b56-5e53-bb4e-63b773ef84b0",13,"1 - General AI"
"224743af-7e0e-53bf-a5bd-c43fb2dfbfad",17,"2 - Infra"
"6a77b696-8679-5d56-9d53-3470c22a90c5",20,"2 - Infra"
"6499c25a-dc42-5bbb-9e40-cfbcaaeeba1c",14,"1 - General AI"
"7906ed6e-c489-57ab-bb17-2ede247dd400",28,"2 - Infra"
"8a9d159d-331e-5125-bdf7-7ef8235251b2",22,"1 - General AI"
"20dd13b4-b5e8-5440-affc-18cb009e1933",19,"1 - General AI"
"162c2ee9-3002-5685-a301-e60dc07af155",11,"1 - General AI"
"8d8f645f-6188-51ae-991a-16f0f9ce163b",6,"1 - General AI"
"34153012-1848-5daf-8cd8-27660069f0eb",27,"2 - Infra"
"4a84fed5-9078-5307-a218-4d72f9e5fe39",6,"2 - Infra"
"858ca96a-d628-59bc-85bd-3b55da35ab19",19,"2 - Infra"
"8bc1b895-2563-583f-8c4b-0dbe60e1ca3a",26,"1 - General AI"
"9837dfd9-0389-5100-88ba-32b379e479ff",17,"1 - General AI"
"a6168ed6-19bf-5a46-b17e-321d5dbf9eaf",16,"1 - General AI"
"debc0e90-d85d-5d3c-a953-a670b840fc78",5,"1 - General AI"
"49eb043b-e92e-58d4-897e-f57564597ee3",23,"1 - General AI"
"36d8fe08-ac91-5615-a7a6-3abd355ff707",26,"2 - Infra"
"451723cb-39ca-55cc-9710-140cdb25b67f",24,"2 - Infra"
"ec94cd8c-ac67-5337-9e9a-56500d600475",17,"1 - General AI"
"6499c25a-dc42-5bbb-9e40-cfbcaaeeba1c",11,"1 - General AI"
"b9370e80-a22c-5d2a-9579-12449ea83286",15,"1 - General AI"
"f04de089-f8bb-569c-a925-80759aca8430",86,"2 - Infra"
"415ee75f-43bd-5f5f-95b3-8cbb239db82c",24,"1 - General AI"
"096ff108-80d1-5a56-a1b4-47c77ec6af79",4,"2 - Infra"
"53a534ea-6d2f-5471-a921-d44373e02c1e",29,"2 - Infra"
"904058bd-363b-5ec5-9d93-f422ba7c2bfa",34,"1 - General AI"
"9b445c1c-6105-580d-876a-fd824f81668a",20,"1 - General AI"
"e839006a-00e1-55bd-b4b5-19c4e3f6fce2",16,"2 - Infra"
"662c5e90-150b-55f3-a744-4a5538a7d95a",6,"1 - General AI"
"904058bd-363b-5ec5-9d93-f422ba7c2bfa",20,"1 - General AI"
"402422ab-c575-56c7-86dd-81e39e43f69d",22,"2 - Infra"
"87a4c69c-93ba-5e73-a8b4-afdfab00f060",27,"1 - General AI"
"8e36ec0f-f800-561f-a459-b2403c03960f",8,"2 - Infra"
"68f6001f-d7db-59ca-9173-bf5450ef4d08",198,"1 - General AI"
"ea0eb5e6-f634-5046-9b46-c10fafccfdb2",24,"1 - General AI"
"1bfafdaa-5146-5220-843e-68292e3d56a1",4,"2 - Infra"
"402422ab-c575-56c7-86dd-81e39e43f69d",14,"2 - Infra"
"525fca10-0bcd-5f70-9c5a-55f9aa4a0794",23,"2 - Infra"
"971a12f2-f2d3-5c16-97e7-33d386795738",6,"1 - General AI"
"b076f00c-1b13-5fe2-96fb-8bf573a038a9",17,"1 - General AI"
"e3aa98a0-b8c5-51ae-853f-c8f6b99db0f0",17,"1 - General AI"
"662c5e90-150b-55f3-a744-4a5538a7d95a",28,"1 - General AI"
"0ffef5cc-292b-5dfa-baa4-d69e53244cad",5,"2 - Infra"
"451723cb-39ca-55cc-9710-140cdb25b67f",17,"2 - Infra"
"9b445c1c-6105-580d-876a-fd824f81668a",13,"1 - General AI"
"4324b21a-0300-5afd-ba0d-f585dcf7945e",26,"1 - General AI"
"267ebe89-d7fd-569e-9999-3d4d30dbcb1f",16,"2 - Infra"
"19ae50a6-97f8-5c8c-944a-8f67754b496a",26,"2 - Infra"
"096ff108-80d1-5a56-a1b4-47c77ec6af79",21,"1 - General AI"
"499ba81d-5d21-51f9-a062-87302edce82f",14,"1 - General AI"
"53a534ea-6d2f-5471-a921-d44373e02c1e",13,"1 - General AI"
"59876630-dc03-5936-9e10-3a01f2237a8c",11,"2 - Infra"
"e3aa98a0-b8c5-51ae-853f-c8f6b99db0f0",6,"1 - General AI"
"267ebe89-d7fd-569e-9999-3d4d30dbcb1f",5,"1 - General AI"
"f8d6d3af-390f-5ef9-b5fc-5a221cb823f4",22,"1 - General AI"
"20a7aed0-a0e4-5549-83f1-c0f67d7cee4b",14,"1 - General AI"
"546dbd88-8b1f-55ad-bf0b-d68ce5b38b94",25,"1 - General AI"
"5d8826c8-9eb1-5302-a2fa-b2d3a20b8383",7,"1 - General AI"
"debc0e90-d85d-5d3c-a953-a670b840fc78",25,"1 - General AI"
"dfe1484c-8dd9-5ccf-9fed-d5afe3f34f2c",14,"1 - General AI"
"aedef966-9c45-5f86-816a-f9d5ad7e406e",25,"2 - Infra"
"5d1ac975-ea2d-5ef5-ab0f-c10dcb8f6686",13,"1 - General AI"
"3a3d074f-6c4f-5a2c-ac4b-bda58420c19f",17,"2 - Infra"
"37ce0629-fbaf-523c-9023-7b37e3fedd7f",18,"2 - Infra"
"59876630-dc03-5936-9e10-3a01f2237a8c",24,"2 - Infra"
"942f47dc-3958-53ed-9b60-761cfb47f9bb",33,"1 - General AI"
"a6168ed6-19bf-5a46-b17e-321d5dbf9eaf",25,"1 - General AI"
"dfc2ab13-b7c1-541d-9efb-7d0044375e52",9,"1 - General AI"
"69442f26-0e1c-5f2c-91a1-9fcc42370775",8,"2 - Infra"
"36d8fe08-ac91-5615-a7a6-3abd355ff707",6,"2 - Infra"
"5310f871-96f6-5a1b-9031-fa9c32b15484",16,"1 - General AI"
"7906ed6e-c489-57ab-bb17-2ede247dd400",7,"2 - Infra"
"8f6f6379-7b1d-5921-9326-d9244d569a8c",9,"2 - Infra"
"a263aff4-f957-563b-bf65-18268688e50e",15,"1 - General AI"
"ce5c7c2b-0309-551f-a74b-a808a44f6d11",7,"1 - General AI"
"ade59777-616f-58e6-885c-bfda1a8ea01c",0,"2 - Infra"
"05013128-98cc-59e0-a5c2-5fbfd9f99d94",25,"1 - General AI"
"05013128-98cc-59e0-a5c2-5fbfd9f99d94",9,"1 - General AI"
"3c58ff0b-6cb5-5ded-97f1-e0fbe2bb2e39",18,"1 - General AI"
"5d8826c8-9eb1-5302-a2fa-b2d3a20b8383",18,"1 - General AI"
"6e835878-d177-5701-b8d4-4f7fe9af9d5e",21,"2 - Infra"
"0c30d729-cd22-5b29-a850-a54fea3a6d25",8,"2 - Infra"
"2d5b6b23-4656-59ea-8f19-6ca1e2d4cc2d",9,"2 - Infra"
"09e53e56-9655-5b01-9328-be1a2e0f8757",155,"1 - General AI"
"53a534ea-6d2f-5471-a921-d44373e02c1e",30,"1 - General AI"
"bf07ccba-bd7c-5053-91e0-9b04160a6102",20,"1 - General AI"
"100e429a-a61a-5fa0-a277-0642cc464901",0,"2 - Infra"
"ac4504c5-e22f-57af-8d23-efc72300f168",29,"1 - General AI"
"2488bcee-887b-5298-bea4-ebb923a4a3c9",7,"2 - Infra"
"ed5a5e49-bcad-5bd0-8b2e-ebefeb937d94",5,"2 - Infra"
"4a84fed5-9078-5307-a218-4d72f9e5fe39",32,"1 - General AI"
"4e6dd821-a1f8-54c0-b9c5-255426d83dfd",20,"2 - Infra"
"8358ab57-a5d5-5091-b100-15b266c71a29",9,"2 - Infra"
"971a12f2-f2d3-5c16-97e7-33d386795738",10,"1 - General AI"
"d7cca220-9296-5408-86f7-114ad678db56",7,"2 - Infra"
"34153012-1848-5daf-8cd8-27660069f0eb",15,"1 - General AI"
"47d18e9e-5340-5380-81b1-c648e52bd08b",3,"2 - Infra"
"8b0c505a-5d2c-5919-89ea-aea260b6457d",4,"1 - General AI"
"ce5c7c2b-0309-551f-a74b-a808a44f6d11",19,"2 - Infra"
"f0344c9f-1242-5b96-bcf3-9bfd6bd09a80",90,"1 - General AI"
"45c1294a-3b90-5f23-ab91-bd80f9802f69",3,"1 - General AI"
"55fc6f4e-3691-5388-b690-d3b1bf8577ec",4,"2 - Infra"
"d05ce13a-6aa8-519a-8cf7-e6d2f49200cb",4,"1 - General AI"
"d871fa82-90e8-5219-9121-0d4d9ed1b395",19,"1 - General AI"
"33936398-9bed-5574-b096-d8d6e3a44044",30,"1 - General AI"
"3c58ff0b-6cb5-5ded-97f1-e0fbe2bb2e39",20,"1 - General AI"
"451723cb-39ca-55cc-9710-140cdb25b67f",4,"2 - Infra"
"0841310c-a8fc-56ff-a765-a54cfe9b8830",3,"2 - Infra"
"546dbd88-8b1f-55ad-bf0b-d68ce5b38b94",26,"1 - General AI"
"68f6001f-d7db-59ca-9173-bf5450ef4d08",67,"1 - General AI"
"68f6001f-d7db-59ca-9173-bf5450ef4d08",78,"2 - Infra"
"68f6001f-d7db-59ca-9173-bf5450ef4d08",81,"1 - General AI"
"19ae50a6-97f8-5c8c-944a-8f67754b496a",2,"2 - Infra"
"6e835878-d177-5701-b8d4-4f7fe9af9d5e",6,"1 - General AI"
"224743af-7e0e-53bf-a5bd-c43fb2dfbfad",6,"2 - Infra"
"546dbd88-8b1f-55ad-bf0b-d68ce5b38b94",15,"1 - General AI"
"942f47dc-3958-53ed-9b60-761cfb47f9bb",6,"1 - General AI"
"096ff108-80d1-5a56-a1b4-47c77ec6af79",20,"2 - Infra"
"546dbd88-8b1f-55ad-bf0b-d68ce5b38b94",24,"2 - Infra"
"806bba5c-f32e-5463-a7e7-92bdacc4bcd1",7,"2 - Infra"
"95e53630-85fd-554a-8ef6-24709faae917",1,"1 - General AI"
"b076f00c-1b13-5fe2-96fb-8bf573a038a9",34,"1 - General AI"
"ea68814a-e352-5421-9d4d-4e9e9320725f",3,"2 - Infra"
"beb63bfd-6134-5405-88e7-3d65c55dd7ad",22,"1 - General AI"
"8bb65558-0b56-5e53-bb4e-63b773ef84b0",34,"1 - General AI"
"9732e5a6-bc18-5a15-8ea3-332ee47ec027",1,"2 - Infra"
"f0344c9f-1242-5b96-bcf3-9bfd6bd09a80",95,"1 - General AI"
"38856b84-7bbb-53f5-9c63-286c3020a212",14,"2 - Infra"
"dae4da18-a0dd-5db6-8ffd-3e3a5a79985e",26,"1 - General AI"
"525fca10-0bcd-5f70-9c5a-55f9aa4a0794",8,"2 - Infra"
"b57c663f-0f2b-558c-9f1d-ee27845e3748",5,"1 - General AI"
"d871fa82-90e8-5219-9121-0d4d9ed1b395",6,"1 - General AI"
"662c5e90-150b-55f3-a744-4a5538a7d95a",14,"1 - General AI"
"1f84b5fb-c2bd-5b29-93cf-d10389e56668",2,"1 - General AI"
"71e48957-7f66-5991-9ae4-80ae68a48a1e",5,"2 - Infra"
"5d8826c8-9eb1-5302-a2fa-b2d3a20b8383",23,"1 - General AI"
"8bc1b895-2563-583f-8c4b-0dbe60e1ca3a",2,"2 - Infra"
"9732e5a6-bc18-5a15-8ea3-332ee47ec027",10,"2 - Infra"
"b9370e80-a22c-5d2a-9579-12449ea83286",25,"1 - General AI"
"49eb043b-e92e-58d4-897e-f57564597ee3",6,"2 - Infra"
"20dd13b4-b5e8-5440-affc-18cb009e1933",5,"1 - General AI"
"451723cb-39ca-55cc-9710-140cdb25b67f",7,"2 - Infra"
"7d4ec6a4-b500-597f-a4c8-3b1efa1bc7f3",23,"1 - General AI"
"d7cdca9a-3bfa-5b60-b07f-82b55941b2ed",7,"2 - Infra"
"415ee75f-43bd-5f5f-95b3-8cbb239db82c",25,"1 - General AI"
"2488bcee-887b-5298-bea4-ebb923a4a3c9",26,"1 - General AI"
"4b47f4c1-03f4-5cb8-9f0a-623ee0c09112",4,"2 - Infra"
"a263aff4-f957-563b-bf65-18268688e50e",5,"1 - General AI"
"b9370e80-a22c-5d2a-9579-12449ea83286",10,"1 - General AI"
"ce5c7c2b-0309-551f-a74b-a808a44f6d11",4,"2 - Infra"
"d7cca220-9296-5408-86f7-114ad678db56",23,"1 - General AI"
"e3aa98a0-b8c5-51ae-853f-c8f6b99db0f0",2,"1 - General AI"
"87a4c69c-93ba-5e73-a8b4-afdfab00f060",6,"1 - General AI"
"c7c172e1-a172-5d00-b7fb-c37127627933",6,"3 - Platform"
"e28a5bf4-606d-5cf2-a721-5e22a3772904",2,"1 - General AI"
"37ce0629-fbaf-523c-9023-7b37e3fedd7f",3,"1 - General AI"
"33936398-9bed-5574-b096-d8d6e3a44044",32,"1 - General AI"
"55fc6f4e-3691-5388-b690-d3b1bf8577ec",27,"2 - Infra"
"7906ed6e-c489-57ab-bb17-2ede247dd400",9,"2 - Infra"
"9b445c1c-6105-580d-876a-fd824f81668a",8,"1 - General AI"
"e28a5bf4-606d-5cf2-a721-5e22a3772904",3,"2 - Infra"
"858ca96a-d628-59bc-85bd-3b55da35ab19",12,"1 - General AI"
"ea0eb5e6-f634-5046-9b46-c10fafccfdb2",22,"1 - General AI"
"304b4df7-5e34-59f4-abb1-7dac0bd321d7",13,"1 - General AI"
"33936398-9bed-5574-b096-d8d6e3a44044",28,"1 - General AI"
"8358ab57-a5d5-5091-b100-15b266c71a29",23,"1 - General AI"
"8bc1b895-2563-583f-8c4b-0dbe60e1ca3a",11,"2 - Infra"
"d7cdca9a-3bfa-5b60-b07f-82b55941b2ed",22,"1 - General AI"
"40428456-3b06-53b3-8d99-aa83f1aeeb76",13,"1 - General AI"
"3c58ff0b-6cb5-5ded-97f1-e0fbe2bb2e39",15,"1 - General AI"
"71e48957-7f66-5991-9ae4-80ae68a48a1e",3,"2 - Infra"
"8358ab57-a5d5-5091-b100-15b266c71a29",14,"2 - Infra"
"8a9d159d-331e-5125-bdf7-7ef8235251b2",3,"1 - General AI"
"95e53630-85fd-554a-8ef6-24709faae917",18,"1 - General AI"
"69442f26-0e1c-5f2c-91a1-9fcc42370775",4,"2 - Infra"
"ac4504c5-e22f-57af-8d23-efc72300f168",4,"1 - General AI"
"3ccf558f-dde7-51ab-bd38-6cbb5faf3290",7,"1 - General AI"
"fb4dfa87-ea47-5e55-a2d0-91c7c13cc43f",16,"1 - General AI"
"fb4dfa87-ea47-5e55-a2d0-91c7c13cc43f",4,"2 - Infra"
"59876630-dc03-5936-9e10-3a01f2237a8c",9,"1 - General AI"
"769483ae-b14b-57ca-9eec-ad405de9f2de",3,"1 - General AI"
"a6168ed6-19bf-5a46-b17e-321d5dbf9eaf",17,"1 - General AI"
"06fb76cd-3f3f-5737-86a9-a324ab4cc5cc",4,"2 - Infra"
"415ee75f-43bd-5f5f-95b3-8cbb239db82c",29,"1 - General AI"
"f7aa7bdb-86f6-54ae-af61-b41efe80f0d2",29,"2 - Infra"
"fb0b49e7-e0dc-5e41-9f85-7066632b3657",5,"2 - Infra"
"8d8f645f-6188-51ae-991a-16f0f9ce163b",11,"2 - Infra"
"a66878ff-597d-54c3-8fed-55d0a6296eaa",24,"1 - General AI"
"37ce0629-fbaf-523c-9023-7b37e3fedd7f",11,"2 - Infra"
"49eb043b-e92e-58d4-897e-f57564597ee3",3,"2 - Infra"
"546dbd88-8b1f-55ad-bf0b-d68ce5b38b94",3,"1 - General AI"
"5d95d7fa-b615-5236-af28-6d0db3773271",26,"1 - General AI"
"7906ed6e-c489-57ab-bb17-2ede247dd400",27,"1 - General AI"
"68f6001f-d7db-59ca-9173-bf5450ef4d08",20,"1 - General AI"
"6a4202fc-3cca-5326-8d55-7915f1e4c3c8",0,"1 - General AI"
"102e7f36-c78c-5c7a-8381-3b71afa2f465",8,"2 - Infra"
"40428456-3b06-53b3-8d99-aa83f1aeeb76",6,"1 - General AI"
"096ff108-80d1-5a56-a1b4-47c77ec6af79",3,"2 - Infra"
"27f7059b-86f8-5cc4-b242-c0ac1a37a720",15,"1 - General AI"
"6499c25a-dc42-5bbb-9e40-cfbcaaeeba1c",2,"1 - General AI"
"8d8f645f-6188-51ae-991a-16f0f9ce163b",27,"1 - General AI"
"40428456-3b06-53b3-8d99-aa83f1aeeb76",19,"1 - General AI"
"53a534ea-6d2f-5471-a921-d44373e02c1e",6,"2 - Infra"
"584e2356-d5a6-5710-9f24-b6f0a71345b2",2,"2 - Infra"
"806bba5c-f32e-5463-a7e7-92bdacc4bcd1",21,"1 - General AI"
"69442f26-0e1c-5f2c-91a1-9fcc42370775",5,"2 - Infra"
"224743af-7e0e-53bf-a5bd-c43fb2dfbfad",31,"1 - General AI"
"33936398-9bed-5574-b096-d8d6e3a44044",18,"1 - General AI"
"49fa3c08-601b-518b-b610-f7a7f8102a3a",14,"1 - General AI"
"55fc6f4e-3691-5388-b690-d3b1bf8577ec",3,"2 - Infra"
"8b4b4170-64d5-5d17-b9a7-c4aa91b1e551",4,"1 - General AI"
"9b445c1c-6105-580d-876a-fd824f81668a",3,"1 - General AI"
"debc0e90-d85d-5d3c-a953-a670b840fc78",4,"1 - General AI"
"6a38eadf-c932-53d2-8613-6f93063c09a1",0,"2 - Infra"
"ac4504c5-e22f-57af-8d23-efc72300f168",15,"1 - General AI"
"95e53630-85fd-554a-8ef6-24709faae917",14,"1 - General AI"
"fb4dfa87-ea47-5e55-a2d0-91c7c13cc43f",28,"1 - General AI"
"4b47f4c1-03f4-5cb8-9f0a-623ee0c09112",5,"1 - General AI"
"8f6f6379-7b1d-5921-9326-d9244d569a8c",20,"1 - General AI"
"8fe2aa0d-3fb9-5598-ba80-fb0cf978df9b",3,"1 - General AI"
"95e53630-85fd-554a-8ef6-24709faae917",21,"1 - General AI"
"c8f7d2b5-5298-538d-8f6d-8b97424a4a1a",14,"2 - Infra"
"99c19fe6-36cf-5676-9152-e054550dcefb",4,"2 - Infra"
"321f8689-5fe6-5b21-9ebf-b9c9f0bc84e3",27,"1 - General AI"
"7facc553-ca88-53bf-9773-e1b6c0c33583",25,"1 - General AI"
"95e53630-85fd-554a-8ef6-24709faae917",16,"1 - General AI"
"9732e5a6-bc18-5a15-8ea3-332ee47ec027",2,"2 - Infra"
"69442f26-0e1c-5f2c-91a1-9fcc42370775",12,"2 - Infra"
"a263aff4-f957-563b-bf65-18268688e50e",1,"1 - General AI"
"aedef966-9c45-5f86-816a-f9d5ad7e406e",5,"1 - General AI"
"e839006a-00e1-55bd-b4b5-19c4e3f6fce2",2,"2 - Infra"
"2ac324fe-f882-596b-afe2-9b1082ac9a35",27,"1 - General AI"
"49eb043b-e92e-58d4-897e-f57564597ee3",5,"1 - General AI"
"7d4ec6a4-b500-597f-a4c8-3b1efa1bc7f3",20,"1 - General AI"
"a6168ed6-19bf-5a46-b17e-321d5dbf9eaf",18,"2 - Infra"
"224743af-7e0e-53bf-a5bd-c43fb2dfbfad",26,"1 - General AI"
"1bb47084-c01f-58d0-bd3c-b97e3b417dfc",20,"2 - Infra"
"402422ab-c575-56c7-86dd-81e39e43f69d",5,"1 - General AI"
"c8f7d2b5-5298-538d-8f6d-8b97424a4a1a",2,"1 - General AI"
"6e835878-d177-5701-b8d4-4f7fe9af9d5e",9,"2 - Infra"
"7ecd486d-ee61-5e9a-8401-a4d5ba503fbe",24,"1 - General AI"
"6a86108a-d2e9-58e5-905a-cb7d1786b966",0,"2 - Infra"
"304b4df7-5e34-59f4-abb1-7dac0bd321d7",3,"1 - General AI"
"525fca10-0bcd-5f70-9c5a-55f9aa4a0794",16,"1 - General AI"
"53af85f8-8cd7-5de8-903f-d3acb61630a7",24,"1 - General AI"
"8b4b4170-64d5-5d17-b9a7-c4aa91b1e551",7,"1 - General AI"
"2d5b6b23-4656-59ea-8f19-6ca1e2d4cc2d",8,"2 - Infra"
"95e53630-85fd-554a-8ef6-24709faae917",12,"1 - General AI"
"10752d6e-4708-5bae-85c6-00ef20ed1adc",21,"1 - General AI"
"525fca10-0bcd-5f70-9c5a-55f9aa4a0794",21,"2 - Infra"
"7d4ec6a4-b500-597f-a4c8-3b1efa1bc7f3",33,"2 - Infra"
"9f2ba849-64d8-5743-8663-91d1fba37890",6,"1 - General AI"
"d31de365-34bd-53ca-8251-6a04e423b0e1",28,"1 - General AI"
"dfc2ab13-b7c1-541d-9efb-7d0044375e52",27,"1 - General AI"
"dfe1484c-8dd9-5ccf-9fed-d5afe3f34f2c",3,"1 - General AI"
"37ce0629-fbaf-523c-9023-7b37e3fedd7f",19,"2 - Infra"
"0045449f-65f0-5d4e-9b37-aac6d13474c8",23,"1 - General AI"
"162c2ee9-3002-5685-a301-e60dc07af155",10,"1 - General AI"
"47d18e9e-5340-5380-81b1-c648e52bd08b",9,"2 - Infra"
"7d4ec6a4-b500-597f-a4c8-3b1efa1bc7f3",1,"2 - Infra"
"8358ab57-a5d5-5091-b100-15b266c71a29",19,"2 - Infra"
"95e53630-85fd-554a-8ef6-24709faae917",2,"1 - General AI"
"dfe1484c-8dd9-5ccf-9fed-d5afe3f34f2c",8,"1 - General AI"
"f6334de9-fef4-5b4b-9a12-67ce35e0af82",12,"1 - General AI"
"10752d6e-4708-5bae-85c6-00ef20ed1adc",3,"1 - General AI"
"f5615815-1644-5e9c-97ff-e33ccde38594",3,"1 - General AI"
"3c58ff0b-6cb5-5ded-97f1-e0fbe2bb2e39",16,"2 - Infra"
"193cdeb5-d767-50ff-a13c-3b7daac4bb22",29,"2 - Infra"
"4ffc3144-ae3c-5ec9-bd90-c67b9befff92",5,"1 - General AI"
"95e53630-85fd-554a-8ef6-24709faae917",13,"1 - General AI"
"9837dfd9-0389-5100-88ba-32b379e479ff",4,"1 - General AI"
"b104832c-9b87-5f77-b04b-e9a7f1e0d0db",22,"2 - Infra"
"beb63bfd-6134-5405-88e7-3d65c55dd7ad",1,"1 - General AI"
"5d8826c8-9eb1-5302-a2fa-b2d3a20b8383",19,"1 - General AI"
"8f6f6379-7b1d-5921-9326-d9244d569a8c",4,"2 - Infra"
"584e2356-d5a6-5710-9f24-b6f0a71345b2",4,"1 - General AI"
"8b4b4170-64d5-5d17-b9a7-c4aa91b1e551",19,"1 - General AI"
"95e53630-85fd-554a-8ef6-24709faae917",17,"1 - General AI"
"a66878ff-597d-54c3-8fed-55d0a6296eaa",25,"1 - General AI"
"dfe1484c-8dd9-5ccf-9fed-d5afe3f34f2c",23,"1 - General AI"
"6a77b696-8679-5d56-9d53-3470c22a90c5",24,"2 - Infra"
"1f84b5fb-c2bd-5b29-93cf-d10389e56668",6,"1 - General AI"
"451723cb-39ca-55cc-9710-140cdb25b67f",1,"2 - Infra"
"5d8826c8-9eb1-5302-a2fa-b2d3a20b8383",4,"1 - General AI"
"c7c172e1-a172-5d00-b7fb-c37127627933",5,"2 - Infra"
"6a77b696-8679-5d56-9d53-3470c22a90c5",23,"2 - Infra"
"1bfafdaa-5146-5220-843e-68292e3d56a1",8,"2 - Infra"
"49eb043b-e92e-58d4-897e-f57564597ee3",17,"2 - Infra"
"33936398-9bed-5574-b096-d8d6e3a44044",1,"1 - General AI"
"99c19fe6-36cf-5676-9152-e054550dcefb",20,"1 - General AI"
"6a97fecc-0835-58cf-95f1-ea6884d41165",0,"2 - Infra"
"3a3d074f-6c4f-5a2c-ac4b-bda58420c19f",20,"2 - Infra"
"27f7059b-86f8-5cc4-b242-c0ac1a37a720",12,"1 - General AI"
"4a84fed5-9078-5307-a218-4d72f9e5fe39",9,"1 - General AI"
"5d1ac975-ea2d-5ef5-ab0f-c10dcb8f6686",30,"1 - General AI"
"dfc2ab13-b7c1-541d-9efb-7d0044375e52",11,"1 - General AI"
"8d613210-f36f-5330-b68c-59f82d72b913",4,"1 - General AI"
"8f6f6379-7b1d-5921-9326-d9244d569a8c",19,"1 - General AI"
"904058bd-363b-5ec5-9d93-f422ba7c2bfa",25,"1 - General AI"
"40428456-3b06-53b3-8d99-aa83f1aeeb76",11,"1 - General AI"
"48647bdf-abb0-51b2-94a4-a30cde9761a4",4,"2 - Infra"
"858ca96a-d628-59bc-85bd-3b55da35ab19",3,"1 - General AI"
"ea68814a-e352-5421-9d4d-4e9e9320725f",12,"2 - Infra"
"581d249e-ed61-5456-9107-18ccdb60991b",27,"2 - Infra"
"a263aff4-f957-563b-bf65-18268688e50e",4,"1 - General AI"
"c7c172e1-a172-5d00-b7fb-c37127627933",20,"1 - General AI"
"d871fa82-90e8-5219-9121-0d4d9ed1b395",5,"2 - Infra"
"67e91365-9214-5e7d-b250-f0373dc8482d",15,"1 - General AI"
"6e835878-d177-5701-b8d4-4f7fe9af9d5e",1,"2 - Infra"
"1bb47084-c01f-58d0-bd3c-b97e3b417dfc",2,"1 - General AI"
"4a84fed5-9078-5307-a218-4d72f9e5fe39",26,"1 - General AI"
"162c2ee9-3002-5685-a301-e60dc07af155",15,"1 - General AI"
"471cb45f-ed1d-55e3-bb83-f37c8097eb98",6,"2 - Infra"
"d5485656-a874-5cfe-a894-57bc8b605d8f",4,"1 - General AI"
"402422ab-c575-56c7-86dd-81e39e43f69d",3,"2 - Infra"
"0ce0ef4b-c494-5479-ba1f-ff181b8eb3a3",17,"1 - General AI"
"5eb56bbc-0304-54ea-b29d-c219e3848641",4,"1 - General AI"
"6ebc8da9-167f-538b-ae69-4e4015d9bba3",13,"1 - General AI"
"7550b2b7-834a-5a04-a9ee-6ae8ff1d64da",5,"1 - General AI"
"971a12f2-f2d3-5c16-97e7-33d386795738",12,"1 - General AI"
"59876630-dc03-5936-9e10-3a01f2237a8c",22,"2 - Infra"
"831140a4-e1e1-5273-b581-38829d347f36",3,"1 - General AI"
"8b4b4170-64d5-5d17-b9a7-c4aa91b1e551",18,"1 - General AI"
"942f47dc-3958-53ed-9b60-761cfb47f9bb",2,"1 - General AI"
"0c9abdfb-d869-50c4-a8b9-e402d55c5d3c",3,"1 - General AI"
"d31de365-34bd-53ca-8251-6a04e423b0e1",13,"1 - General AI"
"ea0eb5e6-f634-5046-9b46-c10fafccfdb2",3,"1 - General AI"
"f8d6d3af-390f-5ef9-b5fc-5a221cb823f4",3,"2 - Infra"
"193cdeb5-d767-50ff-a13c-3b7daac4bb22",13,"1 - General AI"
"096ff108-80d1-5a56-a1b4-47c77ec6af79",15,"2 - Infra"
"5d95d7fa-b615-5236-af28-6d0db3773271",2,"2 - Infra"
"8d8f645f-6188-51ae-991a-16f0f9ce163b",8,"2 - Infra"
"c9a5ce08-1e96-58b9-b3d9-a070a7fc340e",12,"2 - Infra"
"20dd13b4-b5e8-5440-affc-18cb009e1933",11,"1 - General AI"
"162c2ee9-3002-5685-a301-e60dc07af155",20,"1 - General AI"
"9b445c1c-6105-580d-876a-fd824f81668a",11,"1 - General AI"
"4ffc3144-ae3c-5ec9-bd90-c67b9befff92",3,"1 - General AI"
"5eb56bbc-0304-54ea-b29d-c219e3848641",24,"1 - General AI"
"7facc553-ca88-53bf-9773-e1b6c0c33583",22,"2 - Infra"
"858ca96a-d628-59bc-85bd-3b55da35ab19",26,"1 - General AI"
"8f6f6379-7b1d-5921-9326-d9244d569a8c",2,"1 - General AI"
"c807efe2-50e1-589b-a6c2-9ae7c86d4fac",8,"1 - General AI"
"5eb56bbc-0304-54ea-b29d-c219e3848641",2,"1 - General AI"
"a31adff2-40c5-5520-8cb4-b33ca6b86e3a",10,"2 - Infra"
"b9370e80-a22c-5d2a-9579-12449ea83286",8,"1 - General AI"
"67e91365-9214-5e7d-b250-f0373dc8482d",1,"1 - General AI"
"415ee75f-43bd-5f5f-95b3-8cbb239db82c",3,"2 - Infra"
"49fa3c08-601b-518b-b610-f7a7f8102a3a",8,"2 - Infra"
"b9370e80-a22c-5d2a-9579-12449ea83286",6,"1 - General AI"
"19ae50a6-97f8-5c8c-944a-8f67754b496a",1,"2 - Infra"
"33936398-9bed-5574-b096-d8d6e3a44044",11,"1 - General AI"
"451723cb-39ca-55cc-9710-140cdb25b67f",15,"2 - Infra"
"8d8f645f-6188-51ae-991a-16f0f9ce163b",2,"1 - General AI"
"402422ab-c575-56c7-86dd-81e39e43f69d",30,"2 - Infra"
"36d8fe08-ac91-5615-a7a6-3abd355ff707",23,"2 - Infra"
"527745f0-8f26-58f9-9043-f44088f9fc8a",3,"2 - Infra"
"4a84fed5-9078-5307-a218-4d72f9e5fe39",1,"1 - General AI"
"4b47f4c1-03f4-5cb8-9f0a-623ee0c09112",7,"1 - General AI"
"945cc6f2-c4a6-5d16-824b-bcbf89694c7f",2,"1 - General AI"
"27f7059b-86f8-5cc4-b242-c0ac1a37a720",21,"1 - General AI"
"33936398-9bed-5574-b096-d8d6e3a44044",2,"1 - General AI"
"47d18e9e-5340-5380-81b1-c648e52bd08b",17,"2 - Infra"
"5310f871-96f6-5a1b-9031-fa9c32b15484",17,"1 - General AI"
"a31adff2-40c5-5520-8cb4-b33ca6b86e3a",2,"2 - Infra"
"6adb4f91-3774-53dc-a920-a13eedfbf0ad",0,"2 - Infra"
"6aee6aa5-0fda-5086-9600-bfa24530993f",0,"2 - Infra"
"53a534ea-6d2f-5471-a921-d44373e02c1e",4,"2 - Infra"
"4ffc3144-ae3c-5ec9-bd90-c67b9befff92",13,"1 - General AI"
"7df08269-605e-55e1-a9b7-69d4308c9cb4",1,"1 - General AI"
"8b0c505a-5d2c-5919-89ea-aea260b6457d",15,"1 - General AI"
"9837dfd9-0389-5100-88ba-32b379e479ff",3,"1 - General AI"
"c3f90c49-cec7-5bc6-a05c-fe34b4e602b8",23,"1 - General AI"
"662c5e90-150b-55f3-a744-4a5538a7d95a",2,"1 - General AI"
"b104832c-9b87-5f77-b04b-e9a7f1e0d0db",4,"2 - Infra"
"beb63bfd-6134-5405-88e7-3d65c55dd7ad",3,"2 - Infra"
"d5485656-a874-5cfe-a894-57bc8b605d8f",29,"1 - General AI"
"acfcc7cd-39e1-534a-b5a6-0118b90f448c",22,"2 - Infra"
"53a534ea-6d2f-5471-a921-d44373e02c1e",23,"1 - General AI"
"5d8826c8-9eb1-5302-a2fa-b2d3a20b8383",5,"1 - General AI"
"942f47dc-3958-53ed-9b60-761cfb47f9bb",23,"1 - General AI"
"267ebe89-d7fd-569e-9999-3d4d30dbcb1f",23,"2 - Infra"
"3a3d074f-6c4f-5a2c-ac4b-bda58420c19f",22,"2 - Infra"
"ec94cd8c-ac67-5337-9e9a-56500d600475",5,"1 - General AI"
"581d249e-ed61-5456-9107-18ccdb60991b",26,"2 - Infra"
"6ebc8da9-167f-538b-ae69-4e4015d9bba3",26,"1 - General AI"
"7df08269-605e-55e1-a9b7-69d4308c9cb4",26,"1 - General AI"
"8d8f645f-6188-51ae-991a-16f0f9ce163b",21,"2 - Infra"
"d31de365-34bd-53ca-8251-6a04e423b0e1",24,"1 - General AI"
"49eb043b-e92e-58d4-897e-f57564597ee3",11,"2 - Infra"
"31b72460-defe-5326-a0c0-dc5c73eb134a",6,"1 - General AI"
"443804eb-ebee-50f4-a36b-161b4371f069",23,"1 - General AI"
"59876630-dc03-5936-9e10-3a01f2237a8c",19,"1 - General AI"
"5d8826c8-9eb1-5302-a2fa-b2d3a20b8383",2,"1 - General AI"
"8fe2aa0d-3fb9-5598-ba80-fb0cf978df9b",4,"2 - Infra"
"971a12f2-f2d3-5c16-97e7-33d386795738",23,"1 - General AI"
"a263aff4-f957-563b-bf65-18268688e50e",21,"1 - General AI"
"2d5b6b23-4656-59ea-8f19-6ca1e2d4cc2d",5,"2 - Infra"
"8bb65558-0b56-5e53-bb4e-63b773ef84b0",11,"1 - General AI"
"267ebe89-d7fd-569e-9999-3d4d30dbcb1f",4,"2 - Infra"
"40428456-3b06-53b3-8d99-aa83f1aeeb76",32,"1 - General AI"
"8b0c505a-5d2c-5919-89ea-aea260b6457d",17,"2 - Infra"
"d6cd5bb1-eba4-599e-bc17-c396ae80b00c",16,"1 - General AI"
"e28a5bf4-606d-5cf2-a721-5e22a3772904",5,"1 - General AI"
"debc0e90-d85d-5d3c-a953-a670b840fc78",27,"1 - General AI"
"ed5a5e49-bcad-5bd0-8b2e-ebefeb937d94",4,"1 - General AI"
"38856b84-7bbb-53f5-9c63-286c3020a212",3,"2 - Infra"
"36d8fe08-ac91-5615-a7a6-3abd355ff707",7,"2 - Infra"
"d871fa82-90e8-5219-9121-0d4d9ed1b395",11,"1 - General AI"
"40428456-3b06-53b3-8d99-aa83f1aeeb76",4,"1 - General AI"
"8fe2aa0d-3fb9-5598-ba80-fb0cf978df9b",5,"2 - Infra"
"945cc6f2-c4a6-5d16-824b-bcbf89694c7f",4,"1 - General AI"
"319f15e2-a922-5e6f-be0d-1cc598a7031c",13,"1 - General AI"
"49fa3c08-601b-518b-b610-f7a7f8102a3a",9,"2 - Infra"
"904058bd-363b-5ec5-9d93-f422ba7c2bfa",12,"1 - General AI"
"9f2ba849-64d8-5743-8663-91d1fba37890",2,"1 - General AI"
"a6168ed6-19bf-5a46-b17e-321d5dbf9eaf",6,"2 - Infra"
"dfe1484c-8dd9-5ccf-9fed-d5afe3f34f2c",21,"1 - General AI"
"e3aa98a0-b8c5-51ae-853f-c8f6b99db0f0",13,"1 - General AI"
"aedef966-9c45-5f86-816a-f9d5ad7e406e",6,"1 - General AI"
"321f8689-5fe6-5b21-9ebf-b9c9f0bc84e3",32,"1 - General AI"
"53a534ea-6d2f-5471-a921-d44373e02c1e",3,"2 - Infra"
"9f2ba849-64d8-5743-8663-91d1fba37890",27,"1 - General AI"
"baadda96-3068-549f-ac7b-e01d0e814a64",10,"1 - General AI"
"131dc671-5ab6-5f33-9da1-eabb0469a0f7",0,"2 - Infra"
"193cdeb5-d767-50ff-a13c-3b7daac4bb22",18,"2 - Infra"
"193cdeb5-d767-50ff-a13c-3b7daac4bb22",23,"2 - Infra"
"1bfafdaa-5146-5220-843e-68292e3d56a1",24,"2 - Infra"
"49eb043b-e92e-58d4-897e-f57564597ee3",12,"2 - Infra"
"ec94cd8c-ac67-5337-9e9a-56500d600475",10,"2 - Infra"
"096ff108-80d1-5a56-a1b4-47c77ec6af79",23,"2 - Infra"
"47d18e9e-5340-5380-81b1-c648e52bd08b",6,"1 - General AI"
"4a84fed5-9078-5307-a218-4d72f9e5fe39",11,"2 - Infra"
"d31de365-34bd-53ca-8251-6a04e423b0e1",0,"1 - General AI"
"858ca96a-d628-59bc-85bd-3b55da35ab19",18,"2 - Infra"
"8bc1b895-2563-583f-8c4b-0dbe60e1ca3a",12,"1 - General AI"
"a6168ed6-19bf-5a46-b17e-321d5dbf9eaf",23,"2 - Infra"
"d7cca220-9296-5408-86f7-114ad678db56",26,"2 - Infra"
"6b20d9a6-5a5f-5a09-a9d2-50c97696d783",0,"1 - General AI"
"1bfafdaa-5146-5220-843e-68292e3d56a1",21,"2 - Infra"
"451723cb-39ca-55cc-9710-140cdb25b67f",20,"2 - Infra"
"321f8689-5fe6-5b21-9ebf-b9c9f0bc84e3",15,"1 - General AI"
"37ce0629-fbaf-523c-9023-7b37e3fedd7f",14,"1 - General AI"
"59876630-dc03-5936-9e10-3a01f2237a8c",28,"2 - Infra"
"8f6f6379-7b1d-5921-9326-d9244d569a8c",11,"1 - General AI"
"402422ab-c575-56c7-86dd-81e39e43f69d",29,"1 - General AI"
"d5485656-a874-5cfe-a894-57bc8b605d8f",10,"1 - General AI"
"2d5b6b23-4656-59ea-8f19-6ca1e2d4cc2d",19,"2 - Infra"
"0ce0ef4b-c494-5479-ba1f-ff181b8eb3a3",8,"1 - General AI"
"4a84fed5-9078-5307-a218-4d72f9e5fe39",7,"1 - General AI"
"c242198b-86af-5e0d-8532-8b10ea1b2bbd",34,"1 - General AI"
"904058bd-363b-5ec5-9d93-f422ba7c2bfa",33,"1 - General AI"
"7facc553-ca88-53bf-9773-e1b6c0c33583",9,"1 - General AI"
"8f6f6379-7b1d-5921-9326-d9244d569a8c",24,"2 - Infra"
"a263aff4-f957-563b-bf65-18268688e50e",20,"1 - General AI"
"b9370e80-a22c-5d2a-9579-12449ea83286",4,"1 - General AI"
"d5485656-a874-5cfe-a894-57bc8b605d8f",24,"2 - Infra"
"662c5e90-150b-55f3-a744-4a5538a7d95a",17,"1 - General AI"
"f6334de9-fef4-5b4b-9a12-67ce35e0af82",15,"2 - Infra"
"6a77b696-8679-5d56-9d53-3470c22a90c5",22,"2 - Infra"
"4a84fed5-9078-5307-a218-4d72f9e5fe39",18,"1 - General AI"
"7df08269-605e-55e1-a9b7-69d4308c9cb4",6,"1 - General AI"
"9732e5a6-bc18-5a15-8ea3-332ee47ec027",22,"2 - Infra"
"a6168ed6-19bf-5a46-b17e-321d5dbf9eaf",14,"2 - Infra"
"6a77b696-8679-5d56-9d53-3470c22a90c5",19,"2 - Infra"
"a31adff2-40c5-5520-8cb4-b33ca6b86e3a",15,"1 - General AI"
"471cb45f-ed1d-55e3-bb83-f37c8097eb98",13,"2 - Infra"
"b9370e80-a22c-5d2a-9579-12449ea83286",22,"1 - General AI"
"c7c172e1-a172-5d00-b7fb-c37127627933",16,"2 - Infra"
"69442f26-0e1c-5f2c-91a1-9fcc42370775",1,"2 - Infra"
"6e835878-d177-5701-b8d4-4f7fe9af9d5e",20,"2 - Infra"
"37ce0629-fbaf-523c-9023-7b37e3fedd7f",4,"1 - General AI"
"6ebc8da9-167f-538b-ae69-4e4015d9bba3",6,"2 - Infra"
"4324b21a-0300-5afd-ba0d-f585dcf7945e",8,"2 - Infra"
"942f47dc-3958-53ed-9b60-761cfb47f9bb",20,"1 - General AI"
"9f2ba849-64d8-5743-8663-91d1fba37890",5,"1 - General AI"
"db33498b-5468-5a32-8c80-adcddc93bd27",5,"2 - Infra"
"f0344c9f-1242-5b96-bcf3-9bfd6bd09a80",126,"1 - General AI"
"662c5e90-150b-55f3-a744-4a5538a7d95a",18,"1 - General AI"
"36d8fe08-ac91-5615-a7a6-3abd355ff707",16,"2 - Infra"
"49fa3c08-601b-518b-b610-f7a7f8102a3a",32,"1 - General AI"
"59876630-dc03-5936-9e10-3a01f2237a8c",12,"2 - Infra"
"b076f00c-1b13-5fe2-96fb-8bf573a038a9",8,"1 - General AI"
"dfe1484c-8dd9-5ccf-9fed-d5afe3f34f2c",17,"1 - General AI"
"321f8689-5fe6-5b21-9ebf-b9c9f0bc84e3",2,"1 - General AI"
"2d5b6b23-4656-59ea-8f19-6ca1e2d4cc2d",21,"1 - General AI"
"1bfafdaa-5146-5220-843e-68292e3d56a1",22,"2 - Infra"
"525fca10-0bcd-5f70-9c5a-55f9aa4a0794",13,"1 - General AI"
"806bba5c-f32e-5463-a7e7-92bdacc4bcd1",11,"2 - Infra"
"69442f26-0e1c-5f2c-91a1-9fcc42370775",25,"2 - Infra"
"ae9bce55-82c8-5bf3-9031-e58c94ed0587",0,"2 - Infra"
"40428456-3b06-53b3-8d99-aa83f1aeeb76",20,"1 - General AI"
"f8d6d3af-390f-5ef9-b5fc-5a221cb823f4",26,"2 - Infra"
"ea0eb5e6-f634-5046-9b46-c10fafccfdb2",11,"1 - General AI"
"3a3d074f-6c4f-5a2c-ac4b-bda58420c19f",12,"1 - General AI"
"415ee75f-43bd-5f5f-95b3-8cbb239db82c",35,"1 - General AI"
"415ee75f-43bd-5f5f-95b3-8cbb239db82c",1,"1 - General AI"
"f8d6d3af-390f-5ef9-b5fc-5a221cb823f4",29,"1 - General AI"
"59876630-dc03-5936-9e10-3a01f2237a8c",23,"2 - Infra"
"debc0e90-d85d-5d3c-a953-a670b840fc78",24,"1 - General AI"
"40428456-3b06-53b3-8d99-aa83f1aeeb76",31,"1 - General AI"
"8358ab57-a5d5-5091-b100-15b266c71a29",1,"2 - Infra"
"1bfafdaa-5146-5220-843e-68292e3d56a1",12,"2 - Infra"
"27f7059b-86f8-5cc4-b242-c0ac1a37a720",5,"2 - Infra"
"0ffef5cc-292b-5dfa-baa4-d69e53244cad",27,"2 - Infra"
"7d4ec6a4-b500-597f-a4c8-3b1efa1bc7f3",35,"1 - General AI"
"179d4a6e-fd59-5d6d-91a7-1c3ecb1d3342",55,"2 - Infra"
"06fb76cd-3f3f-5737-86a9-a324ab4cc5cc",17,"1 - General AI"
"1bfafdaa-5146-5220-843e-68292e3d56a1",20,"2 - Infra"
"415ee75f-43bd-5f5f-95b3-8cbb239db82c",19,"2 - Infra"
"3ccf558f-dde7-51ab-bd38-6cbb5faf3290",2,"1 - General AI"
"87a4c69c-93ba-5e73-a8b4-afdfab00f060",1,"2 - Infra"
"ac4504c5-e22f-57af-8d23-efc72300f168",22,"1 - General AI"
"415ee75f-43bd-5f5f-95b3-8cbb239db82c",30,"2 - Infra"
"8f6f6379-7b1d-5921-9326-d9244d569a8c",18,"2 - Infra"
"662c5e90-150b-55f3-a744-4a5538a7d95a",31,"1 - General AI"
"6beba7cd-e0bc-5995-a645-33711f52a70f",0,"1 - General AI"
"0ce0ef4b-c494-5479-ba1f-ff181b8eb3a3",7,"1 - General AI"
"18d1e472-ed87-510e-bb70-bc5bd40900af",0,"2 - Infra"
"6c32f89d-e9e8-5751-a8c7-397c2a62395b",0,"2 - Infra"
"c9d9e804-2e76-52ec-a1f9-c375e19a9fc1",4,"1 - General AI"
"8a9d159d-331e-5125-bdf7-7ef8235251b2",17,"1 - General AI"
"d7cdca9a-3bfa-5b60-b07f-82b55941b2ed",28,"1 - General AI"
"faf1fd16-ea0c-5687-9bd4-967fb878fac7",31,"1 - General AI"
"59876630-dc03-5936-9e10-3a01f2237a8c",3,"2 - Infra"
"59876630-dc03-5936-9e10-3a01f2237a8c",31,"1 - General AI"
"6a77b696-8679-5d56-9d53-3470c22a90c5",5,"2 - Infra"
"c242198b-86af-5e0d-8532-8b10ea1b2bbd",6,"1 - General AI"
"06fb76cd-3f3f-5737-86a9-a324ab4cc5cc",29,"2 - Infra"
"20dd13b4-b5e8-5440-affc-18cb009e1933",14,"1 - General AI"
"53a534ea-6d2f-5471-a921-d44373e02c1e",11,"2 - Infra"
"55fc6f4e-3691-5388-b690-d3b1bf8577ec",7,"1 - General AI"
"9f2ba849-64d8-5743-8663-91d1fba37890",20,"1 - General AI"
"debc0e90-d85d-5d3c-a953-a670b840fc78",2,"1 - General AI"
"224743af-7e0e-53bf-a5bd-c43fb2dfbfad",14,"2 - Infra"
"415ee75f-43bd-5f5f-95b3-8cbb239db82c",31,"2 - Infra"
"5d95d7fa-b615-5236-af28-6d0db3773271",7,"1 - General AI"
"d7cca220-9296-5408-86f7-114ad678db56",8,"2 - Infra"
"662c5e90-150b-55f3-a744-4a5538a7d95a",10,"1 - General AI"
"7a0883ef-67dd-5658-b3a2-9855cbbf61a8",27,"1 - General AI"
"20a7aed0-a0e4-5549-83f1-c0f67d7cee4b",19,"1 - General AI"
"36d8fe08-ac91-5615-a7a6-3abd355ff707",22,"2 - Infra"
"527745f0-8f26-58f9-9043-f44088f9fc8a",5,"2 - Infra"
"ad70ad5e-d0f5-59eb-8498-6bb500bfaccf",85,"2 - Infra"
"662c5e90-150b-55f3-a744-4a5538a7d95a",5,"1 - General AI"
"37ce0629-fbaf-523c-9023-7b37e3fedd7f",9,"1 - General AI"
"ed5a5e49-bcad-5bd0-8b2e-ebefeb937d94",7,"1 - General AI"
"0841310c-a8fc-56ff-a765-a54cfe9b8830",20,"2 - Infra"
"43b08bf7-9e27-55e8-8ac5-19fa45e3a311",4,"2 - Infra"
"49eb043b-e92e-58d4-897e-f57564597ee3",26,"1 - General AI"
"49eb043b-e92e-58d4-897e-f57564597ee3",7,"2 - Infra"
"0045449f-65f0-5d4e-9b37-aac6d13474c8",2,"1 - General AI"
"36d8fe08-ac91-5615-a7a6-3abd355ff707",2,"2 - Infra"
"267ebe89-d7fd-569e-9999-3d4d30dbcb1f",12,"1 - General AI"
"4a84fed5-9078-5307-a218-4d72f9e5fe39",21,"1 - General AI"
"584e2356-d5a6-5710-9f24-b6f0a71345b2",5,"2 - Infra"
"9f2ba849-64d8-5743-8663-91d1fba37890",21,"1 - General AI"
"debc0e90-d85d-5d3c-a953-a670b840fc78",10,"1 - General AI"
"424a0e53-592a-5175-b730-2c0bf88c9412",4,"1 - General AI"
"39b7becd-c076-5ed3-8d92-eb3e712943d4",1,"1 - General AI"
"3a3d074f-6c4f-5a2c-ac4b-bda58420c19f",3,"2 - Infra"
"63769e90-d28b-58c1-afb7-b0f36f9306bd",4,"2 - Infra"
"8a9d159d-331e-5125-bdf7-7ef8235251b2",18,"2 - Infra"
"6a93d52a-ebfa-5a02-a77d-ff6cd47d2d16",0,"1 - General AI"
"162c2ee9-3002-5685-a301-e60dc07af155",4,"1 - General AI"
"0ffef5cc-292b-5dfa-baa4-d69e53244cad",11,"1 - General AI"
"06fb76cd-3f3f-5737-86a9-a324ab4cc5cc",12,"1 - General AI"
"971a12f2-f2d3-5c16-97e7-33d386795738",9,"1 - General AI"
"3c58ff0b-6cb5-5ded-97f1-e0fbe2bb2e39",1,"2 - Infra"
"581d249e-ed61-5456-9107-18ccdb60991b",4,"2 - Infra"
"7facc553-ca88-53bf-9773-e1b6c0c33583",26,"1 - General AI"
"d1c0dc6b-4f7e-5be2-bba8-f0277e9351b8",16,"1 - General AI"
"19ae50a6-97f8-5c8c-944a-8f67754b496a",6,"1 - General AI"
"7df08269-605e-55e1-a9b7-69d4308c9cb4",3,"1 - General AI"
"69442f26-0e1c-5f2c-91a1-9fcc42370775",2,"2 - Infra"
"6ebc8da9-167f-538b-ae69-4e4015d9bba3",10,"2 - Infra"
"162c2ee9-3002-5685-a301-e60dc07af155",12,"1 - General AI"
"4324b21a-0300-5afd-ba0d-f585dcf7945e",20,"1 - General AI"
"55fc6f4e-3691-5388-b690-d3b1bf8577ec",17,"2 - Infra"
"b104832c-9b87-5f77-b04b-e9a7f1e0d0db",34,"1 - General AI"
"d7cca220-9296-5408-86f7-114ad678db56",5,"1 - General AI"
"c3f90c49-cec7-5bc6-a05c-fe34b4e602b8",5,"1 - General AI"
"f0344c9f-1242-5b96-bcf3-9bfd6bd09a80",113,"1 - General AI"
"451723cb-39ca-55cc-9710-140cdb25b67f",3,"2 - Infra"
"7d4ec6a4-b500-597f-a4c8-3b1efa1bc7f3",34,"2 - Infra"
"904058bd-363b-5ec5-9d93-f422ba7c2bfa",6,"1 - General AI"
"b104832c-9b87-5f77-b04b-e9a7f1e0d0db",14,"1 - General AI"
"baadda96-3068-549f-ac7b-e01d0e814a64",4,"2 - Infra"
"1bfafdaa-5146-5220-843e-68292e3d56a1",3,"2 - Infra"
"37ce0629-fbaf-523c-9023-7b37e3fedd7f",25,"2 - Infra"
"415ee75f-43bd-5f5f-95b3-8cbb239db82c",36,"1 - General AI"
"321f8689-5fe6-5b21-9ebf-b9c9f0bc84e3",3,"1 - General AI"
"53af85f8-8cd7-5de8-903f-d3acb61630a7",14,"1 - General AI"
"54663ae2-6f76-5cee-81af-5934c442015b",6,"2 - Infra"
"858ca96a-d628-59bc-85bd-3b55da35ab19",13,"1 - General AI"
"dfc2ab13-b7c1-541d-9efb-7d0044375e52",28,"1 - General AI"
"20dd13b4-b5e8-5440-affc-18cb009e1933",9,"1 - General AI"
"415ee75f-43bd-5f5f-95b3-8cbb239db82c",26,"1 - General AI"
"d05ce13a-6aa8-519a-8cf7-e6d2f49200cb",5,"2 - Infra"
"c3f90c49-cec7-5bc6-a05c-fe34b4e602b8",11,"1 - General AI"
"971a12f2-f2d3-5c16-97e7-33d386795738",4,"1 - General AI"
"9732e5a6-bc18-5a15-8ea3-332ee47ec027",19,"2 - Infra"
"b9370e80-a22c-5d2a-9579-12449ea83286",23,"1 - General AI"
"0ffef5cc-292b-5dfa-baa4-d69e53244cad",24,"2 - Infra"
"971a12f2-f2d3-5c16-97e7-33d386795738",25,"1 - General AI"
"c9d9e804-2e76-52ec-a1f9-c375e19a9fc1",2,"2 - Infra"
"99c19fe6-36cf-5676-9152-e054550dcefb",5,"2 - Infra"
"352610bf-3595-51dc-9e11-301d0f158647",3,"1 - General AI"
"2488bcee-887b-5298-bea4-ebb923a4a3c9",8,"2 - Infra"
"546dbd88-8b1f-55ad-bf0b-d68ce5b38b94",9,"1 - General AI"
"ec94cd8c-ac67-5337-9e9a-56500d600475",12,"2 - Infra"
"6499c25a-dc42-5bbb-9e40-cfbcaaeeba1c",24,"2 - Infra"
"971a12f2-f2d3-5c16-97e7-33d386795738",21,"1 - General AI"
"e185e36d-b084-5cd1-9afe-e140121320c9",6,"2 - Infra"
"ac4504c5-e22f-57af-8d23-efc72300f168",8,"1 - General AI"
"37ce0629-fbaf-523c-9023-7b37e3fedd7f",2,"1 - General AI"
"fe73e653-1a05-5602-a8bb-a53bb21b8468",20,"1 - General AI"
"10752d6e-4708-5bae-85c6-00ef20ed1adc",66,"1 - General AI"
"806bba5c-f32e-5463-a7e7-92bdacc4bcd1",27,"1 - General AI"
"8b0c505a-5d2c-5919-89ea-aea260b6457d",3,"1 - General AI"
"9229fe39-58e8-5e8b-9b81-61e1e5aab840",5,"1 - General AI"
"3a3d074f-6c4f-5a2c-ac4b-bda58420c19f",2,"1 - General AI"
"f0344c9f-1242-5b96-bcf3-9bfd6bd09a80",115,"1 - General AI"
"267ebe89-d7fd-569e-9999-3d4d30dbcb1f",17,"2 - Infra"
"224743af-7e0e-53bf-a5bd-c43fb2dfbfad",3,"1 - General AI"
"6499c25a-dc42-5bbb-9e40-cfbcaaeeba1c",15,"1 - General AI"
"8bc1b895-2563-583f-8c4b-0dbe60e1ca3a",5,"2 - Infra"
"dfe1484c-8dd9-5ccf-9fed-d5afe3f34f2c",5,"1 - General AI"
"2d5b6b23-4656-59ea-8f19-6ca1e2d4cc2d",6,"2 - Infra"
"1bfafdaa-5146-5220-843e-68292e3d56a1",7,"2 - Infra"
"49eb043b-e92e-58d4-897e-f57564597ee3",4,"2 - Infra"
"55fc6f4e-3691-5388-b690-d3b1bf8577ec",5,"2 - Infra"
"baadda96-3068-549f-ac7b-e01d0e814a64",17,"1 - General AI"
"d05ce13a-6aa8-519a-8cf7-e6d2f49200cb",13,"1 - General AI"
"59876630-dc03-5936-9e10-3a01f2237a8c",10,"1 - General AI"
"304b4df7-5e34-59f4-abb1-7dac0bd321d7",4,"2 - Infra"
"ea68814a-e352-5421-9d4d-4e9e9320725f",6,"1 - General AI"
"55fc6f4e-3691-5388-b690-d3b1bf8577ec",19,"2 - Infra"
"971a12f2-f2d3-5c16-97e7-33d386795738",26,"1 - General AI"
"10752d6e-4708-5bae-85c6-00ef20ed1adc",10,"1 - General AI"
"4a84fed5-9078-5307-a218-4d72f9e5fe39",23,"2 - Infra"
"7906ed6e-c489-57ab-bb17-2ede247dd400",5,"1 - General AI"
"938822b8-e97e-58cf-b02e-c13651c550dd",13,"1 - General AI"
"d7cdca9a-3bfa-5b60-b07f-82b55941b2ed",4,"1 - General AI"
"db33498b-5468-5a32-8c80-adcddc93bd27",6,"2 - Infra"
"69442f26-0e1c-5f2c-91a1-9fcc42370775",24,"2 - Infra"
"17d09326-d7ab-5647-bd59-5c79aadfcde1",8,"2 - Infra"
"33936398-9bed-5574-b096-d8d6e3a44044",9,"1 - General AI"
"8e36ec0f-f800-561f-a459-b2403c03960f",3,"1 - General AI"
"d871fa82-90e8-5219-9121-0d4d9ed1b395",15,"1 - General AI"
"dfc2ab13-b7c1-541d-9efb-7d0044375e52",12,"1 - General AI"
"69442f26-0e1c-5f2c-91a1-9fcc42370775",26,"2 - Infra"
"f6334de9-fef4-5b4b-9a12-67ce35e0af82",6,"2 - Infra"
"20dd13b4-b5e8-5440-affc-18cb009e1933",6,"1 - General AI"
"9f2ba849-64d8-5743-8663-91d1fba37890",26,"1 - General AI"
"d31de365-34bd-53ca-8251-6a04e423b0e1",5,"1 - General AI"
"48647bdf-abb0-51b2-94a4-a30cde9761a4",20,"2 - Infra"
"54663ae2-6f76-5cee-81af-5934c442015b",8,"2 - Infra"
"904058bd-363b-5ec5-9d93-f422ba7c2bfa",2,"1 - General AI"
"b104832c-9b87-5f77-b04b-e9a7f1e0d0db",9,"2 - Infra"
"e839006a-00e1-55bd-b4b5-19c4e3f6fce2",23,"1 - General AI"
"267ebe89-d7fd-569e-9999-3d4d30dbcb1f",3,"2 - Infra"
"f6334de9-fef4-5b4b-9a12-67ce35e0af82",26,"2 - Infra"
"443804eb-ebee-50f4-a36b-161b4371f069",2,"1 - General AI"
"55fc6f4e-3691-5388-b690-d3b1bf8577ec",18,"2 - Infra"
"b57c663f-0f2b-558c-9f1d-ee27845e3748",8,"1 - General AI"
"0045449f-65f0-5d4e-9b37-aac6d13474c8",6,"1 - General AI"
"19ae50a6-97f8-5c8c-944a-8f67754b496a",21,"2 - Infra"
"47d18e9e-5340-5380-81b1-c648e52bd08b",2,"1 - General AI"
"e31f962e-d042-5fa1-82e6-81a08fcacd6d",3,"2 - Infra"
"4324b21a-0300-5afd-ba0d-f585dcf7945e",10,"1 - General AI"
"402422ab-c575-56c7-86dd-81e39e43f69d",12,"2 - Infra"
"451723cb-39ca-55cc-9710-140cdb25b67f",19,"2 - Infra"
"faf1fd16-ea0c-5687-9bd4-967fb878fac7",24,"1 - General AI"
"9229fe39-58e8-5e8b-9b81-61e1e5aab840",4,"2 - Infra"
"c3f90c49-cec7-5bc6-a05c-fe34b4e602b8",22,"1 - General AI"
"db33498b-5468-5a32-8c80-adcddc93bd27",20,"2 - Infra"
"8bc1b895-2563-583f-8c4b-0dbe60e1ca3a",27,"1 - General AI"
"d31de365-34bd-53ca-8251-6a04e423b0e1",14,"1 - General AI"
"6a77b696-8679-5d56-9d53-3470c22a90c5",3,"2 - Infra"
"19ae50a6-97f8-5c8c-944a-8f67754b496a",15,"1 - General AI"
"9732e5a6-bc18-5a15-8ea3-332ee47ec027",6,"2 - Infra"
"c3f90c49-cec7-5bc6-a05c-fe34b4e602b8",2,"1 - General AI"
"d7cca220-9296-5408-86f7-114ad678db56",30,"2 - Infra"
"143116e4-d83a-59d4-91ba-f824b8b31769",0,"2 - Infra"
"138668d2-6540-5956-a23b-6239dfd38b26",0,"2 - Infra"
"a31adff2-40c5-5520-8cb4-b33ca6b86e3a",32,"2 - Infra"
"b104832c-9b87-5f77-b04b-e9a7f1e0d0db",1,"1 - General AI"
"ed5a5e49-bcad-5bd0-8b2e-ebefeb937d94",25,"2 - Infra"
"36d8fe08-ac91-5615-a7a6-3abd355ff707",19,"1 - General AI"
"267ebe89-d7fd-569e-9999-3d4d30dbcb1f",13,"1 - General AI"
"267ebe89-d7fd-569e-9999-3d4d30dbcb1f",14,"1 - General AI"
"8bc1b895-2563-583f-8c4b-0dbe60e1ca3a",13,"1 - General AI"
"9b445c1c-6105-580d-876a-fd824f81668a",12,"2 - Infra"
"b076f00c-1b13-5fe2-96fb-8bf573a038a9",25,"1 - General AI"
"451723cb-39ca-55cc-9710-140cdb25b67f",22,"2 - Infra"
"ec94cd8c-ac67-5337-9e9a-56500d600475",20,"1 - General AI"
"33936398-9bed-5574-b096-d8d6e3a44044",4,"1 - General AI"
"8bc1b895-2563-583f-8c4b-0dbe60e1ca3a",3,"1 - General AI"
"a263aff4-f957-563b-bf65-18268688e50e",12,"1 - General AI"
"ce5c7c2b-0309-551f-a74b-a808a44f6d11",22,"2 - Infra"
"ac4504c5-e22f-57af-8d23-efc72300f168",13,"1 - General AI"
"4324b21a-0300-5afd-ba0d-f585dcf7945e",28,"1 - General AI"
"f8d6d3af-390f-5ef9-b5fc-5a221cb823f4",18,"1 - General AI"
"19ae50a6-97f8-5c8c-944a-8f67754b496a",4,"2 - Infra"
"0ce0ef4b-c494-5479-ba1f-ff181b8eb3a3",2,"1 - General AI"
"8a9d159d-331e-5125-bdf7-7ef8235251b2",24,"1 - General AI"
"debc0e90-d85d-5d3c-a953-a670b840fc78",33,"1 - General AI"
"67e91365-9214-5e7d-b250-f0373dc8482d",4,"1 - General AI"
"6a77b696-8679-5d56-9d53-3470c22a90c5",12,"2 - Infra"
"b076f00c-1b13-5fe2-96fb-8bf573a038a9",12,"1 - General AI"
"55fc6f4e-3691-5388-b690-d3b1bf8577ec",9,"2 - Infra"
"c9d9e804-2e76-52ec-a1f9-c375e19a9fc1",18,"1 - General AI"
"7d4ec6a4-b500-597f-a4c8-3b1efa1bc7f3",28,"1 - General AI"
"162c2ee9-3002-5685-a301-e60dc07af155",19,"1 - General AI"
"ed5a5e49-bcad-5bd0-8b2e-ebefeb937d94",23,"1 - General AI"
"48647bdf-abb0-51b2-94a4-a30cde9761a4",27,"2 - Infra"
"53a534ea-6d2f-5471-a921-d44373e02c1e",15,"1 - General AI"
"8f6f6379-7b1d-5921-9326-d9244d569a8c",25,"2 - Infra"
"c807efe2-50e1-589b-a6c2-9ae7c86d4fac",23,"2 - Infra"
"d7cdca9a-3bfa-5b60-b07f-82b55941b2ed",6,"1 - General AI"
"aedef966-9c45-5f86-816a-f9d5ad7e406e",11,"1 - General AI"
"304b4df7-5e34-59f4-abb1-7dac0bd321d7",24,"2 - Infra"
"8d8f645f-6188-51ae-991a-16f0f9ce163b",14,"2 - Infra"
"99c19fe6-36cf-5676-9152-e054550dcefb",11,"1 - General AI"
"9f2ba849-64d8-5743-8663-91d1fba37890",3,"1 - General AI"
"ac4504c5-e22f-57af-8d23-efc72300f168",23,"1 - General AI"
"415ee75f-43bd-5f5f-95b3-8cbb239db82c",16,"2 - Infra"
"546dbd88-8b1f-55ad-bf0b-d68ce5b38b94",17,"1 - General AI"
"7906ed6e-c489-57ab-bb17-2ede247dd400",8,"2 - Infra"
"d31de365-34bd-53ca-8251-6a04e423b0e1",26,"1 - General AI"
"33936398-9bed-5574-b096-d8d6e3a44044",7,"1 - General AI"
"36d8fe08-ac91-5615-a7a6-3abd355ff707",17,"2 - Infra"
"40428456-3b06-53b3-8d99-aa83f1aeeb76",1,"1 - General AI"
"53a534ea-6d2f-5471-a921-d44373e02c1e",22,"1 - General AI"
"7550b2b7-834a-5a04-a9ee-6ae8ff1d64da",14,"2 - Infra"
"19ae50a6-97f8-5c8c-944a-8f67754b496a",8,"1 - General AI"
"f8d6d3af-390f-5ef9-b5fc-5a221cb823f4",17,"2 - Infra"
"402422ab-c575-56c7-86dd-81e39e43f69d",21,"2 - Infra"
"415ee75f-43bd-5f5f-95b3-8cbb239db82c",23,"1 - General AI"
"5d8826c8-9eb1-5302-a2fa-b2d3a20b8383",15,"1 - General AI"
"942f47dc-3958-53ed-9b60-761cfb47f9bb",13,"1 - General AI"
"beb63bfd-6134-5405-88e7-3d65c55dd7ad",16,"2 - Infra"
"e185e36d-b084-5cd1-9afe-e140121320c9",16,"2 - Infra"
"662c5e90-150b-55f3-a744-4a5538a7d95a",27,"1 - General AI"
"267ebe89-d7fd-569e-9999-3d4d30dbcb1f",1,"2 - Infra"
"59876630-dc03-5936-9e10-3a01f2237a8c",30,"1 - General AI"
"d871fa82-90e8-5219-9121-0d4d9ed1b395",7,"1 - General AI"
"67e91365-9214-5e7d-b250-f0373dc8482d",13,"1 - General AI"
"67e91365-9214-5e7d-b250-f0373dc8482d",28,"1 - General AI"
"6ebc8da9-167f-538b-ae69-4e4015d9bba3",19,"1 - General AI"
"7906ed6e-c489-57ab-bb17-2ede247dd400",14,"1 - General AI"
"a31adff2-40c5-5520-8cb4-b33ca6b86e3a",37,"1 - General AI"
"bf07ccba-bd7c-5053-91e0-9b04160a6102",17,"2 - Infra"
"e185e36d-b084-5cd1-9afe-e140121320c9",12,"2 - Infra"
"6a77b696-8679-5d56-9d53-3470c22a90c5",16,"2 - Infra"
"6bf0450c-04a7-5832-ac0b-686a035fa77b",0,"1 - General AI"
"27f7059b-86f8-5cc4-b242-c0ac1a37a720",24,"1 - General AI"
"402422ab-c575-56c7-86dd-81e39e43f69d",16,"2 - Infra"
"d31de365-34bd-53ca-8251-6a04e423b0e1",25,"1 - General AI"
"ac4504c5-e22f-57af-8d23-efc72300f168",18,"1 - General AI"
"f8d6d3af-390f-5ef9-b5fc-5a221cb823f4",7,"2 - Infra"
"451723cb-39ca-55cc-9710-140cdb25b67f",14,"2 - Infra"
"33936398-9bed-5574-b096-d8d6e3a44044",24,"1 - General AI"
"54663ae2-6f76-5cee-81af-5934c442015b",12,"1 - General AI"
"858ca96a-d628-59bc-85bd-3b55da35ab19",24,"1 - General AI"
"942f47dc-3958-53ed-9b60-761cfb47f9bb",30,"1 - General AI"
"9b445c1c-6105-580d-876a-fd824f81668a",15,"1 - General AI"
"ac4504c5-e22f-57af-8d23-efc72300f168",25,"1 - General AI"
"806bba5c-f32e-5463-a7e7-92bdacc4bcd1",19,"2 - Infra"
"858ca96a-d628-59bc-85bd-3b55da35ab19",20,"2 - Infra"
"a31adff2-40c5-5520-8cb4-b33ca6b86e3a",31,"2 - Infra"
"c242198b-86af-5e0d-8532-8b10ea1b2bbd",14,"1 - General AI"
"99c19fe6-36cf-5676-9152-e054550dcefb",6,"2 - Infra"
"1bfafdaa-5146-5220-843e-68292e3d56a1",11,"2 - Infra"
"7906ed6e-c489-57ab-bb17-2ede247dd400",26,"1 - General AI"
"5d1ac975-ea2d-5ef5-ab0f-c10dcb8f6686",23,"2 - Infra"
"d31de365-34bd-53ca-8251-6a04e423b0e1",16,"1 - General AI"
"f171724b-20ad-5c75-91d7-07022256b39f",0,"1 - General AI"
"f275646d-fde4-551f-b081-c8f239e2f26d",0,"1 - General AI"
"6ebc8da9-167f-538b-ae69-4e4015d9bba3",28,"1 - General AI"
"e185e36d-b084-5cd1-9afe-e140121320c9",19,"2 - Infra"
"18972ad4-afe3-5d27-97ae-a0007e3d0418",99,"1 - General AI"
"18972ad4-afe3-5d27-97ae-a0007e3d0418",27,"2 - Infra"
"18972ad4-afe3-5d27-97ae-a0007e3d0418",45,"2 - Infra"
"18972ad4-afe3-5d27-97ae-a0007e3d0418",49,"1 - General AI"
"18972ad4-afe3-5d27-97ae-a0007e3d0418",102,"1 - General AI"
"179d4a6e-fd59-5d6d-91a7-1c3ecb1d3342",88,"1 - General AI"
"179d4a6e-fd59-5d6d-91a7-1c3ecb1d3342",87,"2 - Infra"
"179d4a6e-fd59-5d6d-91a7-1c3ecb1d3342",51,"1 - General AI"
"1c2c6dc7-7668-58cf-94e3-b620203a1d2c",0,"2 - Infra"
"f0344c9f-1242-5b96-bcf3-9bfd6bd09a80",142,"1 - General AI"
"aedef966-9c45-5f86-816a-f9d5ad7e406e",3,"2 - Infra"
"aedef966-9c45-5f86-816a-f9d5ad7e406e",8,"1 - General AI"
"1e04d7a0-c21e-510f-98a9-bc37ee1924d8",0,"2 - Infra"
"42eccd90-f32a-5332-9aa0-9f83659a874e",0,"1 - General AI"
"1a70b9a3-ae62-519a-b8aa-737ad2325ce7",0,"1 - General AI"
"1d76242d-4f49-5572-bef1-33c46fa44de1",0,"2 - Infra"
"152179c9-0c2a-52e0-9b59-14ec400669e0",0,"1 - General AI"
"3ecb986a-cd5e-59b8-8a69-235e2c9d6ef5",0,"2 - Infra"
"3edb670d-9540-5b01-a1a2-9d5922883b74",0,"1 - General AI"
"41ed71e2-1d8c-5502-8e1c-b4bfcf1adf0c",0,"2 - Infra"
"d1a25d9e-e7ef-55b1-aeff-bd8234f09fcc",0,"3 - Platform"
"3a577b64-f702-505a-937e-398ff12077ab",0,"1 - General AI"
"d1b62cd6-b827-502b-b6c1-503ab03b77ac",0,"1 - General AI"
"9811f680-2c33-5281-9276-b8a9ba66c3eb",0,"2 - Infra"
"df428129-4f64-5ba9-b8da-fb419a11be34",0,"2 - Infra"
"df121a39-18b1-53f0-b1ec-c8244dbe59b3",0,"2 - Infra"
"d1cdba51-27cb-52a1-9fb7-a5c75201c4ae",0,"1 - General AI"
"df2b5796-1f69-5371-81fe-27958e2ef051",0,"1 - General AI"
"9c93250c-b9a3-5988-92f8-e9036aada46b",0,"1 - General AI"
"16c26092-fe96-5d4e-a478-8da23adefa36",0,"2 - Infra"
"16d7f7b9-9fe8-5add-9a18-c7909be17f71",0,"1 - General AI"
"16f88d93-83a0-57c8-b37d-a6293c3a93a0",0,"2 - Infra"
"17236b9a-91fb-5901-a166-895cc9ccc983",0,"1 - General AI"
"1e7d15ea-1677-5d48-b63f-7849983eeb1a",0,"1 - General AI"
"4283dcad-3b27-5fc1-abe0-0623ba19b3c9",0,"1 - General AI"
"2a17685d-739d-508b-a604-25bed4559b40",0,"1 - General AI"
"261ee80c-78ec-5e47-8ccb-de23b128e7e7",0,"2 - Infra"
"27a41741-8656-5146-8ade-8e85a22d484d",0,"2 - Infra"
"2739cd8e-5688-5587-b9b4-953ae85484e6",0,"1 - General AI"
"24aac953-e618-5794-a40f-37a47366a2a0",57,"1 - General AI"
"2e3ebdd6-c645-50e4-b6b0-d7694deb9dff",153,"1 - General AI"
"2e3ebdd6-c645-50e4-b6b0-d7694deb9dff",99,"1 - General AI"
"f4815eb5-7bb0-57f2-9b2c-7e8d0c924c7e",0,"2 - Infra"
"f5159fea-2336-5c4f-b7f0-a4acaf9f6cd2",0,"1 - General AI"
"f50a2f63-1b93-5bd6-baee-29b411555877",0,"2 - Infra"
"f590f431-e8f8-505c-909f-331b77c2245d",0,"2 - Infra"
"f826ed82-fbd9-54fe-80b5-ef9c35c6d995",0,"3 - Platform"
"6ca48177-7c34-543b-be84-e0739524c0b8",0,"1 - General AI"
"f8f6e454-bb3e-505c-9800-5ade316d7c0c",0,"1 - General AI"
"f9a0a263-e988-57b3-99e8-eb718db2d792",0,"2 - Infra"
"6c0dce19-3955-59ff-b689-b8536ac11439",43,"1 - General AI"
"fae7181a-24b4-5fe8-8b33-99f5d460ad1d",0,"3 - Platform"
"fcdf71b2-9c87-5802-ba8d-a5aa5e8595e0",0,"2 - Infra"
"ff086ccb-6b56-55a5-9e82-36bf71c5c1fe",0,"1 - General AI"
"6c9ec436-7141-575a-8416-d7056076dca2",65,"1 - General AI"
"6c9ec436-7141-575a-8416-d7056076dca2",88,"1 - General AI"
"ffaeb671-975f-54d2-badf-6bd89649c168",104,"1 - General AI"
"ffaeb671-975f-54d2-badf-6bd89649c168",47,"1 - General AI"
"ffaeb671-975f-54d2-badf-6bd89649c168",58,"2 - Infra"
"ffaeb671-975f-54d2-badf-6bd89649c168",59,"2 - Infra"
"ffaeb671-975f-54d2-badf-6bd89649c168",77,"2 - Infra"
"ffaeb671-975f-54d2-badf-6bd89649c168",97,"2 - Infra"
"6cfd1da9-db91-54d7-b4e8-fac99a08b8fe",0,"2 - Infra"
"eff27e32-b9e2-5c03-b2cb-34e51789cb28",0,"3 - Platform"
"04fd7a3f-a3e6-5c83-b21c-e19041a19370",0,"1 - General AI"
"f43d563b-6133-5a94-8fa7-ffc55065254a",0,"1 - General AI"
"14571d66-7394-5939-b4d8-08eb4671dac3",0,"3 - Platform"
"14b2fa66-dfa2-567d-82ec-a6e57cb12eb4",0,"1 - General AI"
"f3ab157d-c540-5b7f-9cb7-690b90c20315",0,"1 - General AI"
"29ca4c75-b68e-5979-b3de-67b12d3204de",8,"1 - General AI"
"29ca4c75-b68e-5979-b3de-67b12d3204de",22,"1 - General AI"
"3d29a070-2742-5813-b9e6-81d622ddf7f7",6,"1 - General AI"
"675db5cd-48d7-594a-9dde-a79f2a62d0dd",36,"1 - General AI"
"10f6b728-d8e0-5d82-b0fc-02eafad5e41d",18,"1 - General AI"
"10f6b728-d8e0-5d82-b0fc-02eafad5e41d",4,"1 - General AI"
"10f6b728-d8e0-5d82-b0fc-02eafad5e41d",15,"1 - General AI"
"f2a25c9d-2c1d-58dd-beda-a8b18349f207",2,"1 - General AI"
"f2a25c9d-2c1d-58dd-beda-a8b18349f207",5,"1 - General AI"
"f2a25c9d-2c1d-58dd-beda-a8b18349f207",20,"1 - General AI"
"f2a25c9d-2c1d-58dd-beda-a8b18349f207",25,"1 - General AI"
"f2a25c9d-2c1d-58dd-beda-a8b18349f207",32,"1 - General AI"
"08dfb757-8aa5-5eef-bb7c-65ea050bd58f",5,"1 - General AI"
"29ca4c75-b68e-5979-b3de-67b12d3204de",4,"1 - General AI"
"29ca4c75-b68e-5979-b3de-67b12d3204de",6,"1 - General AI"
"f76c420c-2a3c-5aae-878b-a3e05bfe235e",5,"1 - General AI"
"f76c420c-2a3c-5aae-878b-a3e05bfe235e",6,"1 - General AI"
"401e38db-05e2-5534-81bd-59c14f39024f",0,"1 - General AI"
"5b35130c-e49e-5ef2-9c85-ded2eab9373b",0,"1 - General AI"
"6c8feb22-7da6-512f-af17-3f50f31cb985",5,"1 - General AI"
"6c8feb22-7da6-512f-af17-3f50f31cb985",6,"1 - General AI"
"77326db2-eadd-5818-b08a-7677afafcf16",0,"1 - General AI"
"7de6506d-5d16-5c25-ac21-87c592651748",5,"1 - General AI"
"80274f1a-eaf4-5fc0-90bf-114bee1bf686",5,"1 - General AI"
"80274f1a-eaf4-5fc0-90bf-114bee1bf686",6,"1 - General AI"
"8143bacc-dc27-5c6c-b3bc-82baf1791216",19,"1 - General AI"
"8c0690d3-56a1-5014-9b7b-aa6123185d58",0,"1 - General AI"
"93206ed9-3a53-5b1a-9230-665add2ef2db",20,"1 - General AI"
"9837aba7-c59a-57c3-9ce6-3cab2e3077b1",0,"1 - General AI"
"bf3503c8-1280-517b-8740-6290054c7c5b",0,"1 - General AI"
"d1a6dc15-35d8-5226-8306-95e7012f9468",0,"1 - General AI"
"f76c420c-2a3c-5aae-878b-a3e05bfe235e",25,"1 - General AI"
"aedef966-9c45-5f86-816a-f9d5ad7e406e",17,"2 - Infra"
"f9e2fd64-f69a-565e-8371-8d82a284797b",4,"1 - General AI"
"f9e2fd64-f69a-565e-8371-8d82a284797b",6,"1 - General AI"
"f9e2fd64-f69a-565e-8371-8d82a284797b",7,"1 - General AI"
"0e9d3699-7802-5afe-86ca-a6188c7b2da2",24,"1 - General AI"
"420cabe7-e6d5-5aab-a755-fd9d206825a8",78,"1 - General AI"
"420cabe7-e6d5-5aab-a755-fd9d206825a8",108,"1 - General AI"
"438d88e5-00f6-5108-b55f-5c76c9934756",73,"2 - Infra"
"42d33172-784b-5827-b671-835086757d0d",5,"1 - General AI"
"42d33172-784b-5827-b671-835086757d0d",2,"1 - General AI"
"42d33172-784b-5827-b671-835086757d0d",3,"1 - General AI"
"434ddf54-e998-54d8-b409-d7e05831add1",6,"1 - General AI"
"434ddf54-e998-54d8-b409-d7e05831add1",12,"2 - Infra"
"434ddf54-e998-54d8-b409-d7e05831add1",13,"1 - General AI"
"434ddf54-e998-54d8-b409-d7e05831add1",14,"1 - General AI"
"434ddf54-e998-54d8-b409-d7e05831add1",8,"1 - General AI"
"434ddf54-e998-54d8-b409-d7e05831add1",11,"2 - Infra"
"434ddf54-e998-54d8-b409-d7e05831add1",4,"1 - General AI"
"6c9ec436-7141-575a-8416-d7056076dca2",21,"1 - General AI"
"6c0dce19-3955-59ff-b689-b8536ac11439",228,"2 - Infra"
"0841310c-a8fc-56ff-a765-a54cfe9b8830",4,"2 - Infra"
"0841310c-a8fc-56ff-a765-a54cfe9b8830",5,"2 - Infra"
"0841310c-a8fc-56ff-a765-a54cfe9b8830",6,"2 - Infra"
"0841310c-a8fc-56ff-a765-a54cfe9b8830",7,"1 - General AI"
"0841310c-a8fc-56ff-a765-a54cfe9b8830",10,"2 - Infra"
"0841310c-a8fc-56ff-a765-a54cfe9b8830",11,"2 - Infra"
"0841310c-a8fc-56ff-a765-a54cfe9b8830",12,"1 - General AI"
"0841310c-a8fc-56ff-a765-a54cfe9b8830",14,"1 - General AI"
"0841310c-a8fc-56ff-a765-a54cfe9b8830",1,"2 - Infra"
"0841310c-a8fc-56ff-a765-a54cfe9b8830",2,"1 - General AI"
"434ddf54-e998-54d8-b409-d7e05831add1",3,"1 - General AI"
"434ddf54-e998-54d8-b409-d7e05831add1",29,"2 - Infra"
"434ddf54-e998-54d8-b409-d7e05831add1",2,"1 - General AI"
"6c9ec436-7141-575a-8416-d7056076dca2",167,"1 - General AI"
"6dbf8957-9237-5ca5-9e41-3c2820082955",0,"2 - Infra"
"6e835878-d177-5701-b8d4-4f7fe9af9d5e",16,"2 - Infra"
"6e835878-d177-5701-b8d4-4f7fe9af9d5e",15,"2 - Infra"
"6e835878-d177-5701-b8d4-4f7fe9af9d5e",8,"2 - Infra"
"6ebc8da9-167f-538b-ae69-4e4015d9bba3",1,"2 - Infra"
"6ebc8da9-167f-538b-ae69-4e4015d9bba3",4,"2 - Infra"
"6ebc8da9-167f-538b-ae69-4e4015d9bba3",16,"1 - General AI"
"6ebc8da9-167f-538b-ae69-4e4015d9bba3",17,"1 - General AI"
"6ebc8da9-167f-538b-ae69-4e4015d9bba3",22,"1 - General AI"
"6ebc8da9-167f-538b-ae69-4e4015d9bba3",27,"1 - General AI"
"6ebc8da9-167f-538b-ae69-4e4015d9bba3",20,"1 - General AI"
"6ebc8da9-167f-538b-ae69-4e4015d9bba3",24,"1 - General AI"
"6e1ab956-1817-5ad1-9dd8-1c6230330656",52,"1 - General AI"
"6e4b975e-6f70-5da6-ba3d-8b6fe55fff40",0,"2 - Infra"
"6e5f4ee1-137d-5016-8a3b-c98b47e0baa8",0,"2 - Infra"
"6e7d9599-64d3-5695-9516-1b755cac0891",0,"1 - General AI"
"aedef966-9c45-5f86-816a-f9d5ad7e406e",30,"1 - General AI"
"6e1ab956-1817-5ad1-9dd8-1c6230330656",61,"1 - General AI"
"6e7bdfc4-2692-5448-b0e1-92968ebd25e4",5,"1 - General AI"
"a263aff4-f957-563b-bf65-18268688e50e",23,"1 - General AI"
"8bb65558-0b56-5e53-bb4e-63b773ef84b0",10,"1 - General AI"
"062f2032-fcdf-5eea-b6b4-8afa6d294315",3,"1 - General AI"
"062f2032-fcdf-5eea-b6b4-8afa6d294315",6,"1 - General AI"
"062f2032-fcdf-5eea-b6b4-8afa6d294315",7,"1 - General AI"
"20dd13b4-b5e8-5440-affc-18cb009e1933",2,"1 - General AI"
"20dd13b4-b5e8-5440-affc-18cb009e1933",4,"1 - General AI"
"6c9ec436-7141-575a-8416-d7056076dca2",17,"1 - General AI"
"6c9ec436-7141-575a-8416-d7056076dca2",120,"1 - General AI"
"6ebc8da9-167f-538b-ae69-4e4015d9bba3",2,"2 - Infra"
"6ebc8da9-167f-538b-ae69-4e4015d9bba3",7,"1 - General AI"
"6ebc8da9-167f-538b-ae69-4e4015d9bba3",12,"2 - Infra"
"36acde72-47bf-5a97-98cb-bd1b3b7d8563",38,"1 - General AI"
"76f79525-d0c9-5635-af25-9e59a39e0964",17,"1 - General AI"
"8fcfd31d-bfce-558f-afaa-9fca124a4cab",110,"1 - General AI"
"68f6001f-d7db-59ca-9173-bf5450ef4d08",14,"2 - Infra"
"08de8873-ccd7-5ab5-8bf7-8b3ac7a28059",72,"2 - Infra"
"6c0dce19-3955-59ff-b689-b8536ac11439",133,"2 - Infra"
"6c0dce19-3955-59ff-b689-b8536ac11439",99,"1 - General AI"
"6c0dce19-3955-59ff-b689-b8536ac11439",33,"1 - General AI"
"6c0dce19-3955-59ff-b689-b8536ac11439",32,"1 - General AI"
"a420f2c3-69a0-53f5-8244-f45c4c97d86b",80,"2 - Infra"
"a82c94b1-d722-5d79-9a3e-0f0b77289bfa",76,"2 - Infra"
"64145f2b-5d8e-5f42-99f6-74af479f28a6",53,"2 - Infra"
"00b65c37-97c9-596f-a1ad-39c17c610279",108,"1 - General AI"
"ffaeb671-975f-54d2-badf-6bd89649c168",38,"1 - General AI"
"13f004dc-182c-5318-b3af-1f78b304fe6f",96,"2 - Infra"
"2c6ae2ee-7e66-5a92-8929-6d0e4b9ea760",85,"1 - General AI"
"2c6ae2ee-7e66-5a92-8929-6d0e4b9ea760",109,"1 - General AI"
"0e73f08d-279c-5e9f-8fdf-191f5a078d8f",4,"1 - General AI"
"415ee75f-43bd-5f5f-95b3-8cbb239db82c",13,"1 - General AI"
"415ee75f-43bd-5f5f-95b3-8cbb239db82c",2,"2 - Infra"
"415ee75f-43bd-5f5f-95b3-8cbb239db82c",5,"1 - General AI"
"415ee75f-43bd-5f5f-95b3-8cbb239db82c",6,"1 - General AI"
"415ee75f-43bd-5f5f-95b3-8cbb239db82c",17,"2 - Infra"
"415ee75f-43bd-5f5f-95b3-8cbb239db82c",4,"1 - General AI"
"415ee75f-43bd-5f5f-95b3-8cbb239db82c",7,"2 - Infra"
"415ee75f-43bd-5f5f-95b3-8cbb239db82c",11,"2 - Infra"
"415ee75f-43bd-5f5f-95b3-8cbb239db82c",12,"2 - Infra"
"71e48957-7f66-5991-9ae4-80ae68a48a1e",2,"2 - Infra"
"7069b334-1e6f-57d9-ae2e-e86d13056a9f",4,"1 - General AI"
"4324b21a-0300-5afd-ba0d-f585dcf7945e",3,"2 - Infra"
"33936398-9bed-5574-b096-d8d6e3a44044",19,"1 - General AI"
"33936398-9bed-5574-b096-d8d6e3a44044",20,"1 - General AI"
"33936398-9bed-5574-b096-d8d6e3a44044",21,"1 - General AI"
"33936398-9bed-5574-b096-d8d6e3a44044",22,"1 - General AI"
"33936398-9bed-5574-b096-d8d6e3a44044",23,"1 - General AI"
"33936398-9bed-5574-b096-d8d6e3a44044",25,"1 - General AI"
"321f8689-5fe6-5b21-9ebf-b9c9f0bc84e3",1,"1 - General AI"
"321f8689-5fe6-5b21-9ebf-b9c9f0bc84e3",4,"1 - General AI"
"321f8689-5fe6-5b21-9ebf-b9c9f0bc84e3",6,"1 - General AI"
"33936398-9bed-5574-b096-d8d6e3a44044",12,"1 - General AI"
"33936398-9bed-5574-b096-d8d6e3a44044",13,"1 - General AI"
"33936398-9bed-5574-b096-d8d6e3a44044",14,"1 - General AI"
"67e91365-9214-5e7d-b250-f0373dc8482d",11,"1 - General AI"
"aef9e71e-7b50-5041-930f-8a31a49a96b8",0,"2 - Infra"
"afd3897b-b7a4-5ea8-9a6f-def995f2e15e",5,"2 - Infra"
"aed910b7-19df-511c-af23-e0a828a424c5",0,"2 - Infra"
"aedef1b8-fe47-5b61-880b-694590e1fa26",101,"2 - Infra"
"aedef1b8-fe47-5b61-880b-694590e1fa26",119,"1 - General AI"
"e257f444-8b01-587f-82e9-f54a6dc75566",0,"1 - General AI"
"e26f4660-8048-5398-ad28-33e424a8b37a",0,"2 - Infra"
"9771328c-d3b3-559c-b192-97b2dfd773bc",0,"1 - General AI"
"97a0f60c-6a16-5a1b-9aca-0dc207ff8911",0,"2 - Infra"
"97aa351c-f5f0-55f9-9fa0-3b3774f61605",0,"2 - Infra"
"a6c671e3-7282-53f4-b335-b2cdbafdf7e9",0,"2 - Infra"
"a6da7b9c-0913-58bf-9562-266c91b877e6",0,"1 - General AI"
"e28775e1-42f1-5cac-8c67-dff54f4cf960",0,"1 - General AI"
"e28f5dc2-a752-55dd-84e2-905e6b7580f4",0,"1 - General AI"
"ea7a1917-e85b-56ab-bfc3-1004bf76c813",0,"2 - Infra"
"ea7d5aff-932c-586a-a182-44a09a97beb1",0,"2 - Infra"
"f14891e8-a769-55b8-a164-3ed9b28ed5a9",52,"2 - Infra"
"2df8ac82-1021-5747-aedc-818c9a705594",0,"1 - General AI"
"03f9b7e6-f952-5c5f-a391-d10f1bf5f54c",0,"1 - General AI"
"0406b1c5-2c37-56b9-8b77-8ffcc30e1b2a",0,"1 - General AI"
"2dfe40b6-9c0d-5acf-b416-4fe5745fce1c",0,"1 - General AI"
"2e035dda-841a-5992-9b8c-4d5b996efc9c",0,"1 - General AI"
"1bfafdaa-5146-5220-843e-68292e3d56a1",10,"2 - Infra"
"1bfafdaa-5146-5220-843e-68292e3d56a1",6,"2 - Infra"
"1c177a7d-20ea-5ce9-8022-242e8bc9fd0d",0,"2 - Infra"
"302d8869-e34c-5ab3-b60e-797df196c715",0,"2 - Infra"
"f286ddca-0792-556e-8317-4b3e0b9306c6",0,"2 - Infra"
"f2934099-3f90-5be0-a16f-8e9d60b57a3c",0,"3 - Platform"
"f2e839b4-a853-5319-be40-06aa369cc5d9",0,"1 - General AI"
"24317e99-d0d4-5e9b-8f35-faa9139abaa6",0,"1 - General AI"
"2c6ae2ee-7e66-5a92-8929-6d0e4b9ea760",16,"2 - Infra"
"33b069cf-039a-5ee1-afed-9e628d93dcaa",0,"1 - General AI"
"3d1b9590-4fe9-5f78-94d1-614fb497b9fa",0,"1 - General AI"
"f2fad5e4-23f6-52a7-997e-b6c56c452d4c",0,"1 - General AI"
"f3559e09-4313-525d-89ed-00e8625799b4",0,"2 - Infra"
"f5b9633d-9795-5fa1-a5ba-609cb8a9d829",0,"2 - Infra"
"f5675d6a-b316-50ac-819c-7b3c4710e831",0,"2 - Infra"
"f57f04c7-3bad-5057-8dcc-22ccccf5c51e",0,"2 - Infra"
"f74959db-a70c-52e4-9735-3c2d7b3255f2",0,"1 - General AI"
"f8c55b0e-389e-552e-b2f8-642ef10dd52c",0,"2 - Infra"
"f7160abe-a89f-5eea-bc22-c06a5fd40ceb",0,"2 - Infra"
"f73de496-a4ea-599b-b52d-479fe38c6495",0,"2 - Infra"
"f6334de9-fef4-5b4b-9a12-67ce35e0af82",13,"2 - Infra"
"f8d6d3af-390f-5ef9-b5fc-5a221cb823f4",10,"2 - Infra"
"f6334de9-fef4-5b4b-9a12-67ce35e0af82",16,"2 - Infra"
"f6334de9-fef4-5b4b-9a12-67ce35e0af82",18,"1 - General AI"
"f6334de9-fef4-5b4b-9a12-67ce35e0af82",10,"2 - Infra"
"f6334de9-fef4-5b4b-9a12-67ce35e0af82",21,"1 - General AI"
"f82cfe42-22c4-5bc3-a23d-34217139bf58",0,"2 - Infra"
"fd4235d9-8515-5867-bc68-b0344f88156c",0,"2 - Infra"
"fd94db86-7ba5-57e3-b7a7-aa95e1c64f4d",0,"2 - Infra"
"fcc82b6f-8e31-5135-8b33-032b16693c88",0,"1 - General AI"
"ffc7fe45-ed97-5176-bc34-80fc7dbbc4e3",0,"2 - Infra"
"ffd4b393-3a5e-5125-8ff5-b0be50e5b60e",24,"1 - General AI"
"6c0dce19-3955-59ff-b689-b8536ac11439",19,"2 - Infra"
"6c0dce19-3955-59ff-b689-b8536ac11439",10,"1 - General AI"
"6c0dce19-3955-59ff-b689-b8536ac11439",9,"2 - Infra"
"6c0dce19-3955-59ff-b689-b8536ac11439",8,"1 - General AI"
"6c0dce19-3955-59ff-b689-b8536ac11439",227,"1 - General AI"
"6c0dce19-3955-59ff-b689-b8536ac11439",15,"1 - General AI"
"6c0dce19-3955-59ff-b689-b8536ac11439",22,"1 - General AI"
"6c0dce19-3955-59ff-b689-b8536ac11439",24,"1 - General AI"
"6c0dce19-3955-59ff-b689-b8536ac11439",27,"1 - General AI"
"6c0dce19-3955-59ff-b689-b8536ac11439",35,"1 - General AI"
"6c0dce19-3955-59ff-b689-b8536ac11439",52,"1 - General AI"
"6c0dce19-3955-59ff-b689-b8536ac11439",54,"1 - General AI"
"6c0dce19-3955-59ff-b689-b8536ac11439",58,"1 - General AI"
"6c0dce19-3955-59ff-b689-b8536ac11439",65,"1 - General AI"
"6c0dce19-3955-59ff-b689-b8536ac11439",88,"1 - General AI"
"6c0dce19-3955-59ff-b689-b8536ac11439",90,"1 - General AI"
"6c0dce19-3955-59ff-b689-b8536ac11439",95,"2 - Infra"
"6c0dce19-3955-59ff-b689-b8536ac11439",98,"1 - General AI"
"6c0dce19-3955-59ff-b689-b8536ac11439",105,"1 - General AI"
"6c0dce19-3955-59ff-b689-b8536ac11439",130,"2 - Infra"
"6c0dce19-3955-59ff-b689-b8536ac11439",143,"1 - General AI"
"ffc81270-fe0c-5a8d-9823-749903da911c",0,"2 - Infra"
"aedef966-9c45-5f86-816a-f9d5ad7e406e",18,"1 - General AI"
"c30e2620-f427-5bf5-845c-27fb79494b92",29,"1 - General AI"
"d7cca220-9296-5408-86f7-114ad678db56",6,"2 - Infra"
"4dcd674c-7355-5050-a27d-c2d6d36b969a",9,"1 - General AI"
"4dcd674c-7355-5050-a27d-c2d6d36b969a",22,"1 - General AI"
"4dcd674c-7355-5050-a27d-c2d6d36b969a",21,"2 - Infra"
"6dc9cdff-931e-55e5-8da6-ded40cfd42a0",52,"2 - Infra"
"6a77b696-8679-5d56-9d53-3470c22a90c5",17,"2 - Infra"
"6a77b696-8679-5d56-9d53-3470c22a90c5",13,"2 - Infra"
"1eaf0324-1c8b-5782-ab53-588734eb2cd0",1,"2 - Infra"
"1eaf0324-1c8b-5782-ab53-588734eb2cd0",2,"1 - General AI"
"1eaf0324-1c8b-5782-ab53-588734eb2cd0",3,"2 - Infra"
"1eaf0324-1c8b-5782-ab53-588734eb2cd0",4,"2 - Infra"
"1eaf0324-1c8b-5782-ab53-588734eb2cd0",5,"2 - Infra"
"1eaf0324-1c8b-5782-ab53-588734eb2cd0",6,"2 - Infra"
"36d8fe08-ac91-5615-a7a6-3abd355ff707",24,"2 - Infra"
"9732e5a6-bc18-5a15-8ea3-332ee47ec027",26,"2 - Infra"
"f5473a9d-ae4d-5904-8a2e-717cfcd31019",12,"1 - General AI"
"06fb76cd-3f3f-5737-86a9-a324ab4cc5cc",3,"2 - Infra"
"9b445c1c-6105-580d-876a-fd824f81668a",1,"2 - Infra"
"d5485656-a874-5cfe-a894-57bc8b605d8f",3,"1 - General AI"
"938d71bf-3ea3-53ed-b020-7ac48d25f80d",5,"2 - Infra"
"05013128-98cc-59e0-a5c2-5fbfd9f99d94",24,"1 - General AI"
"1a951e63-fb79-5d40-ba18-09efb2fecddc",3,"1 - General AI"
"0ce0ef4b-c494-5479-ba1f-ff181b8eb3a3",24,"1 - General AI"
"06fb76cd-3f3f-5737-86a9-a324ab4cc5cc",1,"1 - General AI"
"05013128-98cc-59e0-a5c2-5fbfd9f99d94",21,"2 - Infra"
"05013128-98cc-59e0-a5c2-5fbfd9f99d94",22,"1 - General AI"
"0ffef5cc-292b-5dfa-baa4-d69e53244cad",22,"1 - General AI"
"fb4dfa87-ea47-5e55-a2d0-91c7c13cc43f",6,"2 - Infra"
"06fb76cd-3f3f-5737-86a9-a324ab4cc5cc",14,"1 - General AI"
"402422ab-c575-56c7-86dd-81e39e43f69d",9,"1 - General AI"
"4324b21a-0300-5afd-ba0d-f585dcf7945e",13,"2 - Infra"
"451723cb-39ca-55cc-9710-140cdb25b67f",13,"2 - Infra"
"5d1ac975-ea2d-5ef5-ab0f-c10dcb8f6686",18,"1 - General AI"
"40428456-3b06-53b3-8d99-aa83f1aeeb76",18,"1 - General AI"
"40428456-3b06-53b3-8d99-aa83f1aeeb76",12,"1 - General AI"
"40428456-3b06-53b3-8d99-aa83f1aeeb76",24,"1 - General AI"
"40428456-3b06-53b3-8d99-aa83f1aeeb76",27,"1 - General AI"
"40428456-3b06-53b3-8d99-aa83f1aeeb76",9,"1 - General AI"
"40428456-3b06-53b3-8d99-aa83f1aeeb76",15,"1 - General AI"
"40428456-3b06-53b3-8d99-aa83f1aeeb76",21,"1 - General AI"
"40428456-3b06-53b3-8d99-aa83f1aeeb76",26,"1 - General AI"
"40428456-3b06-53b3-8d99-aa83f1aeeb76",29,"1 - General AI"
"40c588ed-80cd-54d6-8e88-27b4242d0d0b",27,"1 - General AI"
"4131fc5a-c19e-53c1-9732-68ec067db168",42,"2 - Infra"
"4131fc5a-c19e-53c1-9732-68ec067db168",45,"2 - Infra"
"4131fc5a-c19e-53c1-9732-68ec067db168",47,"2 - Infra"
"4131fc5a-c19e-53c1-9732-68ec067db168",48,"2 - Infra"
"4131fc5a-c19e-53c1-9732-68ec067db168",50,"2 - Infra"
"4131fc5a-c19e-53c1-9732-68ec067db168",87,"1 - General AI"
"4131fc5a-c19e-53c1-9732-68ec067db168",96,"2 - Infra"
"4131fc5a-c19e-53c1-9732-68ec067db168",35,"1 - General AI"
"4131fc5a-c19e-53c1-9732-68ec067db168",41,"1 - General AI"
"4131fc5a-c19e-53c1-9732-68ec067db168",43,"1 - General AI"
"4131fc5a-c19e-53c1-9732-68ec067db168",66,"1 - General AI"
"4131fc5a-c19e-53c1-9732-68ec067db168",68,"1 - General AI"
"4131fc5a-c19e-53c1-9732-68ec067db168",71,"1 - General AI"
"4131fc5a-c19e-53c1-9732-68ec067db168",92,"2 - Infra"
"429d384f-7212-57b7-bb67-412b4b0f4e99",0,"2 - Infra"
"6e1fb8f3-4e4c-5632-8065-7d1243528ff2",0,"1 - General AI"
"07e4ca0b-b8ee-5e41-9728-c48c896ffe2a",17,"1 - General AI"
"acbb66e2-056e-5430-b3df-78127fcc301e",97,"1 - General AI"
"acbb66e2-056e-5430-b3df-78127fcc301e",96,"1 - General AI"
"a383d817-a6bf-54a6-8094-71a1947f41b1",7,"1 - General AI"
"a383d817-a6bf-54a6-8094-71a1947f41b1",12,"1 - General AI"
"e71520d1-becb-5a71-a4a2-255302b18e56",65,"1 - General AI"
"28be960e-e47b-523c-b64f-42f3fecd6fa6",115,"1 - General AI"
"28be960e-e47b-523c-b64f-42f3fecd6fa6",121,"1 - General AI"
"e5a3eb29-56c7-565c-991b-d105a0172f85",128,"1 - General AI"
"9e589a58-bbcf-5f69-9dd6-acc6e4bbefc0",97,"1 - General AI"
"a22c13ef-3936-577e-8c1d-9036083bcd08",94,"1 - General AI"
"a2e1c147-ad35-5225-a2ab-cfd6d7cf19c5",81,"1 - General AI"
"a7ab9800-480a-5cea-8bb8-82c58a26f680",87,"1 - General AI"
"83c6596e-b469-5398-858c-3c6decb4c82e",104,"1 - General AI"
"6fa09842-500a-5f8f-a42c-1a53b705dfc8",125,"1 - General AI"
"28be960e-e47b-523c-b64f-42f3fecd6fa6",75,"1 - General AI"
"f0344c9f-1242-5b96-bcf3-9bfd6bd09a80",91,"1 - General AI"
"f0344c9f-1242-5b96-bcf3-9bfd6bd09a80",92,"2 - Infra"
"f0344c9f-1242-5b96-bcf3-9bfd6bd09a80",114,"1 - General AI"
"f0344c9f-1242-5b96-bcf3-9bfd6bd09a80",117,"2 - Infra"
"26b2add9-a1d7-5a10-a598-d9eb21d3c8ed",99,"1 - General AI"
"402422ab-c575-56c7-86dd-81e39e43f69d",1,"2 - Infra"
"402422ab-c575-56c7-86dd-81e39e43f69d",4,"2 - Infra"
"402422ab-c575-56c7-86dd-81e39e43f69d",13,"2 - Infra"
"402422ab-c575-56c7-86dd-81e39e43f69d",17,"1 - General AI"
"402422ab-c575-56c7-86dd-81e39e43f69d",24,"1 - General AI"
"402422ab-c575-56c7-86dd-81e39e43f69d",25,"2 - Infra"
"402422ab-c575-56c7-86dd-81e39e43f69d",2,"2 - Infra"
"402422ab-c575-56c7-86dd-81e39e43f69d",20,"1 - General AI"
"402422ab-c575-56c7-86dd-81e39e43f69d",18,"2 - Infra"
"402422ab-c575-56c7-86dd-81e39e43f69d",15,"2 - Infra"
"40460067-6394-5998-b0eb-74edd360e0cf",105,"1 - General AI"
"70c07e19-509a-5ae9-83f0-fc22f3445917",0,"2 - Infra"
"725c29bb-8fc3-59de-b500-5e14dca2e33a",0,"2 - Infra"
"73d3e269-0a8c-5b19-ad64-5df67fdc13ef",2,"2 - Infra"
"74dc9dad-6057-5d8e-a779-75756cf445c3",0,"2 - Infra"
"712511fe-5ea8-5268-abfd-38c47b209278",0,"1 - General AI"
"66ca62af-3f3f-550c-ad56-8d816942b6d0",258,"1 - General AI"
"66ca62af-3f3f-550c-ad56-8d816942b6d0",119,"1 - General AI"
"66ca62af-3f3f-550c-ad56-8d816942b6d0",42,"1 - General AI"
"66ca62af-3f3f-550c-ad56-8d816942b6d0",33,"1 - General AI"
"66ca62af-3f3f-550c-ad56-8d816942b6d0",113,"1 - General AI"
"66ca62af-3f3f-550c-ad56-8d816942b6d0",112,"1 - General AI"
"66ca62af-3f3f-550c-ad56-8d816942b6d0",68,"1 - General AI"
"66ca62af-3f3f-550c-ad56-8d816942b6d0",57,"1 - General AI"
"15272187-9c85-590a-a67a-c8cac03d46dd",21,"1 - General AI"
"1cf5f6c2-f48d-58cf-ae4b-db3fd22649d8",30,"1 - General AI"
"2e3ebdd6-c645-50e4-b6b0-d7694deb9dff",100,"1 - General AI"
"fbb24933-2002-56bf-89d9-e2b289e1c65c",70,"1 - General AI"
"420cabe7-e6d5-5aab-a755-fd9d206825a8",50,"1 - General AI"
"420cabe7-e6d5-5aab-a755-fd9d206825a8",49,"1 - General AI"
"4401663c-04a5-590a-ab60-2e674a14b334",103,"1 - General AI"
"3ccf558f-dde7-51ab-bd38-6cbb5faf3290",61,"1 - General AI"
"237b1f78-a01e-5815-8c7b-476079b5098e",58,"1 - General AI"
"13f0e0ba-c5c6-5092-8290-2375dfde9da1",108,"1 - General AI"
"601dcb00-6e74-551d-90d2-b548e1ae7897",4,"1 - General AI"
"601dcb00-6e74-551d-90d2-b548e1ae7897",5,"1 - General AI"
"601dcb00-6e74-551d-90d2-b548e1ae7897",22,"1 - General AI"
"601dcb00-6e74-551d-90d2-b548e1ae7897",3,"1 - General AI"
"d31de365-34bd-53ca-8251-6a04e423b0e1",21,"1 - General AI"
"32b3b02e-99a5-5dcb-9259-45f1485773c8",6,"1 - General AI"
"162c2ee9-3002-5685-a301-e60dc07af155",1,"1 - General AI"
"162c2ee9-3002-5685-a301-e60dc07af155",2,"1 - General AI"
"162c2ee9-3002-5685-a301-e60dc07af155",3,"1 - General AI"
"662c5e90-150b-55f3-a744-4a5538a7d95a",15,"1 - General AI"
"662c5e90-150b-55f3-a744-4a5538a7d95a",20,"1 - General AI"
"662c5e90-150b-55f3-a744-4a5538a7d95a",7,"1 - General AI"
"662c5e90-150b-55f3-a744-4a5538a7d95a",13,"1 - General AI"
"ac4504c5-e22f-57af-8d23-efc72300f168",3,"1 - General AI"
"ac4504c5-e22f-57af-8d23-efc72300f168",1,"1 - General AI"
"ac4504c5-e22f-57af-8d23-efc72300f168",5,"1 - General AI"
"aec08e29-2bd1-50e0-a94d-402baf72a3d7",6,"1 - General AI"
"3ccf558f-dde7-51ab-bd38-6cbb5faf3290",13,"1 - General AI"
"3ccf558f-dde7-51ab-bd38-6cbb5faf3290",16,"1 - General AI"
"3ccf558f-dde7-51ab-bd38-6cbb5faf3290",17,"1 - General AI"
"3ccf558f-dde7-51ab-bd38-6cbb5faf3290",20,"1 - General AI"
"3ccf558f-dde7-51ab-bd38-6cbb5faf3290",31,"1 - General AI"
"3ccf558f-dde7-51ab-bd38-6cbb5faf3290",33,"1 - General AI"
"3ccf558f-dde7-51ab-bd38-6cbb5faf3290",44,"1 - General AI"
"3ccf558f-dde7-51ab-bd38-6cbb5faf3290",47,"1 - General AI"
"321f8689-5fe6-5b21-9ebf-b9c9f0bc84e3",11,"1 - General AI"
"321f8689-5fe6-5b21-9ebf-b9c9f0bc84e3",12,"1 - General AI"
"321f8689-5fe6-5b21-9ebf-b9c9f0bc84e3",14,"1 - General AI"
"321f8689-5fe6-5b21-9ebf-b9c9f0bc84e3",16,"1 - General AI"
"321f8689-5fe6-5b21-9ebf-b9c9f0bc84e3",17,"1 - General AI"
"662c5e90-150b-55f3-a744-4a5538a7d95a",8,"1 - General AI"
"662c5e90-150b-55f3-a744-4a5538a7d95a",11,"1 - General AI"
"662c5e90-150b-55f3-a744-4a5538a7d95a",19,"1 - General AI"
"faf1fd16-ea0c-5687-9bd4-967fb878fac7",3,"1 - General AI"
"33936398-9bed-5574-b096-d8d6e3a44044",26,"1 - General AI"
"33936398-9bed-5574-b096-d8d6e3a44044",29,"1 - General AI"
"33936398-9bed-5574-b096-d8d6e3a44044",31,"1 - General AI"
"fe68894e-788c-542f-80d2-40ed0ea89e5b",3,"1 - General AI"
"fe68894e-788c-542f-80d2-40ed0ea89e5b",4,"1 - General AI"
"fe68894e-788c-542f-80d2-40ed0ea89e5b",18,"1 - General AI"
"10752d6e-4708-5bae-85c6-00ef20ed1adc",18,"1 - General AI"
"10752d6e-4708-5bae-85c6-00ef20ed1adc",19,"1 - General AI"
"10752d6e-4708-5bae-85c6-00ef20ed1adc",20,"1 - General AI"
"10752d6e-4708-5bae-85c6-00ef20ed1adc",25,"1 - General AI"
"10752d6e-4708-5bae-85c6-00ef20ed1adc",28,"1 - General AI"
"10752d6e-4708-5bae-85c6-00ef20ed1adc",70,"1 - General AI"
"67e91365-9214-5e7d-b250-f0373dc8482d",17,"1 - General AI"
"67e91365-9214-5e7d-b250-f0373dc8482d",26,"1 - General AI"
"42d33172-784b-5827-b671-835086757d0d",22,"1 - General AI"
"59c6d59f-231f-5abb-98d7-3b1ba568b328",20,"1 - General AI"
"59c6d59f-231f-5abb-98d7-3b1ba568b328",5,"1 - General AI"
"5d8826c8-9eb1-5302-a2fa-b2d3a20b8383",32,"1 - General AI"
"5d8826c8-9eb1-5302-a2fa-b2d3a20b8383",20,"1 - General AI"
"5d8826c8-9eb1-5302-a2fa-b2d3a20b8383",21,"1 - General AI"
"601dcb00-6e74-551d-90d2-b548e1ae7897",23,"1 - General AI"
"76a23d31-611c-5c8b-8b2b-6a0bf0ea4556",2,"1 - General AI"
"76a23d31-611c-5c8b-8b2b-6a0bf0ea4556",3,"1 - General AI"
"942f47dc-3958-53ed-9b60-761cfb47f9bb",22,"1 - General AI"
"aedef1b8-fe47-5b61-880b-694590e1fa26",194,"2 - Infra"
"cc27bd20-d8d7-52fc-836f-ab77162858f7",32,"1 - General AI"
"d1c0dc6b-4f7e-5be2-bba8-f0277e9351b8",6,"1 - General AI"
"e67aecc5-e308-5db9-9504-179ccb514b54",5,"1 - General AI"
"ac4504c5-e22f-57af-8d23-efc72300f168",16,"1 - General AI"
"662c5e90-150b-55f3-a744-4a5538a7d95a",23,"1 - General AI"
"662c5e90-150b-55f3-a744-4a5538a7d95a",26,"1 - General AI"
"662c5e90-150b-55f3-a744-4a5538a7d95a",1,"1 - General AI"
"662c5e90-150b-55f3-a744-4a5538a7d95a",3,"1 - General AI"
"904058bd-363b-5ec5-9d93-f422ba7c2bfa",10,"1 - General AI"
"904058bd-363b-5ec5-9d93-f422ba7c2bfa",14,"1 - General AI"
"904058bd-363b-5ec5-9d93-f422ba7c2bfa",21,"1 - General AI"
"33936398-9bed-5574-b096-d8d6e3a44044",3,"1 - General AI"
"ac4504c5-e22f-57af-8d23-efc72300f168",17,"1 - General AI"
"162c2ee9-3002-5685-a301-e60dc07af155",24,"1 - General AI"
"162c2ee9-3002-5685-a301-e60dc07af155",25,"1 - General AI"
"67e91365-9214-5e7d-b250-f0373dc8482d",9,"1 - General AI"
"67e91365-9214-5e7d-b250-f0373dc8482d",8,"1 - General AI"
"67e91365-9214-5e7d-b250-f0373dc8482d",6,"1 - General AI"
"67e91365-9214-5e7d-b250-f0373dc8482d",30,"1 - General AI"
"67e91365-9214-5e7d-b250-f0373dc8482d",32,"1 - General AI"
"162c2ee9-3002-5685-a301-e60dc07af155",5,"1 - General AI"
"162c2ee9-3002-5685-a301-e60dc07af155",7,"1 - General AI"
"162c2ee9-3002-5685-a301-e60dc07af155",8,"1 - General AI"
"162c2ee9-3002-5685-a301-e60dc07af155",9,"1 - General AI"
"31b72460-defe-5326-a0c0-dc5c73eb134a",3,"1 - General AI"
"31b72460-defe-5326-a0c0-dc5c73eb134a",4,"1 - General AI"
"3ccf558f-dde7-51ab-bd38-6cbb5faf3290",4,"1 - General AI"
"faf1fd16-ea0c-5687-9bd4-967fb878fac7",2,"1 - General AI"
"faf1fd16-ea0c-5687-9bd4-967fb878fac7",10,"1 - General AI"
"faf1fd16-ea0c-5687-9bd4-967fb878fac7",22,"1 - General AI"
"faf1fd16-ea0c-5687-9bd4-967fb878fac7",23,"1 - General AI"
"ffd4b393-3a5e-5125-8ff5-b0be50e5b60e",2,"1 - General AI"
"ffd4b393-3a5e-5125-8ff5-b0be50e5b60e",18,"1 - General AI"
"4ffc3144-ae3c-5ec9-bd90-c67b9befff92",19,"1 - General AI"
"4ffc3144-ae3c-5ec9-bd90-c67b9befff92",26,"1 - General AI"
"4ffc3144-ae3c-5ec9-bd90-c67b9befff92",15,"1 - General AI"
"5310f871-96f6-5a1b-9031-fa9c32b15484",3,"1 - General AI"
"5310f871-96f6-5a1b-9031-fa9c32b15484",2,"1 - General AI"
"904058bd-363b-5ec5-9d93-f422ba7c2bfa",30,"1 - General AI"
"904058bd-363b-5ec5-9d93-f422ba7c2bfa",29,"1 - General AI"
"904058bd-363b-5ec5-9d93-f422ba7c2bfa",31,"1 - General AI"
"904058bd-363b-5ec5-9d93-f422ba7c2bfa",26,"1 - General AI"
"904058bd-363b-5ec5-9d93-f422ba7c2bfa",27,"1 - General AI"
"942f47dc-3958-53ed-9b60-761cfb47f9bb",8,"1 - General AI"
"942f47dc-3958-53ed-9b60-761cfb47f9bb",16,"1 - General AI"
"942f47dc-3958-53ed-9b60-761cfb47f9bb",7,"1 - General AI"
"942f47dc-3958-53ed-9b60-761cfb47f9bb",17,"1 - General AI"
"a66878ff-597d-54c3-8fed-55d0a6296eaa",2,"1 - General AI"
"ac4504c5-e22f-57af-8d23-efc72300f168",19,"1 - General AI"
"ac4504c5-e22f-57af-8d23-efc72300f168",20,"1 - General AI"
"ac4504c5-e22f-57af-8d23-efc72300f168",6,"1 - General AI"
"ac4504c5-e22f-57af-8d23-efc72300f168",9,"1 - General AI"
"b076f00c-1b13-5fe2-96fb-8bf573a038a9",3,"1 - General AI"
"b076f00c-1b13-5fe2-96fb-8bf573a038a9",1,"1 - General AI"
"b076f00c-1b13-5fe2-96fb-8bf573a038a9",33,"1 - General AI"
"c242198b-86af-5e0d-8532-8b10ea1b2bbd",24,"1 - General AI"
"c242198b-86af-5e0d-8532-8b10ea1b2bbd",22,"1 - General AI"
"c242198b-86af-5e0d-8532-8b10ea1b2bbd",18,"1 - General AI"
"debc0e90-d85d-5d3c-a953-a670b840fc78",26,"1 - General AI"
"debc0e90-d85d-5d3c-a953-a670b840fc78",18,"1 - General AI"
"debc0e90-d85d-5d3c-a953-a670b840fc78",21,"1 - General AI"
"debc0e90-d85d-5d3c-a953-a670b840fc78",30,"1 - General AI"
"3a3d074f-6c4f-5a2c-ac4b-bda58420c19f",10,"2 - Infra"
"3a3d074f-6c4f-5a2c-ac4b-bda58420c19f",11,"2 - Infra"
"3a3d074f-6c4f-5a2c-ac4b-bda58420c19f",14,"2 - Infra"
"3a3d074f-6c4f-5a2c-ac4b-bda58420c19f",15,"2 - Infra"
"3a3d074f-6c4f-5a2c-ac4b-bda58420c19f",16,"2 - Infra"
"3a3d074f-6c4f-5a2c-ac4b-bda58420c19f",18,"2 - Infra"
"34153012-1848-5daf-8cd8-27660069f0eb",5,"1 - General AI"
"34153012-1848-5daf-8cd8-27660069f0eb",23,"2 - Infra"
"aedef1b8-fe47-5b61-880b-694590e1fa26",20,"1 - General AI"
"aedef1b8-fe47-5b61-880b-694590e1fa26",21,"1 - General AI"
"27f7059b-86f8-5cc4-b242-c0ac1a37a720",25,"2 - Infra"
"27f7059b-86f8-5cc4-b242-c0ac1a37a720",29,"1 - General AI"
"27f7059b-86f8-5cc4-b242-c0ac1a37a720",34,"1 - General AI"
"27f7059b-86f8-5cc4-b242-c0ac1a37a720",37,"1 - General AI"
"27f7059b-86f8-5cc4-b242-c0ac1a37a720",38,"1 - General AI"
"27f7059b-86f8-5cc4-b242-c0ac1a37a720",39,"1 - General AI"
"0ce0ef4b-c494-5479-ba1f-ff181b8eb3a3",11,"1 - General AI"
"0ce0ef4b-c494-5479-ba1f-ff181b8eb3a3",13,"1 - General AI"
"0ce0ef4b-c494-5479-ba1f-ff181b8eb3a3",14,"1 - General AI"
"0ce0ef4b-c494-5479-ba1f-ff181b8eb3a3",16,"1 - General AI"
"0ce0ef4b-c494-5479-ba1f-ff181b8eb3a3",18,"1 - General AI"
"aedef1b8-fe47-5b61-880b-694590e1fa26",31,"1 - General AI"
"c9d9e804-2e76-52ec-a1f9-c375e19a9fc1",28,"1 - General AI"
"c9d9e804-2e76-52ec-a1f9-c375e19a9fc1",29,"1 - General AI"
"f6334de9-fef4-5b4b-9a12-67ce35e0af82",1,"1 - General AI"
"f6334de9-fef4-5b4b-9a12-67ce35e0af82",2,"1 - General AI"
"49eb043b-e92e-58d4-897e-f57564597ee3",20,"2 - Infra"
"49eb043b-e92e-58d4-897e-f57564597ee3",14,"1 - General AI"
"49eb043b-e92e-58d4-897e-f57564597ee3",15,"2 - Infra"
"49eb043b-e92e-58d4-897e-f57564597ee3",16,"2 - Infra"
"49eb043b-e92e-58d4-897e-f57564597ee3",18,"1 - General AI"
"581d249e-ed61-5456-9107-18ccdb60991b",17,"1 - General AI"
"8358ab57-a5d5-5091-b100-15b266c71a29",24,"1 - General AI"
"8358ab57-a5d5-5091-b100-15b266c71a29",25,"1 - General AI"
"8358ab57-a5d5-5091-b100-15b266c71a29",26,"1 - General AI"
"8358ab57-a5d5-5091-b100-15b266c71a29",27,"2 - Infra"
"858ca96a-d628-59bc-85bd-3b55da35ab19",15,"2 - Infra"
"858ca96a-d628-59bc-85bd-3b55da35ab19",23,"1 - General AI"
"87a4c69c-93ba-5e73-a8b4-afdfab00f060",5,"2 - Infra"
"8f6f6379-7b1d-5921-9326-d9244d569a8c",8,"2 - Infra"
"8f6f6379-7b1d-5921-9326-d9244d569a8c",6,"2 - Infra"
"9b445c1c-6105-580d-876a-fd824f81668a",4,"2 - Infra"
"9b445c1c-6105-580d-876a-fd824f81668a",10,"1 - General AI"
"9b445c1c-6105-580d-876a-fd824f81668a",6,"2 - Infra"
"a31adff2-40c5-5520-8cb4-b33ca6b86e3a",36,"2 - Infra"
"a31adff2-40c5-5520-8cb4-b33ca6b86e3a",4,"1 - General AI"
"a31adff2-40c5-5520-8cb4-b33ca6b86e3a",5,"1 - General AI"
"a31adff2-40c5-5520-8cb4-b33ca6b86e3a",3,"1 - General AI"
"a6168ed6-19bf-5a46-b17e-321d5dbf9eaf",10,"1 - General AI"
"a6168ed6-19bf-5a46-b17e-321d5dbf9eaf",7,"1 - General AI"
"a6168ed6-19bf-5a46-b17e-321d5dbf9eaf",5,"2 - Infra"
"a6168ed6-19bf-5a46-b17e-321d5dbf9eaf",26,"1 - General AI"
"a6168ed6-19bf-5a46-b17e-321d5dbf9eaf",4,"1 - General AI"
"a6168ed6-19bf-5a46-b17e-321d5dbf9eaf",3,"1 - General AI"
"267ebe89-d7fd-569e-9999-3d4d30dbcb1f",2,"2 - Infra"
"806bba5c-f32e-5463-a7e7-92bdacc4bcd1",17,"1 - General AI"
"f6334de9-fef4-5b4b-9a12-67ce35e0af82",14,"1 - General AI"
"f6334de9-fef4-5b4b-9a12-67ce35e0af82",19,"1 - General AI"
"806bba5c-f32e-5463-a7e7-92bdacc4bcd1",10,"1 - General AI"
"806bba5c-f32e-5463-a7e7-92bdacc4bcd1",9,"1 - General AI"
"806bba5c-f32e-5463-a7e7-92bdacc4bcd1",6,"2 - Infra"
"8358ab57-a5d5-5091-b100-15b266c71a29",17,"2 - Infra"
"06fb76cd-3f3f-5737-86a9-a324ab4cc5cc",5,"1 - General AI"
"06fb76cd-3f3f-5737-86a9-a324ab4cc5cc",6,"1 - General AI"
"06fb76cd-3f3f-5737-86a9-a324ab4cc5cc",7,"2 - Infra"
"06fb76cd-3f3f-5737-86a9-a324ab4cc5cc",8,"2 - Infra"
"06fb76cd-3f3f-5737-86a9-a324ab4cc5cc",10,"2 - Infra"
"17d09326-d7ab-5647-bd59-5c79aadfcde1",1,"2 - Infra"
"17d09326-d7ab-5647-bd59-5c79aadfcde1",2,"2 - Infra"
"17d09326-d7ab-5647-bd59-5c79aadfcde1",3,"2 - Infra"
"0ffef5cc-292b-5dfa-baa4-d69e53244cad",2,"1 - General AI"
"0ffef5cc-292b-5dfa-baa4-d69e53244cad",3,"2 - Infra"
"0ffef5cc-292b-5dfa-baa4-d69e53244cad",4,"2 - Infra"
"0ffef5cc-292b-5dfa-baa4-d69e53244cad",6,"2 - Infra"
"0ffef5cc-292b-5dfa-baa4-d69e53244cad",7,"1 - General AI"
"0ffef5cc-292b-5dfa-baa4-d69e53244cad",8,"2 - Infra"
"0ffef5cc-292b-5dfa-baa4-d69e53244cad",9,"2 - Infra"
"06fb76cd-3f3f-5737-86a9-a324ab4cc5cc",19,"2 - Infra"
"06fb76cd-3f3f-5737-86a9-a324ab4cc5cc",20,"2 - Infra"
"06fb76cd-3f3f-5737-86a9-a324ab4cc5cc",21,"1 - General AI"
"06fb76cd-3f3f-5737-86a9-a324ab4cc5cc",22,"2 - Infra"
"4324b21a-0300-5afd-ba0d-f585dcf7945e",29,"1 - General AI"
"5d1ac975-ea2d-5ef5-ab0f-c10dcb8f6686",3,"1 - General AI"
"5d1ac975-ea2d-5ef5-ab0f-c10dcb8f6686",4,"2 - Infra"
"5d1ac975-ea2d-5ef5-ab0f-c10dcb8f6686",5,"1 - General AI"
"6499c25a-dc42-5bbb-9e40-cfbcaaeeba1c",4,"2 - Infra"
"6499c25a-dc42-5bbb-9e40-cfbcaaeeba1c",3,"2 - Infra"
"6499c25a-dc42-5bbb-9e40-cfbcaaeeba1c",28,"1 - General AI"
"6499c25a-dc42-5bbb-9e40-cfbcaaeeba1c",1,"1 - General AI"
"8358ab57-a5d5-5091-b100-15b266c71a29",22,"1 - General AI"
"8358ab57-a5d5-5091-b100-15b266c71a29",15,"2 - Infra"
"8358ab57-a5d5-5091-b100-15b266c71a29",16,"1 - General AI"
"8b0c505a-5d2c-5919-89ea-aea260b6457d",25,"2 - Infra"
"8b0c505a-5d2c-5919-89ea-aea260b6457d",23,"2 - Infra"
"8b0c505a-5d2c-5919-89ea-aea260b6457d",21,"1 - General AI"
"8b0c505a-5d2c-5919-89ea-aea260b6457d",24,"1 - General AI"
"8f6f6379-7b1d-5921-9326-d9244d569a8c",17,"1 - General AI"
"8f6f6379-7b1d-5921-9326-d9244d569a8c",16,"2 - Infra"
"8f6f6379-7b1d-5921-9326-d9244d569a8c",21,"1 - General AI"
"8f6f6379-7b1d-5921-9326-d9244d569a8c",14,"2 - Infra"
"99c19fe6-36cf-5676-9152-e054550dcefb",10,"1 - General AI"
"d5485656-a874-5cfe-a894-57bc8b605d8f",15,"1 - General AI"
"d5485656-a874-5cfe-a894-57bc8b605d8f",14,"2 - Infra"
"d5485656-a874-5cfe-a894-57bc8b605d8f",11,"1 - General AI"
"d7cdca9a-3bfa-5b60-b07f-82b55941b2ed",27,"1 - General AI"
"d7cdca9a-3bfa-5b60-b07f-82b55941b2ed",18,"1 - General AI"
"d7cdca9a-3bfa-5b60-b07f-82b55941b2ed",19,"2 - Infra"
"db33498b-5468-5a32-8c80-adcddc93bd27",7,"2 - Infra"
"db33498b-5468-5a32-8c80-adcddc93bd27",8,"2 - Infra"
"db33498b-5468-5a32-8c80-adcddc93bd27",2,"2 - Infra"
"db33498b-5468-5a32-8c80-adcddc93bd27",1,"2 - Infra"
"06fb76cd-3f3f-5737-86a9-a324ab4cc5cc",24,"2 - Infra"
"06fb76cd-3f3f-5737-86a9-a324ab4cc5cc",25,"2 - Infra"
"06fb76cd-3f3f-5737-86a9-a324ab4cc5cc",27,"1 - General AI"
"06fb76cd-3f3f-5737-86a9-a324ab4cc5cc",28,"2 - Infra"
"27f7059b-86f8-5cc4-b242-c0ac1a37a720",3,"1 - General AI"
"72ac4563-7025-5e17-97ec-b3f49d3e7c7c",15,"1 - General AI"
"72ac4563-7025-5e17-97ec-b3f49d3e7c7c",5,"1 - General AI"
"72ac4563-7025-5e17-97ec-b3f49d3e7c7c",2,"2 - Infra"
"858ca96a-d628-59bc-85bd-3b55da35ab19",11,"1 - General AI"
"05013128-98cc-59e0-a5c2-5fbfd9f99d94",23,"2 - Infra"
"05013128-98cc-59e0-a5c2-5fbfd9f99d94",27,"1 - General AI"
"05013128-98cc-59e0-a5c2-5fbfd9f99d94",28,"1 - General AI"
"193cdeb5-d767-50ff-a13c-3b7daac4bb22",6,"1 - General AI"
"193cdeb5-d767-50ff-a13c-3b7daac4bb22",12,"1 - General AI"
"193cdeb5-d767-50ff-a13c-3b7daac4bb22",15,"1 - General AI"
"193cdeb5-d767-50ff-a13c-3b7daac4bb22",16,"2 - Infra"
"193cdeb5-d767-50ff-a13c-3b7daac4bb22",17,"1 - General AI"
"17d09326-d7ab-5647-bd59-5c79aadfcde1",4,"1 - General AI"
"17d09326-d7ab-5647-bd59-5c79aadfcde1",5,"1 - General AI"
"17d09326-d7ab-5647-bd59-5c79aadfcde1",6,"2 - Infra"
"17d09326-d7ab-5647-bd59-5c79aadfcde1",7,"2 - Infra"
"17d09326-d7ab-5647-bd59-5c79aadfcde1",9,"2 - Infra"
"17d09326-d7ab-5647-bd59-5c79aadfcde1",10,"1 - General AI"
"48647bdf-abb0-51b2-94a4-a30cde9761a4",21,"2 - Infra"
"4b26342b-a204-5eec-9301-16f4134721cb",6,"2 - Infra"
"546dbd88-8b1f-55ad-bf0b-d68ce5b38b94",2,"1 - General AI"
"5d1ac975-ea2d-5ef5-ab0f-c10dcb8f6686",37,"2 - Infra"
"5d1ac975-ea2d-5ef5-ab0f-c10dcb8f6686",35,"1 - General AI"
"6499c25a-dc42-5bbb-9e40-cfbcaaeeba1c",9,"1 - General AI"
"6499c25a-dc42-5bbb-9e40-cfbcaaeeba1c",8,"1 - General AI"
"6499c25a-dc42-5bbb-9e40-cfbcaaeeba1c",5,"1 - General AI"
"858ca96a-d628-59bc-85bd-3b55da35ab19",9,"2 - Infra"
"858ca96a-d628-59bc-85bd-3b55da35ab19",6,"2 - Infra"
"858ca96a-d628-59bc-85bd-3b55da35ab19",7,"1 - General AI"
"8f6f6379-7b1d-5921-9326-d9244d569a8c",29,"1 - General AI"
"8f6f6379-7b1d-5921-9326-d9244d569a8c",23,"1 - General AI"
"8f6f6379-7b1d-5921-9326-d9244d569a8c",22,"1 - General AI"
"8f6f6379-7b1d-5921-9326-d9244d569a8c",26,"1 - General AI"
"99c19fe6-36cf-5676-9152-e054550dcefb",23,"1 - General AI"
"99c19fe6-36cf-5676-9152-e054550dcefb",36,"1 - General AI"
"a31adff2-40c5-5520-8cb4-b33ca6b86e3a",13,"2 - Infra"
"a31adff2-40c5-5520-8cb4-b33ca6b86e3a",8,"2 - Infra"
"a31adff2-40c5-5520-8cb4-b33ca6b86e3a",7,"2 - Infra"
"a31adff2-40c5-5520-8cb4-b33ca6b86e3a",16,"1 - General AI"
"a6168ed6-19bf-5a46-b17e-321d5dbf9eaf",21,"2 - Infra"
"a6168ed6-19bf-5a46-b17e-321d5dbf9eaf",15,"1 - General AI"
"a6168ed6-19bf-5a46-b17e-321d5dbf9eaf",19,"1 - General AI"
"db33498b-5468-5a32-8c80-adcddc93bd27",16,"1 - General AI"
"db33498b-5468-5a32-8c80-adcddc93bd27",18,"1 - General AI"
"db33498b-5468-5a32-8c80-adcddc93bd27",14,"1 - General AI"
"db33498b-5468-5a32-8c80-adcddc93bd27",13,"1 - General AI"
"db33498b-5468-5a32-8c80-adcddc93bd27",12,"1 - General AI"
"db33498b-5468-5a32-8c80-adcddc93bd27",10,"2 - Infra"
"0ffef5cc-292b-5dfa-baa4-d69e53244cad",1,"2 - Infra"
"267ebe89-d7fd-569e-9999-3d4d30dbcb1f",21,"2 - Infra"
"267ebe89-d7fd-569e-9999-3d4d30dbcb1f",22,"1 - General AI"
"ec94cd8c-ac67-5337-9e9a-56500d600475",1,"2 - Infra"
"ec94cd8c-ac67-5337-9e9a-56500d600475",2,"1 - General AI"
"0c9abdfb-d869-50c4-a8b9-e402d55c5d3c",24,"1 - General AI"
"0c9abdfb-d869-50c4-a8b9-e402d55c5d3c",25,"1 - General AI"
"0c9abdfb-d869-50c4-a8b9-e402d55c5d3c",26,"2 - Infra"
"0c9abdfb-d869-50c4-a8b9-e402d55c5d3c",27,"2 - Infra"
"05013128-98cc-59e0-a5c2-5fbfd9f99d94",2,"1 - General AI"
"05013128-98cc-59e0-a5c2-5fbfd9f99d94",4,"1 - General AI"
"05013128-98cc-59e0-a5c2-5fbfd9f99d94",5,"1 - General AI"
"05013128-98cc-59e0-a5c2-5fbfd9f99d94",6,"2 - Infra"
"05013128-98cc-59e0-a5c2-5fbfd9f99d94",7,"2 - Infra"
"17d09326-d7ab-5647-bd59-5c79aadfcde1",23,"1 - General AI"
"17d09326-d7ab-5647-bd59-5c79aadfcde1",25,"1 - General AI"
"17d09326-d7ab-5647-bd59-5c79aadfcde1",26,"2 - Infra"
"17d09326-d7ab-5647-bd59-5c79aadfcde1",27,"1 - General AI"
"fb4dfa87-ea47-5e55-a2d0-91c7c13cc43f",21,"2 - Infra"
"fb4dfa87-ea47-5e55-a2d0-91c7c13cc43f",22,"1 - General AI"
"fb4dfa87-ea47-5e55-a2d0-91c7c13cc43f",24,"2 - Infra"
"fb4dfa87-ea47-5e55-a2d0-91c7c13cc43f",26,"1 - General AI"
"fb4dfa87-ea47-5e55-a2d0-91c7c13cc43f",27,"1 - General AI"
"f5615815-1644-5e9c-97ff-e33ccde38594",4,"2 - Infra"
"f5615815-1644-5e9c-97ff-e33ccde38594",7,"2 - Infra"
"546dbd88-8b1f-55ad-bf0b-d68ce5b38b94",12,"1 - General AI"
"546dbd88-8b1f-55ad-bf0b-d68ce5b38b94",10,"2 - Infra"
"8358ab57-a5d5-5091-b100-15b266c71a29",10,"2 - Infra"
"8358ab57-a5d5-5091-b100-15b266c71a29",4,"2 - Infra"
"8358ab57-a5d5-5091-b100-15b266c71a29",5,"2 - Infra"
"8358ab57-a5d5-5091-b100-15b266c71a29",6,"2 - Infra"
"858ca96a-d628-59bc-85bd-3b55da35ab19",27,"1 - General AI"
"858ca96a-d628-59bc-85bd-3b55da35ab19",25,"1 - General AI"
"87a4c69c-93ba-5e73-a8b4-afdfab00f060",21,"1 - General AI"
"87a4c69c-93ba-5e73-a8b4-afdfab00f060",26,"2 - Infra"
"87a4c69c-93ba-5e73-a8b4-afdfab00f060",22,"1 - General AI"
"9b445c1c-6105-580d-876a-fd824f81668a",16,"2 - Infra"
"9b445c1c-6105-580d-876a-fd824f81668a",17,"1 - General AI"
"9b445c1c-6105-580d-876a-fd824f81668a",22,"2 - Infra"
"9b445c1c-6105-580d-876a-fd824f81668a",14,"1 - General AI"
"c9d9e804-2e76-52ec-a1f9-c375e19a9fc1",23,"1 - General AI"
"c9d9e804-2e76-52ec-a1f9-c375e19a9fc1",10,"1 - General AI"
"c9d9e804-2e76-52ec-a1f9-c375e19a9fc1",8,"1 - General AI"
"c9d9e804-2e76-52ec-a1f9-c375e19a9fc1",7,"2 - Infra"
"d0a9572f-f8c4-5ceb-b2b8-2fc06a5341af",3,"2 - Infra"
"162c2ee9-3002-5685-a301-e60dc07af155",26,"1 - General AI"
"162c2ee9-3002-5685-a301-e60dc07af155",27,"1 - General AI"
"10752d6e-4708-5bae-85c6-00ef20ed1adc",5,"1 - General AI"
"10752d6e-4708-5bae-85c6-00ef20ed1adc",6,"1 - General AI"
"10752d6e-4708-5bae-85c6-00ef20ed1adc",13,"1 - General AI"
"10752d6e-4708-5bae-85c6-00ef20ed1adc",16,"1 - General AI"
"904058bd-363b-5ec5-9d93-f422ba7c2bfa",8,"1 - General AI"
"ac4504c5-e22f-57af-8d23-efc72300f168",32,"1 - General AI"
"ac4504c5-e22f-57af-8d23-efc72300f168",11,"1 - General AI"
"40428456-3b06-53b3-8d99-aa83f1aeeb76",7,"1 - General AI"
"40428456-3b06-53b3-8d99-aa83f1aeeb76",8,"1 - General AI"
"5d8826c8-9eb1-5302-a2fa-b2d3a20b8383",9,"1 - General AI"
"5d8826c8-9eb1-5302-a2fa-b2d3a20b8383",8,"1 - General AI"
"ac4504c5-e22f-57af-8d23-efc72300f168",12,"1 - General AI"
"ac4504c5-e22f-57af-8d23-efc72300f168",14,"1 - General AI"
"aec08e29-2bd1-50e0-a94d-402baf72a3d7",4,"1 - General AI"
"b076f00c-1b13-5fe2-96fb-8bf573a038a9",19,"1 - General AI"
"c242198b-86af-5e0d-8532-8b10ea1b2bbd",13,"1 - General AI"
"c242198b-86af-5e0d-8532-8b10ea1b2bbd",9,"1 - General AI"
"c242198b-86af-5e0d-8532-8b10ea1b2bbd",11,"1 - General AI"
"c242198b-86af-5e0d-8532-8b10ea1b2bbd",15,"1 - General AI"
"d31de365-34bd-53ca-8251-6a04e423b0e1",10,"1 - General AI"
"d31de365-34bd-53ca-8251-6a04e423b0e1",17,"1 - General AI"
"d31de365-34bd-53ca-8251-6a04e423b0e1",19,"1 - General AI"
"d31de365-34bd-53ca-8251-6a04e423b0e1",1,"1 - General AI"
"dae4da18-a0dd-5db6-8ffd-3e3a5a79985e",4,"1 - General AI"
"dae4da18-a0dd-5db6-8ffd-3e3a5a79985e",1,"1 - General AI"
"dae4da18-a0dd-5db6-8ffd-3e3a5a79985e",2,"1 - General AI"
"debc0e90-d85d-5d3c-a953-a670b840fc78",1,"1 - General AI"
"debc0e90-d85d-5d3c-a953-a670b840fc78",32,"1 - General AI"
"debc0e90-d85d-5d3c-a953-a670b840fc78",13,"1 - General AI"
"debc0e90-d85d-5d3c-a953-a670b840fc78",12,"1 - General AI"
"debc0e90-d85d-5d3c-a953-a670b840fc78",14,"1 - General AI"
"fa8aff35-32ad-59fc-9fc6-26dcb06d9a8e",16,"1 - General AI"
"f350c983-75bf-5e4d-a39c-201d2cccba64",3,"1 - General AI"
"f350c983-75bf-5e4d-a39c-201d2cccba64",30,"1 - General AI"
"162c2ee9-3002-5685-a301-e60dc07af155",14,"1 - General AI"
"162c2ee9-3002-5685-a301-e60dc07af155",17,"1 - General AI"
"162c2ee9-3002-5685-a301-e60dc07af155",23,"1 - General AI"
"321f8689-5fe6-5b21-9ebf-b9c9f0bc84e3",26,"1 - General AI"
"321f8689-5fe6-5b21-9ebf-b9c9f0bc84e3",28,"1 - General AI"
"321f8689-5fe6-5b21-9ebf-b9c9f0bc84e3",29,"1 - General AI"
"321f8689-5fe6-5b21-9ebf-b9c9f0bc84e3",30,"1 - General AI"
"321f8689-5fe6-5b21-9ebf-b9c9f0bc84e3",31,"1 - General AI"
"19ae50a6-97f8-5c8c-944a-8f67754b496a",12,"2 - Infra"
"19ae50a6-97f8-5c8c-944a-8f67754b496a",13,"2 - Infra"
"f8d6d3af-390f-5ef9-b5fc-5a221cb823f4",15,"2 - Infra"
"f8adc36d-c424-5c38-92d4-d3439f0dae8b",11,"2 - Infra"
"f8adc36d-c424-5c38-92d4-d3439f0dae8b",16,"1 - General AI"
"f8adc36d-c424-5c38-92d4-d3439f0dae8b",29,"2 - Infra"
"6ebc8da9-167f-538b-ae69-4e4015d9bba3",21,"1 - General AI"
"f8d6d3af-390f-5ef9-b5fc-5a221cb823f4",5,"2 - Infra"
"f8d6d3af-390f-5ef9-b5fc-5a221cb823f4",6,"1 - General AI"
"f8d6d3af-390f-5ef9-b5fc-5a221cb823f4",1,"2 - Infra"
"37ce0629-fbaf-523c-9023-7b37e3fedd7f",1,"2 - Infra"
"37ce0629-fbaf-523c-9023-7b37e3fedd7f",7,"1 - General AI"
"f8d6d3af-390f-5ef9-b5fc-5a221cb823f4",21,"2 - Infra"
"f8d6d3af-390f-5ef9-b5fc-5a221cb823f4",23,"2 - Infra"
"f8d6d3af-390f-5ef9-b5fc-5a221cb823f4",24,"2 - Infra"
"f8d6d3af-390f-5ef9-b5fc-5a221cb823f4",25,"1 - General AI"
"f8d6d3af-390f-5ef9-b5fc-5a221cb823f4",27,"2 - Infra"
"224743af-7e0e-53bf-a5bd-c43fb2dfbfad",30,"1 - General AI"
"224743af-7e0e-53bf-a5bd-c43fb2dfbfad",1,"1 - General AI"
"224743af-7e0e-53bf-a5bd-c43fb2dfbfad",2,"2 - Infra"
"224743af-7e0e-53bf-a5bd-c43fb2dfbfad",4,"2 - Infra"
"224743af-7e0e-53bf-a5bd-c43fb2dfbfad",5,"1 - General AI"
"19ae50a6-97f8-5c8c-944a-8f67754b496a",14,"2 - Infra"
"19ae50a6-97f8-5c8c-944a-8f67754b496a",17,"1 - General AI"
"434ddf54-e998-54d8-b409-d7e05831add1",5,"1 - General AI"
"4a84fed5-9078-5307-a218-4d72f9e5fe39",28,"2 - Infra"
"525fca10-0bcd-5f70-9c5a-55f9aa4a0794",20,"2 - Infra"
"525fca10-0bcd-5f70-9c5a-55f9aa4a0794",18,"1 - General AI"
"53a534ea-6d2f-5471-a921-d44373e02c1e",14,"1 - General AI"
"59876630-dc03-5936-9e10-3a01f2237a8c",21,"2 - Infra"
"59876630-dc03-5936-9e10-3a01f2237a8c",20,"2 - Infra"
"59876630-dc03-5936-9e10-3a01f2237a8c",1,"1 - General AI"
"59876630-dc03-5936-9e10-3a01f2237a8c",18,"2 - Infra"
"59876630-dc03-5936-9e10-3a01f2237a8c",26,"2 - Infra"
"59876630-dc03-5936-9e10-3a01f2237a8c",29,"2 - Infra"
"76a23d31-611c-5c8b-8b2b-6a0bf0ea4556",5,"1 - General AI"
"8bc1b895-2563-583f-8c4b-0dbe60e1ca3a",7,"2 - Infra"
"8bc1b895-2563-583f-8c4b-0dbe60e1ca3a",6,"2 - Infra"
"904058bd-363b-5ec5-9d93-f422ba7c2bfa",24,"1 - General AI"
"904058bd-363b-5ec5-9d93-f422ba7c2bfa",22,"1 - General AI"
"942f47dc-3958-53ed-9b60-761cfb47f9bb",1,"1 - General AI"
"942f47dc-3958-53ed-9b60-761cfb47f9bb",4,"1 - General AI"
"c242198b-86af-5e0d-8532-8b10ea1b2bbd",29,"1 - General AI"
"c242198b-86af-5e0d-8532-8b10ea1b2bbd",35,"1 - General AI"
"e73cecf2-8e9a-5175-a25f-8283ab8c9f1e",3,"1 - General AI"
"19ae50a6-97f8-5c8c-944a-8f67754b496a",19,"1 - General AI"
"0a4a44ef-b3ce-50f3-a830-d2878a719a15",4,"1 - General AI"
"224743af-7e0e-53bf-a5bd-c43fb2dfbfad",15,"2 - Infra"
"224743af-7e0e-53bf-a5bd-c43fb2dfbfad",21,"1 - General AI"
"224743af-7e0e-53bf-a5bd-c43fb2dfbfad",23,"2 - Infra"
"224743af-7e0e-53bf-a5bd-c43fb2dfbfad",25,"1 - General AI"
"0841310c-a8fc-56ff-a765-a54cfe9b8830",16,"1 - General AI"
"0841310c-a8fc-56ff-a765-a54cfe9b8830",17,"1 - General AI"
"0841310c-a8fc-56ff-a765-a54cfe9b8830",18,"1 - General AI"
"0841310c-a8fc-56ff-a765-a54cfe9b8830",21,"1 - General AI"
"0841310c-a8fc-56ff-a765-a54cfe9b8830",22,"1 - General AI"
"0841310c-a8fc-56ff-a765-a54cfe9b8830",23,"1 - General AI"
"0841310c-a8fc-56ff-a765-a54cfe9b8830",25,"2 - Infra"
"0841310c-a8fc-56ff-a765-a54cfe9b8830",27,"1 - General AI"
"0841310c-a8fc-56ff-a765-a54cfe9b8830",28,"1 - General AI"
"0841310c-a8fc-56ff-a765-a54cfe9b8830",29,"1 - General AI"
"0841310c-a8fc-56ff-a765-a54cfe9b8830",30,"1 - General AI"
"224743af-7e0e-53bf-a5bd-c43fb2dfbfad",7,"1 - General AI"
"224743af-7e0e-53bf-a5bd-c43fb2dfbfad",8,"2 - Infra"
"224743af-7e0e-53bf-a5bd-c43fb2dfbfad",9,"2 - Infra"
"224743af-7e0e-53bf-a5bd-c43fb2dfbfad",10,"2 - Infra"
"224743af-7e0e-53bf-a5bd-c43fb2dfbfad",13,"1 - General AI"
"37ce0629-fbaf-523c-9023-7b37e3fedd7f",23,"2 - Infra"
"37ce0629-fbaf-523c-9023-7b37e3fedd7f",24,"2 - Infra"
"096ff108-80d1-5a56-a1b4-47c77ec6af79",1,"1 - General AI"
"096ff108-80d1-5a56-a1b4-47c77ec6af79",2,"2 - Infra"
"096ff108-80d1-5a56-a1b4-47c77ec6af79",5,"1 - General AI"
"37ce0629-fbaf-523c-9023-7b37e3fedd7f",17,"1 - General AI"
"37ce0629-fbaf-523c-9023-7b37e3fedd7f",20,"1 - General AI"
"6ebc8da9-167f-538b-ae69-4e4015d9bba3",8,"2 - Infra"
"096ff108-80d1-5a56-a1b4-47c77ec6af79",16,"2 - Infra"
"096ff108-80d1-5a56-a1b4-47c77ec6af79",17,"2 - Infra"
"096ff108-80d1-5a56-a1b4-47c77ec6af79",18,"1 - General AI"
"096ff108-80d1-5a56-a1b4-47c77ec6af79",19,"2 - Infra"
"096ff108-80d1-5a56-a1b4-47c77ec6af79",22,"1 - General AI"
"096ff108-80d1-5a56-a1b4-47c77ec6af79",6,"2 - Infra"
"096ff108-80d1-5a56-a1b4-47c77ec6af79",7,"2 - Infra"
"096ff108-80d1-5a56-a1b4-47c77ec6af79",9,"2 - Infra"
"096ff108-80d1-5a56-a1b4-47c77ec6af79",12,"2 - Infra"
"096ff108-80d1-5a56-a1b4-47c77ec6af79",13,"2 - Infra"
"096ff108-80d1-5a56-a1b4-47c77ec6af79",14,"2 - Infra"
"f8d6d3af-390f-5ef9-b5fc-5a221cb823f4",28,"2 - Infra"
"f8d6d3af-390f-5ef9-b5fc-5a221cb823f4",30,"1 - General AI"
"3c58ff0b-6cb5-5ded-97f1-e0fbe2bb2e39",2,"1 - General AI"
"3c58ff0b-6cb5-5ded-97f1-e0fbe2bb2e39",17,"1 - General AI"
"352610bf-3595-51dc-9e11-301d0f158647",2,"2 - Infra"
"20d95a81-92a9-56c4-aed5-34a0c00850c0",6,"2 - Infra"
"434ddf54-e998-54d8-b409-d7e05831add1",15,"2 - Infra"
"434ddf54-e998-54d8-b409-d7e05831add1",25,"1 - General AI"
"49fa3c08-601b-518b-b610-f7a7f8102a3a",5,"2 - Infra"
"49fa3c08-601b-518b-b610-f7a7f8102a3a",26,"1 - General AI"
"4a84fed5-9078-5307-a218-4d72f9e5fe39",14,"1 - General AI"
"525fca10-0bcd-5f70-9c5a-55f9aa4a0794",7,"1 - General AI"
"525fca10-0bcd-5f70-9c5a-55f9aa4a0794",15,"1 - General AI"
"59876630-dc03-5936-9e10-3a01f2237a8c",16,"2 - Infra"
"59876630-dc03-5936-9e10-3a01f2237a8c",14,"2 - Infra"
"831140a4-e1e1-5273-b581-38829d347f36",14,"1 - General AI"
"8a9d159d-331e-5125-bdf7-7ef8235251b2",5,"1 - General AI"
"8bc1b895-2563-583f-8c4b-0dbe60e1ca3a",10,"2 - Infra"
"9837dfd9-0389-5100-88ba-32b379e479ff",2,"1 - General AI"
"b57c663f-0f2b-558c-9f1d-ee27845e3748",22,"1 - General AI"
"d7cca220-9296-5408-86f7-114ad678db56",17,"2 - Infra"
"aedef966-9c45-5f86-816a-f9d5ad7e406e",1,"1 - General AI"
"ed5a5e49-bcad-5bd0-8b2e-ebefeb937d94",2,"1 - General AI"
"ed5a5e49-bcad-5bd0-8b2e-ebefeb937d94",3,"2 - Infra"
"aedef966-9c45-5f86-816a-f9d5ad7e406e",2,"1 - General AI"
"af5ef2e1-7597-5232-987a-28237de68b83",0,"1 - General AI"
"0c30d729-cd22-5b29-a850-a54fea3a6d25",5,"2 - Infra"
"ea68814a-e352-5421-9d4d-4e9e9320725f",2,"1 - General AI"
"ed5a5e49-bcad-5bd0-8b2e-ebefeb937d94",9,"2 - Infra"
"ed5a5e49-bcad-5bd0-8b2e-ebefeb937d94",10,"2 - Infra"
"ed5a5e49-bcad-5bd0-8b2e-ebefeb937d94",12,"1 - General AI"
"ed5a5e49-bcad-5bd0-8b2e-ebefeb937d94",21,"1 - General AI"
"21628476-db7a-5a97-92fc-309ee6e17c20",2,"1 - General AI"
"21628476-db7a-5a97-92fc-309ee6e17c20",7,"2 - Infra"
"21628476-db7a-5a97-92fc-309ee6e17c20",30,"1 - General AI"
"0c30d729-cd22-5b29-a850-a54fea3a6d25",14,"1 - General AI"
"0c30d729-cd22-5b29-a850-a54fea3a6d25",23,"1 - General AI"
"fe73e653-1a05-5602-a8bb-a53bb21b8468",3,"2 - Infra"
"fe73e653-1a05-5602-a8bb-a53bb21b8468",4,"1 - General AI"
"fe73e653-1a05-5602-a8bb-a53bb21b8468",9,"2 - Infra"
"fe73e653-1a05-5602-a8bb-a53bb21b8468",21,"1 - General AI"
"ed5a5e49-bcad-5bd0-8b2e-ebefeb937d94",26,"1 - General AI"
"20a7aed0-a0e4-5549-83f1-c0f67d7cee4b",2,"1 - General AI"
"20a7aed0-a0e4-5549-83f1-c0f67d7cee4b",3,"1 - General AI"
"20a7aed0-a0e4-5549-83f1-c0f67d7cee4b",12,"1 - General AI"
"20a7aed0-a0e4-5549-83f1-c0f67d7cee4b",16,"2 - Infra"
"b104832c-9b87-5f77-b04b-e9a7f1e0d0db",19,"1 - General AI"
"352610bf-3595-51dc-9e11-301d0f158647",7,"1 - General AI"
"352610bf-3595-51dc-9e11-301d0f158647",8,"2 - Infra"
"471cb45f-ed1d-55e3-bb83-f37c8097eb98",7,"2 - Infra"
"49fa3c08-601b-518b-b610-f7a7f8102a3a",6,"1 - General AI"
"7906ed6e-c489-57ab-bb17-2ede247dd400",12,"2 - Infra"
"7906ed6e-c489-57ab-bb17-2ede247dd400",17,"1 - General AI"
"7906ed6e-c489-57ab-bb17-2ede247dd400",6,"2 - Infra"
"7906ed6e-c489-57ab-bb17-2ede247dd400",1,"2 - Infra"
"7d4ec6a4-b500-597f-a4c8-3b1efa1bc7f3",29,"1 - General AI"
"7d4ec6a4-b500-597f-a4c8-3b1efa1bc7f3",30,"1 - General AI"
"7d4ec6a4-b500-597f-a4c8-3b1efa1bc7f3",4,"1 - General AI"
"7d4ec6a4-b500-597f-a4c8-3b1efa1bc7f3",5,"2 - Infra"
"831140a4-e1e1-5273-b581-38829d347f36",2,"2 - Infra"
"8a9d159d-331e-5125-bdf7-7ef8235251b2",7,"1 - General AI"
"8a9d159d-331e-5125-bdf7-7ef8235251b2",19,"2 - Infra"
"8d8f645f-6188-51ae-991a-16f0f9ce163b",13,"2 - Infra"
"8d8f645f-6188-51ae-991a-16f0f9ce163b",25,"2 - Infra"
"8d8f645f-6188-51ae-991a-16f0f9ce163b",22,"1 - General AI"
"9229fe39-58e8-5e8b-9b81-61e1e5aab840",2,"1 - General AI"
"a7d8a921-76cc-5c74-b5de-f167c0ee0769",7,"1 - General AI"
"a7d8a921-76cc-5c74-b5de-f167c0ee0769",5,"2 - Infra"
"a7d8a921-76cc-5c74-b5de-f167c0ee0769",2,"1 - General AI"
"a7d8a921-76cc-5c74-b5de-f167c0ee0769",4,"1 - General AI"
"b104832c-9b87-5f77-b04b-e9a7f1e0d0db",8,"2 - Infra"
"b57c663f-0f2b-558c-9f1d-ee27845e3748",6,"1 - General AI"
"c30e2620-f427-5bf5-845c-27fb79494b92",5,"2 - Infra"
"c807efe2-50e1-589b-a6c2-9ae7c86d4fac",27,"2 - Infra"
"d05ce13a-6aa8-519a-8cf7-e6d2f49200cb",27,"2 - Infra"
"d05ce13a-6aa8-519a-8cf7-e6d2f49200cb",7,"1 - General AI"
"d6cd5bb1-eba4-599e-bc17-c396ae80b00c",3,"2 - Infra"
"d6cd5bb1-eba4-599e-bc17-c396ae80b00c",5,"1 - General AI"
"6a77b696-8679-5d56-9d53-3470c22a90c5",2,"2 - Infra"
"6a77b696-8679-5d56-9d53-3470c22a90c5",21,"2 - Infra"
"6a77b696-8679-5d56-9d53-3470c22a90c5",1,"2 - Infra"
"ea0eb5e6-f634-5046-9b46-c10fafccfdb2",6,"2 - Infra"
"20d95a81-92a9-56c4-aed5-34a0c00850c0",34,"1 - General AI"
"20a7aed0-a0e4-5549-83f1-c0f67d7cee4b",1,"1 - General AI"
"71e48957-7f66-5991-9ae4-80ae68a48a1e",4,"2 - Infra"
"36d8fe08-ac91-5615-a7a6-3abd355ff707",25,"2 - Infra"
"1eaf0324-1c8b-5782-ab53-588734eb2cd0",18,"2 - Infra"
"1eaf0324-1c8b-5782-ab53-588734eb2cd0",21,"2 - Infra"
"2d5b6b23-4656-59ea-8f19-6ca1e2d4cc2d",13,"1 - General AI"
"2d5b6b23-4656-59ea-8f19-6ca1e2d4cc2d",18,"2 - Infra"
"2d5b6b23-4656-59ea-8f19-6ca1e2d4cc2d",20,"2 - Infra"
"2d5b6b23-4656-59ea-8f19-6ca1e2d4cc2d",23,"2 - Infra"
"2d5b6b23-4656-59ea-8f19-6ca1e2d4cc2d",1,"2 - Infra"
"2d5b6b23-4656-59ea-8f19-6ca1e2d4cc2d",2,"2 - Infra"
"2d5b6b23-4656-59ea-8f19-6ca1e2d4cc2d",3,"2 - Infra"
"2d5b6b23-4656-59ea-8f19-6ca1e2d4cc2d",7,"2 - Infra"
"1bfafdaa-5146-5220-843e-68292e3d56a1",14,"1 - General AI"
"1bfafdaa-5146-5220-843e-68292e3d56a1",16,"2 - Infra"
"0128ece9-97e8-519c-8004-3f373c2be7b7",16,"2 - Infra"
"3a3d074f-6c4f-5a2c-ac4b-bda58420c19f",4,"2 - Infra"
"3a3d074f-6c4f-5a2c-ac4b-bda58420c19f",6,"1 - General AI"
"3a3d074f-6c4f-5a2c-ac4b-bda58420c19f",7,"2 - Infra"
"3a3d074f-6c4f-5a2c-ac4b-bda58420c19f",8,"2 - Infra"
"3a3d074f-6c4f-5a2c-ac4b-bda58420c19f",9,"2 - Infra"
"ac692729-a73a-597f-bbcf-9b90e9b8f532",15,"1 - General AI"
"aedef966-9c45-5f86-816a-f9d5ad7e406e",4,"2 - Infra"
"3cdc0333-96c5-5a39-a542-23fbdba1c1bd",6,"2 - Infra"
"3cdc0333-96c5-5a39-a542-23fbdba1c1bd",14,"1 - General AI"
"3cdc0333-96c5-5a39-a542-23fbdba1c1bd",20,"2 - Infra"
"499ba81d-5d21-51f9-a062-87302edce82f",6,"1 - General AI"
"49fa3c08-601b-518b-b610-f7a7f8102a3a",35,"1 - General AI"
"4b47f4c1-03f4-5cb8-9f0a-623ee0c09112",3,"1 - General AI"
"4b47f4c1-03f4-5cb8-9f0a-623ee0c09112",2,"1 - General AI"
"4dcd674c-7355-5050-a27d-c2d6d36b969a",8,"1 - General AI"
"4dcd674c-7355-5050-a27d-c2d6d36b969a",27,"1 - General AI"
"4dcd674c-7355-5050-a27d-c2d6d36b969a",26,"2 - Infra"
"4dcd674c-7355-5050-a27d-c2d6d36b969a",7,"2 - Infra"
"54663ae2-6f76-5cee-81af-5934c442015b",7,"2 - Infra"
"55fc6f4e-3691-5388-b690-d3b1bf8577ec",26,"2 - Infra"
"5d95d7fa-b615-5236-af28-6d0db3773271",10,"2 - Infra"
"5d95d7fa-b615-5236-af28-6d0db3773271",3,"2 - Infra"
"5d95d7fa-b615-5236-af28-6d0db3773271",16,"1 - General AI"
"7f171fce-8f68-5a55-98c5-cef8d5c4d69a",13,"2 - Infra"
"8d8f645f-6188-51ae-991a-16f0f9ce163b",3,"2 - Infra"
"8d8f645f-6188-51ae-991a-16f0f9ce163b",4,"1 - General AI"
"8d8f645f-6188-51ae-991a-16f0f9ce163b",10,"2 - Infra"
"8fe2aa0d-3fb9-5598-ba80-fb0cf978df9b",17,"1 - General AI"
"9732e5a6-bc18-5a15-8ea3-332ee47ec027",4,"2 - Infra"
"9732e5a6-bc18-5a15-8ea3-332ee47ec027",7,"2 - Infra"
"9732e5a6-bc18-5a15-8ea3-332ee47ec027",9,"2 - Infra"
"c807efe2-50e1-589b-a6c2-9ae7c86d4fac",4,"1 - General AI"
"e839006a-00e1-55bd-b4b5-19c4e3f6fce2",29,"1 - General AI"
"34153012-1848-5daf-8cd8-27660069f0eb",2,"2 - Infra"
"34153012-1848-5daf-8cd8-27660069f0eb",3,"1 - General AI"
"ac692729-a73a-597f-bbcf-9b90e9b8f532",16,"2 - Infra"
"1bfafdaa-5146-5220-843e-68292e3d56a1",23,"2 - Infra"
"1bfafdaa-5146-5220-843e-68292e3d56a1",27,"1 - General AI"
"304b4df7-5e34-59f4-abb1-7dac0bd321d7",7,"2 - Infra"
"304b4df7-5e34-59f4-abb1-7dac0bd321d7",8,"2 - Infra"
"304b4df7-5e34-59f4-abb1-7dac0bd321d7",14,"2 - Infra"
"2488bcee-887b-5298-bea4-ebb923a4a3c9",2,"2 - Infra"
"dcdb6a6f-27e4-50e1-a597-e16441d1ccd1",1,"2 - Infra"
"17d09326-d7ab-5647-bd59-5c79aadfcde1",14,"1 - General AI"
"17d09326-d7ab-5647-bd59-5c79aadfcde1",15,"1 - General AI"
"17d09326-d7ab-5647-bd59-5c79aadfcde1",16,"2 - Infra"
"17d09326-d7ab-5647-bd59-5c79aadfcde1",17,"1 - General AI"
"17d09326-d7ab-5647-bd59-5c79aadfcde1",20,"2 - Infra"
"17d09326-d7ab-5647-bd59-5c79aadfcde1",21,"1 - General AI"
"0ce0ef4b-c494-5479-ba1f-ff181b8eb3a3",20,"2 - Infra"
"0ce0ef4b-c494-5479-ba1f-ff181b8eb3a3",23,"2 - Infra"
"0ce0ef4b-c494-5479-ba1f-ff181b8eb3a3",27,"1 - General AI"
"fe16bd3a-7a2e-52e0-9d98-d9f63cb83bd5",4,"3 - Platform"
"0ce0ef4b-c494-5479-ba1f-ff181b8eb3a3",3,"2 - Infra"
"0ce0ef4b-c494-5479-ba1f-ff181b8eb3a3",4,"1 - General AI"
"0ce0ef4b-c494-5479-ba1f-ff181b8eb3a3",5,"1 - General AI"
"0ce0ef4b-c494-5479-ba1f-ff181b8eb3a3",6,"1 - General AI"
"0ce0ef4b-c494-5479-ba1f-ff181b8eb3a3",10,"1 - General AI"
"acfcc7cd-39e1-534a-b5a6-0118b90f448c",2,"2 - Infra"
"acfcc7cd-39e1-534a-b5a6-0118b90f448c",4,"1 - General AI"
"05013128-98cc-59e0-a5c2-5fbfd9f99d94",11,"1 - General AI"
"05013128-98cc-59e0-a5c2-5fbfd9f99d94",12,"1 - General AI"
"05013128-98cc-59e0-a5c2-5fbfd9f99d94",14,"2 - Infra"
"05013128-98cc-59e0-a5c2-5fbfd9f99d94",15,"1 - General AI"
"27f7059b-86f8-5cc4-b242-c0ac1a37a720",4,"1 - General AI"
"27f7059b-86f8-5cc4-b242-c0ac1a37a720",13,"2 - Infra"
"27f7059b-86f8-5cc4-b242-c0ac1a37a720",16,"2 - Infra"
"fb4dfa87-ea47-5e55-a2d0-91c7c13cc43f",7,"2 - Infra"
"fb4dfa87-ea47-5e55-a2d0-91c7c13cc43f",8,"2 - Infra"
"fb4dfa87-ea47-5e55-a2d0-91c7c13cc43f",12,"2 - Infra"
"fb4dfa87-ea47-5e55-a2d0-91c7c13cc43f",13,"2 - Infra"
"fb4dfa87-ea47-5e55-a2d0-91c7c13cc43f",18,"2 - Infra"
"fb4dfa87-ea47-5e55-a2d0-91c7c13cc43f",19,"1 - General AI"
"ec94cd8c-ac67-5337-9e9a-56500d600475",21,"1 - General AI"
"ec94cd8c-ac67-5337-9e9a-56500d600475",24,"1 - General AI"
"ec94cd8c-ac67-5337-9e9a-56500d600475",26,"1 - General AI"
"bf07ccba-bd7c-5053-91e0-9b04160a6102",12,"2 - Infra"
"193cdeb5-d767-50ff-a13c-3b7daac4bb22",21,"2 - Infra"
"4e6dd821-a1f8-54c0-b9c5-255426d83dfd",27,"1 - General AI"
"4e6dd821-a1f8-54c0-b9c5-255426d83dfd",21,"2 - Infra"
"5d1ac975-ea2d-5ef5-ab0f-c10dcb8f6686",25,"1 - General AI"
"8b0c505a-5d2c-5919-89ea-aea260b6457d",1,"2 - Infra"
"8f6f6379-7b1d-5921-9326-d9244d569a8c",30,"2 - Infra"
"a31adff2-40c5-5520-8cb4-b33ca6b86e3a",26,"2 - Infra"
"a31adff2-40c5-5520-8cb4-b33ca6b86e3a",30,"2 - Infra"
"a31adff2-40c5-5520-8cb4-b33ca6b86e3a",27,"2 - Infra"
"a31adff2-40c5-5520-8cb4-b33ca6b86e3a",29,"1 - General AI"
"bf07ccba-bd7c-5053-91e0-9b04160a6102",8,"2 - Infra"
"c7c172e1-a172-5d00-b7fb-c37127627933",18,"2 - Infra"
"c7c172e1-a172-5d00-b7fb-c37127627933",21,"1 - General AI"
"c7c172e1-a172-5d00-b7fb-c37127627933",26,"1 - General AI"
"c7c172e1-a172-5d00-b7fb-c37127627933",17,"1 - General AI"
"c7c172e1-a172-5d00-b7fb-c37127627933",23,"1 - General AI"
"d5485656-a874-5cfe-a894-57bc8b605d8f",5,"2 - Infra"
"d5485656-a874-5cfe-a894-57bc8b605d8f",28,"2 - Infra"
"d5485656-a874-5cfe-a894-57bc8b605d8f",26,"1 - General AI"
"d5485656-a874-5cfe-a894-57bc8b605d8f",2,"2 - Infra"
"d5485656-a874-5cfe-a894-57bc8b605d8f",1,"2 - Infra"
"d5485656-a874-5cfe-a894-57bc8b605d8f",27,"1 - General AI"
"193cdeb5-d767-50ff-a13c-3b7daac4bb22",22,"2 - Infra"
"193cdeb5-d767-50ff-a13c-3b7daac4bb22",26,"2 - Infra"
"193cdeb5-d767-50ff-a13c-3b7daac4bb22",28,"1 - General AI"
"1f73a6a9-265e-5e5e-bbad-d9e61f0d3c0a",2,"2 - Infra"
"acfcc7cd-39e1-534a-b5a6-0118b90f448c",19,"1 - General AI"
"0ffef5cc-292b-5dfa-baa4-d69e53244cad",21,"1 - General AI"
"0ffef5cc-292b-5dfa-baa4-d69e53244cad",23,"2 - Infra"
"0ffef5cc-292b-5dfa-baa4-d69e53244cad",28,"1 - General AI"
"8f6f6379-7b1d-5921-9326-d9244d569a8c",1,"2 - Infra"
"8f6f6379-7b1d-5921-9326-d9244d569a8c",3,"2 - Infra"
"9b445c1c-6105-580d-876a-fd824f81668a",27,"1 - General AI"
"9b445c1c-6105-580d-876a-fd824f81668a",28,"1 - General AI"
"a31adff2-40c5-5520-8cb4-b33ca6b86e3a",21,"1 - General AI"
"fb4dfa87-ea47-5e55-a2d0-91c7c13cc43f",1,"2 - Infra"
"fb4dfa87-ea47-5e55-a2d0-91c7c13cc43f",2,"1 - General AI"
"fb4dfa87-ea47-5e55-a2d0-91c7c13cc43f",3,"1 - General AI"
"f6334de9-fef4-5b4b-9a12-67ce35e0af82",4,"2 - Infra"
"f6334de9-fef4-5b4b-9a12-67ce35e0af82",5,"2 - Infra"
"f6334de9-fef4-5b4b-9a12-67ce35e0af82",7,"1 - General AI"
"f6334de9-fef4-5b4b-9a12-67ce35e0af82",8,"1 - General AI"
"f6334de9-fef4-5b4b-9a12-67ce35e0af82",9,"2 - Infra"
"f6334de9-fef4-5b4b-9a12-67ce35e0af82",11,"2 - Infra"
"f6334de9-fef4-5b4b-9a12-67ce35e0af82",20,"1 - General AI"
"f6334de9-fef4-5b4b-9a12-67ce35e0af82",23,"1 - General AI"
"4324b21a-0300-5afd-ba0d-f585dcf7945e",18,"2 - Infra"
"4324b21a-0300-5afd-ba0d-f585dcf7945e",11,"2 - Infra"
"48647bdf-abb0-51b2-94a4-a30cde9761a4",5,"2 - Infra"
"48647bdf-abb0-51b2-94a4-a30cde9761a4",18,"2 - Infra"
"48647bdf-abb0-51b2-94a4-a30cde9761a4",17,"2 - Infra"
"48647bdf-abb0-51b2-94a4-a30cde9761a4",16,"2 - Infra"
"49eb043b-e92e-58d4-897e-f57564597ee3",10,"1 - General AI"
"49eb043b-e92e-58d4-897e-f57564597ee3",8,"2 - Infra"
"4b26342b-a204-5eec-9301-16f4134721cb",23,"1 - General AI"
"6499c25a-dc42-5bbb-9e40-cfbcaaeeba1c",25,"2 - Infra"
"6499c25a-dc42-5bbb-9e40-cfbcaaeeba1c",26,"1 - General AI"
"6499c25a-dc42-5bbb-9e40-cfbcaaeeba1c",19,"2 - Infra"
"a31adff2-40c5-5520-8cb4-b33ca6b86e3a",25,"1 - General AI"
"a31adff2-40c5-5520-8cb4-b33ca6b86e3a",22,"1 - General AI"
"a31adff2-40c5-5520-8cb4-b33ca6b86e3a",18,"1 - General AI"
"a31adff2-40c5-5520-8cb4-b33ca6b86e3a",19,"1 - General AI"
"a31adff2-40c5-5520-8cb4-b33ca6b86e3a",20,"1 - General AI"
"c7c172e1-a172-5d00-b7fb-c37127627933",3,"2 - Infra"
"d5485656-a874-5cfe-a894-57bc8b605d8f",22,"2 - Infra"
"d5485656-a874-5cfe-a894-57bc8b605d8f",21,"1 - General AI"
"d5485656-a874-5cfe-a894-57bc8b605d8f",23,"2 - Infra"
"d5485656-a874-5cfe-a894-57bc8b605d8f",19,"1 - General AI"
"d7cdca9a-3bfa-5b60-b07f-82b55941b2ed",8,"1 - General AI"
"d7cdca9a-3bfa-5b60-b07f-82b55941b2ed",16,"1 - General AI"
"d7cdca9a-3bfa-5b60-b07f-82b55941b2ed",10,"1 - General AI"
"d7cdca9a-3bfa-5b60-b07f-82b55941b2ed",11,"1 - General AI"
"d7cdca9a-3bfa-5b60-b07f-82b55941b2ed",14,"1 - General AI"
"db33498b-5468-5a32-8c80-adcddc93bd27",23,"2 - Infra"
"db33498b-5468-5a32-8c80-adcddc93bd27",19,"2 - Infra"
"db33498b-5468-5a32-8c80-adcddc93bd27",26,"1 - General AI"
"db33498b-5468-5a32-8c80-adcddc93bd27",21,"1 - General AI"
"db33498b-5468-5a32-8c80-adcddc93bd27",25,"2 - Infra"
"db33498b-5468-5a32-8c80-adcddc93bd27",24,"2 - Infra"
"ec94cd8c-ac67-5337-9e9a-56500d600475",4,"1 - General AI"
"ec94cd8c-ac67-5337-9e9a-56500d600475",11,"1 - General AI"
"ec94cd8c-ac67-5337-9e9a-56500d600475",16,"2 - Infra"
"06fb76cd-3f3f-5737-86a9-a324ab4cc5cc",11,"1 - General AI"
"06fb76cd-3f3f-5737-86a9-a324ab4cc5cc",13,"1 - General AI"
"06fb76cd-3f3f-5737-86a9-a324ab4cc5cc",15,"1 - General AI"
"06fb76cd-3f3f-5737-86a9-a324ab4cc5cc",16,"2 - Infra"
"06fb76cd-3f3f-5737-86a9-a324ab4cc5cc",18,"1 - General AI"
"20dd13b4-b5e8-5440-affc-18cb009e1933",12,"1 - General AI"
"20dd13b4-b5e8-5440-affc-18cb009e1933",13,"1 - General AI"
"20dd13b4-b5e8-5440-affc-18cb009e1933",16,"1 - General AI"
"20dd13b4-b5e8-5440-affc-18cb009e1933",10,"1 - General AI"
"07e4ca0b-b8ee-5e41-9728-c48c896ffe2a",18,"1 - General AI"
"07e4ca0b-b8ee-5e41-9728-c48c896ffe2a",20,"1 - General AI"
"07e4ca0b-b8ee-5e41-9728-c48c896ffe2a",21,"1 - General AI"
"07e4ca0b-b8ee-5e41-9728-c48c896ffe2a",22,"1 - General AI"
"07e4ca0b-b8ee-5e41-9728-c48c896ffe2a",23,"1 - General AI"
"07e4ca0b-b8ee-5e41-9728-c48c896ffe2a",24,"1 - General AI"
"07e4ca0b-b8ee-5e41-9728-c48c896ffe2a",26,"1 - General AI"
"6a6bf516-122a-5e2b-b9ad-a9f829f1048b",101,"1 - General AI"
"72ac4563-7025-5e17-97ec-b3f49d3e7c7c",28,"2 - Infra"
"72ac4563-7025-5e17-97ec-b3f49d3e7c7c",29,"1 - General AI"
"72ac4563-7025-5e17-97ec-b3f49d3e7c7c",3,"1 - General AI"
"72ac4563-7025-5e17-97ec-b3f49d3e7c7c",18,"1 - General AI"
"76f79525-d0c9-5635-af25-9e59a39e0964",10,"1 - General AI"
"36acde72-47bf-5a97-98cb-bd1b3b7d8563",69,"1 - General AI"
"36acde72-47bf-5a97-98cb-bd1b3b7d8563",80,"1 - General AI"
"36acde72-47bf-5a97-98cb-bd1b3b7d8563",168,"1 - General AI"
"29a93af3-cc2f-5907-8c25-15346aefce77",49,"1 - General AI"
"29a93af3-cc2f-5907-8c25-15346aefce77",113,"1 - General AI"
"2428546f-c46a-5715-b20e-d92b839e3466",52,"1 - General AI"
"29a93af3-cc2f-5907-8c25-15346aefce77",112,"1 - General AI"
"29a93af3-cc2f-5907-8c25-15346aefce77",52,"1 - General AI"
"29a93af3-cc2f-5907-8c25-15346aefce77",99,"1 - General AI"
"042b1b8b-736c-5aaa-9536-a5a06223f3b5",15,"1 - General AI"
"36acde72-47bf-5a97-98cb-bd1b3b7d8563",40,"1 - General AI"
"546dbd88-8b1f-55ad-bf0b-d68ce5b38b94",21,"1 - General AI"
"546dbd88-8b1f-55ad-bf0b-d68ce5b38b94",16,"2 - Infra"
"546dbd88-8b1f-55ad-bf0b-d68ce5b38b94",14,"2 - Infra"
"546dbd88-8b1f-55ad-bf0b-d68ce5b38b94",19,"3 - Platform"
"546dbd88-8b1f-55ad-bf0b-d68ce5b38b94",22,"2 - Infra"
"567a601a-1fbc-5c44-810d-15d42f08b887",95,"1 - General AI"
"7facc553-ca88-53bf-9773-e1b6c0c33583",10,"1 - General AI"
"81029ff4-fecb-52dd-85ce-d16303e83748",83,"1 - General AI"
"88102f8a-34cb-5b4d-92fe-8a847b6c9a4d",43,"1 - General AI"
"8a920f3d-33a6-55e2-b566-ffafcf6028f6",40,"1 - General AI"
"8c0d9753-029a-574b-a5f6-3c4090803969",113,"1 - General AI"
"8c0d9753-029a-574b-a5f6-3c4090803969",110,"1 - General AI"
"8c0d9753-029a-574b-a5f6-3c4090803969",60,"1 - General AI"
"8de4fbbc-9a78-5240-a65b-e596f2e29496",22,"1 - General AI"
"8de4fbbc-9a78-5240-a65b-e596f2e29496",45,"1 - General AI"
"8de4fbbc-9a78-5240-a65b-e596f2e29496",40,"1 - General AI"
"8de4fbbc-9a78-5240-a65b-e596f2e29496",37,"1 - General AI"
"8fcfd31d-bfce-558f-afaa-9fca124a4cab",40,"1 - General AI"
"ca76717a-8375-5641-be67-d0dcd0150578",90,"1 - General AI"
"d7cdca9a-3bfa-5b60-b07f-82b55941b2ed",3,"2 - Infra"
"d7cdca9a-3bfa-5b60-b07f-82b55941b2ed",5,"1 - General AI"
"d7cdca9a-3bfa-5b60-b07f-82b55941b2ed",17,"2 - Infra"
"d7cdca9a-3bfa-5b60-b07f-82b55941b2ed",2,"1 - General AI"
"07e4ca0b-b8ee-5e41-9728-c48c896ffe2a",75,"1 - General AI"
"36acde72-47bf-5a97-98cb-bd1b3b7d8563",41,"1 - General AI"
"36d6aa15-6189-56df-94f1-577f30a9857b",96,"1 - General AI"
"24aac953-e618-5794-a40f-37a47366a2a0",54,"1 - General AI"
"36d6aa15-6189-56df-94f1-577f30a9857b",80,"1 - General AI"
"36d6aa15-6189-56df-94f1-577f30a9857b",78,"1 - General AI"
"29a93af3-cc2f-5907-8c25-15346aefce77",77,"1 - General AI"
"06ee081a-da0d-5249-940d-669b38f4c8c5",90,"1 - General AI"
"663a017b-c516-5e17-85fe-b3b68484fdb7",88,"1 - General AI"
"36d6aa15-6189-56df-94f1-577f30a9857b",57,"1 - General AI"
"6c9ec436-7141-575a-8416-d7056076dca2",29,"1 - General AI"
"29a93af3-cc2f-5907-8c25-15346aefce77",48,"1 - General AI"
"36acde72-47bf-5a97-98cb-bd1b3b7d8563",28,"1 - General AI"
"29a93af3-cc2f-5907-8c25-15346aefce77",50,"1 - General AI"
"07e4ca0b-b8ee-5e41-9728-c48c896ffe2a",47,"1 - General AI"
"07e4ca0b-b8ee-5e41-9728-c48c896ffe2a",50,"1 - General AI"
"07e4ca0b-b8ee-5e41-9728-c48c896ffe2a",54,"1 - General AI"
"07e4ca0b-b8ee-5e41-9728-c48c896ffe2a",55,"1 - General AI"
"07e4ca0b-b8ee-5e41-9728-c48c896ffe2a",61,"1 - General AI"
"07e4ca0b-b8ee-5e41-9728-c48c896ffe2a",65,"1 - General AI"
"07e4ca0b-b8ee-5e41-9728-c48c896ffe2a",69,"1 - General AI"
"07e4ca0b-b8ee-5e41-9728-c48c896ffe2a",76,"1 - General AI"
"07e4ca0b-b8ee-5e41-9728-c48c896ffe2a",43,"1 - General AI"
"36acde72-47bf-5a97-98cb-bd1b3b7d8563",48,"1 - General AI"
"36acde72-47bf-5a97-98cb-bd1b3b7d8563",13,"1 - General AI"
"36acde72-47bf-5a97-98cb-bd1b3b7d8563",20,"1 - General AI"
"24aac953-e618-5794-a40f-37a47366a2a0",103,"1 - General AI"
"6c9ec436-7141-575a-8416-d7056076dca2",18,"1 - General AI"
"29a93af3-cc2f-5907-8c25-15346aefce77",80,"1 - General AI"
"29a93af3-cc2f-5907-8c25-15346aefce77",60,"1 - General AI"
"36d6aa15-6189-56df-94f1-577f30a9857b",112,"1 - General AI"
"36acde72-47bf-5a97-98cb-bd1b3b7d8563",45,"1 - General AI"
"07e4ca0b-b8ee-5e41-9728-c48c896ffe2a",27,"1 - General AI"
"07e4ca0b-b8ee-5e41-9728-c48c896ffe2a",32,"1 - General AI"
"07e4ca0b-b8ee-5e41-9728-c48c896ffe2a",33,"1 - General AI"
"07e4ca0b-b8ee-5e41-9728-c48c896ffe2a",38,"1 - General AI"
"07e4ca0b-b8ee-5e41-9728-c48c896ffe2a",40,"1 - General AI"
"07e4ca0b-b8ee-5e41-9728-c48c896ffe2a",41,"1 - General AI"
"07e4ca0b-b8ee-5e41-9728-c48c896ffe2a",42,"1 - General AI"
"07e4ca0b-b8ee-5e41-9728-c48c896ffe2a",46,"1 - General AI"
"36acde72-47bf-5a97-98cb-bd1b3b7d8563",120,"1 - General AI"
"36acde72-47bf-5a97-98cb-bd1b3b7d8563",96,"1 - General AI"
"5a6f90f8-32e8-543d-9000-fde4a761254f",60,"1 - General AI"
"5a6f90f8-32e8-543d-9000-fde4a761254f",96,"1 - General AI"
"6c9ec436-7141-575a-8416-d7056076dca2",30,"1 - General AI"
"76f79525-d0c9-5635-af25-9e59a39e0964",44,"1 - General AI"
"76f79525-d0c9-5635-af25-9e59a39e0964",42,"1 - General AI"
"88102f8a-34cb-5b4d-92fe-8a847b6c9a4d",23,"1 - General AI"
"88102f8a-34cb-5b4d-92fe-8a847b6c9a4d",29,"1 - General AI"
"88102f8a-34cb-5b4d-92fe-8a847b6c9a4d",44,"1 - General AI"
"88102f8a-34cb-5b4d-92fe-8a847b6c9a4d",53,"1 - General AI"
"8a920f3d-33a6-55e2-b566-ffafcf6028f6",20,"1 - General AI"
"8c0d9753-029a-574b-a5f6-3c4090803969",69,"1 - General AI"
"8de4fbbc-9a78-5240-a65b-e596f2e29496",51,"1 - General AI"
"8de4fbbc-9a78-5240-a65b-e596f2e29496",20,"1 - General AI"
"8de4fbbc-9a78-5240-a65b-e596f2e29496",116,"1 - General AI"
"8fcfd31d-bfce-558f-afaa-9fca124a4cab",16,"1 - General AI"
"8fcfd31d-bfce-558f-afaa-9fca124a4cab",107,"1 - General AI"
"ca76717a-8375-5641-be67-d0dcd0150578",94,"1 - General AI"
"07e4ca0b-b8ee-5e41-9728-c48c896ffe2a",99,"1 - General AI"
"07e4ca0b-b8ee-5e41-9728-c48c896ffe2a",98,"1 - General AI"
"07e4ca0b-b8ee-5e41-9728-c48c896ffe2a",97,"1 - General AI"
"07e4ca0b-b8ee-5e41-9728-c48c896ffe2a",96,"1 - General AI"
"07e4ca0b-b8ee-5e41-9728-c48c896ffe2a",95,"1 - General AI"
"07e4ca0b-b8ee-5e41-9728-c48c896ffe2a",4,"1 - General AI"
"36acde72-47bf-5a97-98cb-bd1b3b7d8563",65,"1 - General AI"
"36acde72-47bf-5a97-98cb-bd1b3b7d8563",18,"1 - General AI"
"07e4ca0b-b8ee-5e41-9728-c48c896ffe2a",44,"1 - General AI"
"07e4ca0b-b8ee-5e41-9728-c48c896ffe2a",45,"1 - General AI"
"24aac953-e618-5794-a40f-37a47366a2a0",86,"1 - General AI"
"36d6aa15-6189-56df-94f1-577f30a9857b",79,"1 - General AI"
"29a93af3-cc2f-5907-8c25-15346aefce77",83,"1 - General AI"
"6c9ec436-7141-575a-8416-d7056076dca2",20,"1 - General AI"
"36acde72-47bf-5a97-98cb-bd1b3b7d8563",63,"1 - General AI"
"36acde72-47bf-5a97-98cb-bd1b3b7d8563",67,"1 - General AI"
"151c5ba2-202c-5b7f-880d-3f2453dad8ff",96,"1 - General AI"
"36acde72-47bf-5a97-98cb-bd1b3b7d8563",64,"1 - General AI"
"6c9ec436-7141-575a-8416-d7056076dca2",36,"1 - General AI"
"6c9ec436-7141-575a-8416-d7056076dca2",37,"1 - General AI"
"29a93af3-cc2f-5907-8c25-15346aefce77",51,"1 - General AI"
"2428546f-c46a-5715-b20e-d92b839e3466",114,"1 - General AI"
"24aac953-e618-5794-a40f-37a47366a2a0",83,"1 - General AI"
"24aac953-e618-5794-a40f-37a47366a2a0",84,"1 - General AI"
"24aac953-e618-5794-a40f-37a47366a2a0",119,"1 - General AI"
"24aac953-e618-5794-a40f-37a47366a2a0",85,"1 - General AI"
"24aac953-e618-5794-a40f-37a47366a2a0",88,"1 - General AI"
"24aac953-e618-5794-a40f-37a47366a2a0",89,"1 - General AI"
"24aac953-e618-5794-a40f-37a47366a2a0",91,"1 - General AI"
"36acde72-47bf-5a97-98cb-bd1b3b7d8563",25,"1 - General AI"
"36acde72-47bf-5a97-98cb-bd1b3b7d8563",8,"1 - General AI"
"07e4ca0b-b8ee-5e41-9728-c48c896ffe2a",6,"1 - General AI"
"07e4ca0b-b8ee-5e41-9728-c48c896ffe2a",7,"1 - General AI"
"07e4ca0b-b8ee-5e41-9728-c48c896ffe2a",8,"1 - General AI"
"07e4ca0b-b8ee-5e41-9728-c48c896ffe2a",11,"1 - General AI"
"07e4ca0b-b8ee-5e41-9728-c48c896ffe2a",12,"1 - General AI"
"07e4ca0b-b8ee-5e41-9728-c48c896ffe2a",13,"1 - General AI"
"07e4ca0b-b8ee-5e41-9728-c48c896ffe2a",14,"1 - General AI"
"07e4ca0b-b8ee-5e41-9728-c48c896ffe2a",16,"1 - General AI"
"36acde72-47bf-5a97-98cb-bd1b3b7d8563",133,"1 - General AI"
"24aac953-e618-5794-a40f-37a47366a2a0",68,"1 - General AI"
"24aac953-e618-5794-a40f-37a47366a2a0",107,"1 - General AI"
"24aac953-e618-5794-a40f-37a47366a2a0",56,"1 - General AI"
"29a93af3-cc2f-5907-8c25-15346aefce77",57,"1 - General AI"
"29a93af3-cc2f-5907-8c25-15346aefce77",82,"1 - General AI"
"29a93af3-cc2f-5907-8c25-15346aefce77",93,"1 - General AI"
"29a93af3-cc2f-5907-8c25-15346aefce77",78,"1 - General AI"
"5a6f90f8-32e8-543d-9000-fde4a761254f",119,"1 - General AI"
"76f79525-d0c9-5635-af25-9e59a39e0964",65,"1 - General AI"
"76f79525-d0c9-5635-af25-9e59a39e0964",38,"1 - General AI"
"76f79525-d0c9-5635-af25-9e59a39e0964",114,"1 - General AI"
"76f79525-d0c9-5635-af25-9e59a39e0964",30,"1 - General AI"
"76f79525-d0c9-5635-af25-9e59a39e0964",7,"1 - General AI"
"81029ff4-fecb-52dd-85ce-d16303e83748",105,"1 - General AI"
"88102f8a-34cb-5b4d-92fe-8a847b6c9a4d",51,"1 - General AI"
"88102f8a-34cb-5b4d-92fe-8a847b6c9a4d",26,"1 - General AI"
"88102f8a-34cb-5b4d-92fe-8a847b6c9a4d",14,"1 - General AI"
"88102f8a-34cb-5b4d-92fe-8a847b6c9a4d",196,"1 - General AI"
"1bfafdaa-5146-5220-843e-68292e3d56a1",1,"2 - Infra"
"1bfafdaa-5146-5220-843e-68292e3d56a1",2,"2 - Infra"
"102e7f36-c78c-5c7a-8381-3b71afa2f465",2,"2 - Infra"
"334e8e6e-3a18-5e73-bf06-8a2b63a6630b",6,"2 - Infra"
"3a3d074f-6c4f-5a2c-ac4b-bda58420c19f",21,"2 - Infra"
"3a3d074f-6c4f-5a2c-ac4b-bda58420c19f",23,"2 - Infra"
"36d8fe08-ac91-5615-a7a6-3abd355ff707",4,"2 - Infra"
"3dc2e535-2c22-5fd3-a713-8070429082f8",4,"2 - Infra"
"3dc2e535-2c22-5fd3-a713-8070429082f8",7,"2 - Infra"
"3dc2e535-2c22-5fd3-a713-8070429082f8",21,"1 - General AI"
"fb0b49e7-e0dc-5e41-9f85-7066632b3657",7,"1 - General AI"
"fb0b49e7-e0dc-5e41-9f85-7066632b3657",13,"1 - General AI"
"69442f26-0e1c-5f2c-91a1-9fcc42370775",3,"2 - Infra"
"69442f26-0e1c-5f2c-91a1-9fcc42370775",6,"2 - Infra"
"6a77b696-8679-5d56-9d53-3470c22a90c5",11,"2 - Infra"
"3cdc0333-96c5-5a39-a542-23fbdba1c1bd",2,"2 - Infra"
"304b4df7-5e34-59f4-abb1-7dac0bd321d7",21,"2 - Infra"
"38856b84-7bbb-53f5-9c63-286c3020a212",2,"2 - Infra"
"38856b84-7bbb-53f5-9c63-286c3020a212",8,"2 - Infra"
"36d8fe08-ac91-5615-a7a6-3abd355ff707",14,"2 - Infra"
"1eaf0324-1c8b-5782-ab53-588734eb2cd0",10,"1 - General AI"
"1eaf0324-1c8b-5782-ab53-588734eb2cd0",13,"2 - Infra"
"1eaf0324-1c8b-5782-ab53-588734eb2cd0",15,"2 - Infra"
"1eaf0324-1c8b-5782-ab53-588734eb2cd0",16,"2 - Infra"
"36d8fe08-ac91-5615-a7a6-3abd355ff707",20,"2 - Infra"
"6a77b696-8679-5d56-9d53-3470c22a90c5",6,"2 - Infra"
"55fc6f4e-3691-5388-b690-d3b1bf8577ec",8,"1 - General AI"
"55fc6f4e-3691-5388-b690-d3b1bf8577ec",12,"1 - General AI"
"55fc6f4e-3691-5388-b690-d3b1bf8577ec",6,"2 - Infra"
"581d249e-ed61-5456-9107-18ccdb60991b",8,"2 - Infra"
"584e2356-d5a6-5710-9f24-b6f0a71345b2",18,"2 - Infra"
"6a77b696-8679-5d56-9d53-3470c22a90c5",7,"1 - General AI"
"6e835878-d177-5701-b8d4-4f7fe9af9d5e",4,"2 - Infra"
"6e835878-d177-5701-b8d4-4f7fe9af9d5e",3,"2 - Infra"
"73378464-2027-578c-9d81-2f71acb600e8",18,"2 - Infra"
"8e36ec0f-f800-561f-a459-b2403c03960f",4,"2 - Infra"
"8e36ec0f-f800-561f-a459-b2403c03960f",15,"1 - General AI"
"9732e5a6-bc18-5a15-8ea3-332ee47ec027",17,"2 - Infra"
"9732e5a6-bc18-5a15-8ea3-332ee47ec027",21,"2 - Infra"
"a24d3d1f-c0ac-5a6c-8ff8-86acae7c9672",26,"1 - General AI"
"beb63bfd-6134-5405-88e7-3d65c55dd7ad",2,"2 - Infra"
"e185e36d-b084-5cd1-9afe-e140121320c9",3,"2 - Infra"
"e185e36d-b084-5cd1-9afe-e140121320c9",2,"2 - Infra"
"e185e36d-b084-5cd1-9afe-e140121320c9",17,"2 - Infra"
"e185e36d-b084-5cd1-9afe-e140121320c9",18,"2 - Infra"
"e839006a-00e1-55bd-b4b5-19c4e3f6fce2",13,"1 - General AI"
"f6334de9-fef4-5b4b-9a12-67ce35e0af82",3,"2 - Infra"
"0c9abdfb-d869-50c4-a8b9-e402d55c5d3c",4,"2 - Infra"
"0c9abdfb-d869-50c4-a8b9-e402d55c5d3c",5,"2 - Infra"
"0c9abdfb-d869-50c4-a8b9-e402d55c5d3c",8,"2 - Infra"
"0c9abdfb-d869-50c4-a8b9-e402d55c5d3c",9,"1 - General AI"
"0c9abdfb-d869-50c4-a8b9-e402d55c5d3c",11,"1 - General AI"
"0c9abdfb-d869-50c4-a8b9-e402d55c5d3c",19,"1 - General AI"
"0c9abdfb-d869-50c4-a8b9-e402d55c5d3c",21,"2 - Infra"
"267ebe89-d7fd-569e-9999-3d4d30dbcb1f",15,"2 - Infra"
"267ebe89-d7fd-569e-9999-3d4d30dbcb1f",18,"2 - Infra"
"267ebe89-d7fd-569e-9999-3d4d30dbcb1f",19,"2 - Infra"
"06fb76cd-3f3f-5737-86a9-a324ab4cc5cc",30,"1 - General AI"
"f5615815-1644-5e9c-97ff-e33ccde38594",14,"2 - Infra"
"f5615815-1644-5e9c-97ff-e33ccde38594",16,"1 - General AI"
"f5615815-1644-5e9c-97ff-e33ccde38594",18,"1 - General AI"
"f5615815-1644-5e9c-97ff-e33ccde38594",22,"2 - Infra"
"f5615815-1644-5e9c-97ff-e33ccde38594",25,"2 - Infra"
"f5615815-1644-5e9c-97ff-e33ccde38594",26,"1 - General AI"
"0ffef5cc-292b-5dfa-baa4-d69e53244cad",10,"1 - General AI"
"0ffef5cc-292b-5dfa-baa4-d69e53244cad",15,"2 - Infra"
"0ffef5cc-292b-5dfa-baa4-d69e53244cad",16,"1 - General AI"
"0ffef5cc-292b-5dfa-baa4-d69e53244cad",17,"1 - General AI"
"0ffef5cc-292b-5dfa-baa4-d69e53244cad",18,"1 - General AI"
"0ffef5cc-292b-5dfa-baa4-d69e53244cad",20,"1 - General AI"
"267ebe89-d7fd-569e-9999-3d4d30dbcb1f",6,"2 - Infra"
"267ebe89-d7fd-569e-9999-3d4d30dbcb1f",7,"2 - Infra"
"267ebe89-d7fd-569e-9999-3d4d30dbcb1f",9,"1 - General AI"
"267ebe89-d7fd-569e-9999-3d4d30dbcb1f",10,"1 - General AI"
"267ebe89-d7fd-569e-9999-3d4d30dbcb1f",11,"1 - General AI"
"193cdeb5-d767-50ff-a13c-3b7daac4bb22",2,"1 - General AI"
"193cdeb5-d767-50ff-a13c-3b7daac4bb22",3,"2 - Infra"
"193cdeb5-d767-50ff-a13c-3b7daac4bb22",4,"2 - Infra"
"193cdeb5-d767-50ff-a13c-3b7daac4bb22",5,"2 - Infra"
"49eb043b-e92e-58d4-897e-f57564597ee3",24,"1 - General AI"
"49eb043b-e92e-58d4-897e-f57564597ee3",25,"1 - General AI"
"49eb043b-e92e-58d4-897e-f57564597ee3",21,"1 - General AI"
"73437f32-0257-5fda-abba-2323661e34e2",0,"2 - Infra"
"858ca96a-d628-59bc-85bd-3b55da35ab19",4,"1 - General AI"
"858ca96a-d628-59bc-85bd-3b55da35ab19",2,"2 - Infra"
"87a4c69c-93ba-5e73-a8b4-afdfab00f060",8,"2 - Infra"
"87a4c69c-93ba-5e73-a8b4-afdfab00f060",7,"2 - Infra"
"87a4c69c-93ba-5e73-a8b4-afdfab00f060",13,"1 - General AI"
"8b0c505a-5d2c-5919-89ea-aea260b6457d",19,"1 - General AI"
"8b0c505a-5d2c-5919-89ea-aea260b6457d",16,"2 - Infra"
"8b0c505a-5d2c-5919-89ea-aea260b6457d",13,"1 - General AI"
"8b0c505a-5d2c-5919-89ea-aea260b6457d",18,"2 - Infra"
"8b0c505a-5d2c-5919-89ea-aea260b6457d",20,"2 - Infra"
"99c19fe6-36cf-5676-9152-e054550dcefb",19,"1 - General AI"
"99c19fe6-36cf-5676-9152-e054550dcefb",12,"1 - General AI"
"99c19fe6-36cf-5676-9152-e054550dcefb",17,"1 - General AI"
"99c19fe6-36cf-5676-9152-e054550dcefb",16,"1 - General AI"
"99c19fe6-36cf-5676-9152-e054550dcefb",13,"1 - General AI"
"13f004dc-182c-5318-b3af-1f78b304fe6f",67,"1 - General AI"
"00b65c37-97c9-596f-a1ad-39c17c610279",129,"2 - Infra"
"00b65c37-97c9-596f-a1ad-39c17c610279",14,"2 - Infra"
"ad70ad5e-d0f5-59eb-8498-6bb500bfaccf",17,"2 - Infra"
"13f004dc-182c-5318-b3af-1f78b304fe6f",9,"1 - General AI"
"ffaeb671-975f-54d2-badf-6bd89649c168",54,"2 - Infra"
"fdca90ae-9ba5-56f0-b06a-e71c4e06e3ed",54,"2 - Infra"
"0f2aa708-c790-5251-a13c-b3196a31fc06",33,"2 - Infra"
"aedef1b8-fe47-5b61-880b-694590e1fa26",28,"2 - Infra"
"68860c45-5a25-5694-9d70-c116f5062adc",39,"2 - Infra"
"6c0dce19-3955-59ff-b689-b8536ac11439",106,"1 - General AI"
"00b65c37-97c9-596f-a1ad-39c17c610279",106,"1 - General AI"
"aedef1b8-fe47-5b61-880b-694590e1fa26",49,"2 - Infra"
"13f004dc-182c-5318-b3af-1f78b304fe6f",12,"1 - General AI"
"13f004dc-182c-5318-b3af-1f78b304fe6f",26,"1 - General AI"
"179d4a6e-fd59-5d6d-91a7-1c3ecb1d3342",90,"1 - General AI"
"30c12e12-584a-5efa-93e7-e5e8b01ff7b2",45,"2 - Infra"
"fdca90ae-9ba5-56f0-b06a-e71c4e06e3ed",51,"1 - General AI"
"ffaeb671-975f-54d2-badf-6bd89649c168",106,"1 - General AI"
"b13c800c-a470-5736-921c-7d9b41a171ad",55,"2 - Infra"
"fdca90ae-9ba5-56f0-b06a-e71c4e06e3ed",52,"2 - Infra"
"6c0dce19-3955-59ff-b689-b8536ac11439",12,"1 - General AI"
"3d4eda31-9fc2-5c41-9060-4ef7b8a79008",39,"1 - General AI"
"3d4eda31-9fc2-5c41-9060-4ef7b8a79008",74,"1 - General AI"
"13f004dc-182c-5318-b3af-1f78b304fe6f",100,"1 - General AI"
"2c6ae2ee-7e66-5a92-8929-6d0e4b9ea760",28,"1 - General AI"
"00b65c37-97c9-596f-a1ad-39c17c610279",23,"1 - General AI"
"b13c800c-a470-5736-921c-7d9b41a171ad",86,"2 - Infra"
"c47c1879-47b3-56b0-98e6-40c5bafb2a92",56,"1 - General AI"
"00b65c37-97c9-596f-a1ad-39c17c610279",128,"1 - General AI"
"00b65c37-97c9-596f-a1ad-39c17c610279",126,"1 - General AI"
"00b65c37-97c9-596f-a1ad-39c17c610279",13,"1 - General AI"
"00b65c37-97c9-596f-a1ad-39c17c610279",32,"1 - General AI"
"00b65c37-97c9-596f-a1ad-39c17c610279",224,"1 - General AI"
"00b65c37-97c9-596f-a1ad-39c17c610279",9,"1 - General AI"
"00b65c37-97c9-596f-a1ad-39c17c610279",50,"1 - General AI"
"00b65c37-97c9-596f-a1ad-39c17c610279",19,"2 - Infra"
"452f2855-0328-5fdd-a2d6-cd4793fb1528",51,"2 - Infra"
"452f2855-0328-5fdd-a2d6-cd4793fb1528",48,"2 - Infra"
"48b9f120-88e0-5ea5-84c1-e8b2ebfc2c2c",68,"2 - Infra"
"70b70835-b4ba-5298-ab9f-53b4b95b7732",46,"2 - Infra"
"7fa530a5-5a2b-5b91-80b9-943418126383",7,"1 - General AI"
"83cbc14a-2704-5d7e-9567-ddbce33572ed",36,"2 - Infra"
"83cbc14a-2704-5d7e-9567-ddbce33572ed",38,"2 - Infra"
"877ecd2f-2639-57e6-80e4-48e9a8b0126f",51,"2 - Infra"
"8b98b892-759b-5244-89aa-3470503fab29",49,"1 - General AI"
"8d2cf62c-3276-5bb1-b4b7-95030265b7e5",38,"2 - Infra"
"8efe5467-d363-5169-8fcd-ec221a07fc09",48,"2 - Infra"
"8efe5467-d363-5169-8fcd-ec221a07fc09",51,"2 - Infra"
"90b395b7-3f9c-5a6c-8b91-0cb34cb8e472",52,"1 - General AI"
"97e75168-0d6a-526d-8011-9cf9fd20ea6e",55,"2 - Infra"
"a82c94b1-d722-5d79-9a3e-0f0b77289bfa",77,"2 - Infra"
"a82c94b1-d722-5d79-9a3e-0f0b77289bfa",52,"2 - Infra"
"c47c1879-47b3-56b0-98e6-40c5bafb2a92",50,"2 - Infra"
"d217f4b1-f391-5895-bf80-d0ce63e17575",47,"2 - Infra"
"d217f4b1-f391-5895-bf80-d0ce63e17575",57,"1 - General AI"
"dd418d07-8f0b-557b-bf12-220b13e39d03",44,"1 - General AI"
"dd418d07-8f0b-557b-bf12-220b13e39d03",47,"2 - Infra"
"e0c35d06-f4cf-56d9-84a6-4049fd8c39a6",33,"1 - General AI"
"e0c35d06-f4cf-56d9-84a6-4049fd8c39a6",52,"1 - General AI"
"e0c35d06-f4cf-56d9-84a6-4049fd8c39a6",77,"1 - General AI"
"00b65c37-97c9-596f-a1ad-39c17c610279",43,"1 - General AI"
"00b65c37-97c9-596f-a1ad-39c17c610279",17,"1 - General AI"
"00b65c37-97c9-596f-a1ad-39c17c610279",41,"1 - General AI"
"00b65c37-97c9-596f-a1ad-39c17c610279",51,"2 - Infra"
"68860c45-5a25-5694-9d70-c116f5062adc",51,"2 - Infra"
"ffaeb671-975f-54d2-badf-6bd89649c168",48,"2 - Infra"
"ad70ad5e-d0f5-59eb-8498-6bb500bfaccf",13,"1 - General AI"
"13f004dc-182c-5318-b3af-1f78b304fe6f",97,"1 - General AI"
"2c6ae2ee-7e66-5a92-8929-6d0e4b9ea760",27,"1 - General AI"
"00b65c37-97c9-596f-a1ad-39c17c610279",87,"1 - General AI"
"00b65c37-97c9-596f-a1ad-39c17c610279",84,"1 - General AI"
"00b65c37-97c9-596f-a1ad-39c17c610279",97,"1 - General AI"
"00b65c37-97c9-596f-a1ad-39c17c610279",95,"1 - General AI"
"68860c45-5a25-5694-9d70-c116f5062adc",53,"2 - Infra"
"0f2aa708-c790-5251-a13c-b3196a31fc06",57,"2 - Infra"
"10f51f07-a413-582f-9b0d-1591df796236",53,"2 - Infra"
"13f004dc-182c-5318-b3af-1f78b304fe6f",44,"1 - General AI"
"00b65c37-97c9-596f-a1ad-39c17c610279",18,"2 - Infra"
"00b65c37-97c9-596f-a1ad-39c17c610279",8,"1 - General AI"
"3d4eda31-9fc2-5c41-9060-4ef7b8a79008",53,"2 - Infra"
"aedef1b8-fe47-5b61-880b-694590e1fa26",13,"1 - General AI"
"ffaeb671-975f-54d2-badf-6bd89649c168",41,"1 - General AI"
"6c0dce19-3955-59ff-b689-b8536ac11439",74,"2 - Infra"
"2c6ae2ee-7e66-5a92-8929-6d0e4b9ea760",30,"2 - Infra"
"00b65c37-97c9-596f-a1ad-39c17c610279",137,"1 - General AI"
"00b65c37-97c9-596f-a1ad-39c17c610279",138,"2 - Infra"
"2c6ae2ee-7e66-5a92-8929-6d0e4b9ea760",107,"1 - General AI"
"13f004dc-182c-5318-b3af-1f78b304fe6f",125,"1 - General AI"
"00b65c37-97c9-596f-a1ad-39c17c610279",15,"2 - Infra"
"fa6fc1b3-8cbd-5710-8ddd-051d2233e8ac",44,"1 - General AI"
"1843affa-83ab-5648-a873-11b0c30eeb53",68,"1 - General AI"
"48b9f120-88e0-5ea5-84c1-e8b2ebfc2c2c",45,"1 - General AI"
"48b9f120-88e0-5ea5-84c1-e8b2ebfc2c2c",80,"1 - General AI"
"4f64c4af-93b4-5cfd-8fe6-968c3c202fc6",7,"1 - General AI"
"5a5d512e-33c9-571f-a091-5395a1198d20",89,"2 - Infra"
"5a5d512e-33c9-571f-a091-5395a1198d20",7,"2 - Infra"
"64145f2b-5d8e-5f42-99f6-74af479f28a6",63,"1 - General AI"
"64145f2b-5d8e-5f42-99f6-74af479f28a6",48,"2 - Infra"
"6c0dce19-3955-59ff-b689-b8536ac11439",17,"1 - General AI"
"70b70835-b4ba-5298-ab9f-53b4b95b7732",47,"2 - Infra"
"790fbad4-7837-5156-befc-507fccafb4ea",50,"2 - Infra"
"877ecd2f-2639-57e6-80e4-48e9a8b0126f",50,"2 - Infra"
"8b98b892-759b-5244-89aa-3470503fab29",30,"2 - Infra"
"8d2cf62c-3276-5bb1-b4b7-95030265b7e5",45,"2 - Infra"
"90b395b7-3f9c-5a6c-8b91-0cb34cb8e472",56,"2 - Infra"
"97e75168-0d6a-526d-8011-9cf9fd20ea6e",41,"1 - General AI"
"9ad0a4d1-5355-5447-995c-bff94eb15cf2",60,"2 - Infra"
"bb7d6cc8-ef6f-5817-9350-04bab2929952",181,"2 - Infra"
"bb7d6cc8-ef6f-5817-9350-04bab2929952",9,"1 - General AI"
"c47c1879-47b3-56b0-98e6-40c5bafb2a92",54,"2 - Infra"
"c47c1879-47b3-56b0-98e6-40c5bafb2a92",51,"1 - General AI"
"c468e666-a298-505b-9a26-045b9128d2bd",17,"1 - General AI"
"d217f4b1-f391-5895-bf80-d0ce63e17575",54,"2 - Infra"
"d217f4b1-f391-5895-bf80-d0ce63e17575",55,"2 - Infra"
"dd418d07-8f0b-557b-bf12-220b13e39d03",80,"1 - General AI"
"dd418d07-8f0b-557b-bf12-220b13e39d03",75,"1 - General AI"
"e07399d2-87d6-5ff7-b5ea-cd4e7ea190a8",40,"2 - Infra"
"e07399d2-87d6-5ff7-b5ea-cd4e7ea190a8",17,"1 - General AI"
"e0c35d06-f4cf-56d9-84a6-4049fd8c39a6",89,"1 - General AI"
"10f51f07-a413-582f-9b0d-1591df796236",58,"1 - General AI"
"ffaeb671-975f-54d2-badf-6bd89649c168",42,"2 - Infra"
"2c6ae2ee-7e66-5a92-8929-6d0e4b9ea760",89,"1 - General AI"
"1d93d9be-e915-5ae3-8655-4798dd9f5ebc",49,"1 - General AI"
"357502b8-18e4-58ad-84b7-e370f45ddb8a",43,"2 - Infra"
"3d4eda31-9fc2-5c41-9060-4ef7b8a79008",47,"1 - General AI"
"2c6ae2ee-7e66-5a92-8929-6d0e4b9ea760",104,"1 - General AI"
"2c6ae2ee-7e66-5a92-8929-6d0e4b9ea760",205,"1 - General AI"
"29e90363-7c6d-525e-9b13-048ee4970d68",18,"2 - Infra"
"29e90363-7c6d-525e-9b13-048ee4970d68",11,"2 - Infra"
"fa6fc1b3-8cbd-5710-8ddd-051d2233e8ac",39,"2 - Infra"
"fa6fc1b3-8cbd-5710-8ddd-051d2233e8ac",41,"2 - Infra"
"fa6fc1b3-8cbd-5710-8ddd-051d2233e8ac",51,"2 - Infra"
"fdca90ae-9ba5-56f0-b06a-e71c4e06e3ed",47,"1 - General AI"
"68860c45-5a25-5694-9d70-c116f5062adc",46,"2 - Infra"
"2c6ae2ee-7e66-5a92-8929-6d0e4b9ea760",31,"1 - General AI"
"00b65c37-97c9-596f-a1ad-39c17c610279",16,"1 - General AI"
"13f004dc-182c-5318-b3af-1f78b304fe6f",89,"1 - General AI"
"29e90363-7c6d-525e-9b13-048ee4970d68",176,"1 - General AI"
"13f004dc-182c-5318-b3af-1f78b304fe6f",50,"1 - General AI"
"2c6ae2ee-7e66-5a92-8929-6d0e4b9ea760",46,"1 - General AI"
"68860c45-5a25-5694-9d70-c116f5062adc",49,"2 - Infra"
"179d4a6e-fd59-5d6d-91a7-1c3ecb1d3342",48,"1 - General AI"
"13f004dc-182c-5318-b3af-1f78b304fe6f",15,"2 - Infra"
"aedef1b8-fe47-5b61-880b-694590e1fa26",72,"1 - General AI"
"00b65c37-97c9-596f-a1ad-39c17c610279",64,"1 - General AI"
"0f2aa708-c790-5251-a13c-b3196a31fc06",51,"1 - General AI"
"179d4a6e-fd59-5d6d-91a7-1c3ecb1d3342",91,"2 - Infra"
"3d4eda31-9fc2-5c41-9060-4ef7b8a79008",96,"2 - Infra"
"6c0dce19-3955-59ff-b689-b8536ac11439",20,"2 - Infra"
"3d4eda31-9fc2-5c41-9060-4ef7b8a79008",46,"2 - Infra"
"13f004dc-182c-5318-b3af-1f78b304fe6f",88,"1 - General AI"
"6dea71a9-92ed-53e9-88ad-abbe764fd676",51,"2 - Infra"
"fdca90ae-9ba5-56f0-b06a-e71c4e06e3ed",48,"2 - Infra"
"fdca90ae-9ba5-56f0-b06a-e71c4e06e3ed",49,"2 - Infra"
"fdca90ae-9ba5-56f0-b06a-e71c4e06e3ed",53,"2 - Infra"
"1d93d9be-e915-5ae3-8655-4798dd9f5ebc",51,"1 - General AI"
"48b9f120-88e0-5ea5-84c1-e8b2ebfc2c2c",53,"1 - General AI"
"4f64c4af-93b4-5cfd-8fe6-968c3c202fc6",70,"2 - Infra"
"57065ce8-9a47-5dda-acba-91c6432fdca8",52,"1 - General AI"
"57065ce8-9a47-5dda-acba-91c6432fdca8",51,"2 - Infra"
"5a5d512e-33c9-571f-a091-5395a1198d20",29,"2 - Infra"
"70b70835-b4ba-5298-ab9f-53b4b95b7732",38,"2 - Infra"
"7fa530a5-5a2b-5b91-80b9-943418126383",11,"1 - General AI"
"83cbc14a-2704-5d7e-9567-ddbce33572ed",44,"1 - General AI"
"83cbc14a-2704-5d7e-9567-ddbce33572ed",48,"2 - Infra"
"8b98b892-759b-5244-89aa-3470503fab29",46,"2 - Infra"
"8b98b892-759b-5244-89aa-3470503fab29",69,"2 - Infra"
"8efe5467-d363-5169-8fcd-ec221a07fc09",34,"1 - General AI"
"8efe5467-d363-5169-8fcd-ec221a07fc09",47,"2 - Infra"
"a420f2c3-69a0-53f5-8244-f45c4c97d86b",99,"1 - General AI"
"a82c94b1-d722-5d79-9a3e-0f0b77289bfa",49,"2 - Infra"
"a82c94b1-d722-5d79-9a3e-0f0b77289bfa",93,"2 - Infra"
"b13c800c-a470-5736-921c-7d9b41a171ad",53,"2 - Infra"
"bb7d6cc8-ef6f-5817-9350-04bab2929952",25,"1 - General AI"
"bb7d6cc8-ef6f-5817-9350-04bab2929952",18,"2 - Infra"
"d217f4b1-f391-5895-bf80-d0ce63e17575",46,"1 - General AI"
"8a920f3d-33a6-55e2-b566-ffafcf6028f6",41,"1 - General AI"
"8de4fbbc-9a78-5240-a65b-e596f2e29496",18,"1 - General AI"
"8fcfd31d-bfce-558f-afaa-9fca124a4cab",36,"1 - General AI"
"8fcfd31d-bfce-558f-afaa-9fca124a4cab",7,"1 - General AI"
"8fcfd31d-bfce-558f-afaa-9fca124a4cab",161,"1 - General AI"
"ca76717a-8375-5641-be67-d0dcd0150578",117,"1 - General AI"
"25bada2a-1fd3-5cea-b32b-b256c5f67ed9",104,"1 - General AI"
"26b2add9-a1d7-5a10-a598-d9eb21d3c8ed",8,"1 - General AI"
"26b2add9-a1d7-5a10-a598-d9eb21d3c8ed",9,"1 - General AI"
"26b2add9-a1d7-5a10-a598-d9eb21d3c8ed",56,"1 - General AI"
"68f6001f-d7db-59ca-9173-bf5450ef4d08",5,"1 - General AI"
"68f6001f-d7db-59ca-9173-bf5450ef4d08",255,"1 - General AI"
"68f6001f-d7db-59ca-9173-bf5450ef4d08",17,"1 - General AI"
"1aaebca9-a840-509e-bac5-8a8e07261676",101,"1 - General AI"
"1aaebca9-a840-509e-bac5-8a8e07261676",103,"1 - General AI"
"f1644843-cd02-578d-9a38-18b35ed59abd",102,"2 - Infra"
"f1644843-cd02-578d-9a38-18b35ed59abd",120,"2 - Infra"
"20168329-0d50-5d3d-9a54-07b1036966b0",138,"1 - General AI"
"6a6bf516-122a-5e2b-b9ad-a9f829f1048b",125,"1 - General AI"
"08de8873-ccd7-5ab5-8bf7-8b3ac7a28059",68,"2 - Infra"
"08de8873-ccd7-5ab5-8bf7-8b3ac7a28059",60,"1 - General AI"
"08de8873-ccd7-5ab5-8bf7-8b3ac7a28059",45,"1 - General AI"
"08de8873-ccd7-5ab5-8bf7-8b3ac7a28059",44,"1 - General AI"
"08de8873-ccd7-5ab5-8bf7-8b3ac7a28059",43,"1 - General AI"
"08de8873-ccd7-5ab5-8bf7-8b3ac7a28059",42,"1 - General AI"
"3391e164-85b0-59bd-9721-1a5b0b83938f",116,"1 - General AI"
"08de8873-ccd7-5ab5-8bf7-8b3ac7a28059",11,"1 - General AI"
"08de8873-ccd7-5ab5-8bf7-8b3ac7a28059",7,"1 - General AI"
"2cae0a09-b50c-5430-a1ca-99edd1790d32",75,"1 - General AI"
"2d32eae1-b5b5-5684-b425-171b76985d0d",67,"2 - Infra"
"3391e164-85b0-59bd-9721-1a5b0b83938f",184,"1 - General AI"
"3391e164-85b0-59bd-9721-1a5b0b83938f",94,"2 - Infra"
"3391e164-85b0-59bd-9721-1a5b0b83938f",317,"1 - General AI"
"3391e164-85b0-59bd-9721-1a5b0b83938f",138,"1 - General AI"
"3391e164-85b0-59bd-9721-1a5b0b83938f",54,"1 - General AI"
"f04de089-f8bb-569c-a925-80759aca8430",5,"1 - General AI"
"3391e164-85b0-59bd-9721-1a5b0b83938f",24,"2 - Infra"
"2cae0a09-b50c-5430-a1ca-99edd1790d32",28,"1 - General AI"
"08de8873-ccd7-5ab5-8bf7-8b3ac7a28059",51,"1 - General AI"
"42ef4229-150e-5696-8180-ace1c129bc06",20,"1 - General AI"
"50acd58e-83ef-5dd9-b3df-2b3f4e6b9ff5",82,"1 - General AI"
"55298621-dcfe-5481-82ae-ba4f9c6bf2f6",73,"1 - General AI"
"55298621-dcfe-5481-82ae-ba4f9c6bf2f6",64,"1 - General AI"
"55298621-dcfe-5481-82ae-ba4f9c6bf2f6",53,"1 - General AI"
"5f26967b-b030-59c1-a40a-efc52330fc30",81,"1 - General AI"
"6af4f693-9840-551c-a330-352d2d7d6379",109,"1 - General AI"
"6af4f693-9840-551c-a330-352d2d7d6379",104,"1 - General AI"
"9c3f0c42-0783-5739-92a3-0fa8a9f5415d",120,"1 - General AI"
"9fc772f2-c925-549d-8063-dcd2d33be980",94,"1 - General AI"
"9fc772f2-c925-549d-8063-dcd2d33be980",96,"1 - General AI"
"a0f87f5f-47f1-5127-81c2-44ac0b715920",87,"2 - Infra"
"a22c13ef-3936-577e-8c1d-9036083bcd08",45,"1 - General AI"
"a291f509-c7c2-5c4f-85e2-1036bd4d6a8e",138,"1 - General AI"
"a383d817-a6bf-54a6-8094-71a1947f41b1",53,"1 - General AI"
"b47fe0e1-ba39-570a-b60b-51d06f31d737",132,"1 - General AI"
"b47fe0e1-ba39-570a-b60b-51d06f31d737",133,"1 - General AI"
"b75e9e02-9f52-56f0-b589-24f93af288c5",100,"1 - General AI"
"cdfc47fc-a9cc-5c72-a330-4c221ebf96e4",73,"1 - General AI"
"cdfc47fc-a9cc-5c72-a330-4c221ebf96e4",117,"2 - Infra"
"cf725de5-8ab8-59c3-839c-04fec97893b9",67,"2 - Infra"
"dfee6424-f2c2-5aba-9535-23d0d7776c7c",29,"1 - General AI"
"e889f488-8522-5343-a15e-b7f7e33c1704",36,"1 - General AI"
"683ff992-6435-5a2a-a955-810ac877a358",10,"1 - General AI"
"3391e164-85b0-59bd-9721-1a5b0b83938f",314,"1 - General AI"
"3391e164-85b0-59bd-9721-1a5b0b83938f",49,"1 - General AI"
"f04de089-f8bb-569c-a925-80759aca8430",84,"2 - Infra"
"2d32eae1-b5b5-5684-b425-171b76985d0d",66,"1 - General AI"
"08de8873-ccd7-5ab5-8bf7-8b3ac7a28059",27,"1 - General AI"
"08de8873-ccd7-5ab5-8bf7-8b3ac7a28059",25,"2 - Infra"
"08de8873-ccd7-5ab5-8bf7-8b3ac7a28059",15,"1 - General AI"
"08de8873-ccd7-5ab5-8bf7-8b3ac7a28059",14,"1 - General AI"
"08de8873-ccd7-5ab5-8bf7-8b3ac7a28059",12,"2 - Infra"
"683ff992-6435-5a2a-a955-810ac877a358",64,"1 - General AI"
"3391e164-85b0-59bd-9721-1a5b0b83938f",22,"2 - Infra"
"68f6001f-d7db-59ca-9173-bf5450ef4d08",129,"1 - General AI"
"3391e164-85b0-59bd-9721-1a5b0b83938f",111,"1 - General AI"
"3391e164-85b0-59bd-9721-1a5b0b83938f",65,"1 - General AI"
"68f6001f-d7db-59ca-9173-bf5450ef4d08",82,"1 - General AI"
"08de8873-ccd7-5ab5-8bf7-8b3ac7a28059",41,"1 - General AI"
"3391e164-85b0-59bd-9721-1a5b0b83938f",53,"1 - General AI"
"08de8873-ccd7-5ab5-8bf7-8b3ac7a28059",283,"1 - General AI"
"08de8873-ccd7-5ab5-8bf7-8b3ac7a28059",282,"2 - Infra"
"08de8873-ccd7-5ab5-8bf7-8b3ac7a28059",235,"1 - General AI"
"08de8873-ccd7-5ab5-8bf7-8b3ac7a28059",123,"1 - General AI"
"08de8873-ccd7-5ab5-8bf7-8b3ac7a28059",122,"1 - General AI"
"08de8873-ccd7-5ab5-8bf7-8b3ac7a28059",119,"2 - Infra"
"08de8873-ccd7-5ab5-8bf7-8b3ac7a28059",76,"1 - General AI"
"68f6001f-d7db-59ca-9173-bf5450ef4d08",152,"1 - General AI"
"68f6001f-d7db-59ca-9173-bf5450ef4d08",322,"1 - General AI"
"0eca38bc-1c5d-56cc-8aba-42ca6693b303",75,"1 - General AI"
"55298621-dcfe-5481-82ae-ba4f9c6bf2f6",139,"1 - General AI"
"5c1c0077-cc84-5b0d-aa79-23fe8552e1b6",56,"1 - General AI"
"68f6001f-d7db-59ca-9173-bf5450ef4d08",47,"1 - General AI"
"6e7bdfc4-2692-5448-b0e1-92968ebd25e4",86,"2 - Infra"
"6e7bdfc4-2692-5448-b0e1-92968ebd25e4",4,"1 - General AI"
"6e7bdfc4-2692-5448-b0e1-92968ebd25e4",42,"1 - General AI"
"72f7445c-c922-5fa6-8d51-90d7becf746c",0,"2 - Infra"
"7b27af06-7691-5a92-b21a-d5d5eac241e0",7,"2 - Infra"
"9e99f294-c27a-552e-9f0c-2c8abccf5c38",82,"2 - Infra"
"b4dc29e5-3331-58bc-98fb-598fb0033361",114,"1 - General AI"
"b4dc29e5-3331-58bc-98fb-598fb0033361",228,"1 - General AI"
"b57aaf11-7678-5b1b-9592-50112859cfb4",55,"1 - General AI"
"cc21da5f-6f95-5c14-945a-ab8ddc39c674",7,"1 - General AI"
"e4ddc43e-569a-5b29-ad13-f05a5cabb599",4,"1 - General AI"
"e889f488-8522-5343-a15e-b7f7e33c1704",146,"1 - General AI"
"e889f488-8522-5343-a15e-b7f7e33c1704",156,"1 - General AI"
"e889f488-8522-5343-a15e-b7f7e33c1704",17,"1 - General AI"
"e889f488-8522-5343-a15e-b7f7e33c1704",21,"1 - General AI"
"e889f488-8522-5343-a15e-b7f7e33c1704",24,"2 - Infra"
"e889f488-8522-5343-a15e-b7f7e33c1704",87,"1 - General AI"
"e889f488-8522-5343-a15e-b7f7e33c1704",32,"2 - Infra"
"e889f488-8522-5343-a15e-b7f7e33c1704",23,"1 - General AI"
"e889f488-8522-5343-a15e-b7f7e33c1704",89,"2 - Infra"
"e889f488-8522-5343-a15e-b7f7e33c1704",11,"1 - General AI"
"01ca85da-1589-5b58-8f3e-6f862f8757af",6,"1 - General AI"
"08de8873-ccd7-5ab5-8bf7-8b3ac7a28059",59,"1 - General AI"
"3391e164-85b0-59bd-9721-1a5b0b83938f",126,"1 - General AI"
"08de8873-ccd7-5ab5-8bf7-8b3ac7a28059",61,"2 - Infra"
"3391e164-85b0-59bd-9721-1a5b0b83938f",47,"1 - General AI"
"08de8873-ccd7-5ab5-8bf7-8b3ac7a28059",47,"1 - General AI"
"3391e164-85b0-59bd-9721-1a5b0b83938f",264,"1 - General AI"
"3391e164-85b0-59bd-9721-1a5b0b83938f",43,"1 - General AI"
"3391e164-85b0-59bd-9721-1a5b0b83938f",75,"2 - Infra"
"dcbd1a51-12fa-5a2b-9267-80ab17ddff40",69,"1 - General AI"
"dcbd1a51-12fa-5a2b-9267-80ab17ddff40",77,"1 - General AI"
"f04de089-f8bb-569c-a925-80759aca8430",77,"2 - Infra"
"68f6001f-d7db-59ca-9173-bf5450ef4d08",138,"1 - General AI"
"68f6001f-d7db-59ca-9173-bf5450ef4d08",85,"2 - Infra"
"6e7bdfc4-2692-5448-b0e1-92968ebd25e4",78,"1 - General AI"
"7069b334-1e6f-57d9-ae2e-e86d13056a9f",57,"1 - General AI"
"3391e164-85b0-59bd-9721-1a5b0b83938f",96,"2 - Infra"
"3391e164-85b0-59bd-9721-1a5b0b83938f",102,"1 - General AI"
"e4ddc43e-569a-5b29-ad13-f05a5cabb599",61,"1 - General AI"
"e889f488-8522-5343-a15e-b7f7e33c1704",129,"1 - General AI"
"3391e164-85b0-59bd-9721-1a5b0b83938f",52,"2 - Infra"
"fd2c01c5-d84c-5d0a-b13a-858112dffa48",11,"2 - Infra"
"fd2c01c5-d84c-5d0a-b13a-858112dffa48",13,"2 - Infra"
"fd2c01c5-d84c-5d0a-b13a-858112dffa48",14,"2 - Infra"
"fd2c01c5-d84c-5d0a-b13a-858112dffa48",18,"2 - Infra"
"24c6c1e8-4c8a-59ff-970e-0a03635dec0a",50,"2 - Infra"
"24c6c1e8-4c8a-59ff-970e-0a03635dec0a",94,"2 - Infra"
"24c6c1e8-4c8a-59ff-970e-0a03635dec0a",98,"1 - General AI"
"24c6c1e8-4c8a-59ff-970e-0a03635dec0a",116,"1 - General AI"
"eac0b291-81b5-5332-9fef-662a88e51c1d",59,"1 - General AI"
"fd2c01c5-d84c-5d0a-b13a-858112dffa48",55,"1 - General AI"
"4d6bf63a-a3e9-5245-b586-439c3a46fb0a",7,"1 - General AI"
"55298621-dcfe-5481-82ae-ba4f9c6bf2f6",315,"2 - Infra"
"f448a1e2-a958-5794-8c3e-318a89f13c7b",11,"2 - Infra"
"e8c55fb4-06bd-500a-8593-ec2b6e5b4616",4,"2 - Infra"
"55298621-dcfe-5481-82ae-ba4f9c6bf2f6",18,"2 - Infra"
"55298621-dcfe-5481-82ae-ba4f9c6bf2f6",62,"2 - Infra"
"72ac4563-7025-5e17-97ec-b3f49d3e7c7c",20,"1 - General AI"
"72ac4563-7025-5e17-97ec-b3f49d3e7c7c",17,"2 - Infra"
"72ac4563-7025-5e17-97ec-b3f49d3e7c7c",1,"2 - Infra"
"89fad4ec-160b-5090-bba4-56f33f5333d5",78,"1 - General AI"
"8f60e02c-bcef-5306-a7b0-30be3576c8df",61,"1 - General AI"
"e889f488-8522-5343-a15e-b7f7e33c1704",296,"1 - General AI"
"e889f488-8522-5343-a15e-b7f7e33c1704",30,"1 - General AI"
"e889f488-8522-5343-a15e-b7f7e33c1704",53,"1 - General AI"
"e889f488-8522-5343-a15e-b7f7e33c1704",65,"2 - Infra"
"e889f488-8522-5343-a15e-b7f7e33c1704",22,"2 - Infra"
"e889f488-8522-5343-a15e-b7f7e33c1704",15,"2 - Infra"
"e889f488-8522-5343-a15e-b7f7e33c1704",145,"1 - General AI"
"e889f488-8522-5343-a15e-b7f7e33c1704",12,"1 - General AI"
"e889f488-8522-5343-a15e-b7f7e33c1704",6,"1 - General AI"
"e889f488-8522-5343-a15e-b7f7e33c1704",344,"1 - General AI"
"e889f488-8522-5343-a15e-b7f7e33c1704",180,"1 - General AI"
"fd2c01c5-d84c-5d0a-b13a-858112dffa48",61,"2 - Infra"
"fd2c01c5-d84c-5d0a-b13a-858112dffa48",62,"1 - General AI"
"fd2c01c5-d84c-5d0a-b13a-858112dffa48",79,"2 - Infra"
"fd2c01c5-d84c-5d0a-b13a-858112dffa48",84,"1 - General AI"
"fd2c01c5-d84c-5d0a-b13a-858112dffa48",97,"1 - General AI"
"22afdd6c-069b-52e0-8530-9b4cab83b2bd",115,"1 - General AI"
"22afdd6c-069b-52e0-8530-9b4cab83b2bd",117,"1 - General AI"
"0e73f08d-279c-5e9f-8fdf-191f5a078d8f",7,"1 - General AI"
"fd2c01c5-d84c-5d0a-b13a-858112dffa48",6,"1 - General AI"
"fd2c01c5-d84c-5d0a-b13a-858112dffa48",8,"1 - General AI"
"fd2c01c5-d84c-5d0a-b13a-858112dffa48",99,"1 - General AI"
"fd2c01c5-d84c-5d0a-b13a-858112dffa48",103,"1 - General AI"
"fd2c01c5-d84c-5d0a-b13a-858112dffa48",121,"1 - General AI"
"fd2c01c5-d84c-5d0a-b13a-858112dffa48",128,"1 - General AI"
"fd2c01c5-d84c-5d0a-b13a-858112dffa48",130,"2 - Infra"
"fd2c01c5-d84c-5d0a-b13a-858112dffa48",133,"1 - General AI"
"fd2c01c5-d84c-5d0a-b13a-858112dffa48",134,"2 - Infra"
"fd2c01c5-d84c-5d0a-b13a-858112dffa48",165,"1 - General AI"
"fd2c01c5-d84c-5d0a-b13a-858112dffa48",218,"2 - Infra"
"0b6b8445-a0bd-565d-bc82-48d2043936ff",9,"2 - Infra"
"26dddcfe-6009-5f3b-b9d9-a0130b601087",48,"1 - General AI"
"26dddcfe-6009-5f3b-b9d9-a0130b601087",50,"2 - Infra"
"26dddcfe-6009-5f3b-b9d9-a0130b601087",66,"2 - Infra"
"26dddcfe-6009-5f3b-b9d9-a0130b601087",120,"1 - General AI"
"6dc9cdff-931e-55e5-8da6-ded40cfd42a0",92,"1 - General AI"
"6dc9cdff-931e-55e5-8da6-ded40cfd42a0",91,"1 - General AI"
"6dc9cdff-931e-55e5-8da6-ded40cfd42a0",94,"1 - General AI"
"6dc9cdff-931e-55e5-8da6-ded40cfd42a0",111,"1 - General AI"
"6dc9cdff-931e-55e5-8da6-ded40cfd42a0",69,"2 - Infra"
"0b6b8445-a0bd-565d-bc82-48d2043936ff",10,"2 - Infra"
"0b6b8445-a0bd-565d-bc82-48d2043936ff",11,"1 - General AI"
"0b6b8445-a0bd-565d-bc82-48d2043936ff",13,"2 - Infra"
"0b6b8445-a0bd-565d-bc82-48d2043936ff",15,"2 - Infra"
"0b6b8445-a0bd-565d-bc82-48d2043936ff",16,"2 - Infra"
"0b6b8445-a0bd-565d-bc82-48d2043936ff",19,"1 - General AI"
"1080ca21-f3d0-5152-95a8-3480a4656b40",5,"2 - Infra"
"3b9e2e98-ce6f-53cf-b5ac-1b11e61fc11c",86,"1 - General AI"
"3b9e2e98-ce6f-53cf-b5ac-1b11e61fc11c",88,"1 - General AI"
"3b9e2e98-ce6f-53cf-b5ac-1b11e61fc11c",107,"1 - General AI"
"22afdd6c-069b-52e0-8530-9b4cab83b2bd",5,"1 - General AI"
"22afdd6c-069b-52e0-8530-9b4cab83b2bd",41,"2 - Infra"
"22afdd6c-069b-52e0-8530-9b4cab83b2bd",45,"1 - General AI"
"89fad4ec-160b-5090-bba4-56f33f5333d5",64,"2 - Infra"
"34aba5d0-58da-5781-83dd-b6c84c37e428",51,"2 - Infra"
"34aba5d0-58da-5781-83dd-b6c84c37e428",67,"2 - Infra"
"18972ad4-afe3-5d27-97ae-a0007e3d0418",40,"2 - Infra"
"0719348c-ab5b-5e87-8621-aa1880305d01",71,"2 - Infra"
"15ac65f4-e54a-598d-9ea6-97e87d947742",17,"1 - General AI"
"15ac65f4-e54a-598d-9ea6-97e87d947742",35,"1 - General AI"
"15ac65f4-e54a-598d-9ea6-97e87d947742",70,"1 - General AI"
"4417ad87-1aaa-5be7-b484-3670d65e2f52",7,"2 - Infra"
"5c6ea7e9-cae8-5452-8108-0f49a37ec1bb",57,"2 - Infra"
"89fad4ec-160b-5090-bba4-56f33f5333d5",111,"1 - General AI"
"89fad4ec-160b-5090-bba4-56f33f5333d5",113,"1 - General AI"
"89fad4ec-160b-5090-bba4-56f33f5333d5",130,"1 - General AI"
"89fad4ec-160b-5090-bba4-56f33f5333d5",57,"1 - General AI"
"8bf594e4-ead8-50ea-b39c-04103f3bf3c8",83,"2 - Infra"
"8bf594e4-ead8-50ea-b39c-04103f3bf3c8",129,"1 - General AI"
"8bf594e4-ead8-50ea-b39c-04103f3bf3c8",123,"1 - General AI"
"8bf594e4-ead8-50ea-b39c-04103f3bf3c8",102,"1 - General AI"
"8bf594e4-ead8-50ea-b39c-04103f3bf3c8",75,"2 - Infra"
"931e4100-1cf0-5d4c-ade8-a51efe5af977",3,"2 - Infra"
"931e4100-1cf0-5d4c-ade8-a51efe5af977",4,"2 - Infra"
"18972ad4-afe3-5d27-97ae-a0007e3d0418",114,"1 - General AI"
"22afdd6c-069b-52e0-8530-9b4cab83b2bd",77,"2 - Infra"
"22afdd6c-069b-52e0-8530-9b4cab83b2bd",102,"1 - General AI"
"22afdd6c-069b-52e0-8530-9b4cab83b2bd",103,"1 - General AI"
"244b142e-5fdb-5ac8-a05f-76e7d5bbdbea",85,"2 - Infra"
"244b142e-5fdb-5ac8-a05f-76e7d5bbdbea",151,"2 - Infra"
"0e73f08d-279c-5e9f-8fdf-191f5a078d8f",138,"1 - General AI"
"3b9e2e98-ce6f-53cf-b5ac-1b11e61fc11c",40,"1 - General AI"
"3b9e2e98-ce6f-53cf-b5ac-1b11e61fc11c",54,"2 - Infra"
"0b6b8445-a0bd-565d-bc82-48d2043936ff",32,"2 - Infra"
"0b6b8445-a0bd-565d-bc82-48d2043936ff",49,"1 - General AI"
"0b6b8445-a0bd-565d-bc82-48d2043936ff",84,"1 - General AI"
"0b6b8445-a0bd-565d-bc82-48d2043936ff",92,"1 - General AI"
"0b6b8445-a0bd-565d-bc82-48d2043936ff",94,"1 - General AI"
"0b6b8445-a0bd-565d-bc82-48d2043936ff",101,"1 - General AI"
"ad70ad5e-d0f5-59eb-8498-6bb500bfaccf",7,"2 - Infra"
"ad70ad5e-d0f5-59eb-8498-6bb500bfaccf",11,"2 - Infra"
"00b65c37-97c9-596f-a1ad-39c17c610279",89,"2 - Infra"
"ad70ad5e-d0f5-59eb-8498-6bb500bfaccf",14,"2 - Infra"
"ad70ad5e-d0f5-59eb-8498-6bb500bfaccf",20,"2 - Infra"
"13f004dc-182c-5318-b3af-1f78b304fe6f",66,"1 - General AI"
"13f004dc-182c-5318-b3af-1f78b304fe6f",86,"1 - General AI"
"13f004dc-182c-5318-b3af-1f78b304fe6f",123,"1 - General AI"
"13f004dc-182c-5318-b3af-1f78b304fe6f",129,"2 - Infra"
"10f51f07-a413-582f-9b0d-1591df796236",41,"2 - Infra"
"aedef1b8-fe47-5b61-880b-694590e1fa26",8,"1 - General AI"
"179d4a6e-fd59-5d6d-91a7-1c3ecb1d3342",59,"2 - Infra"
"179d4a6e-fd59-5d6d-91a7-1c3ecb1d3342",58,"1 - General AI"
"aedef1b8-fe47-5b61-880b-694590e1fa26",34,"1 - General AI"
"29e90363-7c6d-525e-9b13-048ee4970d68",24,"2 - Infra"
"13f004dc-182c-5318-b3af-1f78b304fe6f",7,"1 - General AI"
"13f004dc-182c-5318-b3af-1f78b304fe6f",76,"2 - Infra"
"bb7d6cc8-ef6f-5817-9350-04bab2929952",70,"2 - Infra"
"13f004dc-182c-5318-b3af-1f78b304fe6f",85,"1 - General AI"
"6c0dce19-3955-59ff-b689-b8536ac11439",87,"2 - Infra"
"1843affa-83ab-5648-a873-11b0c30eeb53",91,"1 - General AI"
"714b2c2b-7fe2-5ac4-9ecb-852a9a75a1a0",48,"2 - Infra"
"0f2aa708-c790-5251-a13c-b3196a31fc06",71,"1 - General AI"
"3d4eda31-9fc2-5c41-9060-4ef7b8a79008",92,"2 - Infra"
"4f64c4af-93b4-5cfd-8fe6-968c3c202fc6",23,"2 - Infra"
"5a5d512e-33c9-571f-a091-5395a1198d20",12,"1 - General AI"
"64145f2b-5d8e-5f42-99f6-74af479f28a6",54,"2 - Infra"
"83cbc14a-2704-5d7e-9567-ddbce33572ed",84,"1 - General AI"
"83cbc14a-2704-5d7e-9567-ddbce33572ed",67,"1 - General AI"
"8621c96b-f690-58b0-b238-f625b3fe0b84",3,"2 - Infra"
"8bf594e4-ead8-50ea-b39c-04103f3bf3c8",41,"2 - Infra"
"9ad0a4d1-5355-5447-995c-bff94eb15cf2",11,"1 - General AI"
"bb7d6cc8-ef6f-5817-9350-04bab2929952",20,"1 - General AI"
"bb7d6cc8-ef6f-5817-9350-04bab2929952",12,"1 - General AI"
"c47c1879-47b3-56b0-98e6-40c5bafb2a92",49,"1 - General AI"
"c468e666-a298-505b-9a26-045b9128d2bd",22,"2 - Infra"
"c468e666-a298-505b-9a26-045b9128d2bd",15,"2 - Infra"
"dd418d07-8f0b-557b-bf12-220b13e39d03",70,"1 - General AI"
"e07399d2-87d6-5ff7-b5ea-cd4e7ea190a8",18,"2 - Infra"
"e07399d2-87d6-5ff7-b5ea-cd4e7ea190a8",21,"1 - General AI"
"e07399d2-87d6-5ff7-b5ea-cd4e7ea190a8",12,"2 - Infra"
"10f51f07-a413-582f-9b0d-1591df796236",56,"1 - General AI"
"29c22484-f9e5-5b9a-a623-0366882d14cd",51,"1 - General AI"
"ad70ad5e-d0f5-59eb-8498-6bb500bfaccf",10,"1 - General AI"
"ad70ad5e-d0f5-59eb-8498-6bb500bfaccf",69,"1 - General AI"
"13f004dc-182c-5318-b3af-1f78b304fe6f",45,"1 - General AI"
"13f004dc-182c-5318-b3af-1f78b304fe6f",24,"2 - Infra"
"2c6ae2ee-7e66-5a92-8929-6d0e4b9ea760",14,"2 - Infra"
"00b65c37-97c9-596f-a1ad-39c17c610279",102,"1 - General AI"
"aedef1b8-fe47-5b61-880b-694590e1fa26",10,"2 - Infra"
"fdca90ae-9ba5-56f0-b06a-e71c4e06e3ed",50,"2 - Infra"
"ffaeb671-975f-54d2-badf-6bd89649c168",105,"1 - General AI"
"fa6fc1b3-8cbd-5710-8ddd-051d2233e8ac",45,"2 - Infra"
"2c6ae2ee-7e66-5a92-8929-6d0e4b9ea760",42,"1 - General AI"
"6c0dce19-3955-59ff-b689-b8536ac11439",45,"1 - General AI"
"6c0dce19-3955-59ff-b689-b8536ac11439",29,"2 - Infra"
"ffaeb671-975f-54d2-badf-6bd89649c168",49,"1 - General AI"
"3d4eda31-9fc2-5c41-9060-4ef7b8a79008",40,"2 - Infra"
"3d4eda31-9fc2-5c41-9060-4ef7b8a79008",58,"1 - General AI"
"ffaeb671-975f-54d2-badf-6bd89649c168",76,"1 - General AI"
"00b65c37-97c9-596f-a1ad-39c17c610279",145,"1 - General AI"
"aedef1b8-fe47-5b61-880b-694590e1fa26",15,"1 - General AI"
"aedef1b8-fe47-5b61-880b-694590e1fa26",18,"1 - General AI"
"6c0dce19-3955-59ff-b689-b8536ac11439",21,"1 - General AI"
"7fa530a5-5a2b-5b91-80b9-943418126383",21,"2 - Infra"
"00b65c37-97c9-596f-a1ad-39c17c610279",103,"1 - General AI"
"2c6ae2ee-7e66-5a92-8929-6d0e4b9ea760",20,"1 - General AI"
"2c6ae2ee-7e66-5a92-8929-6d0e4b9ea760",105,"2 - Infra"
"aedef1b8-fe47-5b61-880b-694590e1fa26",22,"1 - General AI"
"452f2855-0328-5fdd-a2d6-cd4793fb1528",46,"2 - Infra"
"48b9f120-88e0-5ea5-84c1-e8b2ebfc2c2c",50,"1 - General AI"
"4f64c4af-93b4-5cfd-8fe6-968c3c202fc6",16,"2 - Infra"
"4f64c4af-93b4-5cfd-8fe6-968c3c202fc6",84,"2 - Infra"
"5a5d512e-33c9-571f-a091-5395a1198d20",14,"2 - Infra"
"5a5d512e-33c9-571f-a091-5395a1198d20",8,"2 - Infra"
"7fa530a5-5a2b-5b91-80b9-943418126383",32,"1 - General AI"
"83cbc14a-2704-5d7e-9567-ddbce33572ed",53,"2 - Infra"
"8b98b892-759b-5244-89aa-3470503fab29",45,"1 - General AI"
"8b98b892-759b-5244-89aa-3470503fab29",60,"2 - Infra"
"8b98b892-759b-5244-89aa-3470503fab29",91,"2 - Infra"
"8b98b892-759b-5244-89aa-3470503fab29",29,"1 - General AI"
"9ad0a4d1-5355-5447-995c-bff94eb15cf2",80,"2 - Infra"
"9ad0a4d1-5355-5447-995c-bff94eb15cf2",10,"2 - Infra"
"aedef1b8-fe47-5b61-880b-694590e1fa26",80,"1 - General AI"
"bb7d6cc8-ef6f-5817-9350-04bab2929952",33,"2 - Infra"
"bb7d6cc8-ef6f-5817-9350-04bab2929952",21,"2 - Infra"
"bb7d6cc8-ef6f-5817-9350-04bab2929952",15,"2 - Infra"
"bb7d6cc8-ef6f-5817-9350-04bab2929952",10,"2 - Infra"
"c47c1879-47b3-56b0-98e6-40c5bafb2a92",46,"2 - Infra"
"c468e666-a298-505b-9a26-045b9128d2bd",9,"2 - Infra"
"c468e666-a298-505b-9a26-045b9128d2bd",11,"2 - Infra"
"c468e666-a298-505b-9a26-045b9128d2bd",21,"1 - General AI"
"e07399d2-87d6-5ff7-b5ea-cd4e7ea190a8",33,"2 - Infra"
"e07399d2-87d6-5ff7-b5ea-cd4e7ea190a8",13,"2 - Infra"
"e0c35d06-f4cf-56d9-84a6-4049fd8c39a6",41,"1 - General AI"
"e0c35d06-f4cf-56d9-84a6-4049fd8c39a6",53,"1 - General AI"
"e0c35d06-f4cf-56d9-84a6-4049fd8c39a6",54,"2 - Infra"
"13f004dc-182c-5318-b3af-1f78b304fe6f",139,"1 - General AI"
"fa6fc1b3-8cbd-5710-8ddd-051d2233e8ac",49,"2 - Infra"
"6c0dce19-3955-59ff-b689-b8536ac11439",145,"2 - Infra"
"13f004dc-182c-5318-b3af-1f78b304fe6f",49,"2 - Infra"
"0f2aa708-c790-5251-a13c-b3196a31fc06",53,"2 - Infra"
"6c0dce19-3955-59ff-b689-b8536ac11439",226,"1 - General AI"
"30c12e12-584a-5efa-93e7-e5e8b01ff7b2",44,"2 - Infra"
"3d4eda31-9fc2-5c41-9060-4ef7b8a79008",84,"1 - General AI"
"ffaeb671-975f-54d2-badf-6bd89649c168",78,"1 - General AI"
"10f51f07-a413-582f-9b0d-1591df796236",57,"2 - Infra"
"30c12e12-584a-5efa-93e7-e5e8b01ff7b2",47,"2 - Infra"
"3d4eda31-9fc2-5c41-9060-4ef7b8a79008",49,"2 - Infra"
"10f51f07-a413-582f-9b0d-1591df796236",49,"2 - Infra"
"29e90363-7c6d-525e-9b13-048ee4970d68",103,"2 - Infra"
"13f004dc-182c-5318-b3af-1f78b304fe6f",48,"1 - General AI"
"6c0dce19-3955-59ff-b689-b8536ac11439",46,"1 - General AI"
"3d4eda31-9fc2-5c41-9060-4ef7b8a79008",61,"2 - Infra"
"179d4a6e-fd59-5d6d-91a7-1c3ecb1d3342",77,"1 - General AI"
"13f004dc-182c-5318-b3af-1f78b304fe6f",122,"2 - Infra"
"179d4a6e-fd59-5d6d-91a7-1c3ecb1d3342",56,"2 - Infra"
"179d4a6e-fd59-5d6d-91a7-1c3ecb1d3342",49,"2 - Infra"
"179d4a6e-fd59-5d6d-91a7-1c3ecb1d3342",78,"1 - General AI"
"3d4eda31-9fc2-5c41-9060-4ef7b8a79008",87,"1 - General AI"
"ffaeb671-975f-54d2-badf-6bd89649c168",46,"1 - General AI"
"83cbc14a-2704-5d7e-9567-ddbce33572ed",85,"2 - Infra"
"0f2aa708-c790-5251-a13c-b3196a31fc06",81,"1 - General AI"
"30c12e12-584a-5efa-93e7-e5e8b01ff7b2",49,"2 - Infra"
"00b65c37-97c9-596f-a1ad-39c17c610279",27,"1 - General AI"
"13f004dc-182c-5318-b3af-1f78b304fe6f",131,"1 - General AI"
"ffaeb671-975f-54d2-badf-6bd89649c168",31,"1 - General AI"
"0f2aa708-c790-5251-a13c-b3196a31fc06",35,"2 - Infra"
"0f2aa708-c790-5251-a13c-b3196a31fc06",42,"2 - Infra"
"0f2aa708-c790-5251-a13c-b3196a31fc06",47,"1 - General AI"
"0f2aa708-c790-5251-a13c-b3196a31fc06",48,"1 - General AI"
"fa6fc1b3-8cbd-5710-8ddd-051d2233e8ac",48,"1 - General AI"
"179d4a6e-fd59-5d6d-91a7-1c3ecb1d3342",53,"2 - Infra"
"3d4eda31-9fc2-5c41-9060-4ef7b8a79008",50,"1 - General AI"
"48b9f120-88e0-5ea5-84c1-e8b2ebfc2c2c",87,"2 - Infra"
"48b9f120-88e0-5ea5-84c1-e8b2ebfc2c2c",43,"2 - Infra"
"48b9f120-88e0-5ea5-84c1-e8b2ebfc2c2c",83,"2 - Infra"
"4f64c4af-93b4-5cfd-8fe6-968c3c202fc6",19,"2 - Infra"
"57065ce8-9a47-5dda-acba-91c6432fdca8",44,"1 - General AI"
"83cbc14a-2704-5d7e-9567-ddbce33572ed",86,"1 - General AI"
"83cbc14a-2704-5d7e-9567-ddbce33572ed",79,"2 - Infra"
"8b98b892-759b-5244-89aa-3470503fab29",85,"1 - General AI"
"8b98b892-759b-5244-89aa-3470503fab29",62,"2 - Infra"
"8efe5467-d363-5169-8fcd-ec221a07fc09",50,"2 - Infra"
"9ad0a4d1-5355-5447-995c-bff94eb15cf2",15,"2 - Infra"
"a420f2c3-69a0-53f5-8244-f45c4c97d86b",54,"1 - General AI"
"a82c94b1-d722-5d79-9a3e-0f0b77289bfa",42,"1 - General AI"
"ad70ad5e-d0f5-59eb-8498-6bb500bfaccf",86,"2 - Infra"
"ad70ad5e-d0f5-59eb-8498-6bb500bfaccf",15,"2 - Infra"
"aedef1b8-fe47-5b61-880b-694590e1fa26",14,"2 - Infra"
"c468e666-a298-505b-9a26-045b9128d2bd",16,"2 - Infra"
"d217f4b1-f391-5895-bf80-d0ce63e17575",56,"2 - Infra"
"d217f4b1-f391-5895-bf80-d0ce63e17575",43,"2 - Infra"
"d771a7ca-4247-5fb4-985b-4c78bdd15560",13,"2 - Infra"
"dd418d07-8f0b-557b-bf12-220b13e39d03",36,"1 - General AI"
"e07399d2-87d6-5ff7-b5ea-cd4e7ea190a8",9,"1 - General AI"
"e07399d2-87d6-5ff7-b5ea-cd4e7ea190a8",74,"2 - Infra"
"e0c35d06-f4cf-56d9-84a6-4049fd8c39a6",92,"2 - Infra"
"e0c35d06-f4cf-56d9-84a6-4049fd8c39a6",100,"2 - Infra"
"30c12e12-584a-5efa-93e7-e5e8b01ff7b2",43,"1 - General AI"
"179d4a6e-fd59-5d6d-91a7-1c3ecb1d3342",44,"2 - Infra"
"ffaeb671-975f-54d2-badf-6bd89649c168",56,"2 - Infra"
"00b65c37-97c9-596f-a1ad-39c17c610279",22,"1 - General AI"
"13f004dc-182c-5318-b3af-1f78b304fe6f",16,"2 - Infra"
"2c6ae2ee-7e66-5a92-8929-6d0e4b9ea760",12,"1 - General AI"
"1843affa-83ab-5648-a873-11b0c30eeb53",82,"1 - General AI"
"29c22484-f9e5-5b9a-a623-0366882d14cd",37,"1 - General AI"
"29c22484-f9e5-5b9a-a623-0366882d14cd",45,"2 - Infra"
"29c22484-f9e5-5b9a-a623-0366882d14cd",52,"2 - Infra"
"2c6ae2ee-7e66-5a92-8929-6d0e4b9ea760",82,"1 - General AI"
"2c6ae2ee-7e66-5a92-8929-6d0e4b9ea760",86,"1 - General AI"
"ad70ad5e-d0f5-59eb-8498-6bb500bfaccf",87,"1 - General AI"
"2c6ae2ee-7e66-5a92-8929-6d0e4b9ea760",90,"1 - General AI"
"13f004dc-182c-5318-b3af-1f78b304fe6f",126,"2 - Infra"
"13f004dc-182c-5318-b3af-1f78b304fe6f",101,"1 - General AI"
"6c0dce19-3955-59ff-b689-b8536ac11439",132,"2 - Infra"
"00b65c37-97c9-596f-a1ad-39c17c610279",88,"2 - Infra"
"13f004dc-182c-5318-b3af-1f78b304fe6f",10,"1 - General AI"
"6c0dce19-3955-59ff-b689-b8536ac11439",50,"1 - General AI"
"6c0dce19-3955-59ff-b689-b8536ac11439",97,"2 - Infra"
"6f604f3a-8799-5077-9f12-2124b4535a92",55,"2 - Infra"
"29c22484-f9e5-5b9a-a623-0366882d14cd",47,"2 - Infra"
"0f2aa708-c790-5251-a13c-b3196a31fc06",91,"2 - Infra"
"3aa3e8f7-8b9e-5a2a-abc4-91dc9778a963",88,"2 - Infra"
"0f2aa708-c790-5251-a13c-b3196a31fc06",72,"1 - General AI"
"0f2aa708-c790-5251-a13c-b3196a31fc06",80,"1 - General AI"
"0f2aa708-c790-5251-a13c-b3196a31fc06",82,"1 - General AI"
"0f2aa708-c790-5251-a13c-b3196a31fc06",84,"2 - Infra"
"0f2aa708-c790-5251-a13c-b3196a31fc06",87,"2 - Infra"
"0f2aa708-c790-5251-a13c-b3196a31fc06",89,"1 - General AI"
"13f004dc-182c-5318-b3af-1f78b304fe6f",58,"1 - General AI"
"fdca90ae-9ba5-56f0-b06a-e71c4e06e3ed",42,"2 - Infra"
"179d4a6e-fd59-5d6d-91a7-1c3ecb1d3342",50,"1 - General AI"
"1843affa-83ab-5648-a873-11b0c30eeb53",37,"2 - Infra"
"fa6fc1b3-8cbd-5710-8ddd-051d2233e8ac",46,"2 - Infra"
"4131fc5a-c19e-53c1-9732-68ec067db168",52,"2 - Infra"
"4131fc5a-c19e-53c1-9732-68ec067db168",95,"2 - Infra"
"48b9f120-88e0-5ea5-84c1-e8b2ebfc2c2c",47,"1 - General AI"
"4f64c4af-93b4-5cfd-8fe6-968c3c202fc6",10,"2 - Infra"
"4f64c4af-93b4-5cfd-8fe6-968c3c202fc6",15,"1 - General AI"
"4f64c4af-93b4-5cfd-8fe6-968c3c202fc6",67,"1 - General AI"
"64d6f21e-3c6a-574f-a02f-11aad0542d7f",35,"2 - Infra"
"64d6f21e-3c6a-574f-a02f-11aad0542d7f",36,"2 - Infra"
"7fa530a5-5a2b-5b91-80b9-943418126383",94,"1 - General AI"
"83cbc14a-2704-5d7e-9567-ddbce33572ed",82,"2 - Infra"
"83cbc14a-2704-5d7e-9567-ddbce33572ed",77,"1 - General AI"
"8b98b892-759b-5244-89aa-3470503fab29",84,"1 - General AI"
"8b98b892-759b-5244-89aa-3470503fab29",59,"2 - Infra"
"8efe5467-d363-5169-8fcd-ec221a07fc09",41,"1 - General AI"
"97e75168-0d6a-526d-8011-9cf9fd20ea6e",50,"1 - General AI"
"9ad0a4d1-5355-5447-995c-bff94eb15cf2",59,"2 - Infra"
"a420f2c3-69a0-53f5-8244-f45c4c97d86b",91,"1 - General AI"
"bb7d6cc8-ef6f-5817-9350-04bab2929952",73,"1 - General AI"
"dd418d07-8f0b-557b-bf12-220b13e39d03",54,"1 - General AI"
"dd418d07-8f0b-557b-bf12-220b13e39d03",83,"2 - Infra"
"e07399d2-87d6-5ff7-b5ea-cd4e7ea190a8",10,"1 - General AI"
"e07399d2-87d6-5ff7-b5ea-cd4e7ea190a8",6,"1 - General AI"
"e0c35d06-f4cf-56d9-84a6-4049fd8c39a6",45,"2 - Infra"
"5a6f90f8-32e8-543d-9000-fde4a761254f",61,"1 - General AI"
"5c6ea7e9-cae8-5452-8108-0f49a37ec1bb",105,"1 - General AI"
"5c6ea7e9-cae8-5452-8108-0f49a37ec1bb",120,"1 - General AI"
"5c6ea7e9-cae8-5452-8108-0f49a37ec1bb",99,"2 - Infra"
"5c6ea7e9-cae8-5452-8108-0f49a37ec1bb",115,"1 - General AI"
"5c6ea7e9-cae8-5452-8108-0f49a37ec1bb",66,"2 - Infra"
"6499c25a-dc42-5bbb-9e40-cfbcaaeeba1c",20,"2 - Infra"
"6499c25a-dc42-5bbb-9e40-cfbcaaeeba1c",21,"1 - General AI"
"6499c25a-dc42-5bbb-9e40-cfbcaaeeba1c",22,"2 - Infra"
"6499c25a-dc42-5bbb-9e40-cfbcaaeeba1c",23,"1 - General AI"
"6499c25a-dc42-5bbb-9e40-cfbcaaeeba1c",29,"1 - General AI"
"6499c25a-dc42-5bbb-9e40-cfbcaaeeba1c",10,"1 - General AI"
"64fb6d3b-38c0-5c8d-8ea7-6b6c5bb958be",28,"1 - General AI"
"769483ae-b14b-57ca-9eec-ad405de9f2de",2,"1 - General AI"
"785ecee6-38eb-580a-890f-004b66cb96dd",0,"2 - Infra"
"76f79525-d0c9-5635-af25-9e59a39e0964",14,"1 - General AI"
"76f79525-d0c9-5635-af25-9e59a39e0964",8,"1 - General AI"
"76f79525-d0c9-5635-af25-9e59a39e0964",113,"1 - General AI"
"76f79525-d0c9-5635-af25-9e59a39e0964",111,"1 - General AI"
"76f79525-d0c9-5635-af25-9e59a39e0964",91,"1 - General AI"
"76f79525-d0c9-5635-af25-9e59a39e0964",64,"1 - General AI"
"76f79525-d0c9-5635-af25-9e59a39e0964",59,"1 - General AI"
"76f79525-d0c9-5635-af25-9e59a39e0964",49,"1 - General AI"
"76f79525-d0c9-5635-af25-9e59a39e0964",31,"1 - General AI"
"76f79525-d0c9-5635-af25-9e59a39e0964",26,"1 - General AI"
"76f79525-d0c9-5635-af25-9e59a39e0964",25,"1 - General AI"
"76f79525-d0c9-5635-af25-9e59a39e0964",20,"1 - General AI"
"76f79525-d0c9-5635-af25-9e59a39e0964",16,"1 - General AI"
"7991db15-99eb-503a-8be5-08c0981a8f4a",0,"2 - Infra"
"799a9d62-d197-5402-861b-d679f1d95e99",0,"1 - General AI"
"7a3a3013-888b-537b-b5b8-4f124c94f24c",4,"2 - Infra"
"7906ed6e-c489-57ab-bb17-2ede247dd400",15,"1 - General AI"
"7906ed6e-c489-57ab-bb17-2ede247dd400",13,"1 - General AI"
"7906ed6e-c489-57ab-bb17-2ede247dd400",24,"2 - Infra"
"7a81a94e-d68c-56af-91ca-0521f3bfd894",0,"1 - General AI"
"7abd3dc2-f3b9-5e9f-bc81-36b964d6a5de",14,"1 - General AI"
"790fbad4-7837-5156-befc-507fccafb4ea",52,"2 - Infra"
"7d2c5140-50a2-5390-9b99-500265975c1b",139,"1 - General AI"
"7df08269-605e-55e1-a9b7-69d4308c9cb4",10,"1 - General AI"
"7fa530a5-5a2b-5b91-80b9-943418126383",8,"2 - Infra"
"7fa530a5-5a2b-5b91-80b9-943418126383",24,"1 - General AI"
"7fa530a5-5a2b-5b91-80b9-943418126383",49,"2 - Infra"
"7fa530a5-5a2b-5b91-80b9-943418126383",82,"1 - General AI"
"7facc553-ca88-53bf-9773-e1b6c0c33583",27,"2 - Infra"
"7facc553-ca88-53bf-9773-e1b6c0c33583",23,"2 - Infra"
"7facc553-ca88-53bf-9773-e1b6c0c33583",5,"2 - Infra"
"7facc553-ca88-53bf-9773-e1b6c0c33583",6,"2 - Infra"
"7facc553-ca88-53bf-9773-e1b6c0c33583",19,"2 - Infra"
"7facc553-ca88-53bf-9773-e1b6c0c33583",20,"1 - General AI"
"7facc553-ca88-53bf-9773-e1b6c0c33583",21,"2 - Infra"
"7facc553-ca88-53bf-9773-e1b6c0c33583",24,"2 - Infra"
"7facc553-ca88-53bf-9773-e1b6c0c33583",28,"1 - General AI"
"7facc553-ca88-53bf-9773-e1b6c0c33583",4,"2 - Infra"
"7fa530a5-5a2b-5b91-80b9-943418126383",9,"2 - Infra"
"7fa530a5-5a2b-5b91-80b9-943418126383",14,"2 - Infra"
"7fa530a5-5a2b-5b91-80b9-943418126383",16,"1 - General AI"
"7fa530a5-5a2b-5b91-80b9-943418126383",18,"1 - General AI"
"7fa530a5-5a2b-5b91-80b9-943418126383",22,"2 - Infra"
"7fa530a5-5a2b-5b91-80b9-943418126383",39,"2 - Infra"
"7fa530a5-5a2b-5b91-80b9-943418126383",103,"2 - Infra"
"7fa530a5-5a2b-5b91-80b9-943418126383",167,"2 - Infra"
"806bba5c-f32e-5463-a7e7-92bdacc4bcd1",14,"2 - Infra"
"806bba5c-f32e-5463-a7e7-92bdacc4bcd1",5,"2 - Infra"
"806bba5c-f32e-5463-a7e7-92bdacc4bcd1",3,"2 - Infra"
"806bba5c-f32e-5463-a7e7-92bdacc4bcd1",4,"1 - General AI"
"806bba5c-f32e-5463-a7e7-92bdacc4bcd1",8,"2 - Infra"
"806bba5c-f32e-5463-a7e7-92bdacc4bcd1",13,"2 - Infra"
"806bba5c-f32e-5463-a7e7-92bdacc4bcd1",18,"1 - General AI"
"806bba5c-f32e-5463-a7e7-92bdacc4bcd1",20,"1 - General AI"
"806bba5c-f32e-5463-a7e7-92bdacc4bcd1",1,"1 - General AI"
"806bba5c-f32e-5463-a7e7-92bdacc4bcd1",2,"1 - General AI"
"aedef1b8-fe47-5b61-880b-694590e1fa26",76,"1 - General AI"
"dd418d07-8f0b-557b-bf12-220b13e39d03",50,"1 - General AI"
"e07399d2-87d6-5ff7-b5ea-cd4e7ea190a8",15,"1 - General AI"
"e0c35d06-f4cf-56d9-84a6-4049fd8c39a6",87,"1 - General AI"
"e07399d2-87d6-5ff7-b5ea-cd4e7ea190a8",76,"2 - Infra"
"e0c35d06-f4cf-56d9-84a6-4049fd8c39a6",50,"1 - General AI"
"68860c45-5a25-5694-9d70-c116f5062adc",50,"1 - General AI"
"ad70ad5e-d0f5-59eb-8498-6bb500bfaccf",12,"1 - General AI"
"179d4a6e-fd59-5d6d-91a7-1c3ecb1d3342",43,"2 - Infra"
"29c22484-f9e5-5b9a-a623-0366882d14cd",44,"2 - Infra"
"3d4eda31-9fc2-5c41-9060-4ef7b8a79008",48,"2 - Infra"
"2c6ae2ee-7e66-5a92-8929-6d0e4b9ea760",18,"1 - General AI"
"3d4eda31-9fc2-5c41-9060-4ef7b8a79008",54,"1 - General AI"
"3d4eda31-9fc2-5c41-9060-4ef7b8a79008",56,"1 - General AI"
"3d4eda31-9fc2-5c41-9060-4ef7b8a79008",94,"1 - General AI"
"00b65c37-97c9-596f-a1ad-39c17c610279",101,"1 - General AI"
"00b65c37-97c9-596f-a1ad-39c17c610279",107,"1 - General AI"
"2c6ae2ee-7e66-5a92-8929-6d0e4b9ea760",7,"1 - General AI"
"aedef1b8-fe47-5b61-880b-694590e1fa26",94,"1 - General AI"
"3d4eda31-9fc2-5c41-9060-4ef7b8a79008",88,"1 - General AI"
"aedef1b8-fe47-5b61-880b-694590e1fa26",33,"1 - General AI"
"2c6ae2ee-7e66-5a92-8929-6d0e4b9ea760",9,"1 - General AI"
"2c6ae2ee-7e66-5a92-8929-6d0e4b9ea760",11,"1 - General AI"
"ffaeb671-975f-54d2-badf-6bd89649c168",73,"1 - General AI"
"1d93d9be-e915-5ae3-8655-4798dd9f5ebc",40,"2 - Infra"
"6c0dce19-3955-59ff-b689-b8536ac11439",66,"1 - General AI"
"179d4a6e-fd59-5d6d-91a7-1c3ecb1d3342",80,"2 - Infra"
"3d4eda31-9fc2-5c41-9060-4ef7b8a79008",89,"2 - Infra"
"fdca90ae-9ba5-56f0-b06a-e71c4e06e3ed",56,"2 - Infra"
"bb7d6cc8-ef6f-5817-9350-04bab2929952",16,"1 - General AI"
"0f2aa708-c790-5251-a13c-b3196a31fc06",49,"2 - Infra"
"c47c1879-47b3-56b0-98e6-40c5bafb2a92",47,"2 - Infra"
"ffaeb671-975f-54d2-badf-6bd89649c168",93,"1 - General AI"
"1843affa-83ab-5648-a873-11b0c30eeb53",38,"1 - General AI"
"3aa3e8f7-8b9e-5a2a-abc4-91dc9778a963",52,"2 - Infra"
"ffaeb671-975f-54d2-badf-6bd89649c168",99,"2 - Infra"
"48b9f120-88e0-5ea5-84c1-e8b2ebfc2c2c",72,"1 - General AI"
"5a5d512e-33c9-571f-a091-5395a1198d20",10,"2 - Infra"
"6c0dce19-3955-59ff-b689-b8536ac11439",13,"2 - Infra"
"6f604f3a-8799-5077-9f12-2124b4535a92",43,"2 - Infra"
"7c3fe6f0-b2eb-5ed5-b83e-152b9a3d5155",63,"2 - Infra"
"83cbc14a-2704-5d7e-9567-ddbce33572ed",45,"1 - General AI"
"877ecd2f-2639-57e6-80e4-48e9a8b0126f",40,"2 - Infra"
"8b98b892-759b-5244-89aa-3470503fab29",55,"2 - Infra"
"8b98b892-759b-5244-89aa-3470503fab29",94,"1 - General AI"
"8b98b892-759b-5244-89aa-3470503fab29",35,"2 - Infra"
"8b98b892-759b-5244-89aa-3470503fab29",90,"2 - Infra"
"8d2cf62c-3276-5bb1-b4b7-95030265b7e5",37,"2 - Infra"
"90b395b7-3f9c-5a6c-8b91-0cb34cb8e472",55,"2 - Infra"
"90b395b7-3f9c-5a6c-8b91-0cb34cb8e472",60,"2 - Infra"
"97e75168-0d6a-526d-8011-9cf9fd20ea6e",56,"2 - Infra"
"a420f2c3-69a0-53f5-8244-f45c4c97d86b",36,"1 - General AI"
"a61d18b2-ea5b-5473-8c75-9df8dd2877ac",52,"2 - Infra"
"a61d18b2-ea5b-5473-8c75-9df8dd2877ac",46,"1 - General AI"
"a82c94b1-d722-5d79-9a3e-0f0b77289bfa",36,"1 - General AI"
"a82c94b1-d722-5d79-9a3e-0f0b77289bfa",92,"2 - Infra"
"d217f4b1-f391-5895-bf80-d0ce63e17575",67,"1 - General AI"
"dd418d07-8f0b-557b-bf12-220b13e39d03",45,"1 - General AI"
"dd65594b-e27d-5f2e-9ba7-23c87bcc6d68",55,"2 - Infra"
"dd65594b-e27d-5f2e-9ba7-23c87bcc6d68",39,"1 - General AI"
"dd418d07-8f0b-557b-bf12-220b13e39d03",78,"1 - General AI"
"e07399d2-87d6-5ff7-b5ea-cd4e7ea190a8",7,"1 - General AI"
"e0c35d06-f4cf-56d9-84a6-4049fd8c39a6",88,"1 - General AI"
"e0c35d06-f4cf-56d9-84a6-4049fd8c39a6",97,"2 - Infra"
"e07399d2-87d6-5ff7-b5ea-cd4e7ea190a8",180,"2 - Infra"
"0f2aa708-c790-5251-a13c-b3196a31fc06",90,"1 - General AI"
"ad70ad5e-d0f5-59eb-8498-6bb500bfaccf",6,"1 - General AI"
"eb6c5321-e8d8-5586-a77b-28a5de2e0a0f",100,"1 - General AI"
"eb6c5321-e8d8-5586-a77b-28a5de2e0a0f",141,"1 - General AI"
"09e53e56-9655-5b01-9328-be1a2e0f8757",102,"1 - General AI"
"2e3ebdd6-c645-50e4-b6b0-d7694deb9dff",98,"1 - General AI"
"2e3ebdd6-c645-50e4-b6b0-d7694deb9dff",179,"1 - General AI"
"2e3ebdd6-c645-50e4-b6b0-d7694deb9dff",185,"1 - General AI"
"f6b704e5-a73c-5e5b-9edf-6540c213efd1",73,"1 - General AI"
"f6b704e5-a73c-5e5b-9edf-6540c213efd1",80,"1 - General AI"
"f6b704e5-a73c-5e5b-9edf-6540c213efd1",84,"1 - General AI"
"f6b704e5-a73c-5e5b-9edf-6540c213efd1",88,"1 - General AI"
"f6b704e5-a73c-5e5b-9edf-6540c213efd1",89,"1 - General AI"
"f6b704e5-a73c-5e5b-9edf-6540c213efd1",115,"1 - General AI"
"f6b704e5-a73c-5e5b-9edf-6540c213efd1",134,"1 - General AI"
"f6b704e5-a73c-5e5b-9edf-6540c213efd1",10,"1 - General AI"
"f6b704e5-a73c-5e5b-9edf-6540c213efd1",24,"1 - General AI"
"f6b704e5-a73c-5e5b-9edf-6540c213efd1",32,"1 - General AI"
"f6b704e5-a73c-5e5b-9edf-6540c213efd1",34,"1 - General AI"
"f6b704e5-a73c-5e5b-9edf-6540c213efd1",38,"1 - General AI"
"f6b704e5-a73c-5e5b-9edf-6540c213efd1",40,"1 - General AI"
"f6b704e5-a73c-5e5b-9edf-6540c213efd1",41,"1 - General AI"
"f6b704e5-a73c-5e5b-9edf-6540c213efd1",42,"1 - General AI"
"f6b704e5-a73c-5e5b-9edf-6540c213efd1",45,"1 - General AI"
"f6b704e5-a73c-5e5b-9edf-6540c213efd1",51,"1 - General AI"
"09e53e56-9655-5b01-9328-be1a2e0f8757",139,"1 - General AI"
"2e3ebdd6-c645-50e4-b6b0-d7694deb9dff",112,"1 - General AI"
"2e3ebdd6-c645-50e4-b6b0-d7694deb9dff",114,"1 - General AI"
"eb6c5321-e8d8-5586-a77b-28a5de2e0a0f",47,"1 - General AI"
"eb6c5321-e8d8-5586-a77b-28a5de2e0a0f",58,"1 - General AI"
"fbb24933-2002-56bf-89d9-e2b289e1c65c",23,"1 - General AI"
"fbb24933-2002-56bf-89d9-e2b289e1c65c",135,"1 - General AI"
"6f604f3a-8799-5077-9f12-2124b4535a92",62,"2 - Infra"
"4131fc5a-c19e-53c1-9732-68ec067db168",89,"1 - General AI"
"48b9f120-88e0-5ea5-84c1-e8b2ebfc2c2c",54,"2 - Infra"
"64145f2b-5d8e-5f42-99f6-74af479f28a6",49,"2 - Infra"
"642dd329-c2f9-500a-87db-db76515798dd",139,"1 - General AI"
"642dd329-c2f9-500a-87db-db76515798dd",203,"1 - General AI"
"790fbad4-7837-5156-befc-507fccafb4ea",51,"2 - Infra"
"83cbc14a-2704-5d7e-9567-ddbce33572ed",37,"2 - Infra"
"8b98b892-759b-5244-89aa-3470503fab29",96,"2 - Infra"
"8efe5467-d363-5169-8fcd-ec221a07fc09",12,"2 - Infra"
"935b548e-a872-5c60-9f81-abdf52ac4495",92,"1 - General AI"
"935b548e-a872-5c60-9f81-abdf52ac4495",79,"1 - General AI"
"935b548e-a872-5c60-9f81-abdf52ac4495",54,"1 - General AI"
"935b548e-a872-5c60-9f81-abdf52ac4495",101,"1 - General AI"
"935b548e-a872-5c60-9f81-abdf52ac4495",163,"1 - General AI"
"9d07dd95-3fa0-5b73-8843-f846303eb38a",183,"1 - General AI"
"a61d18b2-ea5b-5473-8c75-9df8dd2877ac",56,"2 - Infra"
"a82c94b1-d722-5d79-9a3e-0f0b77289bfa",87,"1 - General AI"
"a82c94b1-d722-5d79-9a3e-0f0b77289bfa",56,"2 - Infra"
"c47c1879-47b3-56b0-98e6-40c5bafb2a92",38,"2 - Infra"
"d9c907c9-e12c-50e1-9f28-2bfdc2488752",151,"1 - General AI"
"d9c907c9-e12c-50e1-9f28-2bfdc2488752",108,"1 - General AI"
"dd418d07-8f0b-557b-bf12-220b13e39d03",49,"1 - General AI"
"e23fad02-d262-5319-85d5-99c856d576f9",136,"1 - General AI"
"e23fad02-d262-5319-85d5-99c856d576f9",88,"1 - General AI"
"68f6001f-d7db-59ca-9173-bf5450ef4d08",33,"1 - General AI"
"6c0dce19-3955-59ff-b689-b8536ac11439",230,"2 - Infra"
"321f8689-5fe6-5b21-9ebf-b9c9f0bc84e3",18,"1 - General AI"
"321f8689-5fe6-5b21-9ebf-b9c9f0bc84e3",19,"1 - General AI"
"321f8689-5fe6-5b21-9ebf-b9c9f0bc84e3",21,"1 - General AI"
"321f8689-5fe6-5b21-9ebf-b9c9f0bc84e3",22,"1 - General AI"
"321f8689-5fe6-5b21-9ebf-b9c9f0bc84e3",23,"1 - General AI"
"321f8689-5fe6-5b21-9ebf-b9c9f0bc84e3",24,"1 - General AI"
"321f8689-5fe6-5b21-9ebf-b9c9f0bc84e3",25,"1 - General AI"
"4a84fed5-9078-5307-a218-4d72f9e5fe39",4,"1 - General AI"
"55298621-dcfe-5481-82ae-ba4f9c6bf2f6",248,"1 - General AI"
"55298621-dcfe-5481-82ae-ba4f9c6bf2f6",78,"1 - General AI"
"76f79525-d0c9-5635-af25-9e59a39e0964",32,"1 - General AI"
"8de4fbbc-9a78-5240-a65b-e596f2e29496",11,"1 - General AI"
"8de4fbbc-9a78-5240-a65b-e596f2e29496",46,"1 - General AI"
"e07399d2-87d6-5ff7-b5ea-cd4e7ea190a8",87,"2 - Infra"
"36acde72-47bf-5a97-98cb-bd1b3b7d8563",123,"1 - General AI"
"36acde72-47bf-5a97-98cb-bd1b3b7d8563",24,"1 - General AI"
"36acde72-47bf-5a97-98cb-bd1b3b7d8563",5,"1 - General AI"
"904058bd-363b-5ec5-9d93-f422ba7c2bfa",3,"1 - General AI"
"8fcfd31d-bfce-558f-afaa-9fca124a4cab",35,"1 - General AI"
"ced4ab13-26ba-5d31-b9cb-034dd8c77805",16,"2 - Infra"
"00b65c37-97c9-596f-a1ad-39c17c610279",96,"1 - General AI"
"13f004dc-182c-5318-b3af-1f78b304fe6f",13,"2 - Infra"
"40c92011-465b-5510-83eb-45c7a4ff9ce1",118,"1 - General AI"
"4324b21a-0300-5afd-ba0d-f585dcf7945e",23,"2 - Infra"
"4324b21a-0300-5afd-ba0d-f585dcf7945e",5,"2 - Infra"
"4324b21a-0300-5afd-ba0d-f585dcf7945e",6,"2 - Infra"
"4324b21a-0300-5afd-ba0d-f585dcf7945e",1,"1 - General AI"
"4324b21a-0300-5afd-ba0d-f585dcf7945e",24,"1 - General AI"
"43b08bf7-9e27-55e8-8ac5-19fa45e3a311",17,"1 - General AI"
"43b08bf7-9e27-55e8-8ac5-19fa45e3a311",24,"1 - General AI"
"43b08bf7-9e27-55e8-8ac5-19fa45e3a311",1,"1 - General AI"
"43b08bf7-9e27-55e8-8ac5-19fa45e3a311",16,"2 - Infra"
"438d88e5-00f6-5108-b55f-5c76c9934756",7,"1 - General AI"
"443804eb-ebee-50f4-a36b-161b4371f069",25,"1 - General AI"
"451723cb-39ca-55cc-9710-140cdb25b67f",5,"2 - Infra"
"451723cb-39ca-55cc-9710-140cdb25b67f",6,"1 - General AI"
"451723cb-39ca-55cc-9710-140cdb25b67f",11,"2 - Infra"
"451723cb-39ca-55cc-9710-140cdb25b67f",23,"2 - Infra"
"451723cb-39ca-55cc-9710-140cdb25b67f",21,"2 - Infra"
"451723cb-39ca-55cc-9710-140cdb25b67f",25,"2 - Infra"
"451723cb-39ca-55cc-9710-140cdb25b67f",26,"1 - General AI"
"49eb043b-e92e-58d4-897e-f57564597ee3",2,"1 - General AI"
"49eb043b-e92e-58d4-897e-f57564597ee3",1,"2 - Infra"
"471cb45f-ed1d-55e3-bb83-f37c8097eb98",8,"2 - Infra"
"471cb45f-ed1d-55e3-bb83-f37c8097eb98",20,"1 - General AI"
"47d18e9e-5340-5380-81b1-c648e52bd08b",1,"1 - General AI"
"49fa3c08-601b-518b-b610-f7a7f8102a3a",21,"1 - General AI"
"49fa3c08-601b-518b-b610-f7a7f8102a3a",7,"2 - Infra"
"49fa3c08-601b-518b-b610-f7a7f8102a3a",25,"2 - Infra"
"4a84fed5-9078-5307-a218-4d72f9e5fe39",13,"1 - General AI"
"4a84fed5-9078-5307-a218-4d72f9e5fe39",8,"2 - Infra"
"48b9f120-88e0-5ea5-84c1-e8b2ebfc2c2c",66,"1 - General AI"
"48b9f120-88e0-5ea5-84c1-e8b2ebfc2c2c",88,"2 - Infra"
"48b9f120-88e0-5ea5-84c1-e8b2ebfc2c2c",92,"2 - Infra"
"48b9f120-88e0-5ea5-84c1-e8b2ebfc2c2c",84,"2 - Infra"
"48b9f120-88e0-5ea5-84c1-e8b2ebfc2c2c",46,"2 - Infra"
"48b9f120-88e0-5ea5-84c1-e8b2ebfc2c2c",38,"1 - General AI"
"48b9f120-88e0-5ea5-84c1-e8b2ebfc2c2c",29,"1 - General AI"
"48b9f120-88e0-5ea5-84c1-e8b2ebfc2c2c",82,"1 - General AI"
"4bb81810-1e65-55f1-ac9e-67bab08e62fc",0,"2 - Infra"
"4ae4df50-83ae-5b5c-84ad-5adbb39d021a",18,"1 - General AI"
"4c80309d-28f8-5aa3-9b1b-795a37d35c47",0,"2 - Infra"
"4c789560-a4db-5046-ab85-36abcc67a1b7",4,"1 - General AI"
"4dcd674c-7355-5050-a27d-c2d6d36b969a",16,"1 - General AI"
"4dcd674c-7355-5050-a27d-c2d6d36b969a",5,"2 - Infra"
"4dcd674c-7355-5050-a27d-c2d6d36b969a",4,"1 - General AI"
"4dcd674c-7355-5050-a27d-c2d6d36b969a",3,"2 - Infra"
"4dcd674c-7355-5050-a27d-c2d6d36b969a",30,"2 - Infra"
"4dcd674c-7355-5050-a27d-c2d6d36b969a",28,"1 - General AI"
"4e2b06c0-b5a5-5f63-b635-25aeeddbb239",0,"1 - General AI"
"4e2c91b1-072f-5831-960e-f4b24aefeada",0,"2 - Infra"
"4dd0cec5-157e-5853-b3a8-c58e38214cd6",0,"2 - Infra"
"4dda5bd0-9340-53e7-ad08-cd48e77e92f0",0,"1 - General AI"
"4f64c4af-93b4-5cfd-8fe6-968c3c202fc6",12,"1 - General AI"
"4f64c4af-93b4-5cfd-8fe6-968c3c202fc6",13,"1 - General AI"
"503578ac-103e-5a36-af1c-0506b87638fc",0,"1 - General AI"
"50b165cd-b558-547b-8ca1-52872456a8f1",0,"1 - General AI"
"525fca10-0bcd-5f70-9c5a-55f9aa4a0794",3,"3 - Platform"
"525fca10-0bcd-5f70-9c5a-55f9aa4a0794",28,"1 - General AI"
"525fca10-0bcd-5f70-9c5a-55f9aa4a0794",30,"1 - General AI"
"5166692b-6110-5fba-98dc-233e29dfe106",92,"2 - Infra"
"5166692b-6110-5fba-98dc-233e29dfe106",94,"1 - General AI"
"5166692b-6110-5fba-98dc-233e29dfe106",115,"1 - General AI"
"5310f871-96f6-5a1b-9031-fa9c32b15484",4,"1 - General AI"
"53a534ea-6d2f-5471-a921-d44373e02c1e",12,"2 - Infra"
"53a534ea-6d2f-5471-a921-d44373e02c1e",10,"1 - General AI"
"53a534ea-6d2f-5471-a921-d44373e02c1e",5,"2 - Infra"
"53a534ea-6d2f-5471-a921-d44373e02c1e",1,"1 - General AI"
"53a534ea-6d2f-5471-a921-d44373e02c1e",2,"2 - Infra"
"546dbd88-8b1f-55ad-bf0b-d68ce5b38b94",8,"1 - General AI"
"546dbd88-8b1f-55ad-bf0b-d68ce5b38b94",4,"2 - Infra"
"546dbd88-8b1f-55ad-bf0b-d68ce5b38b94",13,"2 - Infra"
"546dbd88-8b1f-55ad-bf0b-d68ce5b38b94",5,"2 - Infra"
"546dbd88-8b1f-55ad-bf0b-d68ce5b38b94",7,"1 - General AI"
"57065ce8-9a47-5dda-acba-91c6432fdca8",54,"2 - Infra"
"5aa4bca7-c608-56e2-b635-9553620e7778",0,"1 - General AI"
"55298621-dcfe-5481-82ae-ba4f9c6bf2f6",81,"1 - General AI"
"55298621-dcfe-5481-82ae-ba4f9c6bf2f6",17,"1 - General AI"
"55298621-dcfe-5481-82ae-ba4f9c6bf2f6",32,"2 - Infra"
"55298621-dcfe-5481-82ae-ba4f9c6bf2f6",122,"2 - Infra"
"584e2356-d5a6-5710-9f24-b6f0a71345b2",23,"1 - General AI"
"58b091ea-c76d-5f1d-a3ea-afbf891d6b34",0,"2 - Infra"
"5a6f90f8-32e8-543d-9000-fde4a761254f",58,"1 - General AI"
"5cff7410-7cd6-5fc2-a433-7d4bad0d9f5c",0,"2 - Infra"
"5d1ac975-ea2d-5ef5-ab0f-c10dcb8f6686",8,"1 - General AI"
"5d1ac975-ea2d-5ef5-ab0f-c10dcb8f6686",26,"2 - Infra"
"5d1ac975-ea2d-5ef5-ab0f-c10dcb8f6686",24,"2 - Infra"
"5d8826c8-9eb1-5302-a2fa-b2d3a20b8383",17,"1 - General AI"
"5d8826c8-9eb1-5302-a2fa-b2d3a20b8383",22,"1 - General AI"
"5d8826c8-9eb1-5302-a2fa-b2d3a20b8383",3,"1 - General AI"
"5d8826c8-9eb1-5302-a2fa-b2d3a20b8383",28,"1 - General AI"
"5d8826c8-9eb1-5302-a2fa-b2d3a20b8383",29,"1 - General AI"
"5d8826c8-9eb1-5302-a2fa-b2d3a20b8383",26,"1 - General AI"
"5d8826c8-9eb1-5302-a2fa-b2d3a20b8383",16,"1 - General AI"
"5d8826c8-9eb1-5302-a2fa-b2d3a20b8383",1,"1 - General AI"
"5ef795f8-317a-509c-afa3-0402a4f03b2d",0,"1 - General AI"
"7550b2b7-834a-5a04-a9ee-6ae8ff1d64da",20,"2 - Infra"
"7550b2b7-834a-5a04-a9ee-6ae8ff1d64da",4,"1 - General AI"
"7550b2b7-834a-5a04-a9ee-6ae8ff1d64da",7,"1 - General AI"
"7550b2b7-834a-5a04-a9ee-6ae8ff1d64da",2,"1 - General AI"
"7550b2b7-834a-5a04-a9ee-6ae8ff1d64da",13,"2 - Infra"
"759d30fa-79d0-5b18-b1b0-bf553adc8914",0,"1 - General AI"
"76fba070-999a-5168-acf6-a466563f3fb7",0,"2 - Infra"
"7c41171b-0f5d-53e5-8057-2ed4c1bb6d5a",0,"1 - General AI"
"806bba5c-f32e-5463-a7e7-92bdacc4bcd1",25,"1 - General AI"
"806bba5c-f32e-5463-a7e7-92bdacc4bcd1",23,"1 - General AI"
"7c3dac3d-eff3-5683-aeb6-0848c5b1fdb3",0,"2 - Infra"
"7d4ec6a4-b500-597f-a4c8-3b1efa1bc7f3",19,"2 - Infra"
"7d4ec6a4-b500-597f-a4c8-3b1efa1bc7f3",12,"1 - General AI"
"7d4ec6a4-b500-597f-a4c8-3b1efa1bc7f3",10,"1 - General AI"
"7d4ec6a4-b500-597f-a4c8-3b1efa1bc7f3",2,"2 - Infra"
"7d4ec6a4-b500-597f-a4c8-3b1efa1bc7f3",14,"1 - General AI"
"7d4ec6a4-b500-597f-a4c8-3b1efa1bc7f3",17,"1 - General AI"
"7d4ec6a4-b500-597f-a4c8-3b1efa1bc7f3",25,"1 - General AI"
"7d4ec6a4-b500-597f-a4c8-3b1efa1bc7f3",27,"1 - General AI"
"7c3fe6f0-b2eb-5ed5-b83e-152b9a3d5155",90,"2 - Infra"
"7fa530a5-5a2b-5b91-80b9-943418126383",201,"2 - Infra"
"8358ab57-a5d5-5091-b100-15b266c71a29",7,"2 - Infra"
"8358ab57-a5d5-5091-b100-15b266c71a29",8,"1 - General AI"
"83cbc14a-2704-5d7e-9567-ddbce33572ed",52,"1 - General AI"
"83cbc14a-2704-5d7e-9567-ddbce33572ed",70,"1 - General AI"
"83cbc14a-2704-5d7e-9567-ddbce33572ed",74,"1 - General AI"
"83cbc14a-2704-5d7e-9567-ddbce33572ed",78,"1 - General AI"
"83cbc14a-2704-5d7e-9567-ddbce33572ed",90,"2 - Infra"
"83cbc14a-2704-5d7e-9567-ddbce33572ed",35,"2 - Infra"
"aedef1b8-fe47-5b61-880b-694590e1fa26",75,"1 - General AI"
"aedef1b8-fe47-5b61-880b-694590e1fa26",56,"1 - General AI"
"8a70658a-4569-5ce8-a1b7-889433e452c9",184,"1 - General AI"
"8a70658a-4569-5ce8-a1b7-889433e452c9",32,"1 - General AI"
"88689740-f6a5-5345-b5b8-7cc21e9b6af5",0,"2 - Infra"
"891ad6c9-b75d-5527-866a-7aaba8be2da4",0,"2 - Infra"
"891b443a-6c36-5674-96a1-b5c792b26264",0,"1 - General AI"
"88102f8a-34cb-5b4d-92fe-8a847b6c9a4d",25,"1 - General AI"
"8995d4f1-d87b-5eaf-9ca9-2c49e6e982b1",0,"2 - Infra"
"89aa12fc-2c91-572c-9051-4849fd14745d",0,"2 - Infra"
"89fad4ec-160b-5090-bba4-56f33f5333d5",60,"2 - Infra"
"89fad4ec-160b-5090-bba4-56f33f5333d5",62,"2 - Infra"
"89fad4ec-160b-5090-bba4-56f33f5333d5",65,"1 - General AI"
"89fad4ec-160b-5090-bba4-56f33f5333d5",70,"2 - Infra"
"89fad4ec-160b-5090-bba4-56f33f5333d5",108,"1 - General AI"
"89fad4ec-160b-5090-bba4-56f33f5333d5",121,"1 - General AI"
"89fad4ec-160b-5090-bba4-56f33f5333d5",126,"1 - General AI"
"89bd0583-0579-53c0-b833-4c631d6ce558",0,"2 - Infra"
"8a9d159d-331e-5125-bdf7-7ef8235251b2",31,"2 - Infra"
"8a9d159d-331e-5125-bdf7-7ef8235251b2",23,"1 - General AI"
"8a9d159d-331e-5125-bdf7-7ef8235251b2",4,"1 - General AI"
"8a70658a-4569-5ce8-a1b7-889433e452c9",97,"1 - General AI"
"8a70658a-4569-5ce8-a1b7-889433e452c9",105,"1 - General AI"
"8a70658a-4569-5ce8-a1b7-889433e452c9",120,"1 - General AI"
"8a70658a-4569-5ce8-a1b7-889433e452c9",152,"1 - General AI"
"8a70658a-4569-5ce8-a1b7-889433e452c9",57,"1 - General AI"
"89fad4ec-160b-5090-bba4-56f33f5333d5",3,"1 - General AI"
"8bc1b895-2563-583f-8c4b-0dbe60e1ca3a",17,"2 - Infra"
"8bc1b895-2563-583f-8c4b-0dbe60e1ca3a",4,"2 - Infra"
"8bc1b895-2563-583f-8c4b-0dbe60e1ca3a",9,"1 - General AI"
"8bc1b895-2563-583f-8c4b-0dbe60e1ca3a",14,"2 - Infra"
"8bc1b895-2563-583f-8c4b-0dbe60e1ca3a",15,"1 - General AI"
"8c0d9753-029a-574b-a5f6-3c4090803969",124,"1 - General AI"
"8c0d9753-029a-574b-a5f6-3c4090803969",117,"1 - General AI"
"8a70658a-4569-5ce8-a1b7-889433e452c9",121,"1 - General AI"
"8a70658a-4569-5ce8-a1b7-889433e452c9",151,"1 - General AI"
"8b0c505a-5d2c-5919-89ea-aea260b6457d",5,"2 - Infra"
"8b0c505a-5d2c-5919-89ea-aea260b6457d",12,"2 - Infra"
"8b0c505a-5d2c-5919-89ea-aea260b6457d",22,"2 - Infra"
"8b0c505a-5d2c-5919-89ea-aea260b6457d",2,"1 - General AI"
"8b0c505a-5d2c-5919-89ea-aea260b6457d",7,"2 - Infra"
"8b0c505a-5d2c-5919-89ea-aea260b6457d",26,"1 - General AI"
"8d613210-f36f-5330-b68c-59f82d72b913",31,"1 - General AI"
"8d8f645f-6188-51ae-991a-16f0f9ce163b",5,"1 - General AI"
"8e586bb3-d2ec-5a8e-bb9a-edc191314e80",0,"2 - Infra"
"8f145923-6fec-564f-bce1-3f151a07233e",0,"2 - Infra"
"8f6f6379-7b1d-5921-9326-d9244d569a8c",12,"1 - General AI"
"8f6f6379-7b1d-5921-9326-d9244d569a8c",5,"2 - Infra"
"9229fe39-58e8-5e8b-9b81-61e1e5aab840",6,"1 - General AI"
"9229fe39-58e8-5e8b-9b81-61e1e5aab840",3,"2 - Infra"
"937470d2-61b2-5b15-96dc-206ba9bbb3e7",31,"1 - General AI"
"937470d2-61b2-5b15-96dc-206ba9bbb3e7",33,"1 - General AI"
"935b548e-a872-5c60-9f81-abdf52ac4495",28,"1 - General AI"
"935b548e-a872-5c60-9f81-abdf52ac4495",138,"1 - General AI"
"961b921d-3db3-546f-9052-11e04eea1dd7",0,"2 - Infra"
"96495464-e6da-5fa7-ac4f-e55615da7bfd",0,"2 - Infra"
"9837dfd9-0389-5100-88ba-32b379e479ff",27,"1 - General AI"
"9cfa715e-27a7-51b4-9133-473aa1a78375",0,"2 - Infra"
"9f2ba849-64d8-5743-8663-91d1fba37890",9,"1 - General AI"
"a0f87f5f-47f1-5127-81c2-44ac0b715920",4,"1 - General AI"
"9fc772f2-c925-549d-8063-dcd2d33be980",98,"1 - General AI"
"9fc772f2-c925-549d-8063-dcd2d33be980",93,"1 - General AI"
"a263aff4-f957-563b-bf65-18268688e50e",18,"1 - General AI"
"a263aff4-f957-563b-bf65-18268688e50e",10,"1 - General AI"
"a263aff4-f957-563b-bf65-18268688e50e",11,"1 - General AI"
"a31adff2-40c5-5520-8cb4-b33ca6b86e3a",34,"2 - Infra"
"a31adff2-40c5-5520-8cb4-b33ca6b86e3a",1,"1 - General AI"
"a31adff2-40c5-5520-8cb4-b33ca6b86e3a",24,"2 - Infra"
"a31adff2-40c5-5520-8cb4-b33ca6b86e3a",35,"1 - General AI"
"a31adff2-40c5-5520-8cb4-b33ca6b86e3a",41,"2 - Infra"
"a31adff2-40c5-5520-8cb4-b33ca6b86e3a",42,"1 - General AI"
"a31adff2-40c5-5520-8cb4-b33ca6b86e3a",43,"1 - General AI"
"a31adff2-40c5-5520-8cb4-b33ca6b86e3a",6,"2 - Infra"
"a0f87f5f-47f1-5127-81c2-44ac0b715920",101,"1 - General AI"
"a22c13ef-3936-577e-8c1d-9036083bcd08",48,"1 - General AI"
"a22c13ef-3936-577e-8c1d-9036083bcd08",100,"1 - General AI"
"a2e1c147-ad35-5225-a2ab-cfd6d7cf19c5",79,"1 - General AI"
"a2e1c147-ad35-5225-a2ab-cfd6d7cf19c5",75,"1 - General AI"
"a2e1c147-ad35-5225-a2ab-cfd6d7cf19c5",78,"1 - General AI"
"a2e1c147-ad35-5225-a2ab-cfd6d7cf19c5",111,"2 - Infra"
"a291f509-c7c2-5c4f-85e2-1036bd4d6a8e",70,"1 - General AI"
"a22c13ef-3936-577e-8c1d-9036083bcd08",294,"1 - General AI"
"b035db6b-9975-584b-a20e-df2443718373",0,"2 - Infra"
"a82c94b1-d722-5d79-9a3e-0f0b77289bfa",90,"2 - Infra"
"a82c94b1-d722-5d79-9a3e-0f0b77289bfa",75,"2 - Infra"
"a82c94b1-d722-5d79-9a3e-0f0b77289bfa",54,"2 - Infra"
"b076f00c-1b13-5fe2-96fb-8bf573a038a9",11,"1 - General AI"
"b076f00c-1b13-5fe2-96fb-8bf573a038a9",20,"1 - General AI"
"b076f00c-1b13-5fe2-96fb-8bf573a038a9",5,"1 - General AI"
"b076f00c-1b13-5fe2-96fb-8bf573a038a9",10,"1 - General AI"
"b076f00c-1b13-5fe2-96fb-8bf573a038a9",28,"1 - General AI"
"b076f00c-1b13-5fe2-96fb-8bf573a038a9",30,"1 - General AI"
"b076f00c-1b13-5fe2-96fb-8bf573a038a9",31,"1 - General AI"
"b076f00c-1b13-5fe2-96fb-8bf573a038a9",2,"1 - General AI"
"b076f00c-1b13-5fe2-96fb-8bf573a038a9",6,"1 - General AI"
"b076f00c-1b13-5fe2-96fb-8bf573a038a9",7,"1 - General AI"
"b076f00c-1b13-5fe2-96fb-8bf573a038a9",14,"1 - General AI"
"b076f00c-1b13-5fe2-96fb-8bf573a038a9",16,"1 - General AI"
"b076f00c-1b13-5fe2-96fb-8bf573a038a9",18,"1 - General AI"
"b076f00c-1b13-5fe2-96fb-8bf573a038a9",21,"1 - General AI"
"b076f00c-1b13-5fe2-96fb-8bf573a038a9",22,"1 - General AI"
"b076f00c-1b13-5fe2-96fb-8bf573a038a9",24,"1 - General AI"
"b076f00c-1b13-5fe2-96fb-8bf573a038a9",26,"1 - General AI"
"b104832c-9b87-5f77-b04b-e9a7f1e0d0db",10,"1 - General AI"
"b104832c-9b87-5f77-b04b-e9a7f1e0d0db",35,"2 - Infra"
"b104832c-9b87-5f77-b04b-e9a7f1e0d0db",30,"1 - General AI"
"b104832c-9b87-5f77-b04b-e9a7f1e0d0db",6,"2 - Infra"
"b104832c-9b87-5f77-b04b-e9a7f1e0d0db",5,"1 - General AI"
"b104832c-9b87-5f77-b04b-e9a7f1e0d0db",20,"1 - General AI"
"b104832c-9b87-5f77-b04b-e9a7f1e0d0db",23,"2 - Infra"
"b104832c-9b87-5f77-b04b-e9a7f1e0d0db",24,"1 - General AI"
"b104832c-9b87-5f77-b04b-e9a7f1e0d0db",26,"1 - General AI"
"b104832c-9b87-5f77-b04b-e9a7f1e0d0db",27,"1 - General AI"
"aedef1b8-fe47-5b61-880b-694590e1fa26",110,"1 - General AI"
"b14b46d8-365e-5d37-80cc-3c0149facbd4",0,"1 - General AI"
"b1bf78cc-3b79-5904-b32e-46e9a86a7fd0",0,"2 - Infra"
"b2691109-090d-5526-a54e-3f7db0099812",0,"1 - General AI"
"b4523989-ad55-5508-aa71-fe1314b61d21",0,"2 - Infra"
"b47fe0e1-ba39-570a-b60b-51d06f31d737",40,"1 - General AI"
"b47fe0e1-ba39-570a-b60b-51d06f31d737",66,"1 - General AI"
"b416b004-bb36-5af0-9c64-1d1b71ab1023",297,"2 - Infra"
"b416b004-bb36-5af0-9c64-1d1b71ab1023",130,"1 - General AI"
"b416b004-bb36-5af0-9c64-1d1b71ab1023",81,"1 - General AI"
"b416b004-bb36-5af0-9c64-1d1b71ab1023",70,"1 - General AI"
"b416b004-bb36-5af0-9c64-1d1b71ab1023",63,"1 - General AI"
"b47bf12e-5cad-5ea1-9286-2040b88893c8",0,"2 - Infra"
"b416b004-bb36-5af0-9c64-1d1b71ab1023",51,"1 - General AI"
"b416b004-bb36-5af0-9c64-1d1b71ab1023",30,"1 - General AI"
"b416b004-bb36-5af0-9c64-1d1b71ab1023",29,"1 - General AI"
"b416b004-bb36-5af0-9c64-1d1b71ab1023",28,"2 - Infra"
"b416b004-bb36-5af0-9c64-1d1b71ab1023",17,"1 - General AI"
"b416b004-bb36-5af0-9c64-1d1b71ab1023",16,"1 - General AI"
"b416b004-bb36-5af0-9c64-1d1b71ab1023",11,"1 - General AI"
"b416b004-bb36-5af0-9c64-1d1b71ab1023",27,"2 - Infra"
"b416b004-bb36-5af0-9c64-1d1b71ab1023",43,"1 - General AI"
"b416b004-bb36-5af0-9c64-1d1b71ab1023",57,"1 - General AI"
"b416b004-bb36-5af0-9c64-1d1b71ab1023",61,"1 - General AI"
"b416b004-bb36-5af0-9c64-1d1b71ab1023",72,"1 - General AI"
"b47fe0e1-ba39-570a-b60b-51d06f31d737",76,"1 - General AI"
"b47fe0e1-ba39-570a-b60b-51d06f31d737",77,"2 - Infra"
"b47fe0e1-ba39-570a-b60b-51d06f31d737",87,"1 - General AI"
"b47fe0e1-ba39-570a-b60b-51d06f31d737",127,"2 - Infra"
"b47fe0e1-ba39-570a-b60b-51d06f31d737",130,"1 - General AI"
"b47fe0e1-ba39-570a-b60b-51d06f31d737",186,"1 - General AI"
"b541e9de-5d2f-50d2-b6f9-4c235f5cb88b",0,"1 - General AI"
"b6241ce5-4697-5422-8a40-ca5cd694f4a6",0,"2 - Infra"
"b5501356-7b2e-5738-9074-438f7777076b",97,"1 - General AI"
"b5501356-7b2e-5738-9074-438f7777076b",53,"1 - General AI"
"b6c1e6e5-4650-5e0f-88fc-c12e3a89fe6d",0,"2 - Infra"
"b782e38a-cfdc-50ac-9062-09ee6d669a9a",0,"1 - General AI"
"b7307197-fc09-5343-a438-ac205c0cc122",0,"2 - Infra"
"b787d5d4-6f4f-5b8e-86c2-86232215a05f",0,"1 - General AI"
"b7c8c258-626f-5cf5-8557-b29918aeb5f7",0,"1 - General AI"
"b75e9e02-9f52-56f0-b589-24f93af288c5",306,"1 - General AI"
"b9186af5-38dc-5df1-ad7b-b902474c1e16",0,"1 - General AI"
"b9370e80-a22c-5d2a-9579-12449ea83286",5,"1 - General AI"
"b9a2768b-1038-5e88-a33f-63795ad6dacf",0,"2 - Infra"
"ba9124e3-8d14-5f10-9f0a-1cecea9dbc48",0,"2 - Infra"
"c468e666-a298-505b-9a26-045b9128d2bd",14,"1 - General AI"
"b9370e80-a22c-5d2a-9579-12449ea83286",14,"1 - General AI"
"b9370e80-a22c-5d2a-9579-12449ea83286",24,"1 - General AI"
"b9370e80-a22c-5d2a-9579-12449ea83286",13,"1 - General AI"
"bb06284a-e639-5f32-a9b0-ac3dd96dd806",0,"2 - Infra"
"bb5d3c55-af08-58ca-bb8f-ef7e183f01c7",0,"2 - Infra"
"bb876161-3c34-5520-8bf6-d942d20fa71b",0,"2 - Infra"
"bbbd4438-71bc-5091-a839-1c81b5f1fa51",0,"2 - Infra"
"baf829fa-39ef-5199-88d0-4fe8aeb31c5c",8,"1 - General AI"
"bb5aef7d-d99f-5639-841b-44188f435b0f",106,"1 - General AI"
"bb5aef7d-d99f-5639-841b-44188f435b0f",95,"1 - General AI"
"bb5aef7d-d99f-5639-841b-44188f435b0f",89,"1 - General AI"
"bb5aef7d-d99f-5639-841b-44188f435b0f",87,"1 - General AI"
"bb5aef7d-d99f-5639-841b-44188f435b0f",69,"2 - Infra"
"bb5aef7d-d99f-5639-841b-44188f435b0f",68,"2 - Infra"
"bb5aef7d-d99f-5639-841b-44188f435b0f",122,"1 - General AI"
"bb7d6cc8-ef6f-5817-9350-04bab2929952",14,"1 - General AI"
"bb7d6cc8-ef6f-5817-9350-04bab2929952",8,"2 - Infra"
"bb7d6cc8-ef6f-5817-9350-04bab2929952",69,"1 - General AI"
"be03cf6b-ac80-546b-9fd4-80918bec14e6",130,"2 - Infra"
"bd827e97-b439-5990-a7a9-fb13a7bb5be7",0,"2 - Infra"
"be6358ab-1bb1-576d-a7a0-f2efcd46f920",0,"1 - General AI"
"beb63bfd-6134-5405-88e7-3d65c55dd7ad",14,"2 - Infra"
"beb63bfd-6134-5405-88e7-3d65c55dd7ad",15,"2 - Infra"
"beb63bfd-6134-5405-88e7-3d65c55dd7ad",13,"2 - Infra"
"beb63bfd-6134-5405-88e7-3d65c55dd7ad",17,"2 - Infra"
"beb63bfd-6134-5405-88e7-3d65c55dd7ad",10,"2 - Infra"
"beb63bfd-6134-5405-88e7-3d65c55dd7ad",6,"2 - Infra"
"beb63bfd-6134-5405-88e7-3d65c55dd7ad",5,"2 - Infra"
"beb63bfd-6134-5405-88e7-3d65c55dd7ad",4,"2 - Infra"
"beb63bfd-6134-5405-88e7-3d65c55dd7ad",23,"2 - Infra"
"beb63bfd-6134-5405-88e7-3d65c55dd7ad",24,"2 - Infra"
"beb63bfd-6134-5405-88e7-3d65c55dd7ad",25,"2 - Infra"
"bee771a9-70d6-5ed6-89ca-88b4f1e66514",0,"1 - General AI"
"bf07ccba-bd7c-5053-91e0-9b04160a6102",27,"1 - General AI"
"bf07ccba-bd7c-5053-91e0-9b04160a6102",26,"2 - Infra"
"bf07ccba-bd7c-5053-91e0-9b04160a6102",23,"2 - Infra"
"bf07ccba-bd7c-5053-91e0-9b04160a6102",22,"2 - Infra"
"bf07ccba-bd7c-5053-91e0-9b04160a6102",21,"1 - General AI"
"bf07ccba-bd7c-5053-91e0-9b04160a6102",15,"2 - Infra"
"bf07ccba-bd7c-5053-91e0-9b04160a6102",6,"2 - Infra"
"bf07ccba-bd7c-5053-91e0-9b04160a6102",5,"2 - Infra"
"bf07ccba-bd7c-5053-91e0-9b04160a6102",2,"1 - General AI"
"bf07ccba-bd7c-5053-91e0-9b04160a6102",16,"1 - General AI"
"bf07ccba-bd7c-5053-91e0-9b04160a6102",13,"2 - Infra"
"bf07ccba-bd7c-5053-91e0-9b04160a6102",11,"1 - General AI"
"bf07ccba-bd7c-5053-91e0-9b04160a6102",7,"2 - Infra"
"bf07ccba-bd7c-5053-91e0-9b04160a6102",4,"2 - Infra"
"bf07ccba-bd7c-5053-91e0-9b04160a6102",24,"2 - Infra"
"bf363b17-547f-5b7d-96eb-a20d0d849d7e",0,"3 - Platform"
"be03cf6b-ac80-546b-9fd4-80918bec14e6",65,"1 - General AI"
"bf452548-2cc8-5c35-8ee0-1e3cb88eb9dc",0,"2 - Infra"
"c0cf0e38-92ed-545e-95a1-dfa3f5775e2a",11,"2 - Infra"
"c3fd3eb6-edfb-5564-b7ad-3380e56541fa",0,"2 - Infra"
"c3fe8bb8-1f69-5439-8484-df2efdb44b65",0,"2 - Infra"
"c1fade81-144f-5dab-a291-18c69c113c6a",0,"1 - General AI"
"c242198b-86af-5e0d-8532-8b10ea1b2bbd",1,"1 - General AI"
"c242198b-86af-5e0d-8532-8b10ea1b2bbd",36,"1 - General AI"
"c242198b-86af-5e0d-8532-8b10ea1b2bbd",32,"1 - General AI"
"c242198b-86af-5e0d-8532-8b10ea1b2bbd",21,"1 - General AI"
"c242198b-86af-5e0d-8532-8b10ea1b2bbd",19,"1 - General AI"
"c242198b-86af-5e0d-8532-8b10ea1b2bbd",17,"1 - General AI"
"c242198b-86af-5e0d-8532-8b10ea1b2bbd",3,"1 - General AI"
"c242198b-86af-5e0d-8532-8b10ea1b2bbd",2,"1 - General AI"
"c242198b-86af-5e0d-8532-8b10ea1b2bbd",4,"1 - General AI"
"c242198b-86af-5e0d-8532-8b10ea1b2bbd",5,"1 - General AI"
"c242198b-86af-5e0d-8532-8b10ea1b2bbd",7,"1 - General AI"
"c242198b-86af-5e0d-8532-8b10ea1b2bbd",12,"1 - General AI"
"c242198b-86af-5e0d-8532-8b10ea1b2bbd",23,"1 - General AI"
"c242198b-86af-5e0d-8532-8b10ea1b2bbd",25,"1 - General AI"
"c242198b-86af-5e0d-8532-8b10ea1b2bbd",30,"1 - General AI"
"c242198b-86af-5e0d-8532-8b10ea1b2bbd",31,"1 - General AI"
"c242198b-86af-5e0d-8532-8b10ea1b2bbd",33,"1 - General AI"
"c25f7d02-a2ba-509b-84ee-a6424fbece5f",0,"2 - Infra"
"c2c4cdc6-ff3b-595f-9aa3-35f81ad6a741",0,"1 - General AI"
"c2e63ea5-b085-5d94-9497-d887ea14f4aa",0,"1 - General AI"
"c30e2620-f427-5bf5-845c-27fb79494b92",32,"2 - Infra"
"c30e2620-f427-5bf5-845c-27fb79494b92",13,"1 - General AI"
"c30e2620-f427-5bf5-845c-27fb79494b92",4,"2 - Infra"
"c30e2620-f427-5bf5-845c-27fb79494b92",6,"2 - Infra"
"c7743cd1-b226-5689-8f6b-354d4c2ed533",0,"2 - Infra"
"c8503b40-2752-5534-b501-d3adeca97067",0,"1 - General AI"
"c637ec12-c299-5acb-a69f-ffa47a66fa09",0,"1 - General AI"
"c6bc98fe-00c5-533f-929d-b7747a12ee65",122,"1 - General AI"
"c6bc98fe-00c5-533f-929d-b7747a12ee65",186,"1 - General AI"
"c7e46d6c-e5d3-5d5d-956e-d49e9814c267",70,"1 - General AI"
"c873cdea-ccbf-5e1b-b6d3-94fe1af5effe",0,"2 - Infra"
"c88d5eab-7b9d-5f51-b5be-f508db198112",140,"1 - General AI"
"c94a36ea-7769-5c4e-b325-4c51f92041b9",0,"1 - General AI"
"ca76717a-8375-5641-be67-d0dcd0150578",58,"1 - General AI"
"ca76717a-8375-5641-be67-d0dcd0150578",87,"1 - General AI"
"ca76717a-8375-5641-be67-d0dcd0150578",110,"1 - General AI"
"ca76717a-8375-5641-be67-d0dcd0150578",121,"1 - General AI"
"cb381fe3-0bd4-526d-a60e-301261d6c50d",0,"1 - General AI"
"cb6ebcfe-fe28-5a83-b2ba-1b4877c175dc",0,"2 - Infra"
"cce30934-6f43-5613-99ef-33d72570cc20",0,"2 - Infra"
"cd1634ea-3f91-5942-87d9-34301980acf3",0,"1 - General AI"
"cd714079-bb09-575e-935f-c986b5317431",0,"1 - General AI"
"cd76b77b-52f5-53e8-bd1c-e04e0a54eedf",6,"1 - General AI"
"cb840498-88c4-5120-b2a2-0e5fd52f3d5c",0,"1 - General AI"
"cbcf4c3f-cb0b-53fb-9254-6b75cb7c81b3",0,"2 - Infra"
"cc18ee1e-8f31-5847-be38-f0260f69dcc0",0,"2 - Infra"
"cc27bd20-d8d7-52fc-836f-ab77162858f7",4,"1 - General AI"
"c9f75ebd-30a7-5c13-be10-4a99273173d9",0,"2 - Infra"
"ccb3f0f9-03d9-5a6a-a0b5-a04b6574f478",0,"2 - Infra"
"cd884995-2699-5d79-ad22-d42b0248346d",0,"2 - Infra"
"cc5f85f1-14a0-5e0c-8ede-29501145fa3b",3,"1 - General AI"
"83cbc14a-2704-5d7e-9567-ddbce33572ed",71,"2 - Infra"
"83cbc14a-2704-5d7e-9567-ddbce33572ed",76,"1 - General AI"
"83cbc14a-2704-5d7e-9567-ddbce33572ed",83,"2 - Infra"
"862e5eee-297b-5e48-916b-950376aa36ad",0,"2 - Infra"
"aedef1b8-fe47-5b61-880b-694590e1fa26",99,"1 - General AI"
"aedef1b8-fe47-5b61-880b-694590e1fa26",100,"1 - General AI"
"83c6596e-b469-5398-858c-3c6decb4c82e",102,"2 - Infra"
"83c6596e-b469-5398-858c-3c6decb4c82e",73,"1 - General AI"
"858ca96a-d628-59bc-85bd-3b55da35ab19",5,"1 - General AI"
"858ca96a-d628-59bc-85bd-3b55da35ab19",8,"2 - Infra"
"858ca96a-d628-59bc-85bd-3b55da35ab19",14,"1 - General AI"
"858ca96a-d628-59bc-85bd-3b55da35ab19",1,"2 - Infra"
"86b1c64f-eba1-5eb4-8fe4-2ac4ce1d406d",0,"3 - Platform"
"873d032e-6ed0-5531-8c17-f0725726e814",0,"2 - Infra"
"87a4c69c-93ba-5e73-a8b4-afdfab00f060",24,"2 - Infra"
"87a4c69c-93ba-5e73-a8b4-afdfab00f060",12,"1 - General AI"
"87a4c69c-93ba-5e73-a8b4-afdfab00f060",15,"2 - Infra"
"87a4c69c-93ba-5e73-a8b4-afdfab00f060",9,"1 - General AI"
"87df1d43-3c12-5e06-a11c-1a64cabfc3ad",0,"2 - Infra"
"8b98b892-759b-5244-89aa-3470503fab29",86,"1 - General AI"
"8b98b892-759b-5244-89aa-3470503fab29",92,"2 - Infra"
"8b98b892-759b-5244-89aa-3470503fab29",93,"1 - General AI"
"8b98b892-759b-5244-89aa-3470503fab29",99,"2 - Infra"
"8bb65558-0b56-5e53-bb4e-63b773ef84b0",12,"1 - General AI"
"8bf594e4-ead8-50ea-b39c-04103f3bf3c8",109,"1 - General AI"
"8bf594e4-ead8-50ea-b39c-04103f3bf3c8",107,"1 - General AI"
"8bf594e4-ead8-50ea-b39c-04103f3bf3c8",64,"2 - Infra"
"8bf594e4-ead8-50ea-b39c-04103f3bf3c8",69,"1 - General AI"
"8bf594e4-ead8-50ea-b39c-04103f3bf3c8",114,"1 - General AI"
"8c0d9753-029a-574b-a5f6-3c4090803969",123,"1 - General AI"
"8c0d9753-029a-574b-a5f6-3c4090803969",106,"1 - General AI"
"8c0d9753-029a-574b-a5f6-3c4090803969",104,"1 - General AI"
"8d66a653-72c9-5751-b9ab-39d6a8ab39ee",0,"1 - General AI"
"8e36ec0f-f800-561f-a459-b2403c03960f",16,"2 - Infra"
"8de4fbbc-9a78-5240-a65b-e596f2e29496",15,"1 - General AI"
"8de4fbbc-9a78-5240-a65b-e596f2e29496",87,"1 - General AI"
"904058bd-363b-5ec5-9d93-f422ba7c2bfa",1,"1 - General AI"
"904058bd-363b-5ec5-9d93-f422ba7c2bfa",13,"1 - General AI"
"904058bd-363b-5ec5-9d93-f422ba7c2bfa",23,"1 - General AI"
"904058bd-363b-5ec5-9d93-f422ba7c2bfa",16,"1 - General AI"
"904058bd-363b-5ec5-9d93-f422ba7c2bfa",9,"1 - General AI"
"90b395b7-3f9c-5a6c-8b91-0cb34cb8e472",44,"2 - Infra"
"938822b8-e97e-58cf-b02e-c13651c550dd",8,"1 - General AI"
"938d71bf-3ea3-53ed-b020-7ac48d25f80d",6,"2 - Infra"
"938d71bf-3ea3-53ed-b020-7ac48d25f80d",24,"2 - Infra"
"938d71bf-3ea3-53ed-b020-7ac48d25f80d",21,"2 - Infra"
"938d71bf-3ea3-53ed-b020-7ac48d25f80d",26,"2 - Infra"
"938d71bf-3ea3-53ed-b020-7ac48d25f80d",18,"1 - General AI"
"938d71bf-3ea3-53ed-b020-7ac48d25f80d",20,"1 - General AI"
"938d71bf-3ea3-53ed-b020-7ac48d25f80d",3,"2 - Infra"
"938d71bf-3ea3-53ed-b020-7ac48d25f80d",4,"1 - General AI"
"938d71bf-3ea3-53ed-b020-7ac48d25f80d",7,"2 - Infra"
"938d71bf-3ea3-53ed-b020-7ac48d25f80d",10,"2 - Infra"
"938d71bf-3ea3-53ed-b020-7ac48d25f80d",14,"1 - General AI"
"938d71bf-3ea3-53ed-b020-7ac48d25f80d",16,"1 - General AI"
"938d71bf-3ea3-53ed-b020-7ac48d25f80d",17,"2 - Infra"
"942f47dc-3958-53ed-9b60-761cfb47f9bb",5,"1 - General AI"
"942f47dc-3958-53ed-9b60-761cfb47f9bb",27,"1 - General AI"
"942f47dc-3958-53ed-9b60-761cfb47f9bb",28,"1 - General AI"
"942f47dc-3958-53ed-9b60-761cfb47f9bb",32,"1 - General AI"
"942f47dc-3958-53ed-9b60-761cfb47f9bb",26,"1 - General AI"
"938822b8-e97e-58cf-b02e-c13651c550dd",6,"1 - General AI"
"964c25ae-fe8b-5128-bcd8-87f3405cae00",0,"1 - General AI"
"95e53630-85fd-554a-8ef6-24709faae917",6,"1 - General AI"
"95e53630-85fd-554a-8ef6-24709faae917",23,"1 - General AI"
"95e53630-85fd-554a-8ef6-24709faae917",10,"1 - General AI"
"971a12f2-f2d3-5c16-97e7-33d386795738",5,"1 - General AI"
"9732e5a6-bc18-5a15-8ea3-332ee47ec027",3,"2 - Infra"
"9732e5a6-bc18-5a15-8ea3-332ee47ec027",12,"2 - Infra"
"9732e5a6-bc18-5a15-8ea3-332ee47ec027",13,"2 - Infra"
"9732e5a6-bc18-5a15-8ea3-332ee47ec027",14,"2 - Infra"
"9732e5a6-bc18-5a15-8ea3-332ee47ec027",20,"2 - Infra"
"9732e5a6-bc18-5a15-8ea3-332ee47ec027",11,"2 - Infra"
"9732e5a6-bc18-5a15-8ea3-332ee47ec027",5,"2 - Infra"
"9732e5a6-bc18-5a15-8ea3-332ee47ec027",18,"2 - Infra"
"9bdfb81a-cb83-57f1-9c82-7a3ee9910829",0,"2 - Infra"
"9bebd510-b6f5-5b89-be68-ed180ab54920",0,"3 - Platform"
"9bf92034-7a4b-5968-84ab-4e770ae0b59f",0,"3 - Platform"
"99c2ed8f-f553-5087-ba8f-8abd5f78aa05",0,"2 - Infra"
"9a65c304-bda4-54ce-947a-8bd72cb76572",0,"2 - Infra"
"99c19fe6-36cf-5676-9152-e054550dcefb",3,"2 - Infra"
"99c19fe6-36cf-5676-9152-e054550dcefb",21,"2 - Infra"
"9a9a0f06-3d21-54ef-95e1-d60c4bac1d09",0,"1 - General AI"
"9b445c1c-6105-580d-876a-fd824f81668a",9,"2 - Infra"
"9b445c1c-6105-580d-876a-fd824f81668a",2,"1 - General AI"
"9b445c1c-6105-580d-876a-fd824f81668a",19,"1 - General AI"
"a383d817-a6bf-54a6-8094-71a1947f41b1",118,"2 - Infra"
"a383d817-a6bf-54a6-8094-71a1947f41b1",8,"2 - Infra"
"a383d817-a6bf-54a6-8094-71a1947f41b1",39,"1 - General AI"
"a22c13ef-3936-577e-8c1d-9036083bcd08",44,"1 - General AI"
"a22c13ef-3936-577e-8c1d-9036083bcd08",57,"1 - General AI"
"a22c13ef-3936-577e-8c1d-9036083bcd08",95,"2 - Infra"
"a22c13ef-3936-577e-8c1d-9036083bcd08",98,"2 - Infra"
"a22c13ef-3936-577e-8c1d-9036083bcd08",119,"1 - General AI"
"a22c13ef-3936-577e-8c1d-9036083bcd08",121,"2 - Infra"
"a22c13ef-3936-577e-8c1d-9036083bcd08",135,"1 - General AI"
"a22c13ef-3936-577e-8c1d-9036083bcd08",152,"1 - General AI"
"a22c13ef-3936-577e-8c1d-9036083bcd08",153,"1 - General AI"
"a383d817-a6bf-54a6-8094-71a1947f41b1",47,"1 - General AI"
"a383d817-a6bf-54a6-8094-71a1947f41b1",95,"2 - Infra"
"a383d817-a6bf-54a6-8094-71a1947f41b1",129,"2 - Infra"
"aedef1b8-fe47-5b61-880b-694590e1fa26",41,"1 - General AI"
"aedef1b8-fe47-5b61-880b-694590e1fa26",29,"2 - Infra"
"aedef1b8-fe47-5b61-880b-694590e1fa26",24,"1 - General AI"
"aedef1b8-fe47-5b61-880b-694590e1fa26",19,"2 - Infra"
"aedef1b8-fe47-5b61-880b-694590e1fa26",17,"1 - General AI"
"aedef1b8-fe47-5b61-880b-694590e1fa26",12,"1 - General AI"
"aedef1b8-fe47-5b61-880b-694590e1fa26",11,"1 - General AI"
"aedef1b8-fe47-5b61-880b-694590e1fa26",7,"1 - General AI"
"b13c800c-a470-5736-921c-7d9b41a171ad",60,"2 - Infra"
"b4dc29e5-3331-58bc-98fb-598fb0033361",12,"1 - General AI"
"b4dc29e5-3331-58bc-98fb-598fb0033361",14,"1 - General AI"
"b4dc29e5-3331-58bc-98fb-598fb0033361",16,"2 - Infra"
"b4dc29e5-3331-58bc-98fb-598fb0033361",25,"1 - General AI"
"b4dc29e5-3331-58bc-98fb-598fb0033361",27,"2 - Infra"
"b4dc29e5-3331-58bc-98fb-598fb0033361",55,"1 - General AI"
"b4dc29e5-3331-58bc-98fb-598fb0033361",60,"1 - General AI"
"b4dc29e5-3331-58bc-98fb-598fb0033361",64,"1 - General AI"
"b4dc29e5-3331-58bc-98fb-598fb0033361",66,"1 - General AI"
"b4dc29e5-3331-58bc-98fb-598fb0033361",9,"1 - General AI"
"b4dc29e5-3331-58bc-98fb-598fb0033361",17,"1 - General AI"
"b416b004-bb36-5af0-9c64-1d1b71ab1023",294,"1 - General AI"
"b416b004-bb36-5af0-9c64-1d1b71ab1023",133,"1 - General AI"
"b416b004-bb36-5af0-9c64-1d1b71ab1023",82,"2 - Infra"
"b47fe0e1-ba39-570a-b60b-51d06f31d737",11,"2 - Infra"
"b47fe0e1-ba39-570a-b60b-51d06f31d737",12,"1 - General AI"
"b47fe0e1-ba39-570a-b60b-51d06f31d737",13,"1 - General AI"
"b47fe0e1-ba39-570a-b60b-51d06f31d737",307,"1 - General AI"
"b47fe0e1-ba39-570a-b60b-51d06f31d737",20,"1 - General AI"
"b47fe0e1-ba39-570a-b60b-51d06f31d737",24,"1 - General AI"
"b47fe0e1-ba39-570a-b60b-51d06f31d737",49,"1 - General AI"
"b47fe0e1-ba39-570a-b60b-51d06f31d737",60,"1 - General AI"
"b47fe0e1-ba39-570a-b60b-51d06f31d737",61,"1 - General AI"
"b47fe0e1-ba39-570a-b60b-51d06f31d737",69,"1 - General AI"
"b47fe0e1-ba39-570a-b60b-51d06f31d737",72,"1 - General AI"
"b47fe0e1-ba39-570a-b60b-51d06f31d737",74,"1 - General AI"
"b47fe0e1-ba39-570a-b60b-51d06f31d737",75,"1 - General AI"
"b47fe0e1-ba39-570a-b60b-51d06f31d737",78,"2 - Infra"
"b47fe0e1-ba39-570a-b60b-51d06f31d737",85,"1 - General AI"
"b4dc29e5-3331-58bc-98fb-598fb0033361",19,"1 - General AI"
"b4dc29e5-3331-58bc-98fb-598fb0033361",26,"2 - Infra"
"b4dc29e5-3331-58bc-98fb-598fb0033361",35,"1 - General AI"
"b4dc29e5-3331-58bc-98fb-598fb0033361",44,"1 - General AI"
"b4dc29e5-3331-58bc-98fb-598fb0033361",61,"1 - General AI"
"b4dc29e5-3331-58bc-98fb-598fb0033361",62,"2 - Infra"
"b4dc29e5-3331-58bc-98fb-598fb0033361",100,"2 - Infra"
"b4dc29e5-3331-58bc-98fb-598fb0033361",101,"1 - General AI"
"b4dc29e5-3331-58bc-98fb-598fb0033361",113,"1 - General AI"
"b4dc29e5-3331-58bc-98fb-598fb0033361",225,"1 - General AI"
"b54bd4dc-e3d0-5e13-986d-fd7aacb90fd8",0,"1 - General AI"
"b47fe0e1-ba39-570a-b60b-51d06f31d737",157,"1 - General AI"
"b47fe0e1-ba39-570a-b60b-51d06f31d737",161,"1 - General AI"
"b57c663f-0f2b-558c-9f1d-ee27845e3748",7,"1 - General AI"
"b57c663f-0f2b-558c-9f1d-ee27845e3748",21,"1 - General AI"
"b57c663f-0f2b-558c-9f1d-ee27845e3748",23,"1 - General AI"
"b6cbc880-4bb0-5c5c-bae8-cc830e9e3826",0,"1 - General AI"
"b61f86e2-c1a9-50f3-b2dd-adf9c2635067",0,"2 - Infra"
"b737c8b0-d14b-5745-9aaa-7a932365ed41",0,"1 - General AI"
"b75e9e02-9f52-56f0-b589-24f93af288c5",98,"1 - General AI"
"b75e9e02-9f52-56f0-b589-24f93af288c5",102,"2 - Infra"
"b88df370-480a-538b-93eb-8fab0a600ed7",0,"2 - Infra"
"b8a51796-8f25-5f03-8fd7-caa5b349b171",0,"1 - General AI"
"b9bbc5d6-b25c-59c0-861e-2840916c70e7",0,"1 - General AI"
"baadda96-3068-549f-ac7b-e01d0e814a64",18,"1 - General AI"
"baadda96-3068-549f-ac7b-e01d0e814a64",19,"1 - General AI"
"baadda96-3068-549f-ac7b-e01d0e814a64",21,"2 - Infra"
"baadda96-3068-549f-ac7b-e01d0e814a64",7,"1 - General AI"
"baadda96-3068-549f-ac7b-e01d0e814a64",22,"2 - Infra"
"baadda96-3068-549f-ac7b-e01d0e814a64",23,"2 - Infra"
"baadda96-3068-549f-ac7b-e01d0e814a64",25,"1 - General AI"
"baadda96-3068-549f-ac7b-e01d0e814a64",26,"1 - General AI"
"baadda96-3068-549f-ac7b-e01d0e814a64",27,"2 - Infra"
"baadda96-3068-549f-ac7b-e01d0e814a64",14,"2 - Infra"
"baadda96-3068-549f-ac7b-e01d0e814a64",1,"1 - General AI"
"baadda96-3068-549f-ac7b-e01d0e814a64",5,"1 - General AI"
"baadda96-3068-549f-ac7b-e01d0e814a64",6,"1 - General AI"
"baadda96-3068-549f-ac7b-e01d0e814a64",8,"2 - Infra"
"baadda96-3068-549f-ac7b-e01d0e814a64",11,"1 - General AI"
"baadda96-3068-549f-ac7b-e01d0e814a64",3,"2 - Infra"
"bc122d35-42e0-5440-8b43-adea5a56b50c",0,"2 - Infra"
"bc53e1b5-07a9-5a4e-b961-d107d170c414",0,"2 - Infra"
"bd086583-4386-5e22-ab16-8655a2abd487",0,"1 - General AI"
"bb5aef7d-d99f-5639-841b-44188f435b0f",94,"1 - General AI"
"bb5aef7d-d99f-5639-841b-44188f435b0f",92,"1 - General AI"
"bb5aef7d-d99f-5639-841b-44188f435b0f",86,"1 - General AI"
"bb5aef7d-d99f-5639-841b-44188f435b0f",58,"1 - General AI"
"bb5aef7d-d99f-5639-841b-44188f435b0f",57,"1 - General AI"
"bb5aef7d-d99f-5639-841b-44188f435b0f",54,"1 - General AI"
"bb5aef7d-d99f-5639-841b-44188f435b0f",90,"1 - General AI"
"bdc27b99-3a00-510f-b5a8-5225ff488a4d",0,"2 - Infra"
"bf32a1b6-0ba5-54ed-bd31-c87be7f2aef3",0,"2 - Infra"
"c0226f8e-7629-5b7d-b136-06d6f20630aa",0,"2 - Infra"
"be0486b8-cacb-52b8-bb39-314193bbf4b8",0,"2 - Infra"
"be83a510-7a6a-5fa4-b975-6a41f71a98d6",0,"2 - Infra"
"bf9c5d12-77fa-5ed9-8688-ccbd62f4adeb",0,"1 - General AI"
"c095c4bb-09e2-5c69-b998-31150abd5926",88,"1 - General AI"
"c01e0f01-250d-5fee-ba00-48aaa94223ec",0,"2 - Infra"
"c083fa7f-3cd1-57f9-b929-615e3cba315b",0,"2 - Infra"
"c0a74a82-aa2b-5a0c-a4ec-547097ffdbc2",0,"1 - General AI"
"c195e331-c1c8-59b5-9b60-d5f278e4fee5",0,"2 - Infra"
"c25d2496-2575-56a7-8f6e-cddce7ee692f",6,"1 - General AI"
"c25d2496-2575-56a7-8f6e-cddce7ee692f",24,"2 - Infra"
"c25d2496-2575-56a7-8f6e-cddce7ee692f",1,"1 - General AI"
"c1ff84fc-6750-5e94-9921-e20db544e697",0,"2 - Infra"
"c2af2df9-1793-5287-adfc-23fa06585ddb",0,"1 - General AI"
"c2dc94d1-1578-5a30-b0f9-47830030a2e6",0,"1 - General AI"
"c194b56b-0152-52e2-9bb4-8ed22b9de85a",0,"1 - General AI"
"c25d2496-2575-56a7-8f6e-cddce7ee692f",25,"2 - Infra"
"c25d2496-2575-56a7-8f6e-cddce7ee692f",22,"2 - Infra"
"c25d2496-2575-56a7-8f6e-cddce7ee692f",4,"2 - Infra"
"c3074f6e-49b0-5ab3-a715-fab87811d2dd",0,"1 - General AI"
"c30e2620-f427-5bf5-845c-27fb79494b92",28,"1 - General AI"
"c30e2620-f427-5bf5-845c-27fb79494b92",22,"2 - Infra"
"c30e2620-f427-5bf5-845c-27fb79494b92",21,"1 - General AI"
"c30e2620-f427-5bf5-845c-27fb79494b92",17,"1 - General AI"
"c30e2620-f427-5bf5-845c-27fb79494b92",9,"1 - General AI"
"c38a9035-95d4-5d07-8f37-0dab1b0d8057",0,"2 - Infra"
"c39482db-ae40-52c0-b894-eef4c4f78b9d",0,"2 - Infra"
"c3f90c49-cec7-5bc6-a05c-fe34b4e602b8",3,"1 - General AI"
"c3f90c49-cec7-5bc6-a05c-fe34b4e602b8",10,"1 - General AI"
"c468e666-a298-505b-9a26-045b9128d2bd",82,"2 - Infra"
"c468e666-a298-505b-9a26-045b9128d2bd",37,"1 - General AI"
"c468e666-a298-505b-9a26-045b9128d2bd",27,"1 - General AI"
"c468e666-a298-505b-9a26-045b9128d2bd",7,"1 - General AI"
"c468e666-a298-505b-9a26-045b9128d2bd",70,"1 - General AI"
"c468e666-a298-505b-9a26-045b9128d2bd",13,"2 - Infra"
"c468e666-a298-505b-9a26-045b9128d2bd",165,"2 - Infra"
"c62ad616-18cf-5262-a2ec-e7d848fae985",0,"2 - Infra"
"c6e2f580-a19f-5f10-8e66-33a0c98dd996",0,"2 - Infra"
"c7c172e1-a172-5d00-b7fb-c37127627933",10,"2 - Infra"
"c7c172e1-a172-5d00-b7fb-c37127627933",11,"1 - General AI"
"c7c172e1-a172-5d00-b7fb-c37127627933",13,"1 - General AI"
"c7c172e1-a172-5d00-b7fb-c37127627933",27,"1 - General AI"
"c7c172e1-a172-5d00-b7fb-c37127627933",4,"1 - General AI"
"c7c172e1-a172-5d00-b7fb-c37127627933",24,"1 - General AI"
"c7c172e1-a172-5d00-b7fb-c37127627933",14,"2 - Infra"
"c807efe2-50e1-589b-a6c2-9ae7c86d4fac",7,"2 - Infra"
"c807efe2-50e1-589b-a6c2-9ae7c86d4fac",3,"1 - General AI"
"c807efe2-50e1-589b-a6c2-9ae7c86d4fac",11,"1 - General AI"
"c807efe2-50e1-589b-a6c2-9ae7c86d4fac",12,"1 - General AI"
"c8f7d2b5-5298-538d-8f6d-8b97424a4a1a",4,"1 - General AI"
"c99789fc-d804-58b3-b5e3-3cce09c91e4e",0,"1 - General AI"
"c9d9e804-2e76-52ec-a1f9-c375e19a9fc1",30,"1 - General AI"
"c7e46d6c-e5d3-5d5d-956e-d49e9814c267",19,"1 - General AI"
"c7e46d6c-e5d3-5d5d-956e-d49e9814c267",68,"2 - Infra"
"c9d9e804-2e76-52ec-a1f9-c375e19a9fc1",22,"1 - General AI"
"c9d9e804-2e76-52ec-a1f9-c375e19a9fc1",19,"2 - Infra"
"c9d9e804-2e76-52ec-a1f9-c375e19a9fc1",17,"1 - General AI"
"c9d9e804-2e76-52ec-a1f9-c375e19a9fc1",16,"2 - Infra"
"c9d9e804-2e76-52ec-a1f9-c375e19a9fc1",14,"2 - Infra"
"c9d9e804-2e76-52ec-a1f9-c375e19a9fc1",13,"2 - Infra"
"c9d9e804-2e76-52ec-a1f9-c375e19a9fc1",3,"1 - General AI"
"c9d9e804-2e76-52ec-a1f9-c375e19a9fc1",1,"2 - Infra"
"c9d9e804-2e76-52ec-a1f9-c375e19a9fc1",6,"1 - General AI"
"c9d9e804-2e76-52ec-a1f9-c375e19a9fc1",11,"1 - General AI"
"c9d9e804-2e76-52ec-a1f9-c375e19a9fc1",12,"1 - General AI"
"c9d9e804-2e76-52ec-a1f9-c375e19a9fc1",15,"2 - Infra"
"c9d9e804-2e76-52ec-a1f9-c375e19a9fc1",20,"1 - General AI"
"c9d9e804-2e76-52ec-a1f9-c375e19a9fc1",24,"1 - General AI"
"c9d9e804-2e76-52ec-a1f9-c375e19a9fc1",25,"2 - Infra"
"c9d9e804-2e76-52ec-a1f9-c375e19a9fc1",27,"1 - General AI"
"c9d9e804-2e76-52ec-a1f9-c375e19a9fc1",5,"2 - Infra"
"c9d9e804-2e76-52ec-a1f9-c375e19a9fc1",9,"1 - General AI"
"cac85175-f281-55e3-86ab-6a814d8739fc",0,"1 - General AI"
"cb66a7c6-205a-5358-af27-c895064d7764",0,"1 - General AI"
"ca76717a-8375-5641-be67-d0dcd0150578",93,"1 - General AI"
"ca76717a-8375-5641-be67-d0dcd0150578",89,"1 - General AI"
"ca76717a-8375-5641-be67-d0dcd0150578",56,"1 - General AI"
"ca76717a-8375-5641-be67-d0dcd0150578",57,"1 - General AI"
"cc5f85f1-14a0-5e0c-8ede-29501145fa3b",4,"1 - General AI"
"cc5f85f1-14a0-5e0c-8ede-29501145fa3b",14,"1 - General AI"
"cc5f85f1-14a0-5e0c-8ede-29501145fa3b",27,"1 - General AI"
"cc5f85f1-14a0-5e0c-8ede-29501145fa3b",29,"1 - General AI"
"cd9fb7aa-18b8-54f0-a656-75f50d87626e",5,"1 - General AI"
"ce5c7c2b-0309-551f-a74b-a808a44f6d11",16,"1 - General AI"
"ce5c7c2b-0309-551f-a74b-a808a44f6d11",15,"1 - General AI"
"ce5c7c2b-0309-551f-a74b-a808a44f6d11",3,"2 - Infra"
"ce5c7c2b-0309-551f-a74b-a808a44f6d11",2,"2 - Infra"
"ce5c7c2b-0309-551f-a74b-a808a44f6d11",13,"1 - General AI"
"ce5c7c2b-0309-551f-a74b-a808a44f6d11",27,"1 - General AI"
"ce5c7c2b-0309-551f-a74b-a808a44f6d11",26,"1 - General AI"
"ce5c7c2b-0309-551f-a74b-a808a44f6d11",25,"1 - General AI"
"ce5c7c2b-0309-551f-a74b-a808a44f6d11",21,"1 - General AI"
"ce5c7c2b-0309-551f-a74b-a808a44f6d11",23,"1 - General AI"
"ce5c7c2b-0309-551f-a74b-a808a44f6d11",24,"1 - General AI"
"ce5c7c2b-0309-551f-a74b-a808a44f6d11",18,"2 - Infra"
"ce5c7c2b-0309-551f-a74b-a808a44f6d11",20,"1 - General AI"
"ce5c7c2b-0309-551f-a74b-a808a44f6d11",17,"1 - General AI"
"ce5c7c2b-0309-551f-a74b-a808a44f6d11",14,"1 - General AI"
"ce5c7c2b-0309-551f-a74b-a808a44f6d11",12,"1 - General AI"
"ce5c7c2b-0309-551f-a74b-a808a44f6d11",8,"2 - Infra"
"ce5c7c2b-0309-551f-a74b-a808a44f6d11",6,"1 - General AI"
"ce5c7c2b-0309-551f-a74b-a808a44f6d11",5,"1 - General AI"
"ce5c7c2b-0309-551f-a74b-a808a44f6d11",1,"2 - Infra"
"d2c34d9b-48dc-5a0c-961e-1ab61915d2f4",6,"1 - General AI"
"d217f4b1-f391-5895-bf80-d0ce63e17575",40,"1 - General AI"
"d217f4b1-f391-5895-bf80-d0ce63e17575",75,"2 - Infra"
"d217f4b1-f391-5895-bf80-d0ce63e17575",89,"2 - Infra"
"d2ee748a-3ffc-56ce-8bb6-bac5d2820e18",0,"2 - Infra"
"d31de365-34bd-53ca-8251-6a04e423b0e1",2,"1 - General AI"
"d31de365-34bd-53ca-8251-6a04e423b0e1",4,"1 - General AI"
"d31de365-34bd-53ca-8251-6a04e423b0e1",22,"1 - General AI"
"d31de365-34bd-53ca-8251-6a04e423b0e1",20,"1 - General AI"
"d31de365-34bd-53ca-8251-6a04e423b0e1",23,"1 - General AI"
"d31de365-34bd-53ca-8251-6a04e423b0e1",27,"1 - General AI"
"d31de365-34bd-53ca-8251-6a04e423b0e1",31,"1 - General AI"
"d31de365-34bd-53ca-8251-6a04e423b0e1",7,"1 - General AI"
"d31de365-34bd-53ca-8251-6a04e423b0e1",8,"1 - General AI"
"d31de365-34bd-53ca-8251-6a04e423b0e1",11,"1 - General AI"
"d2c34d9b-48dc-5a0c-961e-1ab61915d2f4",26,"2 - Infra"
"d573162c-76e5-5dc7-b333-2af20f13b56a",18,"1 - General AI"
"db33498b-5468-5a32-8c80-adcddc93bd27",22,"2 - Infra"
"db33498b-5468-5a32-8c80-adcddc93bd27",15,"2 - Infra"
"da600cdc-f0ef-5a33-ab24-140b037e995c",110,"1 - General AI"
"da600cdc-f0ef-5a33-ab24-140b037e995c",13,"1 - General AI"
"da600cdc-f0ef-5a33-ab24-140b037e995c",40,"1 - General AI"
"da600cdc-f0ef-5a33-ab24-140b037e995c",47,"1 - General AI"
"da600cdc-f0ef-5a33-ab24-140b037e995c",69,"1 - General AI"
"da600cdc-f0ef-5a33-ab24-140b037e995c",68,"1 - General AI"
"da600cdc-f0ef-5a33-ab24-140b037e995c",42,"1 - General AI"
"da600cdc-f0ef-5a33-ab24-140b037e995c",8,"1 - General AI"
"dd418d07-8f0b-557b-bf12-220b13e39d03",72,"1 - General AI"
"dd418d07-8f0b-557b-bf12-220b13e39d03",79,"1 - General AI"
"dd418d07-8f0b-557b-bf12-220b13e39d03",84,"2 - Infra"
"dd418d07-8f0b-557b-bf12-220b13e39d03",89,"1 - General AI"
"debc0e90-d85d-5d3c-a953-a670b840fc78",11,"1 - General AI"
"debc0e90-d85d-5d3c-a953-a670b840fc78",9,"1 - General AI"
"debc0e90-d85d-5d3c-a953-a670b840fc78",17,"1 - General AI"
"debc0e90-d85d-5d3c-a953-a670b840fc78",31,"1 - General AI"
"debc0e90-d85d-5d3c-a953-a670b840fc78",34,"1 - General AI"
"deab7534-211f-580d-b97a-68fee6262736",22,"1 - General AI"
"deab7534-211f-580d-b97a-68fee6262736",20,"1 - General AI"
"deab7534-211f-580d-b97a-68fee6262736",32,"1 - General AI"
"deab7534-211f-580d-b97a-68fee6262736",37,"1 - General AI"
"debc0e90-d85d-5d3c-a953-a670b840fc78",3,"1 - General AI"
"debc0e90-d85d-5d3c-a953-a670b840fc78",8,"1 - General AI"
"dfe1484c-8dd9-5ccf-9fed-d5afe3f34f2c",2,"1 - General AI"
"dfe1484c-8dd9-5ccf-9fed-d5afe3f34f2c",4,"1 - General AI"
"e0896526-a41d-549a-81ac-589603209b6c",0,"2 - Infra"
"e0c35d06-f4cf-56d9-84a6-4049fd8c39a6",74,"1 - General AI"
"e0c35d06-f4cf-56d9-84a6-4049fd8c39a6",80,"2 - Infra"
"e0c35d06-f4cf-56d9-84a6-4049fd8c39a6",90,"1 - General AI"
"e0c35d06-f4cf-56d9-84a6-4049fd8c39a6",101,"2 - Infra"
"e0c35d06-f4cf-56d9-84a6-4049fd8c39a6",91,"1 - General AI"
"e0c35d06-f4cf-56d9-84a6-4049fd8c39a6",95,"2 - Infra"
"e0c35d06-f4cf-56d9-84a6-4049fd8c39a6",99,"1 - General AI"
"e0c35d06-f4cf-56d9-84a6-4049fd8c39a6",103,"1 - General AI"
"e0c35d06-f4cf-56d9-84a6-4049fd8c39a6",37,"1 - General AI"
"e0c35d06-f4cf-56d9-84a6-4049fd8c39a6",51,"2 - Infra"
"e0c35d06-f4cf-56d9-84a6-4049fd8c39a6",55,"2 - Infra"
"e185e36d-b084-5cd1-9afe-e140121320c9",22,"2 - Infra"
"e185e36d-b084-5cd1-9afe-e140121320c9",4,"2 - Infra"
"e185e36d-b084-5cd1-9afe-e140121320c9",7,"2 - Infra"
"e185e36d-b084-5cd1-9afe-e140121320c9",1,"2 - Infra"
"e185e36d-b084-5cd1-9afe-e140121320c9",20,"1 - General AI"
"e185e36d-b084-5cd1-9afe-e140121320c9",14,"1 - General AI"
"e3aa98a0-b8c5-51ae-853f-c8f6b99db0f0",14,"1 - General AI"
"e547cf37-f6c8-56f5-a06f-9469db25b27c",0,"2 - Infra"
"ce892999-1701-5b53-ba61-27bad93ae0dc",0,"1 - General AI"
"cecfb270-77c6-59f5-a9cd-d1c18fda356e",0,"1 - General AI"
"ced4ab13-26ba-5d31-b9cb-034dd8c77805",6,"2 - Infra"
"ced4ab13-26ba-5d31-b9cb-034dd8c77805",4,"2 - Infra"
"ced4ab13-26ba-5d31-b9cb-034dd8c77805",26,"2 - Infra"
"cf313f38-4573-575f-93ff-4f7d5cfb17c9",0,"2 - Infra"
"d03bed22-6302-5429-823f-0cfa7b083137",0,"1 - General AI"
"d0b37e29-1e61-5394-a21a-28a750ec8f86",0,"2 - Infra"
"d0c4d916-9206-57de-8a1a-70480b0bab5f",0,"1 - General AI"
"d1c0dc6b-4f7e-5be2-bba8-f0277e9351b8",24,"1 - General AI"
"d2c34d9b-48dc-5a0c-961e-1ab61915d2f4",140,"1 - General AI"
"d51c1da1-e71e-5f67-821b-25874ebb3939",0,"2 - Infra"
"d5485656-a874-5cfe-a894-57bc8b605d8f",6,"2 - Infra"
"d79788f6-eeec-5c52-aa10-5f94a259f8dc",0,"2 - Infra"
"d7cdca9a-3bfa-5b60-b07f-82b55941b2ed",1,"2 - Infra"
"d7cdca9a-3bfa-5b60-b07f-82b55941b2ed",15,"1 - General AI"
"d7cdca9a-3bfa-5b60-b07f-82b55941b2ed",24,"2 - Infra"
"d7cdca9a-3bfa-5b60-b07f-82b55941b2ed",25,"1 - General AI"
"d6edfa1c-50b9-5859-9250-4d5a526c7c65",0,"2 - Infra"
"dd65594b-e27d-5f2e-9ba7-23c87bcc6d68",53,"2 - Infra"
"dd65594b-e27d-5f2e-9ba7-23c87bcc6d68",19,"2 - Infra"
"dd65594b-e27d-5f2e-9ba7-23c87bcc6d68",42,"2 - Infra"
"dd65594b-e27d-5f2e-9ba7-23c87bcc6d68",56,"2 - Infra"
"d871fa82-90e8-5219-9121-0d4d9ed1b395",17,"1 - General AI"
"d871fa82-90e8-5219-9121-0d4d9ed1b395",20,"2 - Infra"
"d871fa82-90e8-5219-9121-0d4d9ed1b395",21,"2 - Infra"
"d871fa82-90e8-5219-9121-0d4d9ed1b395",22,"2 - Infra"
"d871fa82-90e8-5219-9121-0d4d9ed1b395",23,"2 - Infra"
"d871fa82-90e8-5219-9121-0d4d9ed1b395",25,"1 - General AI"
"d871fa82-90e8-5219-9121-0d4d9ed1b395",29,"1 - General AI"
"d871fa82-90e8-5219-9121-0d4d9ed1b395",26,"1 - General AI"
"d871fa82-90e8-5219-9121-0d4d9ed1b395",27,"2 - Infra"
"d9c907c9-e12c-50e1-9f28-2bfdc2488752",178,"1 - General AI"
"d9c907c9-e12c-50e1-9f28-2bfdc2488752",103,"1 - General AI"
"d9c907c9-e12c-50e1-9f28-2bfdc2488752",102,"1 - General AI"
"d9c907c9-e12c-50e1-9f28-2bfdc2488752",100,"1 - General AI"
"d9c907c9-e12c-50e1-9f28-2bfdc2488752",98,"1 - General AI"
"d7cca220-9296-5408-86f7-114ad678db56",11,"2 - Infra"
"d7cca220-9296-5408-86f7-114ad678db56",18,"1 - General AI"
"d8bdf3cc-cc6b-5a9b-b7d9-5c6e794115c9",0,"2 - Infra"
"d9b485f9-cdf7-5416-8613-f81a6d530162",63,"2 - Infra"
"d9c907c9-e12c-50e1-9f28-2bfdc2488752",60,"1 - General AI"
"d9c907c9-e12c-50e1-9f28-2bfdc2488752",89,"1 - General AI"
"d9c907c9-e12c-50e1-9f28-2bfdc2488752",95,"1 - General AI"
"d9c907c9-e12c-50e1-9f28-2bfdc2488752",105,"1 - General AI"
"d9c907c9-e12c-50e1-9f28-2bfdc2488752",119,"1 - General AI"
"d9c907c9-e12c-50e1-9f28-2bfdc2488752",134,"1 - General AI"
"d9c907c9-e12c-50e1-9f28-2bfdc2488752",141,"1 - General AI"
"dcbd1a51-12fa-5a2b-9267-80ab17ddff40",27,"2 - Infra"
"dcbd1a51-12fa-5a2b-9267-80ab17ddff40",10,"2 - Infra"
"dd418d07-8f0b-557b-bf12-220b13e39d03",87,"2 - Infra"
"dd418d07-8f0b-557b-bf12-220b13e39d03",86,"2 - Infra"
"dd418d07-8f0b-557b-bf12-220b13e39d03",85,"1 - General AI"
"dd418d07-8f0b-557b-bf12-220b13e39d03",77,"1 - General AI"
"dd418d07-8f0b-557b-bf12-220b13e39d03",76,"1 - General AI"
"dd418d07-8f0b-557b-bf12-220b13e39d03",74,"1 - General AI"
"dd418d07-8f0b-557b-bf12-220b13e39d03",51,"2 - Infra"
"dd418d07-8f0b-557b-bf12-220b13e39d03",40,"2 - Infra"
"dfc2ab13-b7c1-541d-9efb-7d0044375e52",2,"1 - General AI"
"dfc2ab13-b7c1-541d-9efb-7d0044375e52",10,"1 - General AI"
"e07399d2-87d6-5ff7-b5ea-cd4e7ea190a8",14,"1 - General AI"
"e07399d2-87d6-5ff7-b5ea-cd4e7ea190a8",16,"1 - General AI"
"e07399d2-87d6-5ff7-b5ea-cd4e7ea190a8",22,"2 - Infra"
"e07399d2-87d6-5ff7-b5ea-cd4e7ea190a8",23,"1 - General AI"
"e07399d2-87d6-5ff7-b5ea-cd4e7ea190a8",75,"1 - General AI"
"e07399d2-87d6-5ff7-b5ea-cd4e7ea190a8",91,"1 - General AI"
"e07399d2-87d6-5ff7-b5ea-cd4e7ea190a8",90,"1 - General AI"
"e23fad02-d262-5319-85d5-99c856d576f9",86,"1 - General AI"
"e3cbec45-83c3-54eb-beb5-e305af0d58b0",0,"1 - General AI"
"e6c139c4-bf32-5d74-b6eb-15e45a270621",0,"1 - General AI"
"e32d54f5-39eb-5d3a-b908-2e46e1921ba8",0,"1 - General AI"
"e71520d1-becb-5a71-a4a2-255302b18e56",105,"2 - Infra"
"e889f488-8522-5343-a15e-b7f7e33c1704",35,"1 - General AI"
"e889f488-8522-5343-a15e-b7f7e33c1704",34,"2 - Infra"
